id;data_inversa;dia_semana;horario;uf;br;km;municipio;causa_acidente;tipo_acidente;classificacao_acidente;fase_dia;sentido_via;condicao_metereologica;tipo_pista;tracado_via;uso_solo;pessoas;mortos;feridos_leves;feridos_graves;ilesos;ignorados;feridos;veiculos;latitude;longitude;regional;delegacia;uop
575619;19/01/2024;sexta-feira;01:17:00;RO;364;590;ITAPUA DO OESTE;Condutor Dormindo;Tombamento;Com Vítimas Feridas;Plena Noite;Crescente;Chuva;Simples;Reta;Não;1;0;1;0;0;0;1;1;-9,30997104;-63,14881615;SPRF-RO;DEL01-RO;UOP04-DEL01-RO
575624;19/01/2024;sexta-feira;03:00:00;MG;381;607;OLIVEIRA;Condutor Dormindo;Tombamento;Com Vítimas Feridas;Plena Noite;Crescente;Nublado;Dupla;"Reta;Declive";Não;1;0;1;0;0;0;1;1;-20,66757503;-44,7378369;SPRF-MG;DEL04-MG;UOP01-DEL04-MG
575635;19/01/2024;sexta-feira;07:25:00;ES;101;276;SERRA;Acessar a via sem observar a presença dos outros veículos;Saída de leito carroçável;Com Vítimas Feridas;Pleno dia;Crescente;Céu Claro;Dupla;Interseção de Vias;Sim;3;0;1;0;2;0;1;2;-20,20788726;-40,3133509;SPRF-ES;DEL02-ES;UOP01-DEL02-ES
575638;19/01/2024;sexta-feira;05:30:00;MA;10;316;ACAILANDIA;Ausência de reação do condutor;Saída de leito carroçável;Com Vítimas Fatais;Amanhecer;Decrescente;Céu Claro;Simples;Reta;Sim;1;1;0;0;0;0;0;1;-4,982702;-47,522224;SPRF-MA;DEL04-MA;UOP03-DEL04-MA
575639;18/01/2024;quinta-feira;19:00:00;MG;365;333;JOAO PINHEIRO;Ultrapassagem Indevida;Colisão frontal;Com Vítimas Fatais;Anoitecer;Crescente;Nublado;Simples;Reta;Não;2;2;0;0;0;0;0;2;-18,3152;-45,9729;SPRF-MG;DEL10-MG;UOP01-DEL10-MG
575642;19/01/2024;sexta-feira;07:15:00;RO;319;62;PORTO VELHO;Ultrapassagem Indevida;Colisão lateral mesmo sentido;Sem Vítimas;Pleno dia;Decrescente;Céu Claro;Dupla;Reta;Sim;2;0;0;0;2;0;0;2;-8,766685;-63,884052;SPRF-RO;DEL01-RO;UOP01-DEL01-RO
575645;19/01/2024;sexta-feira;07:10:00;MG;365;5;MONTES CLAROS;Velocidade Incompatível;Colisão com objeto;Com Vítimas Fatais;Pleno dia;Decrescente;Sol;Simples;"Curva;Declive;Ponte";Não;2;1;0;1;0;0;1;1;-16,74574399;-43,88392402;SPRF-MG;DEL12-MG;UOP01-DEL12-MG
575649;19/01/2024;sexta-feira;08:40:00;MG;116;275;TEOFILO OTONI;Ausência de reação do condutor;Tombamento;Com Vítimas Feridas;Pleno dia;Crescente;Céu Claro;Simples;Rotatória;Sim;2;0;1;0;1;0;1;2;-17,84235093;-41,51410418;SPRF-MG;DEL11-MG;UOP01-DEL11-MG
575655;19/01/2024;sexta-feira;07:15:00;GO;153;56;PORANGATU;Acessar a via sem observar a presença dos outros veículos;Atropelamento de Pedestre;Com Vítimas Feridas;Pleno dia;Decrescente;Céu Claro;Simples;Reta;Não;2;0;0;1;1;0;1;2;-13,301681;-49,120899;SPRF-GO;DEL07-GO;UOP01-DEL07-GO
575656;19/01/2024;sexta-feira;09:00:00;RJ;393;175;TRES RIOS;Condutor deixou de manter distância do veículo da frente;Colisão traseira;Com Vítimas Feridas;Pleno dia;Crescente;Sol;Simples;"Reta;Viaduto";Sim;3;0;1;0;2;0;1;2;-22,12722826;-43,22756487;SPRF-RJ;DEL05-RJ;UOP03-DEL05-RJ
575660;19/01/2024;sexta-feira;06:15:00;RJ;116;202;QUEIMADOS;Manobra de mudança de faixa;Colisão com objeto;Sem Vítimas;Amanhecer;Decrescente;Céu Claro;Dupla;Reta;Não;1;0;0;0;1;0;0;1;-22,72996588;-43,61317403;SPRF-RJ;DEL06-RJ;UOP02-DEL06-RJ
575669;19/01/2024;sexta-feira;10:05:00;SP;381;16;BRAGANCA PAULISTA;Demais falhas mecânicas ou elétricas;Incêndio;Sem Vítimas;Pleno dia;Crescente;Céu Claro;Dupla;Declive;Não;1;0;0;0;1;0;0;1;-22,95797408;-46,48078972;SPRF-SP;DEL03-SP;UOP02-DEL03-SP
575673;19/01/2024;sexta-feira;10:50:00;MG;40;628,6;CONSELHEIRO LAFAIETE;Manobra de mudança de faixa;Colisão transversal;Com Vítimas Feridas;Pleno dia;Crescente;Nublado;Simples;Reta;Sim;2;0;1;0;1;0;1;2;-20,65317901;-43,8088319;SPRF-MG;DEL05-MG;UOP02-DEL05-MG
575674;19/01/2024;sexta-feira;10:20:00;SC;280;131,2;RIO NEGRINHO;Acessar a via sem observar a presença dos outros veículos;Colisão traseira;Sem Vítimas;Pleno dia;Crescente;Céu Claro;Simples;Reta;Sim;3;0;0;0;3;0;0;3;-26,25581515;-49,53953493;SPRF-SC;DEL06-SC;UOP03-DEL06-SC
575677;19/01/2024;sexta-feira;09:00:00;MS;163;399,3;NOVA ALVORADA DO SUL;Demais falhas mecânicas ou elétricas;Colisão lateral mesmo sentido;Sem Vítimas;Pleno dia;Crescente;Céu Claro;Simples;Reta;Não;4;0;0;0;4;0;0;2;-21,17689;-54,47335;SPRF-MS;DEL02-MS;UOP01-DEL02-MS
575678;19/01/2024;sexta-feira;04:30:00;MG;116;776,9;LEOPOLDINA;Demais falhas mecânicas ou elétricas;Saída de leito carroçável;Sem Vítimas;Amanhecer;Decrescente;Céu Claro;Simples;Curva;Não;1;0;0;0;1;0;0;1;-21,59023796;-42,68715187;SPRF-MG;DEL07-MG;UOP01-DEL07-MG
575680;19/01/2024;sexta-feira;11:10:00;PR;277;535,7;IBEMA;Acessar a via sem observar a presença dos outros veículos;Colisão transversal;Com Vítimas Feridas;Pleno dia;Decrescente;Céu Claro;Simples;Reta;Sim;2;0;0;1;1;0;1;2;-25,11600884;-53,00690889;SPRF-PR;DEL04-PR;UOP04-DEL04-PR
575682;19/01/2024;sexta-feira;08:25:00;BA;116;719,3;MANOEL VITORINO;Ausência de reação do condutor;Colisão frontal;Com Vítimas Fatais;Pleno dia;Decrescente;Céu Claro;Simples;Curva;Não;2;1;0;0;1;0;0;2;-14,1888825;-40,26532343;SPRF-BA;DEL08-BA;UOP02-DEL08-BA
575683;19/01/2024;sexta-feira;11:25:00;RS;386;366,8;FAZENDA VILANOVA;Mal súbito do condutor;Colisão com objeto;Com Vítimas Feridas;Pleno dia;Decrescente;Céu Claro;Dupla;Curva;Não;2;0;1;0;0;1;1;2;-29,572111;-51,855782;SPRF-RS;DEL04-RS;UOP01-DEL04-RS
575686;19/01/2024;sexta-feira;12:00:00;RS;116;37,7;VACARIA;Acessar a via sem observar a presença dos outros veículos;Colisão traseira;Com Vítimas Feridas;Pleno dia;Decrescente;Céu Claro;Simples;Interseção de Vias;Sim;2;0;1;0;1;0;1;2;-28,49871957;-50,9176864;SPRF-RS;DEL05-RS;UOP03-DEL05-RS
575691;19/01/2024;sexta-feira;10:30:00;PR;153;348;REBOUCAS;Ingestão de álcool pelo condutor;Saída de leito carroçável;Sem Vítimas;Pleno dia;Crescente;Nublado;Simples;Reta;Não;2;0;0;0;2;0;0;1;-25,59543291;-50,68809516;SPRF-PR;DEL08-PR;UOP02-DEL08-PR
575697;19/01/2024;sexta-feira;12:07:00;PR;116;162,2;QUITANDINHA;Avarias e/ou desgaste excessivo no pneu;Atropelamento de Pedestre;Com Vítimas Fatais;Pleno dia;Crescente;Sol;Simples;"Curva;Declive";Não;2;1;0;0;1;0;0;2;-25,86425407;-49,40958595;SPRF-PR;DEL01-PR;UOP03-DEL01-PR
575701;11/01/2024;quinta-feira;13:10:00;MT;364;349;SANTO ANTONIO DO LEVERGER;Reação tardia ou ineficiente do condutor;Colisão traseira;Com Vítimas Fatais;Pleno dia;Crescente;Nublado;Simples;"Declive;Curva";Não;7;1;0;1;5;0;1;6;-15,792835;-55,579763;SPRF-MT;DEL05-MT;UOP02-DEL05-MT
575703;19/01/2024;sexta-feira;10:00:00;RJ;393;138;SAPUCAIA;Reação tardia ou ineficiente do condutor;Tombamento;Com Vítimas Feridas;Pleno dia;Decrescente;Nublado;Simples;Curva;Sim;1;0;1;0;0;0;1;1;-22,00266194;-42,93093204;SPRF-RJ;DEL05-RJ;UOP01-DEL05-RJ
575705;19/01/2024;sexta-feira;12:00:00;SP;116;92,3;PINDAMONHANGABA;Condutor deixou de manter distância do veículo da frente;Colisão traseira;Com Vítimas Feridas;Pleno dia;Crescente;Céu Claro;Dupla;Reta;Não;3;0;1;0;2;0;1;2;-22,95222732;-45,40443885;SPRF-SP;DEL08-SP;UOP01-DEL08-SP
575707;19/01/2024;sexta-feira;12:30:00;PR;277;38,8;MORRETES;Problema com o freio;Colisão traseira;Com Vítimas Feridas;Pleno dia;Decrescente;Céu Claro;Dupla;Reta;Não;3;0;2;0;1;0;2;2;-25,56584471;-48,81116269;SPRF-PR;DEL01-PR;UOP05-DEL01-PR
575722;19/01/2024;sexta-feira;15:01:00;ES;262;73;MARECHAL FLORIANO;Velocidade Incompatível;Colisão lateral sentido oposto;Com Vítimas Feridas;Pleno dia;Crescente;Nublado;Dupla;Declive;Não;2;0;1;0;1;0;1;2;-20,410523;-40,885538;SPRF-ES;DEL01-ES;UOP02-DEL01-ES
575725;19/01/2024;sexta-feira;08:25:00;SC;116;305,4;CAPAO ALTO;Problema com o freio;Tombamento;Com Vítimas Feridas;Pleno dia;Crescente;Sol;Simples;"Declive;Curva";Não;1;0;0;1;0;0;1;1;-28,19840483;-50,72325701;SPRF-SC;DEL05-SC;UOP02-DEL05-SC
575732;19/01/2024;sexta-feira;15:00:00;SC;101;71;ARAQUARI;Condutor deixou de manter distância do veículo da frente;Colisão traseira;Com Vítimas Feridas;Pleno dia;Crescente;Sol;Múltipla;Viaduto;Não;2;0;1;0;0;1;1;2;-26,51864822;-48,71874636;SPRF-SC;DEL03-SC;UOP02-DEL03-SC
575733;19/01/2024;sexta-feira;11:15:00;SC;280;6,8;SAO FRANCISCO DO SUL;Ultrapassagem Indevida;Colisão lateral mesmo sentido;Com Vítimas Feridas;Pleno dia;Crescente;Céu Claro;Simples;Rotatória;Sim;2;0;0;1;1;0;1;2;-26,27041417;-48,64088416;SPRF-SC;DEL03-SC;UOP03-DEL03-SC
575739;19/01/2024;sexta-feira;15:30:00;PR;476;123;CURITIBA;Reação tardia ou ineficiente do condutor;Colisão lateral mesmo sentido;Sem Vítimas;Pleno dia;Decrescente;Nublado;Múltipla;Reta;Sim;2;0;0;0;2;0;0;2;-25,392904;-49,209557;SPRF-PR;DEL01-PR;UOP01-DEL01-PR
575742;19/01/2024;sexta-feira;15:04:00;ES;101;18;PEDRO CANARIO;Problema com o freio;Tombamento;Com Vítimas Feridas;Pleno dia;Decrescente;Sol;Simples;Curva;Não;3;0;2;0;1;0;2;3;-18,31320539;-39,95347307;SPRF-ES;DEL04-ES;UOP02-DEL04-ES
575745;19/01/2024;sexta-feira;12:00:00;RO;364;768;PORTO VELHO;Ausência de reação do condutor;Colisão traseira;Com Vítimas Feridas;Pleno dia;Crescente;Nublado;Dupla;"Aclive;Reta";Não;4;0;1;0;2;1;1;3;-9,13716737;-64,15431379;SPRF-RO;DEL01-RO;UOP02-DEL01-RO
575753;19/01/2024;sexta-feira;16:00:00;SC;101;200;SAO JOSE;Ausência de reação do condutor;Colisão traseira;Com Vítimas Feridas;Pleno dia;Decrescente;Céu Claro;Simples;Reta;Não;2;0;1;0;1;0;1;2;-27,54018513;-48,62287714;SPRF-SC;DEL01-SC;UOP01-DEL01-SC
575756;15/01/2024;segunda-feira;02:00:00;MG;381;450;SABARA;Demais falhas mecânicas ou elétricas;Tombamento;Sem Vítimas;Plena Noite;Crescente;Céu Claro;Simples;"Curva;Declive";Não;1;0;0;0;1;0;0;1;-19,84130639;-43,87176902;SPRF-MG;DEL01-MG;UOP01-DEL01-MG
575768;19/01/2024;sexta-feira;12:30:00;SP;116;99;PINDAMONHANGABA;Condutor deixou de manter distância do veículo da frente;Colisão traseira;Com Vítimas Feridas;Pleno dia;Crescente;Céu Claro;Dupla;"Reta;Aclive";Não;3;0;1;0;2;0;1;3;-22,98236971;-45,46436617;SPRF-SP;DEL08-SP;UOP01-DEL08-SP
575790;11/01/2024;quinta-feira;13:09:00;MT;364;348;SANTO ANTONIO DO LEVERGER;Reação tardia ou ineficiente do condutor;Colisão traseira;Com Vítimas Feridas;Pleno dia;Crescente;Chuva;Dupla;Curva;Não;3;0;0;2;1;0;2;2;-15,80416834;-55,55429598;SPRF-MT;DEL05-MT;UOP02-DEL05-MT
575795;19/01/2024;sexta-feira;17:25:00;MG;262;30,3;MANHUACU;Problema com o freio;Colisão traseira;Sem Vítimas;Pleno dia;Crescente;Céu Claro;Simples;Reta;Não;4;0;0;0;4;0;0;2;-20,25053259;-41,98730227;SPRF-MG;DEL06-MG;UOP03-DEL06-MG
575798;19/01/2024;sexta-feira;10:00:00;TO;153;123;WANDERLANDIA;Velocidade Incompatível;Tombamento;Sem Vítimas;Pleno dia;Decrescente;Sol;Simples;Reta;Não;1;0;0;0;1;0;0;1;-7,06272688;-48,11708226;SPRF-TO;DEL02-TO;UOP01-DEL02-TO
575814;19/01/2024;sexta-feira;20:10:00;SP;381;2;VARGEM;Chuva;Colisão traseira;Sem Vítimas;Plena Noite;Crescente;Chuva;Dupla;Reta;Não;2;0;0;0;2;0;0;2;-22,88187369;-46,39059388;SPRF-SP;DEL03-SP;UOP02-DEL03-SP
575821;19/01/2024;sexta-feira;21:00:00;MG;50;7;ARAGUARI;Demais falhas mecânicas ou elétricas;Incêndio;Sem Vítimas;Plena Noite;Crescente;Céu Claro;Dupla;Reta;Não;1;0;0;0;1;0;0;1;-18,47978714;-48,04875045;SPRF-MG;DEL15-MG;UOP02-DEL15-MG
575825;19/01/2024;sexta-feira;18:00:00;MT;364;270;JACIARA;Avarias e/ou desgaste excessivo no pneu;Colisão frontal;Com Vítimas Feridas;Anoitecer;Crescente;Chuva;Simples;Aclive;Sim;2;0;0;1;1;0;1;2;-15,9689785;-54,94463002;SPRF-MT;DEL05-MT;UOP02-DEL05-MT
575829;19/01/2024;sexta-feira;21:40:00;MG;50;137;UBERABA;Demais falhas mecânicas ou elétricas;Incêndio;Sem Vítimas;Plena Noite;Crescente;Céu Claro;Dupla;Reta;Não;1;0;0;0;1;0;0;1;-19,449708;-48,061767;SPRF-MG;DEL13-MG;UOP01-DEL13-MG
575833;19/01/2024;sexta-feira;19:00:00;BA;110;73,7;JEREMOABO;Ultrapassagem Indevida;Saída de leito carroçável;Com Vítimas Feridas;Plena Noite;Decrescente;Chuva;Simples;"Reta;Declive";Não;4;0;2;0;0;2;2;3;-10,05964393;-38,34385813;SPRF-BA;DEL07-BA;UOP01-DEL07-BA
575838;19/01/2024;sexta-feira;23:10:00;SP;116;152,8;SAO JOSE DOS CAMPOS;Ausência de reação do condutor;Colisão traseira;Com Vítimas Fatais;Plena Noite;Crescente;Nublado;Dupla;Reta;Sim;2;1;0;0;1;0;0;2;-23,23903999;-45,92061901;SPRF-SP;DEL02-SP;UOP01-DEL02-SP
575840;19/01/2024;sexta-feira;23:45:00;SC;101;164;TIJUCAS;Ausência de reação do condutor;Colisão traseira;Com Vítimas Feridas;Plena Noite;Crescente;Céu Claro;Dupla;"Reta;Declive;Ponte";Sim;2;0;0;1;1;0;1;2;-27,243868;-48,6309;SPRF-SC;DEL04-SC;UOP03-DEL04-SC
575844;19/01/2024;sexta-feira;18:05:00;MG;40;750;SANTOS DUMONT;Velocidade Incompatível;Saída de leito carroçável;Com Vítimas Feridas;Anoitecer;Crescente;Céu Claro;Simples;Curva;Sim;1;0;1;0;0;0;1;1;-21,45724301;-43,55822199;SPRF-MG;DEL05-MG;UOP01-DEL05-MG
575846;19/01/2024;sexta-feira;23:30:00;GO;60;109;GOIANAPOLIS;Ingestão de álcool pelo condutor;Colisão lateral mesmo sentido;Sem Vítimas;Plena Noite;Decrescente;Chuva;Múltipla;Curva;Não;3;0;0;0;3;0;0;2;-16,4478;-49,0224;SPRF-GO;DEL01-GO;UOP01-DEL01-GO
575848;19/01/2024;sexta-feira;23:50:00;BA;101;431;MARAU;Reação tardia ou ineficiente do condutor;Saída de leito carroçável;Com Vítimas Feridas;Plena Noite;Decrescente;Nublado;Simples;Reta;Não;1;0;1;0;0;0;1;1;-14,192983;-39,315217;SPRF-BA;DEL05-BA;UOP01-DEL05-BA
575858;20/01/2024;sábado;01:00:00;PE;423;61,1;LAJEDO;Ingestão de álcool pelo condutor;Colisão lateral sentido oposto;Com Vítimas Feridas;Plena Noite;Decrescente;Nublado;Simples;Reta;Sim;3;0;1;0;2;0;1;2;-8,658296;-36,329822;SPRF-PE;DEL03-PE;UOP01-DEL03-PE
575868;20/01/2024;sábado;02:56:00;PE;407;121,5;PETROLINA;Transitar na contramão;Colisão lateral sentido oposto;Sem Vítimas;Plena Noite;Crescente;Céu Claro;Simples;Reta;Não;2;0;0;0;2;0;0;2;-9,34588493;-40,55509788;SPRF-PE;DEL06-PE;UOP01-DEL06-PE
575869;20/01/2024;sábado;03:40:00;RS;386;412;MONTENEGRO;Acessar a via sem observar a presença dos outros veículos;Colisão transversal;Com Vítimas Fatais;Plena Noite;Crescente;Garoa/Chuvisco;Dupla;Curva;Sim;7;1;0;0;5;1;0;4;-29,807285;-51,499722;SPRF-RS;DEL04-RS;UOP02-DEL04-RS
575874;20/01/2024;sábado;02:40:00;MG;262;14,5;MARTINS SOARES;Transitar na contramão;Colisão lateral sentido oposto;Com Vítimas Fatais;Plena Noite;Decrescente;Céu Claro;Simples;Reta;Não;2;1;0;0;0;1;0;2;-20,26417;-41,868195;SPRF-MG;DEL06-MG;UOP03-DEL06-MG
575879;20/01/2024;sábado;05:30:00;SP;116;82,5;ROSEIRA;Ingestão de álcool pelo condutor;Colisão traseira;Com Vítimas Feridas;Amanhecer;Decrescente;Nublado;Dupla;Reta;Não;2;0;1;0;1;0;1;2;-22,90918532;-45,31883185;SPRF-SP;DEL08-SP;UOP01-DEL08-SP
575882;20/01/2024;sábado;04:20:00;SC;101;181,9;GOVERNADOR CELSO RAMOS;Ausência de reação do condutor;Tombamento;Com Vítimas Fatais;Plena Noite;Decrescente;Nublado;Múltipla;Reta;Não;2;1;0;0;1;0;0;2;-27,39778;-48,63011;SPRF-SC;DEL01-SC;UOP01-DEL01-SC
575883;20/01/2024;sábado;06:40:00;PR;376;435,8;TIBAGI;Velocidade Incompatível;Tombamento;Com Vítimas Feridas;Amanhecer;Decrescente;Céu Claro;Dupla;"Retorno Regulamentado;Curva";Não;1;0;1;0;0;0;1;1;-24,78145511;-50,51340938;SPRF-PR;DEL03-PR;UOP02-DEL03-PR
575899;20/01/2024;sábado;08:00:00;GO;414;364,6;COCALZINHO DE GOIAS;Reação tardia ou ineficiente do condutor;Saída de leito carroçável;Com Vítimas Feridas;Pleno dia;Decrescente;Céu Claro;Simples;"Aclive;Curva";Não;1;0;1;0;0;0;1;1;-15,75353119;-48,72925796;SPRF-GO;DEL02-GO;UOP01-DEL02-GO
575900;20/01/2024;sábado;06:10:00;SP;116;141;SAO JOSE DOS CAMPOS;Reação tardia ou ineficiente do condutor;Colisão lateral mesmo sentido;Com Vítimas Fatais;Pleno dia;Decrescente;Nublado;Dupla;Reta;Sim;7;1;0;5;0;1;5;3;-23,17004717;-45,82091491;SPRF-SP;DEL02-SP;UOP01-DEL02-SP
575901;20/01/2024;sábado;06:50:00;BA;101;907,1;IBIRAPUA;Frear bruscamente;Colisão frontal;Com Vítimas Feridas;Pleno dia;Crescente;Céu Claro;Simples;Reta;Não;3;0;1;0;1;1;1;3;-17,7911892;-39,77977753;SPRF-BA;DEL09-BA;UOP02-DEL09-BA
575904;20/01/2024;sábado;09:10:00;MG;40;504,9;RIBEIRAO DAS NEVES;Condutor deixou de manter distância do veículo da frente;Colisão traseira;Com Vítimas Feridas;Pleno dia;Crescente;Céu Claro;Dupla;"Aclive;Reta";Não;2;0;1;0;0;1;1;2;-19,72987888;-44,15253368;SPRF-MG;DEL02-MG;UOP01-DEL02-MG
575906;20/01/2024;sábado;07:30:00;GO;80;5;PADRE BERNARDO;Carga excessiva e/ou mal acondicionada;Tombamento;Com Vítimas Feridas;Pleno dia;Crescente;Céu Claro;Simples;Curva;Não;1;0;1;0;0;0;1;1;-15,487851;-48,231476;SPRF-DF;DEL03-DF;UOP02-DEL03-DF
575912;20/01/2024;sábado;06:10:00;RJ;356;110;CARDOSO MOREIRA;Ausência de reação do condutor;Tombamento;Sem Vítimas;Pleno dia;Crescente;Céu Claro;Simples;"Aclive;Curva";Não;1;0;0;0;1;0;0;1;-21,55895006;-41,45319306;SPRF-RJ;DEL08-RJ;UOP03-DEL08-RJ
575916;20/01/2024;sábado;09:20:00;MG;251;519;MONTES CLAROS;Demais falhas mecânicas ou elétricas;Incêndio;Sem Vítimas;Pleno dia;Decrescente;Céu Claro;Simples;"Reta;Declive";Não;1;0;0;0;1;0;0;1;-16,66359617;-43,77730598;SPRF-MG;DEL12-MG;UOP01-DEL12-MG
575921;20/01/2024;sábado;08:15:00;ES;101;414,1;ITAPEMIRIM;Curva acentuada;Tombamento;Com Vítimas Feridas;Pleno dia;Decrescente;Céu Claro;Simples;Rotatória;Não;1;0;1;0;0;0;1;1;-20,92345849;-41,07835562;SPRF-ES;DEL03-ES;UOP02-DEL03-ES
575942;20/01/2024;sábado;11:00:00;PR;153;146,2;VENTANIA;Demais falhas mecânicas ou elétricas;Saída de leito carroçável;Com Vítimas Fatais;Pleno dia;Decrescente;Nublado;Simples;"Ponte;Declive;Curva";Não;2;1;0;1;0;0;1;1;-24,12788674;-50,23634791;SPRF-PR;DEL07-PR;UOP04-DEL07-PR
575943;20/01/2024;sábado;12:15:00;BA;116;761;POCOES;Ultrapassagem Indevida;Colisão frontal;Com Vítimas Fatais;Pleno dia;Crescente;Céu Claro;Simples;"Reta;Aclive";Não;4;2;1;0;1;0;1;3;-14,50481991;-40,35798409;SPRF-BA;DEL08-BA;UOP02-DEL08-BA
575952;20/01/2024;sábado;01:00:00;SC;158;133,8;CAIBI;Reação tardia ou ineficiente do condutor;Colisão frontal;Com Vítimas Feridas;Plena Noite;Decrescente;Céu Claro;Simples;Curva;Não;2;0;0;1;1;0;1;2;-27,06086945;-53,22378159;SPRF-SC;DEL07-SC;UOP02-DEL07-SC
575959;20/01/2024;sábado;06:00:00;PE;232;447,6;SAO JOSE DO BELMONTE;Condutor deixou de manter distância do veículo da frente;Colisão traseira;Sem Vítimas;Amanhecer;Crescente;Céu Claro;Simples;Reta;Sim;2;0;0;0;2;0;0;2;-7,99961227;-38,61712517;SPRF-PE;DEL04-PE;UOP01-DEL04-PE
575968;20/01/2024;sábado;12:00:00;PR;277;476,6;NOVA LARANJEIRAS;Desrespeitar a preferência no cruzamento;Colisão transversal;Com Vítimas Feridas;Pleno dia;Crescente;Chuva;Simples;"Reta;Interseção de Vias;Aclive";Não;4;0;2;1;1;0;3;2;-25,30570383;-52,55588296;SPRF-PR;DEL04-PR;UOP02-DEL04-PR
575970;20/01/2024;sábado;10:45:00;PR;163;272;TOLEDO;Acessar a via sem observar a presença dos outros veículos;Colisão traseira;Com Vítimas Feridas;Pleno dia;Crescente;Nublado;Dupla;Reta;Não;3;0;2;0;1;0;2;2;-24,61078951;-53,9556706;SPRF-PR;DEL06-PR;UOP02-DEL06-PR
575972;20/01/2024;sábado;11:00:00;MT;70;230;POXOREO;Condutor deixou de manter distância do veículo da frente;Colisão traseira;Com Vítimas Feridas;Pleno dia;Crescente;Nublado;Simples;Reta;Não;7;0;5;0;2;0;5;2;-15,63920983;-53,94100182;SPRF-MT;DEL05-MT;UOP01-DEL05-MT
575974;20/01/2024;sábado;13:45:00;RS;153;628;BAGE;Manobra de mudança de faixa;Colisão lateral sentido oposto;Com Vítimas Fatais;Pleno dia;Decrescente;Céu Claro;Simples;Reta;Não;3;1;0;0;1;1;0;3;-31,37356233;-54,08027796;SPRF-RS;DEL11-RS;UOP03-DEL11-RS
575980;20/01/2024;sábado;16:00:00;MA;222;663;ACAILANDIA;Reação tardia ou ineficiente do condutor;Colisão lateral mesmo sentido;Com Vítimas Feridas;Pleno dia;Crescente;Céu Claro;Simples;"Reta;Declive";Não;2;0;0;1;1;0;1;2;-4,88471004;-47,36887698;SPRF-MA;DEL04-MA;UOP03-DEL04-MA
575983;20/01/2024;sábado;16:30:00;PI;316;312;PICOS;Reação tardia ou ineficiente do condutor;Colisão traseira;Sem Vítimas;Pleno dia;Decrescente;Céu Claro;Simples;Reta;Sim;2;0;0;0;2;0;0;2;-7,08092534;-41,4582602;SPRF-PI;DEL04-PI;UOP01-DEL04-PI
575986;20/01/2024;sábado;16:30:00;SP;116;225;GUARULHOS;Reação tardia ou ineficiente do condutor;Colisão transversal;Com Vítimas Feridas;Anoitecer;Crescente;Nublado;Múltipla;Reta;Sim;2;0;2;0;0;0;2;2;-23,48586772;-46,54075317;SPRF-SP;DEL01-SP;UOP01-DEL01-SP
575987;20/01/2024;sábado;16:03:00;RN;101;147;GOIANINHA;Carga excessiva e/ou mal acondicionada;Tombamento;Sem Vítimas;Pleno dia;Crescente;Céu Claro;Dupla;Interseção de Vias;Sim;1;0;0;0;1;0;0;1;-6,27024233;-35,20920753;SPRF-RN;DEL01-RN;UOP01-DEL01-RN
575996;20/01/2024;sábado;14:00:00;PR;369;375,2;MAMBORE;Acessar a via sem observar a presença dos outros veículos;Colisão transversal;Com Vítimas Feridas;Pleno dia;Decrescente;Chuva;Simples;"Curva;Interseção de Vias";Sim;2;0;0;1;1;0;1;2;-24,28203933;-52,54571915;SPRF-PR;DEL09-PR;UOP03-DEL09-PR
575999;20/01/2024;sábado;15:30:00;MG;381;654;SANTO ANTONIO DO AMPARO;Ausência de reação do condutor;Colisão com objeto;Sem Vítimas;Pleno dia;Crescente;Nublado;Dupla;"Curva;Declive";Não;1;0;0;0;1;0;0;1;-20,99437964;-44,96041633;SPRF-MG;DEL04-MG;UOP02-DEL04-MG
576015;20/01/2024;sábado;16:00:00;MS;158;86;PARANAIBA;Demais falhas mecânicas ou elétricas;Incêndio;Sem Vítimas;Pleno dia;Decrescente;Sol;Simples;"Reta;Em Obras";Não;1;0;0;0;1;0;0;1;-19,61221998;-51,21593191;SPRF-MS;DEL08-MS;UOP01-DEL08-MS
576017;20/01/2024;sábado;17:40:00;RJ;40;114;DUQUE DE CAXIAS;Reação tardia ou ineficiente do condutor;Colisão com objeto;Com Vítimas Feridas;Pleno dia;Crescente;Chuva;Dupla;Reta;Não;1;0;1;0;0;0;1;1;-22,71853604;-43,28993324;SPRF-RJ;DEL01-RJ;UOP02-DEL01-RJ
576018;20/01/2024;sábado;16:50:00;AL;316;265,8;SATUBA;Ingestão de álcool pelo condutor;Colisão com objeto;Com Vítimas Feridas;Pleno dia;Crescente;Céu Claro;Simples;"Declive;Curva";Não;1;0;1;0;0;0;1;1;-9,5871392;-35,86110997;SPRF-AL;DEL02-AL;UOP01-DEL02-AL
576020;20/01/2024;sábado;18:30:00;PE;407;117;PETROLINA;Ingestão de álcool pelo condutor;Colisão lateral mesmo sentido;Sem Vítimas;Plena Noite;Decrescente;Céu Claro;Simples;Reta;Não;2;0;0;0;2;0;0;2;-9,314647;-40,57336;SPRF-PE;DEL06-PE;UOP01-DEL06-PE
576024;20/01/2024;sábado;17:45:00;GO;153;493;GOIANIA;Acumulo de areia ou detritos sobre o pavimento;Colisão com objeto;Com Vítimas Feridas;Pleno dia;Crescente;Céu Claro;Dupla;Reta;Sim;3;0;0;1;2;0;1;2;-16,6537;-49,2172;SPRF-GO;DEL01-GO;UOP01-DEL01-GO