id;data_inversa;dia_semana;horario;uf;br;km;municipio;causa_acidente;tipo_acidente;classificacao_acidente;fase_dia;sentido_via;condicao_metereologica;tipo_pista;tracado_via;uso_solo;pessoas;mortos;feridos_leves;feridos_graves;ilesos;ignorados;feridos;veiculos;latitude;longitude;regional;delegacia;uop
576532;22/01/2024;segunda-feira;11:00:00;RJ;101;309;SAO GONCALO;Condutor deixou de manter distância do veículo da frente;Colisão traseira;Com Vítimas Feridas;Pleno dia;Crescente;Nublado;Múltipla;Reta;Sim;3;0;1;0;2;0;1;3;-22,79498873;-43,03446105;SPRF-RJ;DEL02-RJ;UOP02-DEL02-RJ
576541;22/01/2024;segunda-feira;17:20:00;BA;324;614;SALVADOR;Trafegar com motocicleta (ou similar) entre as faixas;Colisão lateral mesmo sentido;Com Vítimas Fatais;Pleno dia;Crescente;Céu Claro;Dupla;Reta;Não;3;1;0;0;1;1;0;3;-12,8639793;-38,42370126;SPRF-BA;DEL01-BA;UOP01-DEL01-BA
576544;23/01/2024;terça-feira;04:20:00;MG;381;454;BELO HORIZONTE;Ausência de reação do condutor;Colisão frontal;Com Vítimas Feridas;Plena Noite;Decrescente;Céu Claro;Simples;Viaduto;Sim;3;0;0;1;1;1;1;3;-19,84129444;-43,87213111;SPRF-MG;DEL01-MG;UOP01-DEL01-MG
576547;23/01/2024;terça-feira;04:15:00;MT;364;354;SANTO ANTONIO DO LEVERGER;Reação tardia ou ineficiente do condutor;Saída de leito carroçável;Com Vítimas Feridas;Plena Noite;Decrescente;Nublado;Dupla;"Aclive;Curva";Não;1;0;1;0;0;0;1;1;-15,79674629;-55,59138;SPRF-MT;DEL05-MT;UOP02-DEL05-MT
576550;23/01/2024;terça-feira;06:00:00;MG;40;517;RIBEIRAO DAS NEVES;Ausência de reação do condutor;Queda de ocupante de veículo;Com Vítimas Fatais;Amanhecer;Crescente;Céu Claro;Dupla;"Aclive;Reta";Sim;2;1;0;0;1;0;0;2;-19,82351202;-44,08438913;SPRF-MG;DEL01-MG;UOP02-DEL01-MG
576554;22/01/2024;segunda-feira;23:00:00;MG;365;212;BURITIZEIRO;Reação tardia ou ineficiente do condutor;Tombamento;Com Vítimas Feridas;Plena Noite;Decrescente;Nublado;Simples;Reta;Não;1;0;1;0;0;0;1;1;-17,56244988;-45,31488708;SPRF-MG;DEL10-MG;UOP02-DEL010-MG
576558;23/01/2024;terça-feira;05:30:00;GO;153;304,4;RIALMA;Reação tardia ou ineficiente do condutor;Saída de leito carroçável;Com Vítimas Feridas;Amanhecer;Decrescente;Garoa/Chuvisco;Simples;"Reta;Declive";Não;1;0;1;0;0;0;1;1;-15,311009;-49,572147;SPRF-GO;DEL02-GO;UOP02-DEL02-GO
576561;23/01/2024;terça-feira;00:00:00;MT;163;570,5;NOBRES;Animais na Pista;Atropelamento de Animal;Sem Vítimas;Plena Noite;Decrescente;Chuva;Dupla;"Retorno Regulamentado;Reta";Não;1;0;0;0;1;0;0;1;-14,654;-56,294;SPRF-MT;DEL01-MT;UOP01-DEL01-MT
576562;23/01/2024;terça-feira;00:15:00;ES;101;292,9;CARIACICA;Acumulo de água sobre o pavimento;Colisão com objeto;Sem Vítimas;Plena Noite;Decrescente;Chuva;Dupla;Reta;Sim;1;0;0;0;1;0;0;1;-20,30650512;-40,39488717;SPRF-ES;DEL01-ES;UOP01-DEL01-ES
576563;23/01/2024;terça-feira;06:50:00;ES;101;292,5;CARIACICA;Ausência de reação do condutor;Colisão traseira;Com Vítimas Feridas;Pleno dia;Crescente;Nublado;Dupla;"Aclive;Reta";Sim;3;0;2;0;0;1;2;2;-20,30580225;-40,39515138;SPRF-ES;DEL01-ES;UOP01-DEL01-ES
576566;23/01/2024;terça-feira;08:00:00;SC;101;215,8;PALHOCA;Condutor deixou de manter distância do veículo da frente;Colisão traseira;Com Vítimas Feridas;Pleno dia;Decrescente;Nublado;Múltipla;Reta;Sim;2;0;0;1;1;0;1;2;-27,65184843;-48,67604941;SPRF-SC;DEL01-SC;UOP02-DEL01-SC
576576;23/01/2024;terça-feira;07:40:00;RS;290;13,9;SANTO ANTONIO DA PATRULHA;Condutor Dormindo;Colisão lateral mesmo sentido;Sem Vítimas;Pleno dia;Decrescente;Céu Claro;Dupla;Curva;Não;2;0;0;0;2;0;0;2;-29,875334;-50,396614;SPRF-RS;DEL03-RS;UOP01-DEL03-RS
576578;23/01/2024;terça-feira;07:00:00;SC;282;64;RANCHO QUEIMADO;Chuva;Colisão frontal;Com Vítimas Fatais;Pleno dia;Crescente;Garoa/Chuvisco;Simples;"Reta;Declive";Não;2;1;0;0;1;0;0;2;-27,696323;-49,052456;SPRF-SC;DEL01-SC;UOP03-DEL01-SC
576587;23/01/2024;terça-feira;06:00:00;MG;262;157;SAO DOMINGOS DO PRATA;Demais falhas mecânicas ou elétricas;Derramamento de carga;Sem Vítimas;Amanhecer;Decrescente;Céu Claro;Simples;"Curva;Declive";Não;3;0;0;0;3;0;0;2;-19,96304722;-42,81017502;SPRF-MG;DEL03-MG;UOP03-DEL03-MG
576590;23/01/2024;terça-feira;09:10:00;SE;101;123;ITAPORANGA DAJUDA;Manobra de mudança de faixa;Colisão lateral mesmo sentido;Com Vítimas Feridas;Pleno dia;Decrescente;Céu Claro;Dupla;"Aclive;Reta";Não;5;0;1;0;4;0;1;2;-11,04643101;-37,36490103;SPRF-SE;DEL02-SE;UOP01-DEL02-SE
576595;23/01/2024;terça-feira;10:20:00;RJ;116;180;BELFORD ROXO;Manobra de mudança de faixa;Colisão traseira;Com Vítimas Feridas;Pleno dia;Crescente;Céu Claro;Dupla;Reta;Sim;2;0;1;0;1;0;1;2;-22,7651616;-43,4154728;SPRF-RJ;DEL06-RJ;UOP01-DEL06-RJ
576597;23/01/2024;terça-feira;09:00:00;MT;364;205;RONDONOPOLIS;Problema com o freio;Eventos atípicos;Com Vítimas Feridas;Pleno dia;Crescente;Chuva;Dupla;Reta;Não;1;0;1;0;0;0;1;1;-16,45928621;-54,66092345;SPRF-MT;DEL02-MT;UOP01-DEL02-MT
576600;23/01/2024;terça-feira;09:00:00;PR;376;55;GUAIRACA;Ausência de reação do condutor;Colisão lateral sentido oposto;Com Vítimas Feridas;Pleno dia;Crescente;Nublado;Simples;"Reta;Declive";Não;4;0;2;0;2;0;2;3;-22,91887641;-52,87661121;SPRF-PR;DEL09-PR;UOP02-DEL09-PR
576601;23/01/2024;terça-feira;10:34:00;SP;116;388;MIRACATU;Ausência de reação do condutor;Engavetamento;Sem Vítimas;Pleno dia;Decrescente;Chuva;Dupla;Reta;Não;3;0;0;0;3;0;0;3;-24,26919492;-47,39740603;SPRF-SP;DEL04-SP;UOP02-DEL04-SP
576603;07/01/2024;domingo;23:15:00;BA;324;385,9;GAVIAO;Transitar na contramão;Colisão frontal;Com Vítimas Fatais;Plena Noite;Crescente;Céu Claro;Simples;"Reta;Declive";Não;32;23;0;9;0;0;9;2;-11,48858977;-39,75706888;SPRF-BA;DEL04-BA;UOP02-DEL04-BA
576605;23/01/2024;terça-feira;10:40:00;PR;376;183;SARANDI;Ausência de reação do condutor;Colisão lateral mesmo sentido;Com Vítimas Feridas;Pleno dia;Crescente;Nublado;Múltipla;"Em Obras;Reta";Sim;3;0;1;0;2;0;1;2;-23,44159097;-51,87067398;SPRF-PR;DEL09-PR;UOP01-DEL09-PR
576606;23/01/2024;terça-feira;11:35:00;SP;116;299;ITAPECERICA DA SERRA;Reação tardia ou ineficiente do condutor;Colisão traseira;Com Vítimas Feridas;Pleno dia;Crescente;Chuva;Múltipla;"Aclive;Reta";Não;4;0;2;0;2;0;2;2;-23,7823995;-46,91522598;SPRF-SP;DEL04-SP;UOP01-DEL04-SP
576608;23/01/2024;terça-feira;10:15:00;PR;369;405,1;MAMBORE;Manobra de mudança de faixa;Colisão lateral mesmo sentido;Com Vítimas Feridas;Pleno dia;Crescente;Nublado;Simples;Reta;Não;4;0;2;0;1;1;2;3;-24,3318;-52,6589;SPRF-PR;DEL04-PR;UOP03-DEL04-PR
576613;23/01/2024;terça-feira;09:00:00;SC;101;14,6;GARUVA;Condutor deixou de manter distância do veículo da frente;Saída de leito carroçável;Sem Vítimas;Pleno dia;Decrescente;Chuva;Dupla;"Declive;Reta";Não;1;0;0;0;1;0;0;1;-26,09803515;-48,86773972;SPRF-SC;DEL03-SC;UOP01-DEL03-SC
576618;23/01/2024;terça-feira;05:20:00;PA;230;1120;ITAITUBA;Manobra de mudança de faixa;Colisão lateral sentido oposto;Com Vítimas Feridas;Plena Noite;Crescente;Ignorado;Simples;Reta;Não;2;0;0;1;1;0;1;2;-4,37059973;-55,83858313;SPRF-PA;DEL05-PA;UOP02-DEL05-PA
576625;23/01/2024;terça-feira;12:40:00;SP;116;360;MIRACATU;Demais falhas mecânicas ou elétricas;Incêndio;Sem Vítimas;Pleno dia;Decrescente;Chuva;Múltipla;Reta;Não;1;0;0;0;1;0;0;1;-24,11248793;-47,26510606;SPRF-SP;DEL04-SP;UOP03-DEL04-SP
576630;23/01/2024;terça-feira;14:50:00;ES;101;148;LINHARES;Manobra de mudança de faixa;Colisão lateral mesmo sentido;Com Vítimas Feridas;Pleno dia;Crescente;Céu Claro;Simples;Reta;Sim;6;0;1;0;5;0;1;3;-19,38787399;-40,06752766;SPRF-ES;DEL04-ES;UOP01-DEL04-ES
576632;23/01/2024;terça-feira;11:19:00;MG;262;615,8;IBIA;Ausência de reação do condutor;Saída de leito carroçável;Com Vítimas Feridas;Pleno dia;Decrescente;Céu Claro;Simples;"Reta;Aclive";Não;1;0;0;1;0;0;1;1;-19,58551007;-46,32494606;SPRF-MG;DEL08-MG;UOP02-DEL08-MG
576634;23/01/2024;terça-feira;15:10:00;SP;116;222;GUARULHOS;Manobra de mudança de faixa;Colisão lateral mesmo sentido;Com Vítimas Feridas;Pleno dia;Crescente;Chuva;Múltipla;Reta;Sim;2;0;1;0;1;0;1;2;-23,47093408;-46,51631097;SPRF-SP;DEL01-SP;UOP01-DEL01-SP
576637;23/01/2024;terça-feira;14:00:00;PR;376;527;PONTA GROSSA;Ausência de reação do condutor;Saída de leito carroçável;Com Vítimas Feridas;Pleno dia;Crescente;Garoa/Chuvisco;Dupla;"Reta;Declive";Não;2;0;1;0;1;0;1;1;-25,278903;-49,920932;SPRF-PR;DEL03-PR;UOP04-DEL03-PR
576638;23/01/2024;terça-feira;14:00:00;SC;101;149;ITAPEMA;Ausência de reação do condutor;Colisão traseira;Com Vítimas Feridas;Pleno dia;Decrescente;Nublado;Dupla;Reta;Sim;3;0;0;1;2;0;1;2;-27,1089649;-48,61277586;SPRF-SC;DEL04-SC;UOP03-DEL04-SC
576640;23/01/2024;terça-feira;11:10:00;MG;262;620,8;IBIA;Velocidade Incompatível;Capotamento;Com Vítimas Feridas;Pleno dia;Crescente;Céu Claro;Simples;Curva;Não;1;0;0;1;0;0;1;1;-19,5840516;-46,40075684;SPRF-MG;DEL08-MG;UOP02-DEL08-MG
576641;23/01/2024;terça-feira;13:51:00;MT;163;76,6;RONDONOPOLIS;Problema na suspensão;Tombamento;Com Vítimas Feridas;Pleno dia;Crescente;Céu Claro;Dupla;"Curva;Aclive;Viaduto";Não;1;0;1;0;0;0;1;1;-16,85115987;-54,70475037;SPRF-MT;DEL02-MT;UOP03-DEL02-MT
576645;15/01/2024;segunda-feira;15:26:00;MT;364;493;JANGADA;Ultrapassagem Indevida;Colisão frontal;Com Vítimas Feridas;Pleno dia;Crescente;Céu Claro;Simples;Reta;Sim;3;0;1;0;2;0;1;3;-15,30106797;-56,43607915;SPRF-MT;DEL01-MT;UOP01-DEL01-MT
576648;23/01/2024;terça-feira;11:00:00;GO;452;176,8;ITUMBIARA;Ausência de sinalização;Colisão lateral mesmo sentido;Com Vítimas Feridas;Pleno dia;Crescente;Céu Claro;Simples;Reta;Não;2;0;1;0;1;0;1;2;-18,35517115;-49,38032508;SPRF-GO;DEL03-GO;UOP02-DEL03-GO
576657;23/01/2024;terça-feira;16:10:00;MG;381;525,7;BRUMADINHO;Demais falhas mecânicas ou elétricas;Tombamento;Com Vítimas Feridas;Pleno dia;Crescente;Nublado;Dupla;"Curva;Declive";Não;5;0;2;0;3;0;2;2;-20,16710798;-44,33422398;SPRF-MG;DEL04-MG;UOP03-DEL04-MG
576665;23/01/2024;terça-feira;07:40:00;RS;392;204;SANTANA DA BOA VISTA;Transitar na contramão;Colisão frontal;Com Vítimas Fatais;Amanhecer;Decrescente;Céu Claro;Simples;"Aclive;Curva";Não;2;2;0;0;0;0;0;2;-30,85006125;-53,16776104;SPRF-RS;DEL09-RS;UOP02-DEL09-RS
576666;23/01/2024;terça-feira;10:30:00;RS;285;74,3;BOM JESUS;Velocidade Incompatível;Tombamento;Sem Vítimas;Pleno dia;Crescente;Céu Claro;Simples;Curva;Não;1;0;0;0;1;0;0;1;-28,635736;-50,54628;SPRF-RS;DEL05-RS;UOP03-DEL05-RS
576668;23/01/2024;terça-feira;15:00:00;PR;153;399;TIBAGI;Reação tardia ou ineficiente do condutor;Saída de leito carroçável;Sem Vítimas;Pleno dia;Crescente;Nublado;Dupla;Reta;Não;1;0;0;0;1;0;0;1;-24,54576529;-50,69091007;SPRF-PR;DEL08-PR;UOP02-DEL08-PR
576670;23/01/2024;terça-feira;16:35:00;SC;101;421,3;ARARANGUA;Problema na suspensão;Colisão lateral mesmo sentido;Com Vítimas Feridas;Pleno dia;Decrescente;Nublado;Dupla;"Declive;Reta";Não;3;0;1;0;1;1;1;2;-29,007157;-49,567217;SPRF-SC;DEL02-SC;UOP02-DEL02-SC
576673;23/01/2024;terça-feira;17:00:00;SC;282;51,9;AGUAS MORNAS;Acumulo de água sobre o pavimento;Colisão frontal;Com Vítimas Feridas;Pleno dia;Crescente;Chuva;Simples;"Curva;Declive";Não;2;0;0;1;1;0;1;2;-27,703712;-48,959267;SPRF-SC;DEL01-SC;UOP03-DEL01-SC
576675;23/01/2024;terça-feira;16:45:00;BA;324;526;FEIRA DE SANTANA;Condutor deixou de manter distância do veículo da frente;Colisão traseira;Com Vítimas Feridas;Pleno dia;Decrescente;Chuva;Dupla;Reta;Não;4;0;1;0;3;0;1;3;-12,30639712;-38,89051509;SPRF-BA;DEL01-BA;UOP03-DEL01-BA
576677;23/01/2024;terça-feira;16:15:00;PB;104;97;ESPERANCA;Velocidade Incompatível;Colisão lateral sentido oposto;Com Vítimas Feridas;Pleno dia;Crescente;Céu Claro;Simples;Reta;Sim;2;0;0;1;1;0;1;2;-7,01994564;-35,85788662;SPRF-PB;DEL02-PB;UOP04-DEL02-PB
576682;23/01/2024;terça-feira;15:00:00;MG;116;99;MEDINA;Transitar na contramão;Colisão lateral sentido oposto;Com Vítimas Feridas;Pleno dia;Crescente;Céu Claro;Simples;Curva;Não;2;0;1;0;1;0;1;2;-16,426161;-41,490856;SPRF-MG;DEL11-MG;UOP02-DEL11-MG
576683;23/01/2024;terça-feira;17:00:00;TO;153;405;MIRANORTE;Transitar na contramão;Colisão lateral sentido oposto;Com Vítimas Feridas;Pleno dia;Crescente;Céu Claro;Simples;Reta;Não;3;0;0;1;2;0;1;2;-9,45445904;-48,57818379;SPRF-TO;DEL02-TO;UOP02-DEL02-TO
576684;23/01/2024;terça-feira;17:25:00;RJ;101;481;ANGRA DOS REIS;Transitar na contramão;Colisão frontal;Sem Vítimas;Pleno dia;Crescente;Chuva;Simples;Curva;Não;3;0;0;0;2;1;0;3;-23,0120552;-44,28807735;SPRF-RJ;DEL03-RJ;UOP03-DEL03-RJ
576685;23/01/2024;terça-feira;17:34:00;PB;101;89,9;JOAO PESSOA;Manobra de mudança de faixa;Colisão transversal;Com Vítimas Feridas;Anoitecer;Crescente;Céu Claro;Dupla;"Retorno Regulamentado;Reta";Sim;2;0;1;0;1;0;1;2;-7,17816256;-34,89989162;SPRF-PB;DEL01-PB;UOP02-DEL01-PB
576688;23/01/2024;terça-feira;16:40:00;PA;316;69,1;CASTANHAL;Manobra de mudança de faixa;Colisão frontal;Com Vítimas Fatais;Pleno dia;Crescente;Chuva;Simples;Curva;Não;5;3;0;1;1;0;1;2;-1,29277675;-47,87507708;SPRF-PA;DEL01-PA;UOP01-DEL01-PA
576690;23/01/2024;terça-feira;17:31:00;SP;116;286;ITAPECERICA DA SERRA;Condutor deixou de manter distância do veículo da frente;Colisão traseira;Sem Vítimas;Pleno dia;Decrescente;Chuva;Dupla;Reta;Sim;2;0;0;0;2;0;0;2;-23,70925128;-46,87588966;SPRF-SP;DEL04-SP;UOP01-DEL04-SP
576691;23/01/2024;terça-feira;17:30:00;SP;116;362;MIRACATU;Ausência de reação do condutor;Tombamento;Com Vítimas Feridas;Pleno dia;Crescente;Chuva;Dupla;"Declive;Curva";Não;1;0;0;1;0;0;1;1;-24,1220177;-47,27047772;SPRF-SP;DEL04-SP;UOP03-DEL04-SP
576699;23/01/2024;terça-feira;13:40:00;PR;153;461;UNIAO DA VITORIA;Problema com o freio;Colisão frontal;Com Vítimas Feridas;Pleno dia;Crescente;Garoa/Chuvisco;Simples;"Declive;Curva";Não;8;0;2;3;3;0;5;3;-26,23663648;-51,15418777;SPRF-PR;DEL02-PR;UOP03-DEL02-PR
576711;23/01/2024;terça-feira;16:30:00;SC;282;111;ALFREDO WAGNER;Demais falhas mecânicas ou elétricas;Incêndio;Sem Vítimas;Pleno dia;Decrescente;Chuva;Simples;Reta;Sim;1;0;0;0;1;0;0;1;-27,733616;-49,367538;SPRF-SC;DEL01-SC;UOP03-DEL01-SC
576713;23/01/2024;terça-feira;19:15:00;MG;381;918;CAMANDUCAIA;Reação tardia ou ineficiente do condutor;Saída de leito carroçável;Com Vítimas Feridas;Plena Noite;Decrescente;Chuva;Dupla;"Declive;Reta";Não;2;0;1;0;0;1;1;2;-22,7716591;-46,19193618;SPRF-MG;DEL16-MG;UOP03-DEL16-MG
576717;23/01/2024;terça-feira;19:20:00;MT;364;227;RONDONOPOLIS;Reação tardia ou ineficiente do condutor;Tombamento;Com Vítimas Feridas;Plena Noite;Crescente;Céu Claro;Dupla;Curva;Não;1;0;1;0;0;0;1;1;-16,29044795;-54,76386888;SPRF-MT;DEL02-MT;UOP01-DEL02-MT
576723;23/01/2024;terça-feira;17:25:00;SC;116;59;PAPANDUVA;Acessar a via sem observar a presença dos outros veículos;Colisão transversal;Com Vítimas Feridas;Pleno dia;Crescente;Garoa/Chuvisco;Simples;"Interseção de Vias;Reta";Não;3;0;0;1;2;0;1;3;-26,37933149;-50,20775008;SPRF-SC;DEL06-SC;UOP02-DEL06-SC
576727;23/01/2024;terça-feira;21:50:00;RJ;101;205,5;CASIMIRO DE ABREU;Ausência de reação do condutor;Colisão traseira;Com Vítimas Fatais;Plena Noite;Crescente;Chuva;Simples;Reta;Não;11;1;1;2;7;0;3;3;-22,475714;-42,19184;SPRF-RJ;DEL08-RJ;UOP04-DEL08-RJ
576731;23/01/2024;terça-feira;22:25:00;PE;423;89,2;GARANHUNS;Ausência de reação do condutor;Colisão traseira;Com Vítimas Fatais;Plena Noite;Crescente;Céu Claro;Simples;Reta;Não;2;1;0;0;0;1;0;2;-8,83774896;-36,45604009;SPRF-PE;DEL03-PE;UOP01-DEL03-PE
576735;23/01/2024;terça-feira;18:30:00;MG;153;148;CAMPO FLORIDO;Reação tardia ou ineficiente do condutor;Tombamento;Sem Vítimas;Anoitecer;Crescente;Céu Claro;Simples;Interseção de Vias;Não;1;0;0;0;1;0;0;1;-19,63284117;-48,85120975;SPRF-MG;DEL13-MG;UOP02-DEL13-MG
576737;23/01/2024;terça-feira;23:00:00;BA;116;473;RAFAEL JAMBEIRO;Condutor deixou de manter distância do veículo da frente;Colisão traseira;Com Vítimas Feridas;Plena Noite;Crescente;Garoa/Chuvisco;Dupla;Reta;Não;2;0;1;0;1;0;1;2;-12,494239;-39,338784;SPRF-BA;DEL02-BA;UOP01-DEL02-BA
576740;23/01/2024;terça-feira;23:20:00;MG;116;507,7;UBAPORANGA;Ingestão de álcool pelo condutor;Colisão lateral sentido oposto;Com Vítimas Feridas;Plena Noite;Crescente;Nublado;Simples;Reta;Sim;2;0;1;0;1;0;1;2;-19,61953715;-42,10872923;SPRF-MG;DEL06-MG;UOP02-DEL06-MG
576745;24/01/2024;quarta-feira;04:10:00;SC;101;121,7;ITAJAI;Demais falhas mecânicas ou elétricas;Colisão traseira;Com Vítimas Feridas;Plena Noite;Crescente;Garoa/Chuvisco;Múltipla;Reta;Não;2;0;1;0;1;0;1;2;-26,92103178;-48,70856446;SPRF-SC;DEL04-SC;UOP04-DEL04-SC
576747;24/01/2024;quarta-feira;05:00:00;RS;392;61;PELOTAS;Reação tardia ou ineficiente do condutor;Tombamento;Com Vítimas Feridas;Amanhecer;Crescente;Céu Claro;Dupla;Curva;Não;1;0;1;0;0;0;1;1;-31,78533692;-52,35536814;SPRF-RS;DEL07-RS;UOP01-DEL07-RS
576748;24/01/2024;quarta-feira;06:40:00;ES;101;125,4;SOORETAMA;Conversão proibida;Colisão transversal;Com Vítimas Feridas;Pleno dia;Crescente;Chuva;Simples;"Interseção de Vias;Curva";Sim;2;0;1;0;1;0;1;2;-19,18496498;-40,09429827;SPRF-ES;DEL04-ES;UOP01-DEL04-ES
576749;24/01/2024;quarta-feira;02:10:00;SC;280;46,6;GUARAMIRIM;Chuva;Saída de leito carroçável;Com Vítimas Feridas;Plena Noite;Crescente;Chuva;Simples;"Declive;Reta;Em Obras";Não;1;0;1;0;0;0;1;1;-26,453163;-48,914103;SPRF-SC;DEL03-SC;UOP03-DEL03-SC
576751;24/01/2024;quarta-feira;05:10:00;BA;116;908;CANDIDO SALES;Problema com o freio;Incêndio;Sem Vítimas;Amanhecer;Crescente;Garoa/Chuvisco;Simples;Reta;Sim;1;0;0;0;1;0;0;1;-15,50312166;-41,2351889;SPRF-BA;DEL08-BA;UOP03-DEL08-BA
576753;24/01/2024;quarta-feira;07:17:00;SC;101;190;BIGUACU;Reação tardia ou ineficiente do condutor;Colisão traseira;Com Vítimas Feridas;Pleno dia;Decrescente;Nublado;Dupla;Reta;Não;2;0;1;0;1;0;1;2;-27,468056;-48,641712;SPRF-SC;DEL01-SC;UOP01-DEL01-SC
576754;24/01/2024;quarta-feira;05:40:00;SP;116;31;CRUZEIRO;Ausência de reação do condutor;Colisão traseira;Sem Vítimas;Amanhecer;Crescente;Céu Claro;Múltipla;"Reta;Aclive";Não;2;0;0;0;2;0;0;2;-22,63966194;-44,93868903;SPRF-SP;DEL08-SP;UOP02-DEL08-SP
576757;24/01/2024;quarta-feira;08:00:00;RN;101;108;PARNAMIRIM;Condutor deixou de manter distância do veículo da frente;Colisão traseira;Com Vítimas Feridas;Pleno dia;Decrescente;Céu Claro;Dupla;"Reta;Aclive;Viaduto";Sim;5;0;2;0;3;0;2;2;-5,92825102;-35,26465683;SPRF-RN;DEL01-RN;UOP01-DEL01-RN
576758;24/01/2024;quarta-feira;07:40:00;PB;101;95;CONDE;Demais falhas mecânicas ou elétricas;Saída de leito carroçável;Com Vítimas Feridas;Pleno dia;Decrescente;Céu Claro;Dupla;Reta;Não;1;0;1;0;0;0;1;1;-7,22379403;-34,91488195;SPRF-PB;DEL01-PB;UOP02-DEL01-PB
576761;24/01/2024;quarta-feira;06:00:00;RJ;116;229,3;PIRAI;Velocidade Incompatível;Tombamento;Com Vítimas Feridas;Amanhecer;Decrescente;Nublado;Simples;Declive;Não;1;0;1;0;0;0;1;1;-22,6768598;-43,83399439;SPRF-RJ;DEL07-RJ;UOP01-DEL07-RJ
576762;24/01/2024;quarta-feira;08:25:00;PB;101;88;JOAO PESSOA;Acessar a via sem observar a presença dos outros veículos;Colisão lateral mesmo sentido;Sem Vítimas;Pleno dia;Decrescente;Céu Claro;Dupla;"Curva;Interseção de Vias";Sim;3;0;0;0;3;0;0;2;-7,1710694;-34,89765372;SPRF-PB;DEL01-PB;UOP01-DEL01-PB
576773;24/01/2024;quarta-feira;09:50:00;SP;116;218;GUARULHOS;Ausência de reação do condutor;Engavetamento;Com Vítimas Feridas;Pleno dia;Crescente;Sol;Múltipla;Reta;Sim;4;0;1;0;3;0;1;4;-23,457972;-46,479927;SPRF-SP;DEL01-SP;UOP01-DEL01-SP
576777;24/01/2024;quarta-feira;09:00:00;PR;277;450;LARANJEIRAS DO SUL;Ingestão de álcool pelo condutor;Colisão traseira;Com Vítimas Feridas;Pleno dia;Decrescente;Céu Claro;Simples;"Reta;Aclive";Não;2;0;1;0;1;0;1;2;-25,36762674;-52,35059397;SPRF-PR;DEL04-PR;UOP02-DEL04-PR
576780;08/01/2024;segunda-feira;12:15:00;PA;316;76;SAO FRANCISCO DO PARA;Ultrapassagem Indevida;Colisão frontal;Com Vítimas Fatais;Pleno dia;Decrescente;Nublado;Simples;Reta;Não;2;1;1;0;0;0;1;2;-1,30223447;-47,80628622;SPRF-PA;DEL01-PA;UOP01-DEL01-PA
576783;24/01/2024;quarta-feira;09:05:00;RS;386;135;SARANDI;Condutor deixou de manter distância do veículo da frente;Saída de leito carroçável;Sem Vítimas;Pleno dia;Decrescente;Céu Claro;Simples;Curva;Não;2;0;0;0;1;1;0;2;-27,96036;-52,91103;SPRF-RS;DEL08-RS;UOP01-DEL08-RS
576786;24/01/2024;quarta-feira;11:00:00;GO;153;519,3;APARECIDA DE GOIANIA;Velocidade Incompatível;Colisão traseira;Com Vítimas Feridas;Pleno dia;Decrescente;Chuva;Dupla;"Aclive;Reta";Não;3;0;1;1;1;0;2;2;-16,8755;-49,2523;SPRF-GO;DEL01-GO;UOP03-DEL01-GO
576787;24/01/2024;quarta-feira;09:40:00;RJ;116;184;NOVA IGUACU;Velocidade Incompatível;Colisão traseira;Com Vítimas Feridas;Pleno dia;Decrescente;Garoa/Chuvisco;Dupla;Reta;Sim;2;0;1;0;1;0;1;2;-22,74647215;-43,44594311;SPRF-RJ;DEL06-RJ;UOP01-DEL06-RJ
576790;24/01/2024;quarta-feira;10:30:00;PE;101;55;PAULISTA;Trafegar com motocicleta (ou similar) entre as faixas;Colisão lateral mesmo sentido;Com Vítimas Fatais;Pleno dia;Decrescente;Céu Claro;Dupla;Reta;Sim;2;1;0;0;1;0;0;2;-7,94806621;-34,9062148;SPRF-PE;DEL01-PE;UOP02-DEL01-PE
576791;24/01/2024;quarta-feira;10:50:00;PR;277;586,4;CASCAVEL;Acessar a via sem observar a presença dos outros veículos;Colisão transversal;Com Vítimas Feridas;Pleno dia;Crescente;Sol;Simples;"Retorno Regulamentado;Reta;Interseção de Vias";Sim;4;0;2;0;2;0;2;2;-24,9649472;-53,4210459;SPRF-PR;DEL04-PR;UOP01-DEL04-PR
576794;24/01/2024;quarta-feira;11:00:00;MT;364;178;PEDRA PRETA;Acessar a via sem observar a presença dos outros veículos;Colisão transversal;Com Vítimas Feridas;Pleno dia;Crescente;Céu Claro;Simples;Reta;Sim;4;0;1;0;3;0;1;2;-16,60487698;-54,47377398;SPRF-MT;DEL02-MT;UOP01-DEL02-MT
576795;10/01/2024;quarta-feira;08:15:00;MT;364;32;ALTO ARAGUAIA;Demais falhas mecânicas ou elétricas;Incêndio;Sem Vítimas;Pleno dia;Decrescente;Nublado;Simples;Reta;Não;1;0;0;0;1;0;0;1;-17,14412831;-53,42733021;SPRF-MT;DEL02-MT;UOP02-DEL02-MT
576799;24/01/2024;quarta-feira;10:40:00;MT;174;307;PONTES E LACERDA;Velocidade Incompatível;Colisão lateral mesmo sentido;Com Vítimas Feridas;Pleno dia;Decrescente;Céu Claro;Simples;Reta;Não;5;0;1;0;4;0;1;2;-15,07516701;-59,2958684;SPRF-MT;DEL04-MT;UOP01-DEL04-MT