id;data_inversa;dia_semana;horario;uf;br;km;municipio;causa_acidente;tipo_acidente;classificacao_acidente;fase_dia;sentido_via;condicao_metereologica;tipo_pista;tracado_via;uso_solo;pessoas;mortos;feridos_leves;feridos_graves;ilesos;ignorados;feridos;veiculos;latitude;longitude;regional;delegacia;uop
577121;26/01/2024;sexta-feira;02:45:00;PR;376;421;TIBAGI;Velocidade Incompatível;Tombamento;Com Vítimas Feridas;Plena Noite;Decrescente;Ignorado;Dupla;Curva;Não;1;0;1;0;0;0;1;1;-24,72548801;-50,53830472;SPRF-PR;DEL03-PR;UOP02-DEL03-PR
577123;26/01/2024;sexta-feira;06:10:00;MS;163;364,2;NOVA ALVORADA DO SUL;Velocidade Incompatível;Colisão com objeto;Com Vítimas Feridas;Pleno dia;Decrescente;Céu Claro;Dupla;"Rotatória;Interseção de Vias;Curva";Sim;1;0;1;0;0;0;1;1;-21,47264252;-54,38623182;SPRF-MS;DEL02-MS;UOP01-DEL02-MS
577128;26/01/2024;sexta-feira;06:30:00;ES;101;282,2;CARIACICA;Ausência de reação do condutor;Colisão traseira;Com Vítimas Feridas;Pleno dia;Decrescente;Nublado;Dupla;Reta;Não;3;0;1;1;0;1;2;2;-20,22882158;-40,36623228;SPRF-ES;DEL01-ES;UOP01-DEL01-ES
577130;26/01/2024;sexta-feira;05:20:00;MT;364;275;JACIARA;Ultrapassagem Indevida;Colisão lateral mesmo sentido;Com Vítimas Feridas;Pleno dia;Crescente;Céu Claro;Simples;"Reta;Declive";Não;5;0;1;0;4;0;1;4;-15,95085604;-54,98237599;SPRF-MT;DEL05-MT;UOP02-DEL05-MT
577134;26/01/2024;sexta-feira;07:45:00;PR;376;599;CURITIBA;Ausência de reação do condutor;Colisão lateral mesmo sentido;Com Vítimas Feridas;Amanhecer;Crescente;Nublado;Dupla;Reta;Não;2;0;1;0;1;0;1;2;-25,52629711;-49,32958412;SPRF-PR;DEL01-PR;UOP06-DEL01-PR
577136;26/01/2024;sexta-feira;08:00:00;PR;373;179,6;PONTA GROSSA;Acesso irregular;Colisão transversal;Sem Vítimas;Pleno dia;Decrescente;Céu Claro;Simples;Curva;Sim;3;0;0;0;2;1;0;3;-25,0403878;-50,24381518;SPRF-PR;DEL03-PR;UOP01-DEL03-PR
577138;26/01/2024;sexta-feira;08:00:00;ES;101;403,9;ITAPEMIRIM;Transitar na contramão;Colisão frontal;Com Vítimas Feridas;Pleno dia;Crescente;Céu Claro;Simples;Reta;Não;3;0;2;0;1;0;2;2;-20,89541789;-41,00720306;SPRF-ES;DEL03-ES;UOP02-DEL03-ES
577144;26/01/2024;sexta-feira;08:35:00;PB;101;124;CAAPORA;Transitar no Acostamento;Colisão traseira;Com Vítimas Fatais;Pleno dia;Crescente;Céu Claro;Dupla;"Aclive;Curva";Não;2;1;0;0;1;0;0;2;-7,46746892;-34,9772648;SPRF-PB;DEL01-PB;UOP02-DEL01-PB
577145;26/01/2024;sexta-feira;07:20:00;PE;101;50,1;ABREU E LIMA;Trafegar com motocicleta (ou similar) entre as faixas;Colisão lateral mesmo sentido;Com Vítimas Feridas;Pleno dia;Crescente;Nublado;Múltipla;Reta;Sim;2;0;1;0;1;0;1;2;-7,912422;-34,90054;SPRF-PE;DEL01-PE;UOP02-DEL01-PE
577148;26/01/2024;sexta-feira;09:00:00;MG;381;719;CARMO DA CACHOEIRA;Condutor deixou de manter distância do veículo da frente;Colisão lateral mesmo sentido;Com Vítimas Feridas;Pleno dia;Crescente;Céu Claro;Dupla;Reta;Não;6;0;2;0;4;0;2;3;-21,45321803;-45,21174621;SPRF-MG;DEL04-MG;UOP02-DEL04-MG
577149;26/01/2024;sexta-feira;07:00:00;MG;40;825;SIMAO PEREIRA;Velocidade Incompatível;Tombamento;Com Vítimas Feridas;Pleno dia;Crescente;Nublado;Simples;Curva;Não;1;0;1;0;0;0;1;1;-21,9735272;-43,28541842;SPRF-MG;DEL05-MG;UOP01-DEL05-MG
577153;26/01/2024;sexta-feira;08:00:00;MT;364;267,4;JACIARA;Ausência de reação do condutor;Colisão traseira;Com Vítimas Feridas;Pleno dia;Crescente;Céu Claro;Dupla;Reta;Não;2;0;0;1;1;0;1;2;-15,9882532;-54,92679723;SPRF-MT;DEL02-MT;UOP01-DEL02-MT
577158;26/01/2024;sexta-feira;09:05:00;PI;316;288;DOM EXPEDITO LOPES;Problema com o freio;Colisão traseira;Com Vítimas Feridas;Pleno dia;Decrescente;Sol;Simples;"Reta;Declive";Não;2;0;1;0;1;0;1;2;-6,98459811;-41,63276312;SPRF-PI;DEL04-PI;UOP01-DEL04-PI
577160;26/01/2024;sexta-feira;10:25:00;RS;285;294,8;PASSO FUNDO;Acessar a via sem observar a presença dos outros veículos;Colisão transversal;Com Vítimas Feridas;Pleno dia;Crescente;Céu Claro;Simples;Interseção de Vias;Sim;2;0;1;0;1;0;1;2;-28,234547;-52,384975;SPRF-RS;DEL08-RS;UOP03-DEL08-RS
577162;26/01/2024;sexta-feira;10:00:00;MG;381;453;SABARA;Transitar no Acostamento;Colisão lateral mesmo sentido;Com Vítimas Feridas;Pleno dia;Decrescente;Céu Claro;Simples;Reta;Sim;3;0;1;0;2;0;1;2;-19,85197588;-43,88851019;SPRF-MG;DEL01-MG;UOP01-DEL01-MG
577163;26/01/2024;sexta-feira;09:20:00;MG;116;5;DIVISA ALEGRE;Ultrapassagem Indevida;Colisão frontal;Com Vítimas Feridas;Pleno dia;Decrescente;Nublado;Simples;Curva;Não;4;0;3;0;1;0;3;2;-15,74846553;-41,33119538;SPRF-BA;DEL08-BA;UOP03-DEL08-BA
577166;26/01/2024;sexta-feira;11:10:00;MG;40;437,1;PARAOPEBA;Reação tardia ou ineficiente do condutor;Colisão traseira;Com Vítimas Feridas;Pleno dia;Crescente;Nublado;Dupla;"Declive;Curva";Não;2;0;1;0;1;0;1;2;-19,23379;-44,43244;SPRF-MG;DEL02-MG;UOP01-DEL02-MG
577174;26/01/2024;sexta-feira;11:35:00;BA;116;750;POCOES;Acessar a via sem observar a presença dos outros veículos;Colisão transversal;Com Vítimas Feridas;Pleno dia;Crescente;Céu Claro;Simples;Reta;Não;2;0;1;0;1;0;1;2;-14,42946301;-40,35310914;SPRF-BA;DEL08-BA;UOP02-DEL08-BA
577194;26/01/2024;sexta-feira;05:15:00;MG;251;366;GRAO MOGOL;Ausência de reação do condutor;Tombamento;Com Vítimas Feridas;Amanhecer;Decrescente;Garoa/Chuvisco;Simples;Reta;Não;1;0;1;0;0;0;1;1;-16,25933928;-42,63553619;SPRF-MG;DEL12-MG;UOP02-DEL12-MG
577196;26/01/2024;sexta-feira;14:19:00;ES;262;59,1;MARECHAL FLORIANO;Chuva;Colisão frontal;Com Vítimas Feridas;Pleno dia;Crescente;Chuva;Simples;Curva;Não;2;0;0;1;1;0;1;2;-20,420203;-40,78205;SPRF-ES;DEL01-ES;UOP01-DEL01-ES
577198;26/01/2024;sexta-feira;08:30:00;BA;407;169,1;FILADELFIA;Transitar na contramão;Colisão frontal;Com Vítimas Fatais;Pleno dia;Crescente;Nublado;Simples;Reta;Não;3;1;0;0;2;0;0;2;-10,83017998;-40,11418081;SPRF-BA;DEL04-BA;UOP01-DEL04-BA
577205;26/01/2024;sexta-feira;13:40:00;PR;277;20;MORRETES;Reação tardia ou ineficiente do condutor;Tombamento;Com Vítimas Feridas;Pleno dia;Crescente;Chuva;Dupla;Reta;Sim;1;0;1;0;0;0;1;1;-25,55344668;-48,66191283;SPRF-PR;DEL01-PR;UOP05-DEL01-PR
577210;26/01/2024;sexta-feira;13:25:00;MT;70;600;ROSARIO OESTE;Acessar a via sem observar a presença dos outros veículos;Colisão transversal;Sem Vítimas;Pleno dia;Decrescente;Céu Claro;Simples;Reta;Não;2;0;0;0;2;0;0;2;-15;-56;SPRF-MT;DEL03-MT;UOP02-DEL03-MT
577212;26/01/2024;sexta-feira;14:00:00;ES;101;196;JOAO NEIVA;Ingestão de álcool pelo condutor;Colisão lateral sentido oposto;Com Vítimas Feridas;Pleno dia;Crescente;Nublado;Simples;Curva;Não;3;0;2;0;1;0;2;3;-19,70366692;-40,33122605;SPRF-ES;DEL04-ES;UOP01-DEL04-ES
577215;26/01/2024;sexta-feira;15:20:00;PR;376;216,4;JANDAIA DO SUL;Acessar a via sem observar a presença dos outros veículos;Colisão transversal;Com Vítimas Feridas;Pleno dia;Crescente;Céu Claro;Simples;Reta;Sim;2;0;1;0;1;0;1;2;-23,59717604;-51,615043;SPRF-PR;DEL09-PR;UOP01-DEL09-PR
577219;26/01/2024;sexta-feira;15:50:00;RS;290;141,9;ELDORADO DO SUL;Reação tardia ou ineficiente do condutor;Colisão traseira;Com Vítimas Feridas;Pleno dia;Crescente;Céu Claro;Simples;"Reta;Declive";Não;4;0;0;2;2;0;2;3;-30,086048;-51,61882;SPRF-RS;DEL02-RS;UOP01-DEL02-RS
577229;06/01/2024;sábado;21:50:00;RJ;116;238;PIRAI;Reação tardia ou ineficiente do condutor;Colisão lateral mesmo sentido;Com Vítimas Feridas;Plena Noite;Decrescente;Céu Claro;Dupla;Curva;Não;4;0;2;0;2;0;2;2;-22,66466911;-43,88337304;SPRF-RJ;DEL07-RJ;UOP01-DEL07-RJ
577242;26/01/2024;sexta-feira;16:48:00;MT;364;341,8;SANTO ANTONIO DO LEVERGER;Reação tardia ou ineficiente do condutor;Colisão transversal;Com Vítimas Feridas;Pleno dia;Crescente;Céu Claro;Dupla;"Reta;Declive";Não;4;0;2;0;2;0;2;2;-15,831818;-55,50162;SPRF-MT;DEL05-MT;UOP02-DEL05-MT
577258;26/01/2024;sexta-feira;16:20:00;BA;116;721,5;MANOEL VITORINO;Condutor Dormindo;Colisão lateral sentido oposto;Com Vítimas Fatais;Pleno dia;Decrescente;Nublado;Simples;Reta;Não;7;1;5;0;1;0;5;2;-14,20471303;-40,27150419;SPRF-BA;DEL08-BA;UOP02-DEL08-BA
577285;26/01/2024;sexta-feira;20:30:00;MG;40;515;RIBEIRAO DAS NEVES;Ausência de reação do condutor;Colisão lateral mesmo sentido;Com Vítimas Feridas;Plena Noite;Decrescente;Nublado;Dupla;Reta;Sim;2;0;1;0;1;0;1;2;-19,8090079;-44,09493479;SPRF-MG;DEL01-MG;UOP02-DEL01-MG
577286;26/01/2024;sexta-feira;22:00:00;ES;101;439,9;MIMOSO DO SUL;Reação tardia ou ineficiente do condutor;Colisão frontal;Com Vítimas Feridas;Plena Noite;Crescente;Nublado;Simples;Reta;Não;3;0;1;2;0;0;3;2;-21,07264705;-41,22787382;SPRF-ES;DEL03-ES;UOP02-DEL03-ES
577288;26/01/2024;sexta-feira;19:42:00;SP;153;262;MARILIA;Ausência de reação do condutor;Colisão traseira;Com Vítimas Feridas;Plena Noite;Decrescente;Céu Claro;Simples;Reta;Não;3;0;1;0;2;0;1;2;-22,28307122;-49,91788954;SPRF-SP;DEL07-SP;UOP02-DEL07-SP
577291;26/01/2024;sexta-feira;21:30:00;BA;324;613;SALVADOR;Mal súbito do condutor;Saída de leito carroçável;Com Vítimas Fatais;Plena Noite;Crescente;Chuva;Dupla;Reta;Não;1;1;0;0;0;0;0;1;-12,85531601;-38,42055197;SPRF-BA;DEL01-BA;UOP01-DEL01-BA
577294;26/01/2024;sexta-feira;19:00:00;MT;364;292;JACIARA;Reação tardia ou ineficiente do condutor;Colisão lateral mesmo sentido;Com Vítimas Feridas;Anoitecer;Decrescente;Céu Claro;Dupla;Reta;Não;2;0;1;0;1;0;1;2;-15,89220915;-55,1038862;SPRF-MT;DEL05-MT;UOP02-DEL05-MT
577299;27/01/2024;sábado;00:05:00;SP;116;59,4;GUARATINGUETA;Condutor deixou de manter distância do veículo da frente;Colisão traseira;Com Vítimas Feridas;Plena Noite;Crescente;Céu Claro;Dupla;Reta;Sim;2;0;1;0;1;0;1;2;-22,78555649;-45,15339465;SPRF-SP;DEL08-SP;UOP01-DEL08-SP
577302;26/01/2024;sexta-feira;22:15:00;PR;277;653,6;MATELANDIA;Transitar no Acostamento;Colisão lateral mesmo sentido;Com Vítimas Feridas;Plena Noite;Crescente;Céu Claro;Simples;Aclive;Não;3;0;0;1;2;0;1;2;-25,213354;-53,95143726;SPRF-PR;DEL05-PR;UOP02-DEL05-PR
577308;27/01/2024;sábado;01:40:00;PR;476;267,1;SAO MATEUS DO SUL;Chuva;Colisão frontal;Com Vítimas Fatais;Plena Noite;Crescente;Chuva;Simples;Reta;Não;2;1;0;0;1;0;0;2;-25,891033;-50,282455;SPRF-PR;DEL02-PR;UOP03-DEL02-PR
577318;27/01/2024;sábado;04:50:00;PE;232;9,6;JABOATAO DOS GUARARAPES;Condutor deixou de manter distância do veículo da frente;Incêndio;Sem Vítimas;Amanhecer;Crescente;Céu Claro;Dupla;Viaduto;Não;2;0;0;0;0;2;0;2;-8,07764447;-34,97863609;SPRF-PE;DEL01-PE;UOP01-DEL01-PE
577320;27/01/2024;sábado;05:00:00;MG;40;388,9;CURVELO;Velocidade Incompatível;Saída de leito carroçável;Com Vítimas Feridas;Amanhecer;Decrescente;Chuva;Simples;"Reta;Declive";Não;2;0;1;0;1;0;1;1;-18,93174501;-44,68450988;SPRF-MG;DEL02-MG;UOP01-DEL02-MG
577340;27/01/2024;sábado;08:50:00;CE;116;3;FORTALEZA;Mal súbito do condutor;Saída de leito carroçável;Sem Vítimas;Pleno dia;Crescente;Sol;Múltipla;Reta;Sim;1;0;0;0;1;0;0;1;-3,77866493;-38,51490171;SPRF-CE;DEL01-CE;UOP02-DEL01-CE
577342;26/01/2024;sexta-feira;23:50:00;PE;232;555;PARNAMIRIM;Reação tardia ou ineficiente do condutor;Tombamento;Com Vítimas Fatais;Plena Noite;Decrescente;Garoa/Chuvisco;Simples;Reta;Não;3;1;0;1;0;1;1;2;-8,089178;-39,532785;SPRF-PE;DEL05-PE;UOP01-DEL05-PE
577352;27/01/2024;sábado;09:40:00;SP;116;134;CACAPAVA;Avarias e/ou desgaste excessivo no pneu;Colisão lateral mesmo sentido;Sem Vítimas;Pleno dia;Crescente;Céu Claro;Dupla;Reta;Não;2;0;0;0;2;0;0;2;-23,1402216;-45,7617252;SPRF-SP;DEL02-SP;UOP02-DEL02-SP
577362;27/01/2024;sábado;09:30:00;GO;50;305;CUMARI;Reação tardia ou ineficiente do condutor;Colisão lateral mesmo sentido;Com Vítimas Feridas;Pleno dia;Decrescente;Céu Claro;Dupla;Curva;Não;3;0;2;0;1;0;2;2;-18,3636;-48,0502;SPRF-GO;DEL06-GO;UOP01-DEL06-GO
577365;27/01/2024;sábado;09:20:00;MG;40;444;PARAOPEBA;Carga excessiva e/ou mal acondicionada;Tombamento;Sem Vítimas;Pleno dia;Decrescente;Nublado;Dupla;Curva;Não;1;0;0;0;1;0;0;1;-19,28815;-44,392;SPRF-MG;DEL02-MG;UOP01-DEL02-MG
577366;27/01/2024;sábado;10:30:00;MG;40;531,9;BELO HORIZONTE;Reação tardia ou ineficiente do condutor;Colisão lateral mesmo sentido;Com Vítimas Feridas;Pleno dia;Decrescente;Nublado;Dupla;"Reta;Aclive";Sim;3;0;2;0;0;1;2;2;-19,92314507;-44,01904106;SPRF-MG;DEL01-MG;UOP02-DEL01-MG
577371;27/01/2024;sábado;08:00:00;MT;163;1035;MATUPA;Ausência de reação do condutor;Colisão lateral sentido oposto;Com Vítimas Feridas;Pleno dia;Crescente;Nublado;Simples;Reta;Não;2;0;0;1;1;0;1;2;-10,209672;-54,96302;SPRF-MT;DEL06-MT;UOP03-DEL06-MT
577375;27/01/2024;sábado;04:30:00;MT;364;863;CAMPO NOVO DO PARECIS;Transitar na contramão;Colisão frontal;Com Vítimas Fatais;Plena Noite;Crescente;Ignorado;Simples;Reta;Não;3;1;1;0;0;1;1;3;-13,86421004;-57,96808163;SPRF-MT;DEL01-MT;UOP01-DEL01-MT
577376;27/01/2024;sábado;07:15:00;SC;282;496,2;XANXERE;Velocidade Incompatível;Colisão transversal;Com Vítimas Feridas;Pleno dia;Decrescente;Céu Claro;Simples;Reta;Não;3;0;0;1;1;1;1;3;-26,87675019;-52,3307525;SPRF-SC;DEL07-SC;UOP01-DEL07-SC
577379;27/01/2024;sábado;06:00:00;TO;153;290;PRESIDENTE KENNEDY;Manobra de mudança de faixa;Saída de leito carroçável;Com Vítimas Feridas;Pleno dia;Decrescente;Céu Claro;Simples;"Reta;Declive";Não;1;0;1;0;0;0;1;1;-8,44383195;-48,48433839;SPRF-TO;DEL02-TO;UOP02-DEL02-TO
577384;27/01/2024;sábado;11:20:00;PR;277;125,3;CAMPO LARGO;Reação tardia ou ineficiente do condutor;Engavetamento;Com Vítimas Feridas;Pleno dia;Crescente;Nublado;Dupla;Reta;Não;9;0;4;0;5;0;4;3;-25,449552;-49,595375;SPRF-PR;DEL03-PR;UOP03-DEL03-PR
577388;27/01/2024;sábado;11:30:00;SC;101;126;ITAJAI;Manobra de mudança de faixa;Colisão lateral mesmo sentido;Com Vítimas Feridas;Pleno dia;Crescente;Nublado;Dupla;Curva;Não;4;0;0;1;3;0;1;3;-26,95564404;-48,67978366;SPRF-SC;DEL04-SC;UOP04-DEL04-SC
577395;27/01/2024;sábado;10:30:00;BA;116;621;JAGUAQUARA;Condutor deixou de manter distância do veículo da frente;Colisão traseira;Com Vítimas Feridas;Pleno dia;Crescente;Nevoeiro/Neblina;Simples;Reta;Não;33;0;1;0;32;0;1;2;-13,37441002;-40,01977289;SPRF-BA;DEL03-BA;UOP01-DEL03-BA
577396;27/01/2024;sábado;12:30:00;MG;365;159;PIRAPORA;Reação tardia ou ineficiente do condutor;Tombamento;Com Vítimas Feridas;Pleno dia;Decrescente;Céu Claro;Simples;Rotatória;Não;3;0;1;0;2;0;1;1;-17,35543992;-44,91271708;SPRF-MG;DEL10-MG;UOP02-DEL010-MG
577397;27/01/2024;sábado;13:07:00;MG;381;441,9;SABARA;Reação tardia ou ineficiente do condutor;Colisão traseira;Com Vítimas Feridas;Pleno dia;Crescente;Céu Claro;Simples;Reta;Não;2;0;0;1;1;0;1;2;-19,81604176;-43,80389901;SPRF-MG;DEL01-MG;UOP01-DEL01-MG
577404;27/01/2024;sábado;14:30:00;SC;101;333;TUBARAO;Acessar a via sem observar a presença dos outros veículos;Colisão transversal;Com Vítimas Feridas;Pleno dia;Decrescente;Céu Claro;Dupla;"Interseção de Vias;Reta";Sim;4;0;1;0;3;0;1;2;-28,46630107;-48,99653096;SPRF-SC;DEL02-SC;UOP01-DEL02-SC
577408;27/01/2024;sábado;15:20:00;MG;116;645,4;FERVEDOURO;Condutor deixou de manter distância do veículo da frente;Colisão traseira;Com Vítimas Feridas;Pleno dia;Decrescente;Nublado;Simples;Reta;Não;2;0;0;1;1;0;1;2;-20,6788531;-42,27154792;SPRF-MG;DEL07-MG;UOP02-DEL07-MG
577417;27/01/2024;sábado;14:35:00;SP;116;26,2;SILVEIRAS;Reação tardia ou ineficiente do condutor;Colisão traseira;Com Vítimas Feridas;Pleno dia;Decrescente;Sol;Múltipla;"Reta;Aclive";Não;2;0;1;0;1;0;1;2;-22,61419397;-44,90005302;SPRF-SP;DEL08-SP;UOP02-DEL08-SP
577420;27/01/2024;sábado;15:00:00;CE;20;103;TAUA;Reação tardia ou ineficiente do condutor;Colisão transversal;Com Vítimas Feridas;Pleno dia;Crescente;Céu Claro;Simples;Reta;Não;3;0;2;0;1;0;2;2;-5,86599306;-40,18363276;SPRF-CE;DEL02-CE;UOP02-DEL02-CE
577429;27/01/2024;sábado;11:15:00;RS;285;570;SAO LUIZ GONZAGA;Acessar a via sem observar a presença dos outros veículos;Colisão transversal;Com Vítimas Fatais;Pleno dia;Crescente;Sol;Simples;Interseção de Vias;Sim;6;1;1;3;1;0;4;2;-28,41465397;-54,98897552;SPRF-RS;DEL12-RS;UOP01-DEL12-RS
577431;27/01/2024;sábado;16:40:00;PR;376;352;ORTIGUEIRA;Manobra de mudança de faixa;Colisão lateral mesmo sentido;Sem Vítimas;Pleno dia;Crescente;Céu Claro;Dupla;"Reta;Declive";Não;2;0;0;0;2;0;0;2;-24,25636787;-50,89764987;SPRF-PR;DEL07-PR;UOP02-DEL07-PR
577432;27/01/2024;sábado;09:30:00;SC;280;305,7;PORTO UNIAO;Conversão proibida;Colisão traseira;Com Vítimas Feridas;Pleno dia;Decrescente;Céu Claro;Simples;Reta;Sim;2;0;1;0;1;0;1;2;-26,26625102;-51,05981502;SPRF-SC;DEL06-SC;UOP04-DEL06-SC
577435;27/01/2024;sábado;18:55:00;PB;101;94;CONDE;Ausência de reação do condutor;Colisão com objeto;Sem Vítimas;Plena Noite;Decrescente;Céu Claro;Dupla;Declive;Sim;4;0;0;0;4;0;0;2;-7,21483297;-34,9117521;SPRF-PB;DEL01-PB;UOP02-DEL01-PB
577437;27/01/2024;sábado;18:45:00;BA;101;264;SANTO ANTONIO DE JESUS;Ingestão de álcool pelo condutor;Colisão frontal;Com Vítimas Feridas;Plena Noite;Crescente;Chuva;Simples;Aclive;Sim;2;0;1;0;1;0;1;2;-12,98461648;-39,29083352;SPRF-BA;DEL01-BA;UOP02-DEL01-BA
577445;27/01/2024;sábado;17:12:00;PA;230;647;ALTAMIRA;Avarias e/ou desgaste excessivo no pneu;Colisão frontal;Com Vítimas Fatais;Pleno dia;Decrescente;Chuva;Simples;"Reta;Declive";Sim;8;1;0;6;1;0;6;2;-3,22366;-52,27107;SPRF-PA;DEL04-PA;UOP01-DEL04-PA
577447;27/01/2024;sábado;17:00:00;BA;116;270;TUCANO;Ultrapassagem Indevida;Colisão frontal;Com Vítimas Fatais;Pleno dia;Decrescente;Céu Claro;Simples;Reta;Não;4;1;1;2;0;0;3;2;-10,91498;-38,833224;SPRF-BA;DEL07-BA;UOP02-DEL07-BA
577451;27/01/2024;sábado;19:30:00;PE;316;57,5;TRINDADE;Manobra de mudança de faixa;Colisão frontal;Com Vítimas Feridas;Plena Noite;Crescente;Céu Claro;Simples;"Curva;Declive";Não;2;0;0;1;1;0;1;2;-7,74765771;-40,2710428;SPRF-PE;DEL05-PE;UOP02-DEL05-PE
577455;27/01/2024;sábado;13:40:00;RO;364;382;OURO PRETO DO OESTE;Demais falhas mecânicas ou elétricas;Colisão com objeto;Sem Vítimas;Pleno dia;Crescente;Céu Claro;Simples;"Reta;Aclive";Sim;1;0;0;0;1;0;0;1;-10,72605374;-62,23652595;SPRF-RO;DEL02-RO;UOP01-DEL02-RO
577467;27/01/2024;sábado;14:45:00;MT;158;562;AGUA BOA;Ausência de reação do condutor;Tombamento;Sem Vítimas;Pleno dia;Crescente;Céu Claro;Simples;Reta;Sim;1;0;0;0;1;0;0;1;-14,00253804;-52,14939588;SPRF-MT;DEL07-MT;UOP02-DEL07-MT
577474;27/01/2024;sábado;21:40:00;PE;424;86;GARANHUNS;Acessar a via sem observar a presença dos outros veículos;Colisão traseira;Com Vítimas Feridas;Plena Noite;Crescente;Céu Claro;Simples;Reta;Não;2;0;0;1;1;0;1;2;-8,86552886;-36,50934159;SPRF-PE;DEL03-PE;UOP01-DEL03-PE
577476;27/01/2024;sábado;20:00:00;RO;364;296;PRESIDENTE MEDICI;Transitar na contramão;Colisão lateral sentido oposto;Com Vítimas Feridas;Plena Noite;Crescente;Céu Claro;Simples;Curva;Não;2;0;1;0;1;0;1;2;-11,280945;-61,90195;SPRF-RO;DEL02-RO;UOP01-DEL02-RO
577481;27/01/2024;sábado;23:15:00;GO;414;439,3;ANAPOLIS;Ingestão de álcool pelo condutor;Colisão frontal;Com Vítimas Feridas;Plena Noite;Crescente;Nublado;Simples;Reta;Sim;3;0;0;2;1;0;2;3;-16,274445;-48,940871;SPRF-GO;DEL02-GO;UOP01-DEL02-GO
577482;27/01/2024;sábado;20:20:00;PR;476;282;SAO MATEUS DO SUL;Transitar na contramão;Colisão frontal;Com Vítimas Feridas;Plena Noite;Crescente;Céu Claro;Simples;Reta;Não;3;0;1;0;2;0;1;3;-25,883417;-50,430523;SPRF-PR;DEL02-PR;UOP03-DEL02-PR
577484;27/01/2024;sábado;21:40:00;MS;163;658;RIO VERDE DE MATO GROSSO;Ausência de reação do condutor;Saída de leito carroçável;Com Vítimas Feridas;Plena Noite;Crescente;Céu Claro;Simples;"Declive;Curva";Não;3;0;1;0;1;1;1;2;-19,09764646;-54,77349758;SPRF-MS;DEL06-MS;UOP02-DEL06-MS
577486;27/01/2024;sábado;21:20:00;ES;101;278,8;SERRA;Condutor Dormindo;Colisão com objeto;Sem Vítimas;Plena Noite;Decrescente;Chuva;Múltipla;"Interseção de Vias;Viaduto";Não;1;0;0;0;1;0;0;1;-20,21782167;-40,33571547;SPRF-ES;DEL02-ES;UOP01-DEL02-ES
577487;27/01/2024;sábado;23:00:00;PR;376;466,3;PONTA GROSSA;Demais falhas mecânicas ou elétricas;Colisão com objeto;Com Vítimas Feridas;Plena Noite;Crescente;Nublado;Dupla;Reta;Sim;5;0;4;0;1;0;4;2;-24,994952;-50,362462;SPRF-PR;DEL03-PR;UOP01-DEL03-PR
577493;27/01/2024;sábado;22:40:00;PR;373;231;IMBITUVA;Ultrapassagem Indevida;Colisão frontal;Com Vítimas Feridas;Plena Noite;Crescente;Céu Claro;Simples;Reta;Não;3;0;1;0;2;0;1;3;-25,18288258;-50,67781009;SPRF-PR;DEL03-PR;UOP01-DEL03-PR
577495;27/01/2024;sábado;17:30:00;MT;364;1214;COMODORO;Transitar na contramão;Colisão frontal;Com Vítimas Feridas;Pleno dia;Crescente;Céu Claro;Simples;Reta;Não;3;0;1;0;2;0;1;2;-13,79273567;-59,44652101;SPRF-MT;DEL04-MT;UOP02-DEL04-MT
577513;28/01/2024;domingo;03:34:00;RS;290;157,3;ARROIO DOS RATOS;Transitar na contramão;Colisão frontal;Com Vítimas Fatais;Plena Noite;Decrescente;Céu Claro;Simples;"Declive;Curva";Não;3;2;1;0;0;0;1;2;-30,107595;-51,778015;SPRF-RS;DEL02-RS;UOP01-DEL02-RS
577518;28/01/2024;domingo;04:50:00;RS;285;293;PASSO FUNDO;Desrespeitar a preferência no cruzamento;Colisão transversal;Sem Vítimas;Plena Noite;Crescente;Céu Claro;Simples;Interseção de Vias;Não;2;0;0;0;1;1;0;2;-28,236645;-52,375156;SPRF-RS;DEL08-RS;UOP03-DEL08-RS
577519;28/01/2024;domingo;05:05:00;MG;251;472,9;FRANCISCO SA;Transitar na contramão;Colisão frontal;Com Vítimas Feridas;Amanhecer;Decrescente;Chuva;Simples;"Declive;Curva";Não;13;0;12;0;1;0;12;2;-16,4669101;-43,43947986;SPRF-MG;DEL12-MG;UOP01-DEL12-MG
577537;28/01/2024;domingo;06:10:00;BA;116;919,6;ENCRUZILHADA;Condutor Dormindo;Saída de leito carroçável;Com Vítimas Fatais;Pleno dia;Crescente;Chuva;Simples;"Aclive;Reta";Não;1;1;0;0;0;0;0;1;-15,588564;-41,280855;SPRF-BA;DEL08-BA;UOP03-DEL08-BA
577543;28/01/2024;domingo;04:30:00;BA;242;670;WANDERLEY;Condutor Dormindo;Saída de leito carroçável;Com Vítimas Feridas;Plena Noite;Decrescente;Chuva;Simples;"Reta;Declive";Não;1;0;1;0;0;0;1;1;-12,229;-43,926;SPRF-BA;DEL10-BA;UOP02-DEL10-BA
577569;28/01/2024;domingo;10:50:00;TO;153;171,4;ARAGUAINA;Transitar na contramão;Colisão frontal;Com Vítimas Feridas;Pleno dia;Crescente;Céu Claro;Simples;Reta;Não;2;0;1;0;1;0;1;2;-7,40185502;-48,35944785;SPRF-TO;DEL02-TO;UOP01-DEL02-TO