id;data_inversa;dia_semana;horario;uf;br;km;municipio;causa_acidente;tipo_acidente;classificacao_acidente;fase_dia;sentido_via;condicao_metereologica;tipo_pista;tracado_via;uso_solo;pessoas;mortos;feridos_leves;feridos_graves;ilesos;ignorados;feridos;veiculos;latitude;longitude;regional;delegacia;uop
577574;28/01/2024;domingo;10:55:00;PB;230;90,6;GURINHEM;Reação tardia ou ineficiente do condutor;Saída de leito carroçável;Com Vítimas Feridas;Pleno dia;Decrescente;Sol;Dupla;"Reta;Declive";Não;2;0;0;2;0;0;2;1;-7,17772679;-35,41638851;SPRF-PB;DEL01-PB;UOP03-DEL01-PB
577578;28/01/2024;domingo;12:46:00;PR;476;155,9;ARAUCARIA;Condutor deixou de manter distância do veículo da frente;Colisão traseira;Com Vítimas Feridas;Pleno dia;Crescente;Sol;Dupla;Reta;Sim;4;0;2;0;2;0;2;2;-25,59060079;-49,41035628;SPRF-PR;DEL01-PR;UOP06-DEL01-PR
577586;28/01/2024;domingo;13:20:00;PR;376;343,9;ORTIGUEIRA;Condutor deixou de manter distância do veículo da frente;Colisão traseira;Com Vítimas Feridas;Pleno dia;Decrescente;Chuva;Simples;Reta;Não;6;0;2;0;4;0;2;2;-24,2017732;-50,94742728;SPRF-PR;DEL07-PR;UOP02-DEL07-PR
577599;28/01/2024;domingo;10:45:00;BA;116;912;ENCRUZILHADA;Ultrapassagem Indevida;Colisão lateral sentido oposto;Sem Vítimas;Pleno dia;Decrescente;Céu Claro;Simples;"Reta;Interseção de Vias";Não;2;0;0;0;2;0;0;2;-15,45480006;-41,22945884;SPRF-BA;DEL08-BA;UOP03-DEL08-BA
577605;28/01/2024;domingo;14:50:00;SC;282;491,6;FAXINAL DOS GUEDES;Transitar na contramão;Colisão frontal;Com Vítimas Feridas;Pleno dia;Decrescente;Sol;Simples;Reta;Não;2;0;0;1;1;0;1;2;-26,874599;-52,282806;SPRF-SC;DEL07-SC;UOP01-DEL07-SC
577634;28/01/2024;domingo;16:00:00;MG;381;339;BELA VISTA DE MINAS;Problema com o freio;Colisão transversal;Com Vítimas Feridas;Pleno dia;Crescente;Céu Claro;Simples;"Declive;Reta";Não;2;0;1;0;1;0;1;2;-19,81029199;-43,06304997;SPRF-MG;DEL03-MG;UOP01-DEL03-MG
577636;28/01/2024;domingo;17:20:00;SC;282;509,3;XANXERE;Ingestão de álcool pelo condutor;Colisão transversal;Sem Vítimas;Pleno dia;Crescente;Céu Claro;Simples;Reta;Não;2;0;0;0;2;0;0;2;-26,890533;-52,457096;SPRF-SC;DEL07-SC;UOP01-DEL07-SC
577656;28/01/2024;domingo;19:50:00;BA;116;804,2;VITORIA DA CONQUISTA;Acessar a via sem observar a presença dos outros veículos;Colisão transversal;Com Vítimas Feridas;Plena Noite;Decrescente;Céu Claro;Simples;Reta;Não;2;0;1;0;1;0;1;2;-14,765166;-40,706462;SPRF-BA;DEL08-BA;UOP02-DEL08-BA
577661;20/01/2024;sábado;15:30:00;ES;101;4;PEDRO CANARIO;Demais falhas mecânicas ou elétricas;Colisão lateral sentido oposto;Com Vítimas Feridas;Pleno dia;Crescente;Céu Claro;Simples;Reta;Não;4;0;1;1;2;0;2;2;-18,2058992;-39,93492691;SPRF-ES;DEL04-ES;UOP02-DEL04-ES
577667;28/01/2024;domingo;02:00:00;BA;116;521;ITATIM;Reação tardia ou ineficiente do condutor;Colisão frontal;Com Vítimas Fatais;Plena Noite;Decrescente;Chuva;Simples;Reta;Não;2;1;0;0;1;0;0;2;-12,68846804;-39,68756198;SPRF-BA;DEL03-BA;UOP02-DEL03-BA
577669;28/01/2024;domingo;15:30:00;MG;116;515;UBAPORANGA;Reação tardia ou ineficiente do condutor;Colisão com objeto;Com Vítimas Feridas;Pleno dia;Decrescente;Céu Claro;Simples;"Curva;Ponte";Não;1;0;1;0;0;0;1;1;-19,68778501;-42,11758577;SPRF-MG;DEL06-MG;UOP02-DEL06-MG
577673;28/01/2024;domingo;12:30:00;GO;364;269;MINEIROS;Reação tardia ou ineficiente do condutor;Tombamento;Com Vítimas Feridas;Pleno dia;Crescente;Céu Claro;Simples;Curva;Não;1;0;1;0;0;0;1;1;-17,668106;-52,302914;SPRF-GO;DEL05-GO;UOP01-DEL05-GO
577674;28/01/2024;domingo;16:10:00;SC;282;507;XANXERE;Ingestão de álcool pelo condutor;Derramamento de carga;Sem Vítimas;Pleno dia;Decrescente;Sol;Dupla;Reta;Sim;1;0;0;0;1;0;0;1;-26,886171;-52,43911;SPRF-SC;DEL07-SC;UOP01-DEL07-SC
577701;28/01/2024;domingo;22:34:00;PE;101;42,1;IGARASSU;Manobra de mudança de faixa;Saída de leito carroçável;Sem Vítimas;Plena Noite;Crescente;Céu Claro;Múltipla;"Reta;Aclive";Sim;2;0;0;0;1;1;0;2;-7,83038346;-34,91426785;SPRF-PE;DEL01-PE;UOP02-DEL01-PE
577705;28/01/2024;domingo;10:22:00;MT;364;1175;CAMPOS DE JULIO;Velocidade Incompatível;Saída de leito carroçável;Sem Vítimas;Pleno dia;Decrescente;Céu Claro;Simples;Rotatória;Sim;1;0;0;0;1;0;0;1;-13;-59;SPRF-MT;DEL04-MT;UOP02-DEL04-MT
577706;28/01/2024;domingo;14:30:00;MT;174;268;PONTES E LACERDA;Acostamento em desnível;Tombamento;Com Vítimas Feridas;Pleno dia;Crescente;Céu Claro;Simples;Declive;Não;2;0;2;0;0;0;2;1;-15,375735;-59,183345;SPRF-MT;DEL04-MT;UOP01-DEL04-MT
577709;28/01/2024;domingo;17:00:00;PR;153;144,6;VENTANIA;Curva acentuada;Tombamento;Sem Vítimas;Pleno dia;Crescente;Céu Claro;Simples;"Curva;Declive";Não;1;0;0;0;1;0;0;1;-24,11223991;-50,24301162;SPRF-PR;DEL07-PR;UOP04-DEL07-PR
577711;28/01/2024;domingo;22:20:00;SC;101;400,9;MARACAJA;Reação tardia ou ineficiente do condutor;Colisão traseira;Com Vítimas Feridas;Plena Noite;Decrescente;Céu Claro;Múltipla;Reta;Não;5;0;1;0;4;0;1;2;-28,84846615;-49,4346268;SPRF-SC;DEL02-SC;UOP02-DEL02-SC
577714;28/01/2024;domingo;16:30:00;MA;222;460;SANTA LUZIA;Ingestão de álcool pelo condutor;Colisão transversal;Com Vítimas Feridas;Pleno dia;Decrescente;Céu Claro;Simples;Curva;Não;2;0;0;1;1;0;1;2;-4,15866787;-46,00621557;SPRF-MA;DEL02-MA;UOP01-DEL02-MA
577720;29/01/2024;segunda-feira;00:45:00;CE;116;156;RUSSAS;Ingestão de álcool pelo condutor;Colisão frontal;Sem Vítimas;Plena Noite;Crescente;Céu Claro;Simples;Reta;Não;3;0;0;0;3;0;0;2;-4,88406994;-38,0189479;SPRF-CE;DEL03-CE;UOP01-DEL03-CE
577721;28/01/2024;domingo;23:30:00;RS;386;215,6;TIO HUGO;Condutor Dormindo;Colisão frontal;Com Vítimas Fatais;Pleno dia;Crescente;Céu Claro;Simples;"Curva;Declive";Não;14;1;3;2;8;0;5;2;-28,588412;-52,600226;SPRF-RS;DEL04-RS;UOP03-DEL04-RS
577724;28/01/2024;domingo;23:05:00;MS;163;665;RIO VERDE DE MATO GROSSO;Ausência de reação do condutor;Colisão traseira;Com Vítimas Feridas;Plena Noite;Crescente;Céu Claro;Simples;Aclive;Não;3;0;2;0;1;0;2;2;-19,04496622;-54,81017934;SPRF-MS;DEL06-MS;UOP02-DEL06-MS
577725;28/01/2024;domingo;23:05:00;MG;365;761,4;ITUIUTABA;Ingestão de álcool pelo condutor;Colisão lateral sentido oposto;Com Vítimas Feridas;Pleno dia;Decrescente;Céu Claro;Simples;Reta;Não;2;0;1;0;1;0;1;2;-18,965055;-49,5192;SPRF-MG;DEL15-MG;UOP03-DEL15-MG
577726;28/01/2024;domingo;20:10:00;MG;267;290,4;BAEPENDI;Condutor Dormindo;Colisão frontal;Com Vítimas Fatais;Plena Noite;Crescente;Vento;Simples;Reta;Não;2;1;0;0;1;0;0;2;-21,92624458;-44,81037679;SPRF-MG;DEL17-MG;UOP01-DEL17-MG
577739;28/01/2024;domingo;18:30:00;BA;242;901;LUIS EDUARDO MAGALHAES;Ausência de sinalização;Engavetamento;Com Vítimas Feridas;Anoitecer;Decrescente;Nublado;Simples;Reta;Não;5;0;3;0;2;0;3;3;-12,11318006;-45,96027374;SPRF-BA;DEL10-BA;UOP01-DEL10-BA
577744;29/01/2024;segunda-feira;07:00:00;SP;116;287;ITAPECERICA DA SERRA;Acessar a via sem observar a presença dos outros veículos;Colisão lateral mesmo sentido;Com Vítimas Feridas;Pleno dia;Decrescente;Céu Claro;Dupla;Reta;Não;2;0;1;0;1;0;1;2;-23,71441779;-46,87929634;SPRF-SP;DEL04-SP;UOP01-DEL04-SP
577754;28/01/2024;domingo;21:00:00;MG;262;174;SAO DOMINGOS DO PRATA;Ausência de reação do condutor;Tombamento;Sem Vítimas;Plena Noite;Decrescente;Nublado;Simples;Reta;Não;1;0;0;0;1;0;0;1;-19,94016903;-42,95070206;SPRF-MG;DEL03-MG;UOP01-DEL03-MG
577760;29/01/2024;segunda-feira;07:20:00;MG;40;747,7;SANTOS DUMONT;Conversão proibida;Colisão lateral mesmo sentido;Com Vítimas Feridas;Pleno dia;Crescente;Céu Claro;Simples;Reta;Não;2;0;1;0;1;0;1;2;-21,4328731;-43,55221915;SPRF-MG;DEL05-MG;UOP01-DEL05-MG
577766;29/01/2024;segunda-feira;09:15:00;PR;277;137;BALSA NOVA;Ausência de reação do condutor;Colisão traseira;Com Vítimas Feridas;Pleno dia;Decrescente;Céu Claro;Dupla;"Aclive;Reta";Não;7;0;4;0;3;0;4;2;-25,470618;-49,685526;SPRF-PR;DEL03-PR;UOP03-DEL03-PR
577773;29/01/2024;segunda-feira;08:50:00;PR;476;338;PAULA FREITAS;Demais falhas mecânicas ou elétricas;Incêndio;Sem Vítimas;Pleno dia;Crescente;Céu Claro;Simples;Reta;Não;1;0;0;0;1;0;0;1;-26,15086;-50,876347;SPRF-PR;DEL02-PR;UOP03-DEL02-PR
577776;29/01/2024;segunda-feira;10:20:00;RS;392;125;CANGUCU;Ausência de reação do condutor;Colisão transversal;Com Vítimas Fatais;Pleno dia;Decrescente;Nublado;Simples;Reta;Não;7;1;2;1;1;2;3;3;-31,36506;-52,72544;SPRF-RS;DEL07-RS;UOP01-DEL07-RS
577778;29/01/2024;segunda-feira;10:00:00;SP;116;519;CAJATI;Reação tardia ou ineficiente do condutor;Saída de leito carroçável;Com Vítimas Feridas;Pleno dia;Crescente;Sol;Simples;Reta;Não;1;0;1;0;0;0;1;1;-24,88391594;-48,22626356;SPRF-SP;DEL05-SP;UOP02-DEL05-SP
577800;29/01/2024;segunda-feira;06:30:00;MG;381;260;IPATINGA;Trafegar com motocicleta (ou similar) entre as faixas;Colisão lateral mesmo sentido;Com Vítimas Feridas;Pleno dia;Crescente;Nublado;Dupla;"Curva;Retorno Regulamentado;Aclive";Sim;3;0;0;1;2;0;1;3;-19,53123633;-42,62069343;SPRF-MG;DEL03-MG;UOP02-DEL03-MG
577807;29/01/2024;segunda-feira;13:15:00;PR;277;3;PARANAGUA;Conversão proibida;Colisão lateral mesmo sentido;Com Vítimas Feridas;Pleno dia;Decrescente;Céu Claro;Simples;Reta;Sim;2;0;0;1;1;0;1;2;-25,544272;-48,559775;SPRF-PR;DEL01-PR;UOP05-DEL01-PR
577814;29/01/2024;segunda-feira;14:05:00;RJ;101;66;CAMPOS DOS GOYTACAZES;Manobra de mudança de faixa;Colisão lateral mesmo sentido;Com Vítimas Feridas;Pleno dia;Decrescente;Sol;Dupla;Rotatória;Sim;3;0;1;0;2;0;1;2;-21,76090387;-41,34788959;SPRF-RJ;DEL08-RJ;UOP02-DEL08-RJ
577819;05/01/2024;sexta-feira;11:00:00;RJ;101;397;ITAGUAI;Reação tardia ou ineficiente do condutor;Colisão traseira;Com Vítimas Feridas;Pleno dia;Decrescente;Céu Claro;Dupla;Reta;Não;2;0;1;0;1;0;1;2;-22,871171;-43,745031;SPRF-RJ;DEL03-RJ;UOP01-DEL03-RJ
577821;29/01/2024;segunda-feira;11:40:00;MG;50;172;UBERABA;Velocidade Incompatível;Colisão com objeto;Com Vítimas Feridas;Pleno dia;Decrescente;Céu Claro;Dupla;"Curva;Viaduto";Sim;3;0;2;1;0;0;3;1;-19,75402507;-47,98051917;SPRF-MG;DEL13-MG;UOP01-DEL13-MG
577822;29/01/2024;segunda-feira;14:43:00;MG;381;821;CAREACU;Ausência de reação do condutor;Colisão traseira;Com Vítimas Feridas;Pleno dia;Decrescente;Garoa/Chuvisco;Dupla;"Reta;Interseção de Vias";Não;4;0;3;0;1;0;3;2;-22,11209226;-45,74742779;SPRF-MG;DEL16-MG;UOP02-DEL16-MG
577831;29/01/2024;segunda-feira;13:33:00;DF;20;28;BRASILIA;Ausência de reação do condutor;Colisão traseira;Com Vítimas Feridas;Pleno dia;Crescente;Céu Claro;Dupla;Reta;Não;10;0;2;0;8;0;2;2;-15,598319;-47,621925;SPRF-DF;DEL02-DF;UOP01-DEL02-DF
577835;29/01/2024;segunda-feira;13:20:00;SC;163;116;GUARUJA DO SUL;Retorno proibido;Saída de leito carroçável;Com Vítimas Feridas;Pleno dia;Crescente;Céu Claro;Simples;"Aclive;Reta";Não;2;0;1;0;1;0;1;2;-26,35946595;-53,53565788;SPRF-SC;DEL07-SC;UOP03-DEL07-SC
577839;29/01/2024;segunda-feira;12:15:00;MG;116;342,2;CAMPANARIO;Ultrapassagem Indevida;Colisão lateral sentido oposto;Com Vítimas Feridas;Pleno dia;Decrescente;Sol;Simples;Reta;Não;5;0;4;0;1;0;4;2;-18,338596;-41,766617;SPRF-MG;DEL11-MG;UOP01-DEL11-MG
577842;29/01/2024;segunda-feira;16:00:00;CE;116;11,7;FORTALEZA;Ausência de reação do condutor;Colisão lateral mesmo sentido;Com Vítimas Feridas;Pleno dia;Crescente;Céu Claro;Dupla;Reta;Sim;2;0;1;0;1;0;1;2;-3,84394724;-38,49891546;SPRF-CE;DEL01-CE;UOP02-DEL01-CE
577850;29/01/2024;segunda-feira;17:00:00;PR;277;240;IRATI;Condutor deixou de manter distância do veículo da frente;Colisão traseira;Com Vítimas Feridas;Pleno dia;Crescente;Céu Claro;Simples;Curva;Não;3;0;2;0;1;0;2;2;-25,46360541;-50,55589898;SPRF-PR;DEL08-PR;UOP02-DEL08-PR
577852;29/01/2024;segunda-feira;15:20:00;RJ;101;485;ANGRA DOS REIS;Acessar a via sem observar a presença dos outros veículos;Colisão lateral mesmo sentido;Com Vítimas Fatais;Pleno dia;Crescente;Céu Claro;Dupla;Reta;Sim;2;1;0;0;1;0;0;2;-22,98573526;-44,29709764;SPRF-RJ;DEL03-RJ;UOP03-DEL03-RJ
577854;29/01/2024;segunda-feira;17:07:00;RS;392;72,1;PELOTAS;Transitar no Acostamento;Colisão lateral mesmo sentido;Com Vítimas Feridas;Pleno dia;Crescente;Nublado;Simples;Reta;Não;4;0;3;0;1;0;3;2;-31,721104;-52,389843;SPRF-RS;DEL07-RS;UOP01-DEL07-RS
577857;29/01/2024;segunda-feira;16:30:00;MG;267;11;LEOPOLDINA;Reação tardia ou ineficiente do condutor;Colisão traseira;Com Vítimas Fatais;Pleno dia;Crescente;Céu Claro;Simples;Reta;Não;5;1;0;0;4;0;0;3;-21,56999426;-42,70830382;SPRF-MG;DEL07-MG;UOP01-DEL07-MG
577859;29/01/2024;segunda-feira;14:30:00;GO;452;167,6;ITUMBIARA;Transitar na contramão;Colisão lateral sentido oposto;Com Vítimas Feridas;Pleno dia;Crescente;Céu Claro;Simples;"Reta;Aclive";Não;2;0;0;1;1;0;1;2;-18,33128292;-49,45148796;SPRF-GO;DEL03-GO;UOP02-DEL03-GO
577861;29/01/2024;segunda-feira;18:00:00;SE;101;115;ITAPORANGA DAJUDA;Manobra de mudança de faixa;Colisão lateral mesmo sentido;Com Vítimas Feridas;Anoitecer;Crescente;Céu Claro;Dupla;Aclive;Não;3;0;1;1;1;0;2;2;-11,00451077;-37,30888444;SPRF-SE;DEL02-SE;UOP01-DEL02-SE
577863;29/01/2024;segunda-feira;16:45:00;MT;163;119;RONDONOPOLIS;Problema com o freio;Tombamento;Com Vítimas Feridas;Pleno dia;Crescente;Céu Claro;Dupla;"Declive;Curva";Sim;1;0;1;0;0;0;1;1;-16,505412;-54,65154;SPRF-MT;DEL02-MT;UOP01-DEL02-MT
577864;29/01/2024;segunda-feira;18:00:00;RS;116;525,4;PELOTAS;Ausência de reação do condutor;Colisão lateral mesmo sentido;Sem Vítimas;Pleno dia;Decrescente;Nublado;Simples;Reta;Não;2;0;0;0;2;0;0;2;-31,7359522;-52,39349776;SPRF-RS;DEL07-RS;UOP01-DEL07-RS
577867;29/01/2024;segunda-feira;18:30:00;MG;40;413,5;CURVELO;Acessar a via sem observar a presença dos outros veículos;Colisão transversal;Com Vítimas Feridas;Plena Noite;Decrescente;Nublado;Simples;"Declive;Reta;Interseção de Vias";Não;4;0;0;3;1;0;3;2;-19,13719395;-44,61662717;SPRF-MG;DEL02-MG;UOP01-DEL02-MG
577872;29/01/2024;segunda-feira;17:30:00;PR;376;601;CURITIBA;Trafegar com motocicleta (ou similar) entre as faixas;Tombamento;Com Vítimas Feridas;Pleno dia;Crescente;Céu Claro;Dupla;Reta;Sim;2;0;0;1;1;0;1;2;-25,537054;-49,31404;SPRF-PR;DEL01-PR;UOP06-DEL01-PR
577874;29/01/2024;segunda-feira;18:30:00;PB;230;59,3;CRUZ DO ESPIRITO SANTO;Acessar a via sem observar a presença dos outros veículos;Colisão transversal;Com Vítimas Feridas;Plena Noite;Crescente;Céu Claro;Dupla;Reta;Não;4;0;0;2;2;0;2;2;-7,2043;-35,1305;SPRF-PB;DEL01-PB;UOP03-DEL01-PB
577875;29/01/2024;segunda-feira;18:40:00;MG;381;484;BETIM;Ausência de reação do condutor;Colisão lateral mesmo sentido;Com Vítimas Feridas;Plena Noite;Decrescente;Céu Claro;Simples;"Reta;Aclive";Sim;2;0;1;0;1;0;1;2;-19,95531717;-44,11722196;SPRF-MG;DEL01-MG;UOP03-DEL01-MG
577883;29/01/2024;segunda-feira;19:00:00;GO;60;381;RIO VERDE;Iluminação deficiente;Colisão traseira;Com Vítimas Feridas;Plena Noite;Crescente;Céu Claro;Dupla;Reta;Sim;2;0;0;1;1;0;1;2;-17,783349;-50,898516;SPRF-GO;DEL04-GO;UOP02-DEL04-GO
577884;29/01/2024;segunda-feira;17:00:00;RO;364;523;ARIQUEMES;Ausência de reação do condutor;Colisão traseira;Com Vítimas Feridas;Pleno dia;Decrescente;Céu Claro;Simples;Reta;Não;3;0;1;0;2;0;1;2;-9,85234299;-63,05883787;SPRF-RO;DEL03-RO;UOP01-DEL03-RO
577892;29/01/2024;segunda-feira;17:30:00;BA;116;576;BREJOES;Velocidade Incompatível;Colisão traseira;Com Vítimas Feridas;Anoitecer;Decrescente;Céu Claro;Simples;Declive;Não;2;0;1;0;1;0;1;2;-13,0913246;-39,9630336;SPRF-BA;DEL03-BA;UOP02-DEL03-BA
577893;29/01/2024;segunda-feira;15:05:00;SP;116;430,9;REGISTRO;Condutor deixou de manter distância do veículo da frente;Colisão traseira;Com Vítimas Feridas;Pleno dia;Crescente;Chuva;Dupla;Reta;Não;3;0;0;2;1;0;2;3;-24,40730885;-47,7459871;SPRF-SP;DEL05-SP;UOP01-DEL05-SP
577896;29/01/2024;segunda-feira;16:05:00;MG;251;427,8;GRAO MOGOL;Velocidade Incompatível;Tombamento;Com Vítimas Feridas;Pleno dia;Crescente;Chuva;Simples;"Curva;Declive";Não;1;0;1;0;0;0;1;1;-16,33690716;-43,13798285;SPRF-MG;DEL12-MG;UOP01-DEL12-MG
577907;29/01/2024;segunda-feira;22:38:00;PB;101;88;JOAO PESSOA;Acessar a via sem observar a presença dos outros veículos;Colisão lateral mesmo sentido;Com Vítimas Feridas;Plena Noite;Crescente;Céu Claro;Dupla;Curva;Sim;3;0;2;0;1;0;2;2;-7,16881637;-34,89706993;SPRF-PB;DEL01-PB;UOP01-DEL01-PB
577910;29/01/2024;segunda-feira;21:50:00;PR;277;108;CAMPO LARGO;Chuva;Saída de leito carroçável;Com Vítimas Feridas;Plena Noite;Crescente;Chuva;Dupla;Reta;Não;1;0;1;0;0;0;1;1;-25,436375;-49,443632;SPRF-PR;DEL03-PR;UOP03-DEL03-PR
577911;29/01/2024;segunda-feira;23:15:00;SC;470;4;NAVEGANTES;Acessar a via sem observar a presença dos outros veículos;Colisão lateral mesmo sentido;Com Vítimas Feridas;Plena Noite;Decrescente;Céu Claro;Dupla;Rotatória;Não;2;0;0;1;1;0;1;2;-26,861937;-48,681618;SPRF-SC;DEL04-SC;UOP04-DEL04-SC
577912;29/01/2024;segunda-feira;23:30:00;SP;116;557;BARRA DO TURVO;Reação tardia ou ineficiente do condutor;Saída de leito carroçável;Com Vítimas Feridas;Plena Noite;Decrescente;Garoa/Chuvisco;Simples;Curva;Não;1;0;1;0;0;0;1;1;-24,99089107;-48,50734616;SPRF-SP;DEL05-SP;UOP02-DEL05-SP
577914;30/01/2024;terça-feira;00:00:00;RS;158;548,2;SANTANA DO LIVRAMENTO;Condutor deixou de manter distância do veículo da frente;Colisão traseira;Com Vítimas Feridas;Plena Noite;Crescente;Céu Claro;Simples;Reta;Não;2;0;1;0;1;0;1;2;-30,82738156;-55,34514608;SPRF-RS;DEL11-RS;UOP01-DEL11-RS
577918;30/01/2024;terça-feira;00:11:00;CE;116;325;JAGUARIBE;Velocidade Incompatível;Tombamento;Com Vítimas Feridas;Plena Noite;Decrescente;Céu Claro;Simples;Curva;Não;2;0;1;1;0;0;2;1;-6,03230093;-38,64455732;SPRF-CE;DEL05-CE;UOP02-DEL05-CE
577921;30/01/2024;terça-feira;04:15:00;SC;101;38,5;JOINVILLE;Velocidade Incompatível;Colisão traseira;Com Vítimas Feridas;Plena Noite;Crescente;Céu Claro;Dupla;"Em Obras;Viaduto;Reta";Sim;5;0;4;0;1;0;4;2;-26,25472505;-48,90561309;SPRF-SC;DEL03-SC;UOP01-DEL03-SC
577922;30/01/2024;terça-feira;04:32:00;MS;163;609;SAO GABRIEL DO OESTE;Condutor deixou de manter distância do veículo da frente;Colisão traseira;Com Vítimas Feridas;Plena Noite;Decrescente;Céu Claro;Simples;"Aclive;Reta";Sim;3;0;1;0;1;1;1;3;-19,4409361;-54,53079011;SPRF-MS;DEL06-MS;UOP02-DEL06-MS
577926;30/01/2024;terça-feira;04:30:00;MS;463;7,4;DOURADOS;Ingestão de álcool pelo condutor;Tombamento;Com Vítimas Feridas;Amanhecer;Crescente;Céu Claro;Simples;"Rotatória;Declive";Não;1;0;0;1;0;0;1;1;-22,25364476;-54,87542582;SPRF-MS;DEL04-MS;UOP01-DEL04-MS
577928;30/01/2024;terça-feira;00:30:00;GO;80;134;BARRO ALTO;Acessar a via sem observar a presença dos outros veículos;Colisão traseira;Sem Vítimas;Pleno dia;Crescente;Céu Claro;Simples;Reta;Sim;3;0;0;0;3;0;0;2;-14,96601325;-48,93447876;SPRF-GO;DEL07-GO;UOP02-DEL07-GO
577929;30/01/2024;terça-feira;06:08:00;MG;364;1;PLANURA;Pedestre andava na pista;Atropelamento de Pedestre;Com Vítimas Fatais;Pleno dia;Crescente;Céu Claro;Simples;"Reta;Aclive";Sim;2;1;0;0;0;1;0;2;-20,13824;-48,702347;SPRF-MG;DEL13-MG;UOP02-DEL13-MG
577932;30/01/2024;terça-feira;03:50:00;AM;230;612;HUMAITA;Reação tardia ou ineficiente do condutor;Tombamento;Com Vítimas Feridas;Plena Noite;Crescente;Céu Claro;Simples;Rotatória;Sim;1;0;1;0;0;0;1;1;-7,51704445;-63,03054929;SPRF-AM;DEL01-AM;UOP05-DEL01-AM
577934;30/01/2024;terça-feira;05:00:00;PR;376;421,3;TIBAGI;Velocidade Incompatível;Tombamento;Com Vítimas Feridas;Plena Noite;Crescente;Ignorado;Dupla;Curva;Não;1;0;1;0;0;0;1;1;-24,72548801;-50,53830472;SPRF-PR;DEL03-PR;UOP02-DEL03-PR
577935;29/01/2024;segunda-feira;08:47:00;PE;428;187;PETROLINA;Ausência de reação do condutor;Colisão traseira;Com Vítimas Feridas;Pleno dia;Crescente;Céu Claro;Múltipla;Rotatória;Sim;2;0;1;0;1;0;1;2;-9,35604301;-40,47854198;SPRF-PE;DEL06-PE;UOP01-DEL06-PE
577936;30/01/2024;terça-feira;04:35:00;MG;262;432,8;NOVA SERRANA;Ausência de reação do condutor;Colisão traseira;Com Vítimas Feridas;Amanhecer;Decrescente;Céu Claro;Dupla;Aclive;Não;11;0;8;2;1;0;10;2;-19,89018451;-44,89041875;SPRF-MG;DEL08-MG;UOP03-DEL08-MG
577942;30/01/2024;terça-feira;05:30:00;MG;381;938;EXTREMA;Demais falhas mecânicas ou elétricas;Eventos atípicos;Com Vítimas Feridas;Amanhecer;Decrescente;Céu Claro;Dupla;Reta;Não;2;0;1;0;1;0;1;2;-22,81742326;-46,29383902;SPRF-MG;DEL16-MG;UOP03-DEL16-MG
577943;30/01/2024;terça-feira;07:05:00;RJ;116;170;RIO DE JANEIRO;Trafegar com motocicleta (ou similar) entre as faixas;Colisão lateral mesmo sentido;Com Vítimas Feridas;Pleno dia;Decrescente;Céu Claro;Dupla;Reta;Sim;2;0;1;0;0;1;1;2;-22,81113183;-43,3336729;SPRF-RJ;DEL06-RJ;UOP01-DEL06-RJ
577948;30/01/2024;terça-feira;07:40:00;MG;267;286,3;BAEPENDI;Velocidade Incompatível;Tombamento;Com Vítimas Feridas;Pleno dia;Crescente;Céu Claro;Simples;Curva;Não;1;0;1;0;0;0;1;1;-21,92600738;-44,78319168;SPRF-MG;DEL17-MG;UOP01-DEL17-MG
577953;30/01/2024;terça-feira;08:15:00;SC;282;64,2;RANCHO QUEIMADO;Ultrapassagem Indevida;Colisão frontal;Com Vítimas Fatais;Pleno dia;Decrescente;Céu Claro;Simples;"Declive;Curva";Não;3;1;0;1;1;0;1;2;-27,696963;-49,054121;SPRF-SC;DEL01-SC;UOP03-DEL01-SC
577956;30/01/2024;terça-feira;07:00:00;MG;50;72,5;UBERLANDIA;Manobra de mudança de faixa;Colisão lateral mesmo sentido;Sem Vítimas;Pleno dia;Decrescente;Sol;Dupla;"Reta;Aclive";Sim;3;0;0;0;3;0;0;3;-18,85140204;-48,25345932;SPRF-MG;DEL15-MG;UOP01-DEL15-MG
577957;30/01/2024;terça-feira;06:20:00;RJ;116;223;PARACAMBI;Demais falhas mecânicas ou elétricas;Incêndio;Sem Vítimas;Pleno dia;Decrescente;Céu Claro;Dupla;Reta;Não;1;0;0;0;1;0;0;1;-22,68972504;-43,801317;SPRF-RJ;DEL06-RJ;UOP02-DEL06-RJ
577958;30/01/2024;terça-feira;08:05:00;MS;267;482,1;JARDIM;Acessar a via sem observar a presença dos outros veículos;Colisão transversal;Com Vítimas Feridas;Pleno dia;Decrescente;Sol;Simples;Reta;Sim;2;0;0;1;1;0;1;2;-21,48097208;-56,15576902;SPRF-MS;DEL05-MS;UOP01-DEL05-MS
577959;30/01/2024;terça-feira;05:30:00;BA;407;207;CAPIM GROSSO;Condutor Dormindo;Colisão lateral sentido oposto;Com Vítimas Feridas;Pleno dia;Decrescente;Céu Claro;Simples;Reta;Não;3;0;1;0;2;0;1;2;-11,16499996;-40,05247087;SPRF-BA;DEL04-BA;UOP02-DEL04-BA
577960;30/01/2024;terça-feira;08:50:00;PB;230;282;SANTA LUZIA;Reação tardia ou ineficiente do condutor;Colisão traseira;Com Vítimas Feridas;Pleno dia;Crescente;Sol;Simples;Reta;Não;9;0;3;0;5;1;3;5;-6,9203;-36,8532;SPRF-PB;DEL03-PB;UOP01-DEL03-PB