id;data_inversa;dia_semana;horario;uf;br;km;municipio;causa_acidente;tipo_acidente;classificacao_acidente;fase_dia;sentido_via;condicao_metereologica;tipo_pista;tracado_via;uso_solo;pessoas;mortos;feridos_leves;feridos_graves;ilesos;ignorados;feridos;veiculos;latitude;longitude;regional;delegacia;uop
579035;04/02/2024;domingo;21:20:00;RS;386;306,5;POUSO NOVO;Reação tardia ou ineficiente do condutor;Colisão lateral mesmo sentido;Com Vítimas Fatais;Plena Noite;Crescente;Céu Claro;Simples;"Curva;Declive";Não;4;1;1;1;0;1;2;3;-29,202335;-52,183838;SPRF-RS;DEL04-RS;UOP01-DEL04-RS
579037;04/02/2024;domingo;19:50:00;SC;116;169,8;PONTE ALTA DO NORTE;Manobra de mudança de faixa;Colisão frontal;Com Vítimas Fatais;Plena Noite;Decrescente;Garoa/Chuvisco;Simples;Curva;Não;5;1;1;1;2;0;2;3;-27,190528;-50,4636833;SPRF-SC;DEL05-SC;UOP03-DEL05-SC
579043;04/02/2024;domingo;22:25:00;ES;101;320,8;GUARAPARI;Reação tardia ou ineficiente do condutor;Colisão lateral mesmo sentido;Com Vítimas Feridas;Plena Noite;Crescente;Céu Claro;Múltipla;Reta;Não;3;0;1;0;2;0;1;2;-20,51234104;-40,47639192;SPRF-ES;DEL03-ES;UOP01-DEL03-ES
579056;04/02/2024;domingo;22:30:00;BA;116;363,3;SERRINHA;Velocidade Incompatível;Colisão frontal;Com Vítimas Feridas;Plena Noite;Decrescente;Céu Claro;Simples;Curva;Não;2;0;0;1;1;0;1;2;-11,70477008;-38,98661613;SPRF-BA;DEL02-BA;UOP01-DEL02-BA
579062;04/02/2024;domingo;22:30:00;SE;101;17;SAO FRANCISCO;Reação tardia ou ineficiente do condutor;Derramamento de carga;Sem Vítimas;Plena Noite;Decrescente;Céu Claro;Dupla;Curva;Não;1;0;0;0;1;0;0;1;-10,33831807;-36,89396364;SPRF-SE;DEL02-SE;UOP02-DEL02-SE
579069;04/02/2024;domingo;18:45:00;MS;262;240;RIBAS DO RIO PARDO;Ingestão de álcool pelo condutor;Colisão traseira;Com Vítimas Feridas;Anoitecer;Decrescente;Céu Claro;Simples;Reta;Sim;3;0;2;0;1;0;2;3;-20,45766622;-53,76551998;SPRF-MS;DEL01-MS;UOP01-DEL01-MS
579070;04/02/2024;domingo;22:00:00;MG;251;371,9;GRAO MOGOL;Velocidade Incompatível;Colisão traseira;Com Vítimas Feridas;Plena Noite;Crescente;Ignorado;Simples;Reta;Não;3;0;2;0;1;0;2;2;-16,28786559;-42,6965112;SPRF-MG;DEL12-MG;UOP01-DEL12-MG
579083;04/02/2024;domingo;20:30:00;MT;70;243;PRIMAVERA DO LESTE;Pista Escorregadia;Tombamento;Sem Vítimas;Plena Noite;Decrescente;Chuva;Simples;"Declive;Reta";Não;1;0;0;0;1;0;0;1;-15,61715656;-54,05279308;SPRF-MT;DEL05-MT;UOP01-DEL05-MT
579087;05/02/2024;segunda-feira;02:20:00;MG;251;330,3;FRUTA DE LEITE;Condutor Dormindo;Saída de leito carroçável;Com Vítimas Feridas;Plena Noite;Decrescente;Nublado;Simples;"Declive;Curva";Não;1;0;0;1;0;0;1;1;-16,24625819;-42,38203526;SPRF-MG;DEL12-MG;UOP02-DEL12-MG
579088;05/02/2024;segunda-feira;05:46:00;MG;381;831,7;SAO SEBASTIAO DA BELA VISTA;Ausência de reação do condutor;Colisão traseira;Com Vítimas Feridas;Amanhecer;Crescente;Céu Claro;Dupla;"Aclive;Reta";Não;6;0;3;2;1;0;5;2;-22,12122742;-45,78610852;SPRF-MG;DEL16-MG;UOP01-DEL16-MG
579095;04/02/2024;domingo;23:00:00;PR;277;21;MORRETES;Reação tardia ou ineficiente do condutor;Colisão lateral mesmo sentido;Com Vítimas Feridas;Plena Noite;Crescente;Nublado;Dupla;Curva;Não;3;0;1;0;1;1;1;2;-25,55074432;-48,67135211;SPRF-PR;DEL01-PR;UOP05-DEL01-PR
579098;05/02/2024;segunda-feira;05:45:00;RS;293;14;CAPAO DO LEAO;Acessar a via sem observar a presença dos outros veículos;Colisão lateral mesmo sentido;Sem Vítimas;Plena Noite;Crescente;Nublado;Simples;Reta;Sim;2;0;0;0;1;1;0;2;-31,75233352;-52,4609969;SPRF-RS;DEL07-RS;UOP01-DEL07-RS
579127;05/02/2024;segunda-feira;08:25:00;MG;267;166,2;LIMA DUARTE;Velocidade Incompatível;Tombamento;Com Vítimas Feridas;Pleno dia;Crescente;Nublado;Simples;Curva;Não;3;0;1;0;2;0;1;1;-21,85623502;-43,835793;SPRF-MG;DEL05-MG;UOP01-DEL05-MG
579139;03/02/2024;sábado;10:15:00;PB;230;151,1;CAMPINA GRANDE;Condutor deixou de manter distância do veículo da frente;Colisão traseira;Com Vítimas Feridas;Pleno dia;Crescente;Céu Claro;Simples;Reta;Sim;3;0;0;1;1;1;1;3;-7,2587;-35,8778;SPRF-PB;DEL02-PB;UOP01-DEL02-PB
579148;05/02/2024;segunda-feira;09:15:00;MG;364;32;FRUTAL;Desrespeitar a preferência no cruzamento;Colisão transversal;Com Vítimas Feridas;Pleno dia;Crescente;Céu Claro;Simples;"Interseção de Vias;Reta";Sim;2;0;0;1;1;0;1;2;-19,99890842;-48,95236373;SPRF-MG;DEL13-MG;UOP02-DEL13-MG
579150;05/02/2024;segunda-feira;10:00:00;SC;101;122;ITAJAI;Trafegar com motocicleta (ou similar) entre as faixas;Colisão traseira;Com Vítimas Feridas;Pleno dia;Decrescente;Céu Claro;Múltipla;Reta;Sim;2;0;0;1;1;0;1;2;-26,92955916;-48,70499836;SPRF-SC;DEL04-SC;UOP04-DEL04-SC
579158;05/02/2024;segunda-feira;06:30:00;MG;40;134,5;JOAO PINHEIRO;Ultrapassagem Indevida;Saída de leito carroçável;Com Vítimas Feridas;Pleno dia;Crescente;Nublado;Simples;Reta;Não;2;0;1;0;1;0;1;2;-17,71751498;-46,25002099;SPRF-MG;DEL14-MG;UOP01-DEL14-MG
579173;05/02/2024;segunda-feira;12:00:00;RS;285;178,6;CAPAO BONITO DO SUL;Transitar na contramão;Colisão lateral sentido oposto;Com Vítimas Feridas;Pleno dia;Decrescente;Céu Claro;Simples;Curva;Não;4;0;3;0;1;0;3;2;-28,29376273;-51,39163971;SPRF-RS;DEL08-RS;UOP05-DEL08-RS
579174;05/02/2024;segunda-feira;12:50:00;SP;116;477,3;JACUPIRANGA;Pedestre cruzava a pista fora da faixa;Atropelamento de Pedestre;Com Vítimas Feridas;Pleno dia;Crescente;Sol;Dupla;Reta;Sim;2;0;0;1;1;0;1;2;-24,69842695;-48,00304804;SPRF-SP;DEL05-SP;UOP01-DEL05-SP
579180;05/02/2024;segunda-feira;13:40:00;RS;386;265;FONTOURA XAVIER;Acessar a via sem observar a presença dos outros veículos;Colisão transversal;Com Vítimas Feridas;Pleno dia;Crescente;Céu Claro;Simples;"Curva;Aclive";Não;2;0;1;0;1;0;1;2;-28,928402;-52,379761;SPRF-RS;DEL04-RS;UOP03-DEL04-RS
579182;05/02/2024;segunda-feira;11:10:00;BA;101;907,1;IBIRAPUA;Reação tardia ou ineficiente do condutor;Eventos atípicos;Com Vítimas Fatais;Pleno dia;Decrescente;Céu Claro;Simples;Reta;Não;3;1;0;0;1;1;0;3;-17,79805405;-39,78183746;SPRF-BA;DEL09-BA;UOP02-DEL09-BA
579185;05/02/2024;segunda-feira;09:00:00;BA;101;535;SAO JOSE DA VITORIA;Curva acentuada;Tombamento;Com Vítimas Feridas;Pleno dia;Decrescente;Nublado;Simples;"Declive;Curva";Não;1;0;1;0;0;0;1;1;-15,15775202;-39,41074199;SPRF-BA;DEL05-BA;UOP01-DEL05-BA
579188;13/01/2024;sábado;10:30:00;RR;401;10;BOA VISTA;Reação tardia ou ineficiente do condutor;Colisão lateral mesmo sentido;Com Vítimas Feridas;Pleno dia;Crescente;Céu Claro;Simples;Reta;Não;2;0;1;0;1;0;1;2;2,80229396;-60,68243402;SPRF-RR;DEL01-RR;UOP01-DEL01-RR
579195;05/02/2024;segunda-feira;14:15:00;SC;470;90;ASCURRA;Condutor Dormindo;Colisão frontal;Com Vítimas Feridas;Pleno dia;Crescente;Céu Claro;Simples;"Reta;Em Obras";Não;3;0;2;0;1;0;2;2;-26,969337;-49,367718;SPRF-SC;DEL04-SC;UOP01-DEL04-SC
579196;05/02/2024;segunda-feira;14:15:00;MG;267;80,5;JUIZ DE FORA;Velocidade Incompatível;Colisão lateral sentido oposto;Sem Vítimas;Pleno dia;Decrescente;Céu Claro;Simples;Curva;Não;2;0;0;0;2;0;0;2;-21,75478617;-43,21241781;SPRF-MG;DEL05-MG;UOP01-DEL05-MG
579198;05/02/2024;segunda-feira;15:40:00;RS;470;165;VILA FLORES;Manobra de mudança de faixa;Colisão lateral mesmo sentido;Sem Vítimas;Pleno dia;Crescente;Céu Claro;Dupla;Reta;Não;6;0;0;0;5;1;0;2;-28,84169703;-51,57429796;SPRF-RS;DEL06-RS;UOP02-DEL06-RS
579200;05/02/2024;segunda-feira;15:05:00;RN;427;116,1;CAICO;Demais falhas mecânicas ou elétricas;Colisão com objeto;Com Vítimas Feridas;Pleno dia;Decrescente;Sol;Simples;Reta;Não;3;0;1;0;1;1;1;2;-6,43957995;-37,18605995;SPRF-RN;DEL03-RN;UOP01-DEL03-RN
579212;05/02/2024;segunda-feira;17:30:00;RJ;116;315;ITATIAIA;Manobra de mudança de faixa;Colisão traseira;Com Vítimas Feridas;Pleno dia;Decrescente;Céu Claro;Dupla;Reta;Sim;4;0;3;0;1;0;3;2;-22,46045833;-44,47218299;SPRF-RJ;DEL07-RJ;UOP02-DEL07-RJ
579213;05/02/2024;segunda-feira;15:00:00;ES;259;49,1;COLATINA;Demais falhas mecânicas ou elétricas;Tombamento;Com Vítimas Feridas;Pleno dia;Decrescente;Céu Claro;Simples;Aclive;Não;1;0;1;0;0;0;1;1;-19,511741;-40,6047251;SPRF-ES;DEL02-ES;UOP01-DEL02-ES
579216;05/02/2024;segunda-feira;17:10:00;RS;158;197,7;CRUZ ALTA;Acessar a via sem observar a presença dos outros veículos;Colisão transversal;Com Vítimas Feridas;Pleno dia;Crescente;Céu Claro;Simples;Interseção de Vias;Sim;2;0;0;1;1;0;1;2;-28,65940526;-53,59096461;SPRF-RS;DEL10-RS;UOP02-DEL10-RS
579218;05/02/2024;segunda-feira;17:20:00;RS;386;101,5;SAO JOSE DAS MISSOES;Velocidade Incompatível;Tombamento;Com Vítimas Feridas;Pleno dia;Decrescente;Céu Claro;Simples;Curva;Não;1;0;0;1;0;0;1;1;-27,75992477;-53,11134338;SPRF-RS;DEL08-RS;UOP01-DEL08-RS
579224;05/02/2024;segunda-feira;18:20:00;MG;40;610;CONGONHAS;Transitar na contramão;Colisão frontal;Com Vítimas Fatais;Anoitecer;Decrescente;Céu Claro;Simples;Reta;Não;4;1;0;0;3;0;0;4;-20,5019758;-43,83840447;SPRF-MG;DEL05-MG;UOP02-DEL05-MG
579226;05/02/2024;segunda-feira;16:30:00;PE;232;21;MORENO;Acessar a via sem observar a presença dos outros veículos;Incêndio;Sem Vítimas;Pleno dia;Crescente;Céu Claro;Dupla;Retorno Regulamentado;Não;4;0;0;0;4;0;0;3;-8,09580234;-35,08012588;SPRF-PE;DEL01-PE;UOP01-DEL01-PE
579227;05/02/2024;segunda-feira;17:50:00;GO;153;373,1;SAO FRANCISCO DE GOIAS;Velocidade Incompatível;Tombamento;Com Vítimas Feridas;Anoitecer;Crescente;Chuva;Simples;Reta;Não;1;0;0;1;0;0;1;1;-15,860242;-49,261246;SPRF-GO;DEL02-GO;UOP02-DEL02-GO
579228;05/02/2024;segunda-feira;17:30:00;RS;116;638;JAGUARAO;Ausência de reação do condutor;Tombamento;Com Vítimas Feridas;Pleno dia;Decrescente;Céu Claro;Simples;Reta;Não;1;0;1;0;0;0;1;1;-32,43814713;-53,25732287;SPRF-RS;DEL07-RS;UOP03-DEL07-RS
579234;05/02/2024;segunda-feira;18:00:00;PE;232;7,1;RECIFE;Trafegar com motocicleta (ou similar) entre as faixas;Colisão lateral mesmo sentido;Com Vítimas Feridas;Plena Noite;Crescente;Céu Claro;Múltipla;"Reta;Em Obras";Sim;2;0;1;0;1;0;1;2;-8,07333497;-34,96184301;SPRF-PE;DEL01-PE;UOP01-DEL01-PE
579236;05/02/2024;segunda-feira;18:00:00;PA;316;20;BENEVIDES;Ausência de reação do condutor;Colisão traseira;Sem Vítimas;Plena Noite;Decrescente;Céu Claro;Dupla;"Reta;Declive";Sim;3;0;0;0;3;0;0;3;-1,3642339;-48,266582;SPRF-PA;DEL01-PA;UOP01-DEL01-PA
579245;05/02/2024;segunda-feira;18:00:00;RJ;40;72;PETROPOLIS;Pista Escorregadia;Colisão com objeto;Com Vítimas Feridas;Pleno dia;Decrescente;Garoa/Chuvisco;Dupla;"Curva;Declive";Não;1;0;1;0;0;0;1;1;-22,46352401;-43,22321103;SPRF-RJ;DEL01-RJ;UOP01-DEL01-RJ
579251;05/02/2024;segunda-feira;16:30:00;MG;262;604,1;CAMPOS ALTOS;Ausência de reação do condutor;Saída de leito carroçável;Com Vítimas Feridas;Pleno dia;Decrescente;Garoa/Chuvisco;Simples;"Reta;Aclive";Não;1;0;0;1;0;0;1;1;-19,64303802;-46,24914201;SPRF-MG;DEL08-MG;UOP02-DEL08-MG
579252;05/02/2024;segunda-feira;15:35:00;PR;277;473,8;NOVA LARANJEIRAS;Velocidade Incompatível;Tombamento;Com Vítimas Feridas;Pleno dia;Decrescente;Céu Claro;Simples;Curva;Não;1;0;1;0;0;0;1;1;-25,31228529;-52,52903626;SPRF-PR;DEL04-PR;UOP02-DEL04-PR
579253;05/02/2024;segunda-feira;17:00:00;RJ;40;75;PETROPOLIS;Chuva;Colisão com objeto;Com Vítimas Feridas;Pleno dia;Crescente;Garoa/Chuvisco;Simples;"Curva;Aclive";Não;3;0;3;0;0;0;3;1;-22,46857126;-43,22958698;SPRF-RJ;DEL01-RJ;UOP01-DEL01-RJ
579259;28/01/2024;domingo;21:00:00;MG;153;135;PRATA;Reação tardia ou ineficiente do condutor;Saída de leito carroçável;Com Vítimas Feridas;Pleno dia;Decrescente;Céu Claro;Simples;Reta;Não;1;0;1;0;0;0;1;1;-19,52339386;-48,83222564;SPRF-MG;DEL15-MG;UOP03-DEL15-MG
579266;27/01/2024;sábado;06:40:00;RJ;101;297;ITABORAI;Fumaça;Incêndio;Sem Vítimas;Pleno dia;Crescente;Céu Claro;Múltipla;Curva;Sim;1;0;0;0;1;0;0;1;-22,76942037;-42,91873581;SPRF-RJ;DEL02-RJ;UOP02-DEL02-RJ
579269;27/01/2024;sábado;03:30:00;RJ;101;297;ITABORAI;Reação tardia ou ineficiente do condutor;Tombamento;Com Vítimas Feridas;Plena Noite;Crescente;Céu Claro;Múltipla;Curva;Sim;1;0;0;1;0;0;1;1;-22,76942037;-42,91873581;SPRF-RJ;DEL02-RJ;UOP02-DEL02-RJ
579271;05/02/2024;segunda-feira;15:33:00;RS;116;44;VACARIA;Demais falhas mecânicas ou elétricas;Eventos atípicos;Sem Vítimas;Pleno dia;Crescente;Nublado;Simples;"Aclive;Reta";Não;2;0;0;0;2;0;0;2;-28,53962512;-50,96996084;SPRF-RS;DEL05-RS;UOP03-DEL05-RS
579272;05/02/2024;segunda-feira;19:50:00;MS;163;543;BANDEIRANTES;Ingestão de álcool pelo condutor;Saída de leito carroçável;Sem Vítimas;Plena Noite;Crescente;Céu Claro;Simples;Reta;Não;1;0;0;0;1;0;0;1;-19,9894849;-54,39027124;SPRF-MS;DEL01-MS;UOP02-DEL01-MS
579274;05/02/2024;segunda-feira;21:50:00;PR;277;0,5;PARANAGUA;Transitar no Acostamento;Colisão lateral mesmo sentido;Com Vítimas Fatais;Plena Noite;Decrescente;Céu Claro;Simples;Reta;Sim;2;1;0;0;0;1;0;2;-25,52471;-48,547464;SPRF-PR;DEL01-PR;UOP05-DEL01-PR
579277;05/02/2024;segunda-feira;19:55:00;GO;153;372,8;JARAGUA;Velocidade Incompatível;Colisão traseira;Com Vítimas Feridas;Plena Noite;Crescente;Chuva;Simples;Reta;Não;2;0;1;0;1;0;1;2;-15,843293;-49,270893;SPRF-GO;DEL02-GO;UOP02-DEL02-GO
579279;05/02/2024;segunda-feira;20:22:00;SC;116;166,4;PONTE ALTA DO NORTE;Reação tardia ou ineficiente do condutor;Tombamento;Com Vítimas Feridas;Plena Noite;Decrescente;Céu Claro;Simples;"Interseção de Vias;Curva";Sim;1;0;1;0;0;0;1;1;-27,16174113;-50,46682477;SPRF-SC;DEL05-SC;UOP03-DEL05-SC
579282;05/02/2024;segunda-feira;16:00:00;SC;153;46;VARGEM BONITA;Ausência de reação do condutor;Tombamento;Com Vítimas Feridas;Pleno dia;Decrescente;Céu Claro;Simples;"Declive;Reta";Não;1;0;0;1;0;0;1;1;-26,890306;-51,763412;SPRF-SC;DEL07-SC;UOP07-DEL07-SC
579286;05/02/2024;segunda-feira;23:00:00;MG;40;509;RIBEIRAO DAS NEVES;Ausência de reação do condutor;Colisão traseira;Com Vítimas Feridas;Plena Noite;Decrescente;Chuva;Dupla;"Aclive;Reta";Sim;3;0;1;0;1;1;1;2;-19,76728744;-44,12855905;SPRF-MG;DEL01-MG;UOP02-DEL01-MG
579293;06/02/2024;terça-feira;01:30:00;SC;470;50,7;BLUMENAU;Velocidade Incompatível;Saída de leito carroçável;Com Vítimas Feridas;Plena Noite;Crescente;Céu Claro;Simples;"Viaduto;Curva";Não;1;0;1;0;0;0;1;1;-26,86102183;-49,08176422;SPRF-SC;DEL04-SC;UOP01-DEL04-SC
579294;06/02/2024;terça-feira;01:15:00;MA;135;9;SAO LUIS;Acessar a via sem observar a presença dos outros veículos;Colisão transversal;Com Vítimas Feridas;Plena Noite;Decrescente;Céu Claro;Dupla;"Retorno Regulamentado;Reta";Sim;4;0;0;1;1;2;1;3;-2,66480672;-44,28647757;SPRF-MA;DEL01-MA;UOP01-DEL01-MA
579297;06/02/2024;terça-feira;01:30:00;SC;470;356,2;CAMPOS NOVOS;Ausência de reação do condutor;Tombamento;Com Vítimas Feridas;Plena Noite;Decrescente;Céu Claro;Simples;Curva;Não;1;0;0;1;0;0;1;1;-27,596577;-51,473782;SPRF-SC;DEL07-SC;UOP06-DEL07-SC
579300;06/02/2024;terça-feira;04:45:00;RS;471;178;RIO PARDO;Pedestre andava na pista;Atropelamento de Pedestre;Com Vítimas Fatais;Plena Noite;Crescente;Céu Claro;Simples;"Reta;Aclive";Não;2;1;0;0;1;0;0;2;-30,01470626;-52,3696804;SPRF-RS;DEL02-RS;UOP03-DEL02-RS
579301;20/01/2024;sábado;21:45:00;ES;101;133;LINHARES;Ausência de reação do condutor;Colisão frontal;Com Vítimas Fatais;Plena Noite;Crescente;Céu Claro;Simples;Reta;Não;2;1;0;0;1;0;0;2;-19,25700702;-40,08983616;SPRF-ES;DEL04-ES;UOP01-DEL04-ES
579307;06/02/2024;terça-feira;05:10:00;PR;277;196;PALMEIRA;Reação tardia ou ineficiente do condutor;Saída de leito carroçável;Com Vítimas Feridas;Amanhecer;Crescente;Céu Claro;Simples;"Aclive;Reta";Não;1;0;1;0;0;0;1;1;-25,43726675;-50,16777812;SPRF-PR;DEL08-PR;UOP02-DEL08-PR
579312;06/02/2024;terça-feira;02:45:00;CE;116;466;BARRO;Chuva;Saída de leito carroçável;Sem Vítimas;Plena Noite;Crescente;Chuva;Simples;"Declive;Curva";Não;1;0;0;0;1;0;0;1;-7,238261667;-38,84073167;SPRF-CE;DEL05-CE;UOP03-DEL05-CE
579324;06/02/2024;terça-feira;07:05:00;SC;282;402;JOACABA;Ausência de reação do condutor;Colisão frontal;Com Vítimas Feridas;Pleno dia;Decrescente;Céu Claro;Simples;Curva;Não;2;0;0;1;1;0;1;2;-27,115656;-51,631065;SPRF-SC;DEL07-SC;UOP05-DEL07-SC
579326;06/02/2024;terça-feira;04:00:00;RJ;101;383;RIO DE JANEIRO;Ausência de reação do condutor;Colisão com objeto;Com Vítimas Feridas;Plena Noite;Decrescente;Ignorado;Dupla;Reta;Sim;3;0;3;0;0;0;3;1;-22,879342;-43,621665;SPRF-RJ;DEL03-RJ;UOP01-DEL03-RJ
579327;06/02/2024;terça-feira;08:20:00;RJ;40;117;DUQUE DE CAXIAS;Demais falhas mecânicas ou elétricas;Saída de leito carroçável;Com Vítimas Feridas;Pleno dia;Crescente;Céu Claro;Múltipla;Reta;Não;2;0;2;0;0;0;2;1;-22,745676;-43,2881;SPRF-RJ;DEL01-RJ;UOP02-DEL01-RJ
579334;05/02/2024;segunda-feira;23:40:00;BA;110;213,9;NOVA SOURE;Condutor Dormindo;Capotamento;Com Vítimas Feridas;Plena Noite;Decrescente;Céu Claro;Simples;Reta;Não;2;0;1;0;0;1;1;2;-11,21968195;-38,48769686;SPRF-BA;DEL07-BA;UOP02-DEL07-BA
579343;06/02/2024;terça-feira;06:30:00;BA;324;487;FEIRA DE SANTANA;Manobra de mudança de faixa;Saída de leito carroçável;Com Vítimas Feridas;Pleno dia;Crescente;Céu Claro;Simples;Reta;Não;2;0;1;0;1;0;1;2;-12,03364074;-39,01582097;SPRF-BA;DEL02-BA;UOP01-DEL02-BA
579349;06/02/2024;terça-feira;09:40:00;CE;222;75,1;SAO GONCALO DO AMARANTE;Demais falhas mecânicas ou elétricas;Tombamento;Com Vítimas Feridas;Pleno dia;Crescente;Céu Claro;Simples;Declive;Não;1;0;1;0;0;0;1;1;-3,671003;-39,21995;SPRF-CE;DEL01-CE;UOP03-DEL01-CE
579354;06/02/2024;terça-feira;08:25:00;SC;101;46,4;JOINVILLE;Trafegar com motocicleta (ou similar) entre as faixas;Colisão lateral mesmo sentido;Com Vítimas Feridas;Pleno dia;Decrescente;Sol;Dupla;Reta;Sim;3;0;1;0;1;1;1;3;-26,33150083;-48,86187762;SPRF-SC;DEL03-SC;UOP01-DEL03-SC
579355;06/02/2024;terça-feira;11:20:00;RS;386;347,2;LAJEADO;Ausência de reação do condutor;Colisão traseira;Com Vítimas Feridas;Pleno dia;Crescente;Sol;Múltipla;"Reta;Declive;Em Obras";Sim;7;0;3;0;4;0;3;4;-29,45267758;-51,96422696;SPRF-RS;DEL04-RS;UOP01-DEL04-RS
579356;06/02/2024;terça-feira;03:45:00;MT;364;524,6;ROSARIO OESTE;Ingestão de álcool pelo condutor;Derramamento de carga;Sem Vítimas;Plena Noite;Decrescente;Céu Claro;Simples;Curva;Não;1;0;0;0;1;0;0;1;-15,05826498;-56,51689234;SPRF-MT;DEL01-MT;UOP01-DEL01-MT
579360;06/02/2024;terça-feira;10:46:00;RS;290;322,6;CACAPAVA DO SUL;Ingestão de álcool pelo condutor;Colisão frontal;Com Vítimas Feridas;Pleno dia;Decrescente;Céu Claro;Simples;Curva;Não;2;0;0;1;1;0;1;2;-30,37617039;-53,42125654;SPRF-RS;DEL09-RS;UOP02-DEL09-RS
579365;06/02/2024;terça-feira;08:00:00;PB;104;130;CAMPINA GRANDE;Transitar na contramão;Colisão lateral sentido oposto;Sem Vítimas;Pleno dia;Crescente;Sol;Simples;Reta;Sim;2;0;0;0;2;0;0;2;-7,29013399;-35,89029705;SPRF-PB;DEL02-PB;UOP01-DEL02-PB
579368;06/02/2024;terça-feira;12:45:00;SC;282;599;CUNHA PORA;Demais falhas na via;Colisão lateral mesmo sentido;Com Vítimas Feridas;Pleno dia;Crescente;Sol;Simples;"Aclive;Reta";Não;3;0;1;0;2;0;1;2;-26,820206;-53,155052;SPRF-SC;DEL07-SC;UOP02-DEL07-SC
579370;06/02/2024;terça-feira;12:10:00;MT;70;85;GENERAL CARNEIRO;Reação tardia ou ineficiente do condutor;Tombamento;Sem Vítimas;Pleno dia;Decrescente;Céu Claro;Simples;"Curva;Declive";Não;1;0;0;0;1;0;0;1;-15,67421693;-52,81408803;SPRF-MT;DEL07-MT;UOP01-DEL07-MT
579372;06/02/2024;terça-feira;11:00:00;PA;10;175,9;PARAGOMINAS;Carga excessiva e/ou mal acondicionada;Tombamento;Com Vítimas Feridas;Pleno dia;Crescente;Céu Claro;Simples;Rotatória;Não;1;0;1;0;0;0;1;1;-2,89485593;-47,43342876;SPRF-PA;DEL02-PA;UOP01-DEL02-PA
579376;06/02/2024;terça-feira;13:00:00;PE;408;97;SAO LOURENCO DA MATA;Ausência de reação do condutor;Colisão traseira;Com Vítimas Feridas;Pleno dia;Decrescente;Sol;Dupla;"Aclive;Reta";Não;2;0;0;1;1;0;1;2;-8,02843077;-35,03684556;SPRF-PE;DEL01-PE;UOP01-DEL01-PE
579385;06/02/2024;terça-feira;12:00:00;TO;153;307;GUARAI;Ausência de reação do condutor;Colisão com objeto;Sem Vítimas;Pleno dia;Crescente;Céu Claro;Simples;Reta;Não;1;0;0;0;1;0;0;1;-8,59672901;-48,48314149;SPRF-TO;DEL02-TO;UOP02-DEL02-TO
579386;02/02/2024;sexta-feira;12:00:00;PR;116;152;MANDIRITUBA;Reação tardia ou ineficiente do condutor;Colisão traseira;Com Vítimas Feridas;Pleno dia;Decrescente;Céu Claro;Dupla;Rotatória;Sim;2;0;1;0;1;0;1;2;-25,83236296;-49,33609707;SPRF-PR;DEL01-PR;UOP03-DEL01-PR
579392;20/01/2024;sábado;21:50:00;BA;110;98;JEREMOABO;Demais falhas mecânicas ou elétricas;Incêndio;Sem Vítimas;Plena Noite;Decrescente;Céu Claro;Simples;Reta;Não;2;0;0;0;1;1;0;2;-10,28052905;-38,31012085;SPRF-BA;DEL07-BA;UOP01-DEL07-BA
579398;06/02/2024;terça-feira;14:45:00;RN;101;97,9;NATAL;Acumulo de areia ou detritos sobre o pavimento;Colisão traseira;Com Vítimas Feridas;Pleno dia;Decrescente;Céu Claro;Múltipla;Reta;Sim;2;0;1;0;1;0;1;2;-5,85758898;-35,21271205;SPRF-RN;DEL01-RN;UOP01-DEL01-RN
579402;06/02/2024;terça-feira;14:50:00;PR;277;456,6;LARANJEIRAS DO SUL;Manobra de mudança de faixa;Colisão traseira;Com Vítimas Feridas;Pleno dia;Decrescente;Nublado;Simples;"Aclive;Reta";Não;2;0;1;0;1;0;1;2;-25,385905;-52,413842;SPRF-PR;DEL04-PR;UOP02-DEL04-PR
579408;06/02/2024;terça-feira;10:40:00;RJ;356;54;ITAPERUNA;Ultrapassagem Indevida;Colisão lateral mesmo sentido;Com Vítimas Feridas;Pleno dia;Crescente;Nublado;Simples;Reta;Não;3;0;2;0;1;0;2;2;-21,27393692;-41,74440596;SPRF-RJ;DEL08-RJ;UOP03-DEL08-RJ
579409;06/02/2024;terça-feira;14:45:00;PR;163;19,1;BOM JESUS DO SUL;Ausência de reação do condutor;Colisão lateral sentido oposto;Com Vítimas Feridas;Pleno dia;Decrescente;Céu Claro;Simples;Reta;Não;2;0;2;0;0;0;2;2;-26,2185571;-53,63797285;SPRF-PR;DEL02-PR;UOP02-DEL02-PR
579410;06/02/2024;terça-feira;15:50:00;MG;381;766;CAMPANHA;Reação tardia ou ineficiente do condutor;Colisão traseira;Com Vítimas Feridas;Pleno dia;Crescente;Céu Claro;Dupla;Reta;Não;2;0;1;0;1;0;1;2;-21,76294597;-45,41241603;SPRF-MG;DEL16-MG;UOP02-DEL16-MG
579411;06/02/2024;terça-feira;15:00:00;RS;290;147;ARROIO DOS RATOS;Demais falhas mecânicas ou elétricas;Incêndio;Sem Vítimas;Pleno dia;Crescente;Céu Claro;Simples;Curva;Não;1;0;0;0;1;0;0;1;-30,10755;-51,675858;SPRF-RS;DEL02-RS;UOP01-DEL02-RS
579412;06/02/2024;terça-feira;15:35:00;MS;163;610,7;SAO GABRIEL DO OESTE;Acessar a via sem observar a presença dos outros veículos;Colisão transversal;Com Vítimas Feridas;Pleno dia;Decrescente;Nublado;Simples;Reta;Não;5;0;2;0;3;0;2;4;-19,42512336;-54,54549909;SPRF-MS;DEL06-MS;UOP02-DEL06-MS