id;data_inversa;dia_semana;horario;uf;br;km;municipio;causa_acidente;tipo_acidente;classificacao_acidente;fase_dia;sentido_via;condicao_metereologica;tipo_pista;tracado_via;uso_solo;pessoas;mortos;feridos_leves;feridos_graves;ilesos;ignorados;feridos;veiculos;latitude;longitude;regional;delegacia;uop
579415;06/02/2024;terça-feira;14:50:00;RJ;40;45;PETROPOLIS;Velocidade Incompatível;Colisão traseira;Sem Vítimas;Pleno dia;Decrescente;Céu Claro;Dupla;Reta;Não;6;0;0;0;6;0;0;2;-22,27821816;-43,11580971;SPRF-RJ;DEL05-RJ;UOP02-DEL05-RJ
579416;06/02/2024;terça-feira;15:30:00;RS;158;223,3;CRUZ ALTA;Ausência de reação do condutor;Engavetamento;Com Vítimas Feridas;Pleno dia;Crescente;Céu Claro;Simples;"Em Obras;Reta";Não;3;0;2;0;1;0;2;3;-28,88719277;-53,61882847;SPRF-RS;DEL10-RS;UOP02-DEL10-RS
579417;06/02/2024;terça-feira;16:30:00;MG;381;489;BETIM;Ausência de reação do condutor;Colisão lateral mesmo sentido;Sem Vítimas;Pleno dia;Crescente;Nublado;Dupla;Reta;Sim;2;0;0;0;1;1;0;2;-19,96245618;-44,16455495;SPRF-MG;DEL01-MG;UOP03-DEL01-MG
579430;05/01/2024;sexta-feira;19:55:00;PR;163;292;MARECHAL CANDIDO RONDON;Desrespeitar a preferência no cruzamento;Colisão transversal;Com Vítimas Fatais;Plena Noite;Decrescente;Céu Claro;Simples;"Reta;Interseção de Vias";Não;2;1;0;0;1;0;0;2;-24,52360956;-54,06210088;SPRF-PR;DEL06-PR;UOP02-DEL06-PR
579431;06/02/2024;terça-feira;17:25:00;BA;324;516;FEIRA DE SANTANA;Trafegar com motocicleta (ou similar) entre as faixas;Colisão transversal;Com Vítimas Feridas;Pleno dia;Decrescente;Céu Claro;Simples;Reta;Sim;2;0;0;1;1;0;1;2;-12,2417119;-38,93768485;SPRF-BA;DEL02-BA;UOP01-DEL02-BA
579432;06/02/2024;terça-feira;17:00:00;RS;285;314;PASSO FUNDO;Demais falhas mecânicas ou elétricas;Saída de leito carroçável;Com Vítimas Feridas;Pleno dia;Decrescente;Céu Claro;Simples;Curva;Não;1;0;1;0;0;0;1;1;-28,245794;-52,572262;SPRF-RS;DEL08-RS;UOP03-DEL08-RS
579438;06/02/2024;terça-feira;13:10:00;MT;364;486;JANGADA;Ausência de reação do condutor;Tombamento;Com Vítimas Feridas;Pleno dia;Decrescente;Céu Claro;Simples;Reta;Não;1;0;1;0;0;0;1;1;-15,35830706;-56,41219514;SPRF-MT;DEL01-MT;UOP02-DEL01-MT
579439;06/02/2024;terça-feira;18:00:00;RJ;116;69;TERESOPOLIS;Condutor Dormindo;Tombamento;Com Vítimas Feridas;Anoitecer;Decrescente;Nublado;Simples;Curva;Não;1;0;1;0;0;0;1;1;-22,31064086;-42,93779076;SPRF-RJ;DEL04-RJ;UOP01-DEL04-RJ
579441;06/02/2024;terça-feira;17:26:00;PR;369;482,5;CORBELIA;Reação tardia ou ineficiente do condutor;Colisão lateral mesmo sentido;Com Vítimas Feridas;Pleno dia;Decrescente;Nublado;Simples;Reta;Sim;3;0;1;0;2;0;1;2;-24,6524;-53,2195;SPRF-PR;DEL04-PR;UOP03-DEL04-PR
579443;06/02/2024;terça-feira;18:34:00;SC;101;335,9;TUBARAO;Condutor deixou de manter distância do veículo da frente;Colisão traseira;Sem Vítimas;Anoitecer;Crescente;Garoa/Chuvisco;Dupla;Reta;Sim;2;0;0;0;2;0;0;2;-28,46927473;-49,01557908;SPRF-SC;DEL02-SC;UOP01-DEL02-SC
579445;06/02/2024;terça-feira;16:00:00;RJ;101;323;NITEROI;Ausência de reação do condutor;Colisão traseira;Com Vítimas Feridas;Pleno dia;Decrescente;Céu Claro;Múltipla;"Ponte;Reta";Não;3;0;1;0;2;0;1;2;-22,87684786;-43,11728689;SPRF-RJ;DEL02-RJ;UOP01-DEL02-RJ
579446;06/02/2024;terça-feira;17:30:00;GO;20;232;POSSE;Velocidade Incompatível;Tombamento;Com Vítimas Feridas;Pleno dia;Decrescente;Céu Claro;Simples;Reta;Não;1;0;0;1;0;0;1;1;-14,087328;-46,296154;SPRF-DF;DEL02-DF;UOP03-DEL02-DF
579453;06/02/2024;terça-feira;17:00:00;BA;101;99;ALAGOINHAS;Condutor deixou de manter distância do veículo da frente;Colisão lateral mesmo sentido;Com Vítimas Feridas;Pleno dia;Crescente;Céu Claro;Simples;Reta;Não;2;0;1;0;1;0;1;2;-12,132932;-38,39226983;SPRF-BA;DEL01-BA;UOP04-DEL01-BA
579467;06/02/2024;terça-feira;20:20:00;PR;369;39,1;ANDIRA;Estacionar ou parar em local proibido;Colisão com objeto;Com Vítimas Feridas;Plena Noite;Crescente;Céu Claro;Simples;Reta;Sim;2;0;0;1;1;0;1;2;-23,05688053;-50,24630427;SPRF-PR;DEL07-PR;UOP05-DEL07-PR
579468;06/02/2024;terça-feira;16:30:00;SC;116;58;PAPANDUVA;Acessar a via sem observar a presença dos outros veículos;Colisão transversal;Com Vítimas Feridas;Pleno dia;Decrescente;Sol;Simples;Retorno Regulamentado;Não;2;0;1;0;1;0;1;2;-26,37763463;-50,19755176;SPRF-SC;DEL06-SC;UOP02-DEL06-SC
579477;06/02/2024;terça-feira;21:20:00;MA;135;3;SAO LUIS;Velocidade Incompatível;Tombamento;Com Vítimas Feridas;Plena Noite;Decrescente;Nublado;Dupla;Retorno Regulamentado;Sim;1;0;1;0;0;0;1;1;-2,53073;-44,3068;SPRF-MA;DEL01-MA;UOP01-DEL01-MA
579482;06/02/2024;terça-feira;16:10:00;MG;381;905,6;CAMBUI;Reação tardia ou ineficiente do condutor;Colisão lateral mesmo sentido;Com Vítimas Feridas;Pleno dia;Decrescente;Nublado;Dupla;"Declive;Curva";Não;8;0;2;1;5;0;3;7;-22,66343332;-46,0909026;SPRF-MG;DEL16-MG;UOP03-DEL16-MG
579483;06/02/2024;terça-feira;13:30:00;MS;267;654;PORTO MURTINHO;Reação tardia ou ineficiente do condutor;Tombamento;Com Vítimas Feridas;Pleno dia;Decrescente;Chuva;Simples;Reta;Não;1;0;1;0;0;0;1;1;-21,72869184;-57,60706991;SPRF-MS;DEL05-MS;UOP01-DEL05-MS
579485;06/02/2024;terça-feira;23:30:00;BA;324;442;RIACHAO DO JACUIPE;Transitar na contramão;Colisão lateral sentido oposto;Com Vítimas Feridas;Plena Noite;Decrescente;Céu Claro;Simples;Reta;Não;3;0;3;0;0;0;3;2;-11,82877428;-39,36212626;SPRF-BA;DEL02-BA;UOP01-DEL02-BA
579495;07/02/2024;quarta-feira;01:20:00;SP;116;58,9;GUARATINGUETA;Acessar a via sem observar a presença dos outros veículos;Colisão traseira;Com Vítimas Feridas;Plena Noite;Crescente;Céu Claro;Múltipla;Reta;Sim;3;0;2;0;1;0;2;2;-22,78005511;-45,14572791;SPRF-SP;DEL08-SP;UOP01-DEL08-SP
579496;06/02/2024;terça-feira;22:20:00;MG;50;184;UBERABA;Pedestre andava na pista;Atropelamento de Pedestre;Com Vítimas Fatais;Plena Noite;Crescente;Ignorado;Dupla;Reta;Sim;2;1;0;0;1;0;0;2;-19,80945315;-47,90078523;SPRF-MG;DEL13-MG;UOP01-DEL13-MG
579500;07/02/2024;quarta-feira;03:37:00;GO;60;31,4;ALEXANIA;Demais falhas mecânicas ou elétricas;Incêndio;Sem Vítimas;Plena Noite;Decrescente;Céu Claro;Dupla;Reta;Sim;1;0;0;0;1;0;0;1;-16,0963;-48,5202;SPRF-DF;DEL03-DF;UOP01-DEL03-DF
579503;07/02/2024;quarta-feira;05:45:00;SC;282;346,2;CAMPOS NOVOS;Ausência de reação do condutor;Colisão frontal;Com Vítimas Feridas;Amanhecer;Decrescente;Céu Claro;Simples;"Curva;Aclive";Não;2;0;0;1;1;0;1;2;-27,390287;-51,223286;SPRF-SC;DEL07-SC;UOP06-DEL07-SC
579510;07/02/2024;quarta-feira;07:10:00;MG;116;276,9;TEOFILO OTONI;Ausência de reação do condutor;Colisão lateral mesmo sentido;Com Vítimas Feridas;Pleno dia;Crescente;Céu Claro;Simples;Reta;Sim;2;0;1;0;1;0;1;2;-17,85105696;-41,51454492;SPRF-MG;DEL11-MG;UOP01-DEL11-MG
579511;07/02/2024;quarta-feira;03:30:00;SC;280;101,4;SAO BENTO DO SUL;Reação tardia ou ineficiente do condutor;Tombamento;Com Vítimas Fatais;Plena Noite;Decrescente;Céu Claro;Simples;"Curva;Declive";Não;1;1;0;0;0;0;0;1;-26,36307266;-49,34030771;SPRF-SC;DEL06-SC;UOP03-DEL06-SC
579516;07/02/2024;quarta-feira;07:30:00;RS;153;39,3;ERECHIM;Ultrapassagem Indevida;Colisão lateral mesmo sentido;Com Vítimas Feridas;Pleno dia;Decrescente;Céu Claro;Simples;"Aclive;Reta";Não;3;0;0;1;1;1;1;3;-27,58082872;-52,22808233;SPRF-RS;DEL08-RS;UOP04-DEL08-RS
579534;07/02/2024;quarta-feira;06:10:00;PR;153;112,3;IBAITI;Velocidade Incompatível;Tombamento;Com Vítimas Feridas;Pleno dia;Decrescente;Céu Claro;Simples;Interseção de Vias;Não;1;0;1;0;0;0;1;1;-23,87218152;-50,20176888;SPRF-PR;DEL07-PR;UOP04-DEL07-PR
579536;07/02/2024;quarta-feira;06:45:00;CE;116;124,7;RUSSAS;Manobra de mudança de faixa;Colisão frontal;Com Vítimas Fatais;Pleno dia;Decrescente;Céu Claro;Simples;Curva;Não;2;1;0;0;1;0;0;2;-4,65515598;-38,15286197;SPRF-CE;DEL03-CE;UOP01-DEL03-CE
579544;07/02/2024;quarta-feira;10:20:00;SC;101;184,9;BIGUACU;Acessar a via sem observar a presença dos outros veículos;Colisão lateral mesmo sentido;Com Vítimas Feridas;Pleno dia;Decrescente;Sol;Múltipla;Reta;Não;4;0;2;0;2;0;2;3;-27,42536698;-48,62465876;SPRF-SC;DEL01-SC;UOP01-DEL01-SC
579546;07/02/2024;quarta-feira;07:48:00;SP;116;499;CAJATI;Reação tardia ou ineficiente do condutor;Tombamento;Com Vítimas Fatais;Pleno dia;Crescente;Céu Claro;Múltipla;Curva;Não;1;1;0;0;0;0;0;1;-24,78228753;-48,17695233;SPRF-SP;DEL05-SP;UOP02-DEL05-SP
579551;07/02/2024;quarta-feira;10:00:00;RJ;101;11;CAMPOS DOS GOYTACAZES;Velocidade Incompatível;Tombamento;Com Vítimas Feridas;Pleno dia;Crescente;Céu Claro;Simples;"Curva;Declive";Não;1;0;0;1;0;0;1;1;-21,30855953;-41,3256432;SPRF-RJ;DEL08-RJ;UOP01-DEL08-RJ
579555;07/02/2024;quarta-feira;11:00:00;SP;116;279,3;EMBU DAS ARTES;Reação tardia ou ineficiente do condutor;Colisão traseira;Com Vítimas Feridas;Pleno dia;Crescente;Céu Claro;Dupla;Reta;Sim;3;0;1;0;2;0;1;3;-23,66233697;-46,85292907;SPRF-SP;DEL04-SP;UOP01-DEL04-SP
579557;07/02/2024;quarta-feira;10:30:00;MG;381;432;SABARA;Velocidade Incompatível;Tombamento;Com Vítimas Feridas;Pleno dia;Crescente;Sol;Simples;"Declive;Curva";Não;1;0;1;0;0;0;1;1;-19,7872619;-43,7021304;SPRF-MG;DEL01-MG;UOP01-DEL01-MG
579558;07/02/2024;quarta-feira;12:00:00;MG;381;489;BETIM;Ultrapassagem Indevida;Colisão lateral mesmo sentido;Com Vítimas Feridas;Pleno dia;Crescente;Céu Claro;Dupla;Reta;Sim;2;0;1;0;1;0;1;2;-19,96245618;-44,16455495;SPRF-MG;DEL01-MG;UOP03-DEL01-MG
579561;11/01/2024;quinta-feira;06:30:00;GO;364;308,5;MINEIROS;Demais falhas mecânicas ou elétricas;Incêndio;Sem Vítimas;Amanhecer;Crescente;Chuva;Simples;Reta;Não;1;0;0;0;1;0;0;1;-17,498772;-52,543625;SPRF-GO;DEL05-GO;UOP01-DEL05-GO
579564;07/02/2024;quarta-feira;13:30:00;MG;365;69,5;JEQUITAI;Velocidade Incompatível;Tombamento;Com Vítimas Feridas;Pleno dia;Decrescente;Chuva;Simples;"Curva;Declive";Não;2;0;1;1;0;0;2;2;-17,07222805;-44,33952581;SPRF-MG;DEL12-MG;UOP01-DEL12-MG
579566;07/02/2024;quarta-feira;12:30:00;RS;386;36,2;FREDERICO WESTPHALEN;Acessar a via sem observar a presença dos outros veículos;Colisão transversal;Com Vítimas Feridas;Pleno dia;Decrescente;Céu Claro;Simples;Reta;Sim;3;0;1;1;1;0;2;2;-27,373381;-53,39772;SPRF-RS;DEL08-RS;UOP02-DEL08-RS
579572;07/02/2024;quarta-feira;14:05:00;GO;60;93,2;ANAPOLIS;Condutor deixou de manter distância do veículo da frente;Colisão traseira;Sem Vítimas;Pleno dia;Crescente;Céu Claro;Simples;Rotatória;Sim;2;0;0;0;2;0;0;2;-16,35363539;-48,92845284;SPRF-GO;DEL02-GO;UOP01-DEL02-GO
579573;07/02/2024;quarta-feira;07:30:00;MG;116;648,5;FERVEDOURO;Condutor deixou de manter distância do veículo da frente;Colisão traseira;Com Vítimas Feridas;Pleno dia;Decrescente;Céu Claro;Simples;Curva;Não;2;0;1;0;1;0;1;2;-20,70304399;-42,27800019;SPRF-MG;DEL07-MG;UOP02-DEL07-MG
579574;07/02/2024;quarta-feira;12:40:00;RS;386;152,9;ALMIRANTE TAMANDARE DO SUL;Ausência de sinalização;Colisão frontal;Com Vítimas Fatais;Pleno dia;Crescente;Sol;Simples;Curva;Não;4;1;0;3;0;0;3;2;-28,094997;-52,860783;SPRF-RS;DEL08-RS;UOP01-DEL08-RS
579575;07/02/2024;quarta-feira;09:40:00;RJ;40;121;DUQUE DE CAXIAS;Manobra de mudança de faixa;Colisão traseira;Com Vítimas Feridas;Pleno dia;Crescente;Sol;Múltipla;Reta;Sim;5;0;3;0;2;0;3;3;-22,78185499;-43,28571273;SPRF-RJ;DEL01-RJ;UOP02-DEL01-RJ
579576;07/02/2024;quarta-feira;13:50:00;MG;365;31;MONTES CLAROS;Pista Escorregadia;Saída de leito carroçável;Com Vítimas Feridas;Pleno dia;Crescente;Chuva;Simples;Reta;Não;2;0;2;0;0;0;2;1;-16,85025469;-44,11000723;SPRF-MG;DEL12-MG;UOP01-DEL12-MG
579582;07/02/2024;quarta-feira;14:40:00;RS;386;436;NOVA SANTA RITA;Desrespeitar a preferência no cruzamento;Colisão transversal;Com Vítimas Feridas;Pleno dia;Crescente;Céu Claro;Dupla;"Reta;Retorno Regulamentado";Não;2;0;1;0;1;0;1;2;-29,850487;-51,266758;SPRF-RS;DEL04-RS;UOP02-DEL04-RS
579585;07/02/2024;quarta-feira;09:00:00;MG;381;324;NOVA ERA;Reação tardia ou ineficiente do condutor;Saída de leito carroçável;Com Vítimas Feridas;Pleno dia;Decrescente;Nublado;Simples;Curva;Não;1;0;1;0;0;0;1;1;-19,759028;-43,028651;SPRF-MG;DEL03-MG;UOP02-DEL03-MG
579587;07/02/2024;quarta-feira;14:39:00;PR;277;586,4;CASCAVEL;Desrespeitar a preferência no cruzamento;Colisão transversal;Com Vítimas Feridas;Pleno dia;Decrescente;Céu Claro;Simples;"Reta;Interseção de Vias";Sim;2;0;1;0;1;0;1;2;-24,9649472;-53,4210459;SPRF-PR;DEL04-PR;UOP01-DEL04-PR
579599;06/01/2024;sábado;17:15:00;PE;104;68;CARUARU;Demais falhas mecânicas ou elétricas;Colisão lateral mesmo sentido;Com Vítimas Feridas;Pleno dia;Crescente;Céu Claro;Dupla;Reta;Não;3;0;0;1;2;0;1;2;-8,306963;-35,989668;SPRF-PE;DEL02-PE;UOP01-DEL02-PE
579600;07/02/2024;quarta-feira;12:40:00;MT;364;94;ALTO GARCAS;Reação tardia ou ineficiente do condutor;Colisão traseira;Sem Vítimas;Pleno dia;Decrescente;Céu Claro;Simples;Reta;Não;3;0;0;0;2;1;0;3;-16,85952659;-53,74882793;SPRF-MT;DEL02-MT;UOP02-DEL02-MT
579602;07/02/2024;quarta-feira;15:00:00;PR;277;195;PALMEIRA;Acessar a via sem observar a presença dos outros veículos;Colisão lateral mesmo sentido;Com Vítimas Feridas;Pleno dia;Decrescente;Céu Claro;Simples;"Aclive;Reta";Sim;2;0;1;0;1;0;1;2;-25,43309215;-50,15896593;SPRF-PR;DEL08-PR;UOP02-DEL08-PR
579606;07/02/2024;quarta-feira;09:00:00;SC;282;525;XAXIM;Manobra de mudança de faixa;Saída de leito carroçável;Sem Vítimas;Pleno dia;Crescente;Céu Claro;Simples;Curva;Não;4;0;0;0;4;0;0;3;-26,965441;-52,566383;SPRF-SC;DEL07-SC;UOP01-DEL07-SC
579612;07/02/2024;quarta-feira;12:10:00;RJ;116;226;PARACAMBI;Velocidade Incompatível;Tombamento;Sem Vítimas;Pleno dia;Decrescente;Nublado;Dupla;Curva;Não;1;0;0;0;1;0;0;1;-22,67208078;-43,81789284;SPRF-RJ;DEL07-RJ;UOP01-DEL07-RJ
579614;07/02/2024;quarta-feira;15:35:00;MA;135;60;BACABEIRA;Chuva;Colisão lateral mesmo sentido;Sem Vítimas;Pleno dia;Crescente;Chuva;Dupla;Reta;Sim;3;0;0;0;3;0;0;2;-3,05225689;-44,31876443;SPRF-MA;DEL01-MA;UOP02-DEL01-MA
579615;07/02/2024;quarta-feira;17:00:00;SC;101;202;SAO JOSE;Manobra de mudança de faixa;Colisão lateral mesmo sentido;Sem Vítimas;Pleno dia;Decrescente;Céu Claro;Múltipla;Reta;Sim;2;0;0;0;2;0;0;2;-27,55711595;-48,61897889;SPRF-SC;DEL01-SC;UOP01-DEL01-SC
579616;07/02/2024;quarta-feira;16:25:00;RS;386;318;MARQUES DE SOUZA;Ultrapassagem Indevida;Colisão frontal;Com Vítimas Feridas;Pleno dia;Decrescente;Céu Claro;Simples;Curva;Não;3;0;1;1;1;0;2;3;-29,272459;-52,141353;SPRF-RS;DEL04-RS;UOP01-DEL04-RS
579618;07/02/2024;quarta-feira;16:15:00;PR;116;142,9;MANDIRITUBA;Ultrapassagem Indevida;Colisão lateral mesmo sentido;Sem Vítimas;Pleno dia;Decrescente;Céu Claro;Simples;Reta;Não;2;0;0;0;2;0;0;2;-25,746524;-49,31741923;SPRF-PR;DEL01-PR;UOP03-DEL01-PR
579620;07/02/2024;quarta-feira;13:55:00;SP;488;0,1;APARECIDA;Afundamento ou ondulação no pavimento;Eventos atípicos;Sem Vítimas;Pleno dia;Decrescente;Céu Claro;Simples;Rotatória;Sim;1;0;0;0;1;0;0;1;-22,85856;-45,233116;SPRF-SP;DEL08-SP;UOP01-DEL08-SP
579622;07/02/2024;quarta-feira;13:00:00;SP;116;520;CAJATI;Reação tardia ou ineficiente do condutor;Saída de leito carroçável;Com Vítimas Feridas;Pleno dia;Decrescente;Céu Claro;Simples;"Declive;Reta";Não;2;0;1;0;1;0;1;1;-24,89364369;-48,24164206;SPRF-SP;DEL05-SP;UOP02-DEL05-SP
579632;07/02/2024;quarta-feira;11:15:00;MG;381;922;CAMANDUCAIA;Manobra de mudança de faixa;Colisão lateral mesmo sentido;Com Vítimas Feridas;Pleno dia;Decrescente;Céu Claro;Dupla;"Reta;Aclive";Não;3;0;1;0;2;0;1;2;-22,76707833;-46,21789606;SPRF-MG;DEL16-MG;UOP03-DEL16-MG
579636;07/02/2024;quarta-feira;17:50:00;SC;282;510;XANXERE;Acessar a via sem observar a presença dos outros veículos;Colisão lateral mesmo sentido;Com Vítimas Feridas;Pleno dia;Decrescente;Nublado;Simples;Reta;Não;3;0;0;1;1;1;1;3;-26,897114;-52,463585;SPRF-SC;DEL07-SC;UOP01-DEL07-SC
579637;07/02/2024;quarta-feira;01:00:00;MA;226;409;GRAJAU;Ausência de reação do condutor;Colisão traseira;Sem Vítimas;Plena Noite;Crescente;Ignorado;Dupla;Aclive;Não;3;0;0;0;3;0;0;2;-5,7745215;-46,07900136;SPRF-MA;DEL03-MA;UOP03-DEL03-MA
579648;07/02/2024;quarta-feira;07:20:00;BA;116;582;NOVA ITARANA;Ausência de reação do condutor;Saída de leito carroçável;Com Vítimas Feridas;Pleno dia;Decrescente;Céu Claro;Simples;"Declive;Curva";Não;1;0;0;1;0;0;1;1;-13,1062779;-39,9658473;SPRF-BA;DEL03-BA;UOP02-DEL03-BA
579649;23/01/2024;terça-feira;09:15:00;MG;50;136;UBERABA;Condutor deixou de manter distância do veículo da frente;Colisão traseira;Com Vítimas Feridas;Pleno dia;Crescente;Céu Claro;Dupla;Reta;Não;4;0;1;0;3;0;1;4;-19,44189098;-48,06412595;SPRF-MG;DEL13-MG;UOP01-DEL13-MG
579650;07/02/2024;quarta-feira;19:00:00;SC;480;125;CHAPECO;Acessar a via sem observar a presença dos outros veículos;Colisão transversal;Com Vítimas Feridas;Anoitecer;Crescente;Céu Claro;Simples;Viaduto;Sim;2;0;1;0;1;0;1;2;-27,01164515;-52,63953123;SPRF-SC;DEL07-SC;UOP01-DEL07-SC
579651;07/02/2024;quarta-feira;19:00:00;RS;386;271,7;FONTOURA XAVIER;Manobra de mudança de faixa;Colisão lateral mesmo sentido;Com Vítimas Feridas;Anoitecer;Decrescente;Céu Claro;Simples;Curva;Não;4;0;1;0;3;0;1;3;-28,98775867;-52,36719131;SPRF-RS;DEL04-RS;UOP03-DEL04-RS
579655;07/02/2024;quarta-feira;20:15:00;SC;470;62,1;INDAIAL;Pedestre andava na pista;Atropelamento de Pedestre;Com Vítimas Fatais;Plena Noite;Crescente;Nublado;Simples;"Aclive;Curva";Não;2;1;0;0;1;0;0;2;-26,87443993;-49,18635964;SPRF-SC;DEL04-SC;UOP01-DEL04-SC
579664;07/02/2024;quarta-feira;21:05:00;RN;304;35;MOSSORO;Manobra de mudança de faixa;Colisão lateral mesmo sentido;Sem Vítimas;Plena Noite;Decrescente;Céu Claro;Dupla;Reta;Sim;2;0;0;0;1;1;0;2;-5,16149497;-37,35068212;SPRF-RN;DEL04-RN;UOP02-DEL04-RN
579666;07/02/2024;quarta-feira;19:50:00;RJ;116;211;SEROPEDICA;Reação tardia ou ineficiente do condutor;Colisão com objeto;Com Vítimas Feridas;Plena Noite;Decrescente;Céu Claro;Dupla;Reta;Não;1;0;1;0;0;0;1;1;-22,71844298;-43,700897;SPRF-RJ;DEL06-RJ;UOP02-DEL06-RJ
579669;07/02/2024;quarta-feira;21:20:00;ES;101;149,4;LINHARES;Carga excessiva e/ou mal acondicionada;Colisão com objeto;Com Vítimas Feridas;Plena Noite;Decrescente;Céu Claro;Simples;Reta;Sim;3;0;0;1;2;0;1;3;-19,39619083;-40,06435871;SPRF-ES;DEL04-ES;UOP01-DEL04-ES
579678;07/02/2024;quarta-feira;22:40:00;MG;116;803;ALEM PARAIBA;Reação tardia ou ineficiente do condutor;Tombamento;Com Vítimas Feridas;Plena Noite;Crescente;Céu Claro;Simples;Curva;Não;2;0;2;0;0;0;2;1;-21,7922616;-42,715434;SPRF-MG;DEL07-MG;UOP01-DEL07-MG
579681;07/02/2024;quarta-feira;17:00:00;PR;376;323;ORTIGUEIRA;Reação tardia ou ineficiente do condutor;Saída de leito carroçável;Com Vítimas Fatais;Pleno dia;Crescente;Céu Claro;Simples;Curva;Não;3;1;0;2;0;0;2;1;-24,043;-51,077;SPRF-PR;DEL07-PR;UOP02-DEL07-PR
579691;07/02/2024;quarta-feira;23:30:00;MG;116;2;DIVISA ALEGRE;Acesso irregular;Colisão frontal;Com Vítimas Feridas;Plena Noite;Crescente;Nublado;Simples;Reta;Sim;3;0;0;1;1;1;1;3;-15,717818;-41,340694;SPRF-BA;DEL08-BA;UOP03-DEL08-BA
579695;08/02/2024;quinta-feira;00:09:00;RJ;101;71;CAMPOS DOS GOYTACAZES;Reação tardia ou ineficiente do condutor;Engavetamento;Com Vítimas Feridas;Plena Noite;Crescente;Céu Claro;Simples;Reta;Não;6;0;1;0;5;0;1;6;-21,78577807;-41,38139396;SPRF-RJ;DEL08-RJ;UOP02-DEL08-RJ
579696;08/02/2024;quinta-feira;00:10:00;PR;116;52,9;CAMPINA GRANDE DO SUL;Demais falhas mecânicas ou elétricas;Saída de leito carroçável;Com Vítimas Feridas;Plena Noite;Decrescente;Céu Claro;Dupla;Reta;Não;1;0;1;0;0;0;1;1;-25,258775;-48,913625;SPRF-PR;DEL01-PR;UOP02-DEL01-PR
579700;08/02/2024;quinta-feira;03:30:00;PR;376;668;GUARATUBA;Problema com o freio;Atropelamento de Pedestre;Com Vítimas Feridas;Plena Noite;Decrescente;Céu Claro;Dupla;Declive;Não;1;0;1;0;0;0;1;1;-25,864159;-48,937538;SPRF-PR;DEL01-PR;UOP04-DEL01-PR
579701;07/02/2024;quarta-feira;14:30:00;MG;365;28,1;MONTES CLAROS;Reação tardia ou ineficiente do condutor;Saída de leito carroçável;Com Vítimas Feridas;Pleno dia;Decrescente;Chuva;Simples;Reta;Não;1;0;1;0;0;0;1;1;-16,84279211;-44,08613806;SPRF-MG;DEL12-MG;UOP01-DEL12-MG
579702;08/02/2024;quinta-feira;05:30:00;RJ;101;53;CAMPOS DOS GOYTACAZES;Reação tardia ou ineficiente do condutor;Colisão transversal;Com Vítimas Fatais;Amanhecer;Crescente;Céu Claro;Simples;Reta;Sim;3;1;0;0;1;1;0;3;-21,660484;-41,31128898;SPRF-RJ;DEL08-RJ;UOP01-DEL08-RJ
579705;07/02/2024;quarta-feira;20:30:00;GO;60;266,9;INDIARA;Velocidade Incompatível;Derramamento de carga;Sem Vítimas;Plena Noite;Crescente;Céu Claro;Dupla;"Reta;Ponte";Não;1;0;0;0;1;0;0;1;-17,1988;-50,0863;SPRF-GO;DEL01-GO;UOP02-DEL01-GO
579712;07/02/2024;quarta-feira;16:00:00;PE;407;79;PETROLINA;Transitar na contramão;Colisão frontal;Com Vítimas Fatais;Pleno dia;Decrescente;Céu Claro;Simples;Reta;Não;3;2;1;0;0;0;1;2;-9,00260507;-40,70129314;SPRF-PE;DEL06-PE;UOP02-DEL06-PE
579719;08/02/2024;quinta-feira;04:00:00;PE;316;45,9;ARARIPINA;Transitar na contramão;Colisão frontal;Com Vítimas Feridas;Plena Noite;Crescente;Garoa/Chuvisco;Simples;Reta;Não;2;0;0;2;0;0;2;2;-7,69006322;-40,35621918;SPRF-PE;DEL05-PE;UOP02-DEL05-PE
579724;08/02/2024;quinta-feira;07:30:00;RJ;116;136;MAGE;Condutor deixou de manter distância do veículo da frente;Colisão transversal;Com Vítimas Feridas;Pleno dia;Decrescente;Céu Claro;Dupla;Reta;Sim;2;0;1;0;1;0;1;2;-22,64988985;-43,17250297;SPRF-RJ;DEL04-RJ;UOP02-DEL04-RJ
579727;08/02/2024;quinta-feira;07:40:00;SC;280;56,4;GUARAMIRIM;Ultrapassagem Indevida;Colisão frontal;Com Vítimas Feridas;Pleno dia;Crescente;Céu Claro;Simples;"Reta;Em Obras";Não;3;0;0;1;2;0;1;3;-26,47947677;-49,00298702;SPRF-SC;DEL03-SC;UOP03-DEL03-SC
579730;08/02/2024;quinta-feira;05:20:00;MT;158;687,6;BARRA DO GARCAS;Objeto estático sobre o leito carroçável;Colisão traseira;Sem Vítimas;Amanhecer;Crescente;Céu Claro;Simples;Reta;Não;3;0;0;0;2;1;0;3;-14,958392;-52,266026;SPRF-MT;DEL07-MT;UOP01-DEL07-MT
579731;08/02/2024;quinta-feira;06:40:00;RJ;116;142;DUQUE DE CAXIAS;Reação tardia ou ineficiente do condutor;Colisão lateral mesmo sentido;Com Vítimas Feridas;Pleno dia;Crescente;Céu Claro;Simples;Reta;Não;5;0;1;0;4;0;1;4;-22,64876087;-43,23031638;SPRF-RJ;DEL01-RJ;UOP02-DEL01-RJ