id;data_inversa;dia_semana;horario;uf;br;km;municipio;causa_acidente;tipo_acidente;classificacao_acidente;fase_dia;sentido_via;condicao_metereologica;tipo_pista;tracado_via;uso_solo;pessoas;mortos;feridos_leves;feridos_graves;ilesos;ignorados;feridos;veiculos;latitude;longitude;regional;delegacia;uop
580560;11/02/2024;domingo;16:50:00;PA;10;153,9;PARAGOMINAS;Transitar na contramão;Colisão frontal;Com Vítimas Fatais;Amanhecer;Decrescente;Céu Claro;Simples;Reta;Não;6;2;0;3;1;0;3;3;-3,0890036;-47,479754;SPRF-PA;DEL02-PA;UOP01-DEL02-PA
580584;11/02/2024;domingo;18:00:00;PE;232;230;PESQUEIRA;Transitar na contramão;Colisão frontal;Sem Vítimas;Plena Noite;Crescente;Céu Claro;Simples;Reta;Não;2;0;0;0;1;1;0;2;-8,40207956;-36,87425106;SPRF-PE;DEL03-PE;UOP02-DEL03-PE
580593;11/02/2024;domingo;17:40:00;SC;282;588;SAUDADES;Velocidade Incompatível;Colisão lateral sentido oposto;Sem Vítimas;Pleno dia;Crescente;Sol;Simples;"Curva;Aclive";Não;2;0;0;0;1;1;0;2;-26,82600479;-53,07286978;SPRF-SC;DEL07-SC;UOP02-DEL07-SC
580628;11/02/2024;domingo;19:42:00;MT;364;1;ALTO ARAGUAIA;Ingestão de álcool pelo condutor;Colisão lateral sentido oposto;Sem Vítimas;Plena Noite;Crescente;Céu Claro;Simples;"Declive;Curva";Sim;2;0;0;0;2;0;0;2;-17,31077744;-53,22322369;SPRF-MT;DEL02-MT;UOP02-DEL02-MT
580633;11/02/2024;domingo;15:50:00;SC;282;49;VARGEM BONITA;Reação tardia ou ineficiente do condutor;Colisão com objeto;Sem Vítimas;Pleno dia;Crescente;Céu Claro;Simples;"Em Obras;Declive;Curva";Não;1;0;0;0;1;0;0;1;-26,911786;-51,787604;SPRF-SC;DEL01-SC;UOP03-DEL01-SC
580644;12/02/2024;segunda-feira;00:20:00;PR;373;203,5;IPIRANGA;Transitar na contramão;Colisão lateral sentido oposto;Com Vítimas Feridas;Plena Noite;Decrescente;Céu Claro;Simples;"Declive;Reta";Não;6;0;3;1;0;2;4;3;-25,11305618;-50,43166732;SPRF-PR;DEL03-PR;UOP01-DEL03-PR
580647;11/02/2024;domingo;23:04:00;MS;158;103;PARANAIBA;Ingestão de álcool pelo condutor;Colisão lateral mesmo sentido;Com Vítimas Feridas;Plena Noite;Crescente;Céu Claro;Simples;Reta;Não;5;0;2;0;3;0;2;2;-19,72704906;-51,13418411;SPRF-MS;DEL08-MS;UOP01-DEL08-MS
580651;12/02/2024;segunda-feira;01:05:00;TO;153;269;BRASILANDIA DO TOCANTINS;Transitar na contramão;Colisão lateral sentido oposto;Com Vítimas Fatais;Plena Noite;Crescente;Céu Claro;Simples;Reta;Não;3;1;0;0;2;0;0;3;-8,25476402;-48,46708978;SPRF-TO;DEL02-TO;UOP02-DEL02-TO
580658;12/02/2024;segunda-feira;00:45:00;PR;376;202,6;MANDAGUARI;Reação tardia ou ineficiente do condutor;Colisão traseira;Com Vítimas Feridas;Plena Noite;Crescente;Céu Claro;Dupla;Reta;Não;4;0;3;0;1;0;3;2;-23,50970969;-51,72123384;SPRF-PR;DEL09-PR;UOP01-DEL09-PR
580663;12/02/2024;segunda-feira;02:10:00;PR;163;212;CASCAVEL;Velocidade Incompatível;Tombamento;Sem Vítimas;Plena Noite;Crescente;Céu Claro;Dupla;Viaduto;Não;1;0;0;0;1;0;0;1;-24,89696671;-53,53287935;SPRF-PR;DEL05-PR;UOP05-DEL05-PR
580665;12/02/2024;segunda-feira;01:40:00;RO;364;209,7;PIMENTA BUENO;Acumulo de água sobre o pavimento;Saída de leito carroçável;Com Vítimas Feridas;Plena Noite;Decrescente;Chuva;Simples;Reta;Não;4;0;1;0;3;0;1;1;-11,59383384;-61,24554291;SPRF-RO;DEL02-RO;UOP02-DEL02-RO
580668;12/02/2024;segunda-feira;03:15:00;SC;101;192,4;BIGUACU;Condutor Dormindo;Tombamento;Com Vítimas Feridas;Plena Noite;Crescente;Céu Claro;Dupla;Curva;Não;2;0;1;1;0;0;2;1;-27,48443781;-48,64765238;SPRF-SC;DEL01-SC;UOP01-DEL01-SC
580679;11/02/2024;domingo;23:10:00;SC;163;70;SAO MIGUEL DO OESTE;Ingestão de álcool pelo condutor;Colisão transversal;Sem Vítimas;Plena Noite;Crescente;Céu Claro;Simples;Interseção de Vias;Sim;3;0;0;0;2;1;0;3;-26,73461723;-53,50680015;SPRF-SC;DEL07-SC;UOP03-DEL07-SC
580681;11/02/2024;domingo;22:50:00;RJ;101;175;MACAE;Velocidade Incompatível;Colisão frontal;Com Vítimas Fatais;Plena Noite;Decrescente;Céu Claro;Simples;Reta;Não;2;1;0;0;1;0;0;2;-22,37846293;-41,96901206;SPRF-RJ;DEL08-RJ;UOP04-DEL08-RJ
580685;12/02/2024;segunda-feira;04:50:00;PR;376;488,9;PONTA GROSSA;Manobra de mudança de faixa;Saída de leito carroçável;Com Vítimas Feridas;Plena Noite;Crescente;Céu Claro;Dupla;"Curva;Declive";Sim;3;0;1;0;2;0;1;2;-25,0916436;-50,19653338;SPRF-PR;DEL03-PR;UOP04-DEL03-PR
580688;12/02/2024;segunda-feira;06:05:00;SP;116;13,8;QUELUZ;Acumulo de água sobre o pavimento;Tombamento;Sem Vítimas;Amanhecer;Decrescente;Chuva;Dupla;Reta;Não;1;0;0;0;1;0;0;1;-22,55663517;-44,81924057;SPRF-SP;DEL08-SP;UOP02-DEL08-SP
580690;11/02/2024;domingo;17:00:00;PR;163;168;LINDOESTE;Reação tardia ou ineficiente do condutor;Saída de leito carroçável;Sem Vítimas;Pleno dia;Crescente;Céu Claro;Dupla;"Aclive;Reta";Não;1;0;0;0;1;0;0;1;-25,29248982;-53,57038619;SPRF-PR;DEL05-PR;UOP05-DEL05-PR
580699;12/02/2024;segunda-feira;02:00:00;MG;267;148;LIMA DUARTE;Condutor Dormindo;Saída de leito carroçável;Com Vítimas Feridas;Plena Noite;Decrescente;Nublado;Simples;Reta;Não;1;0;1;0;0;0;1;1;-21,81126926;-43,73579976;SPRF-MG;DEL05-MG;UOP01-DEL05-MG
580713;12/02/2024;segunda-feira;07:30:00;SC;470;70;INDAIAL;Demais falhas mecânicas ou elétricas;Colisão traseira;Com Vítimas Feridas;Pleno dia;Decrescente;Céu Claro;Dupla;"Aclive;Reta;Em Obras;Desvio Temporário";Sim;3;0;0;1;2;0;1;2;-26,889374;-49,254478;SPRF-SC;DEL04-SC;UOP01-DEL04-SC
580715;09/02/2024;sexta-feira;03:40:00;SC;101;307,7;LAGUNA;Condutor Dormindo;Colisão traseira;Com Vítimas Feridas;Plena Noite;Crescente;Céu Claro;Múltipla;Viaduto;Não;3;0;1;0;2;0;1;2;-28,39199505;-48,77826295;SPRF-SC;DEL02-SC;UOP03-DEL02-SC
580723;12/02/2024;segunda-feira;09:00:00;PR;376;191;MARIALVA;Condutor deixou de manter distância do veículo da frente;Colisão traseira;Com Vítimas Feridas;Pleno dia;Decrescente;Nublado;Múltipla;"Reta;Declive";Não;2;0;1;0;1;0;1;2;-23,47560277;-51,81167587;SPRF-PR;DEL09-PR;UOP01-DEL09-PR
580725;12/02/2024;segunda-feira;08:50:00;SC;280;192,8;MAFRA;Velocidade Incompatível;Colisão traseira;Com Vítimas Feridas;Pleno dia;Crescente;Céu Claro;Simples;"Aclive;Reta";Não;2;0;0;1;1;0;1;2;-26,17893079;-49,99673293;SPRF-SC;DEL06-SC;UOP01-DEL06-SC
580734;12/02/2024;segunda-feira;07:40:00;RJ;356;163;CAMPOS DOS GOYTACAZES;Ultrapassagem Indevida;Colisão frontal;Com Vítimas Fatais;Pleno dia;Crescente;Céu Claro;Simples;Reta;Não;2;1;0;0;1;0;0;2;-21,70969582;-41,14093103;SPRF-RJ;DEL08-RJ;UOP02-DEL08-RJ
580736;12/02/2024;segunda-feira;09:15:00;SC;101;223;PALHOCA;Condutor deixou de manter distância do veículo da frente;Colisão traseira;Com Vítimas Feridas;Pleno dia;Decrescente;Sol;Dupla;Reta;Não;2;0;1;0;0;1;1;2;-27,71552634;-48,64881251;SPRF-SC;DEL01-SC;UOP02-DEL01-SC
580740;12/02/2024;segunda-feira;09:10:00;BA;101;771;ITAMARAJU;Velocidade Incompatível;Tombamento;Com Vítimas Feridas;Pleno dia;Crescente;Nublado;Simples;Curva;Não;1;0;1;0;0;0;1;1;-16,91561807;-39,52897099;SPRF-BA;DEL09-BA;UOP01-DEL09-BA
580744;12/02/2024;segunda-feira;07:10:00;RJ;116;245;PIRAI;Ausência de reação do condutor;Colisão com objeto;Sem Vítimas;Pleno dia;Decrescente;Céu Claro;Dupla;Reta;Não;1;0;0;0;1;0;0;1;-22,62040692;-43,92593694;SPRF-RJ;DEL07-RJ;UOP01-DEL07-RJ
580747;12/02/2024;segunda-feira;11:20:00;ES;101;229,5;FUNDAO;Condutor desrespeitou a iluminação vermelha do semáforo;Colisão transversal;Com Vítimas Feridas;Pleno dia;Crescente;Céu Claro;Dupla;Reta;Sim;8;0;1;0;6;1;1;4;-19,933467;-40,405019;SPRF-ES;DEL02-ES;UOP01-DEL02-ES
580755;12/02/2024;segunda-feira;12:30:00;ES;101;356,2;ANCHIETA;Curva acentuada;Colisão lateral mesmo sentido;Com Vítimas Feridas;Pleno dia;Decrescente;Sol;Dupla;Curva;Não;3;0;1;0;1;1;1;2;-20,69339794;-40,68748402;SPRF-ES;DEL03-ES;UOP01-DEL03-ES
580762;12/02/2024;segunda-feira;14:10:00;MG;381;534,9;ITATIAIUCU;Condutor Dormindo;Saída de leito carroçável;Com Vítimas Feridas;Pleno dia;Crescente;Céu Claro;Dupla;Reta;Sim;2;0;1;0;1;0;1;1;-20,20728901;-44,39007699;SPRF-MG;DEL04-MG;UOP03-DEL04-MG
580763;12/02/2024;segunda-feira;14:17:00;SC;280;38,3;ARAQUARI;Ausência de reação do condutor;Engavetamento;Com Vítimas Feridas;Pleno dia;Crescente;Sol;Simples;"Reta;Em Obras";Não;11;0;2;0;9;0;2;8;-26,44812855;-48,82794004;SPRF-SC;DEL03-SC;UOP03-DEL03-SC
580766;12/02/2024;segunda-feira;13:15:00;RS;471;148,2;SANTA CRUZ DO SUL;Desrespeitar a preferência no cruzamento;Colisão transversal;Com Vítimas Feridas;Pleno dia;Crescente;Céu Claro;Simples;Reta;Não;2;0;0;1;1;0;1;2;-29,799774;-52,407185;SPRF-RS;DEL02-RS;UOP03-DEL02-RS
580767;12/02/2024;segunda-feira;11:30:00;RO;364;438;JARU;Objeto estático sobre o leito carroçável;Saída de leito carroçável;Com Vítimas Feridas;Pleno dia;Decrescente;Chuva;Simples;Reta;Não;2;0;1;0;1;0;1;2;-10,36530904;-62,56654003;SPRF-RO;DEL03-RO;UOP02-DEL03-RO
580776;12/02/2024;segunda-feira;13:30:00;ES;262;33,6;DOMINGOS MARTINS;Problema com o freio;Tombamento;Com Vítimas Feridas;Pleno dia;Decrescente;Céu Claro;Simples;"Declive;Reta";Não;1;0;1;0;0;0;1;1;-20,37535106;-40,58433127;SPRF-ES;DEL01-ES;UOP01-DEL01-ES
580785;12/02/2024;segunda-feira;04:00:00;MG;251;351;PADRE CARVALHO;Transitar na contramão;Colisão lateral sentido oposto;Com Vítimas Feridas;Amanhecer;Decrescente;Nublado;Simples;"Declive;Curva";Não;3;0;1;0;1;1;1;2;-16,26811445;-42,52683163;SPRF-MG;DEL12-MG;UOP02-DEL12-MG
580787;12/02/2024;segunda-feira;10:00:00;PI;316;39,5;LAGOA DO PIAUI;Ausência de reação do condutor;Colisão traseira;Com Vítimas Feridas;Pleno dia;Decrescente;Sol;Simples;Reta;Sim;3;0;1;0;2;0;1;2;-5,39641527;-42,65710034;SPRF-PI;DEL01-PI;UOP02-DEL01-PI
580789;12/02/2024;segunda-feira;16:00:00;SP;459;9,8;PIQUETE;Demais falhas mecânicas ou elétricas;Saída de leito carroçável;Com Vítimas Feridas;Pleno dia;Crescente;Céu Claro;Simples;Reta;Não;1;0;0;1;0;0;1;1;-22,580744;-45,196285;SPRF-SP;DEL08-SP;UOP02-DEL08-SP
580790;12/02/2024;segunda-feira;15:20:00;PA;316;21,3;BENEVIDES;Manobra de mudança de faixa;Colisão transversal;Com Vítimas Feridas;Pleno dia;Crescente;Céu Claro;Dupla;"Retorno Regulamentado;Reta";Sim;2;0;1;0;1;0;1;2;-1,36097138;-48,26241527;SPRF-PA;DEL01-PA;UOP01-DEL01-PA
580794;12/02/2024;segunda-feira;16:30:00;MT;70;127;GENERAL CARNEIRO;Acostamento em desnível;Saída de leito carroçável;Sem Vítimas;Anoitecer;Crescente;Céu Claro;Simples;Reta;Não;1;0;0;0;1;0;0;1;-15,58212421;-53,17766205;SPRF-MT;DEL07-MT;UOP01-DEL07-MT
580796;12/02/2024;segunda-feira;16:45:00;MT;158;789;BARRA DO GARCAS;Carga excessiva e/ou mal acondicionada;Eventos atípicos;Sem Vítimas;Pleno dia;Crescente;Céu Claro;Simples;Reta;Não;1;0;0;0;1;0;0;1;-15,81783013;-52,30325965;SPRF-MT;DEL07-MT;UOP01-DEL07-MT
580800;18/01/2024;quinta-feira;17:05:00;PR;376;178;MARINGA;Manobra de mudança de faixa;Colisão transversal;Com Vítimas Feridas;Pleno dia;Crescente;Nublado;Múltipla;Reta;Sim;3;0;1;0;2;0;1;2;-23,4192146;-51,91293985;SPRF-PR;DEL09-PR;UOP01-DEL09-PR
580802;12/02/2024;segunda-feira;16:25:00;BA;407;124;SENHOR DO BONFIM;Acessar a via sem observar a presença dos outros veículos;Colisão lateral mesmo sentido;Com Vítimas Feridas;Pleno dia;Decrescente;Nublado;Simples;Reta;Sim;2;0;1;0;1;0;1;2;-10,43896901;-40,18718133;SPRF-BA;DEL04-BA;UOP01-DEL04-BA
580824;12/02/2024;segunda-feira;18:02:00;MG;262;48,3;MANHUACU;Ausência de reação do condutor;Colisão frontal;Com Vítimas Fatais;Pleno dia;Decrescente;Céu Claro;Simples;Curva;Não;4;1;2;0;1;0;2;2;-20,25373412;-42,12287611;SPRF-MG;DEL06-MG;UOP03-DEL06-MG
580833;12/02/2024;segunda-feira;19:30:00;MG;381;527;BRUMADINHO;Ausência de reação do condutor;Tombamento;Com Vítimas Feridas;Plena Noite;Decrescente;Céu Claro;Dupla;Curva;Não;1;0;0;1;0;0;1;1;-20,16283256;-44,35072739;SPRF-MG;DEL04-MG;UOP03-DEL04-MG
580835;12/02/2024;segunda-feira;21:30:00;ES;101;132,6;LINHARES;Pedestre andava na pista;Atropelamento de Pedestre;Com Vítimas Fatais;Plena Noite;Crescente;Céu Claro;Simples;Reta;Não;2;1;0;0;1;0;0;2;-19,24798699;-40,09078893;SPRF-ES;DEL04-ES;UOP01-DEL04-ES
580848;12/02/2024;segunda-feira;21:00:00;RS;153;413,7;CACHOEIRA DO SUL;Ausência de reação do condutor;Colisão traseira;Com Vítimas Feridas;Plena Noite;Decrescente;Céu Claro;Simples;Reta;Não;2;0;1;0;1;0;1;2;-30,10719207;-52,86494521;SPRF-RS;DEL02-RS;UOP03-DEL02-RS
580851;12/02/2024;segunda-feira;21:30:00;RN;101;157,2;CANGUARETAMA;Mal súbito do condutor;Saída de leito carroçável;Com Vítimas Feridas;Plena Noite;Decrescente;Nublado;Dupla;Reta;Não;1;0;1;0;0;0;1;1;-6,34791574;-35,16581255;SPRF-RN;DEL01-RN;UOP01-DEL01-RN
580862;12/02/2024;segunda-feira;21:20:00;PA;10;111;PARAGOMINAS;Deficiência do Sistema de Iluminação/Sinalização;Eventos atípicos;Sem Vítimas;Plena Noite;Crescente;Chuva;Simples;"Aclive;Reta";Não;2;0;0;0;2;0;0;2;-3,4703279;-47,4694273;SPRF-PA;DEL02-PA;UOP02-DEL02-PA
580873;13/02/2024;terça-feira;05:05:00;GO;NA;NA;JATAI;Ausência de reação do condutor;Colisão traseira;Sem Vítimas;Plena Noite;Não Informado;Céu Claro;Simples;Reta;Sim;3;0;0;0;2;1;0;2;-17,917818;-51,696274;SPRF-GO;DEL05-GO;UOP01-DEL05-GO
580874;13/02/2024;terça-feira;01:30:00;MG;116;426,2;ALPERCATA;Condutor Dormindo;Saída de leito carroçável;Com Vítimas Feridas;Plena Noite;Crescente;Céu Claro;Simples;Reta;Não;1;0;1;0;0;0;1;1;-18,97008195;-41,97635605;SPRF-MG;DEL06-MG;UOP01-DEL06-MG
580885;12/02/2024;segunda-feira;09:00:00;MG;251;223;SANTA CRUZ DE SALINAS;Condutor Dormindo;Saída de leito carroçável;Com Vítimas Feridas;Pleno dia;Crescente;Céu Claro;Simples;Reta;Não;1;0;1;0;0;0;1;1;-15,95877788;-41,64451999;SPRF-MG;DEL12-MG;UOP02-DEL12-MG
580886;13/02/2024;terça-feira;07:20:00;MG;267;81,5;JUIZ DE FORA;Transitar na contramão;Colisão frontal;Com Vítimas Feridas;Pleno dia;Decrescente;Céu Claro;Simples;"Curva;Aclive";Não;5;0;2;0;3;0;2;3;-21,76012664;-43,21968811;SPRF-MG;DEL05-MG;UOP01-DEL05-MG
580893;13/02/2024;terça-feira;08:00:00;RJ;101;450;MANGARATIBA;Mal súbito do condutor;Colisão frontal;Com Vítimas Feridas;Pleno dia;Crescente;Céu Claro;Simples;Curva;Não;3;0;2;0;1;0;2;2;-23,02288754;-44,11624415;SPRF-RJ;DEL03-RJ;UOP02-DEL03-RJ
580899;13/02/2024;terça-feira;10:25:00;SC;101;41;JOINVILLE;Manobra de mudança de faixa;Colisão lateral mesmo sentido;Sem Vítimas;Pleno dia;Decrescente;Sol;Dupla;"Reta;Aclive";Sim;2;0;0;0;2;0;0;2;-26,318977;-48,871376;SPRF-SC;DEL03-SC;UOP01-DEL03-SC
580903;13/02/2024;terça-feira;11:05:00;MG;153;46;MONTE ALEGRE DE MINAS;Demais falhas mecânicas ou elétricas;Incêndio;Sem Vítimas;Pleno dia;Decrescente;Céu Claro;Dupla;Aclive;Não;1;0;0;0;1;0;0;1;-18,79564784;-49,08343792;SPRF-MG;DEL15-MG;UOP03-DEL15-MG
580904;13/02/2024;terça-feira;09:40:00;MT;364;391;CUIABA;Demais falhas mecânicas ou elétricas;Colisão traseira;Sem Vítimas;Pleno dia;Decrescente;Céu Claro;Dupla;Reta;Não;2;0;0;0;2;0;0;2;-15,70133417;-55,863696;SPRF-MT;DEL01-MT;UOP02-DEL01-MT
580905;13/02/2024;terça-feira;09:30:00;BA;101;654;ITAPEBI;Chuva;Saída de leito carroçável;Com Vítimas Fatais;Pleno dia;Crescente;Chuva;Simples;Curva;Não;2;1;1;0;0;0;1;1;-16,05214898;-39,61572239;SPRF-BA;DEL05-BA;UOP02-DEL05-BA
580906;13/02/2024;terça-feira;10:10:00;GO;153;200;URUACU;Acessar a via sem observar a presença dos outros veículos;Colisão transversal;Com Vítimas Feridas;Pleno dia;Decrescente;Céu Claro;Simples;"Reta;Interseção de Vias";Sim;6;0;5;0;1;0;5;2;-14,513057;-49,149277;SPRF-GO;DEL07-GO;UOP02-DEL07-GO
580908;13/02/2024;terça-feira;10:30:00;RS;290;203;PANTANO GRANDE;Reação tardia ou ineficiente do condutor;Colisão frontal;Com Vítimas Fatais;Pleno dia;Crescente;Garoa/Chuvisco;Simples;"Em Obras;Reta";Não;2;1;0;0;1;0;0;2;-30,173361;-52,247738;SPRF-RS;DEL02-RS;UOP03-DEL02-RS
580911;13/02/2024;terça-feira;08:30:00;RS;386;155;ALMIRANTE TAMANDARE DO SUL;Ausência de reação do condutor;Saída de leito carroçável;Com Vítimas Feridas;Pleno dia;Decrescente;Chuva;Simples;"Declive;Reta";Não;1;0;1;0;0;0;1;1;-28,117487;-52,853813;SPRF-RS;DEL08-RS;UOP01-DEL08-RS
580914;13/02/2024;terça-feira;11:45:00;PR;376;650;TIJUCAS DO SUL;Manobra de mudança de faixa;Colisão lateral mesmo sentido;Com Vítimas Feridas;Pleno dia;Decrescente;Céu Claro;Dupla;Curva;Não;5;0;2;0;3;0;2;2;-25,84564757;-49,08816197;SPRF-PR;DEL01-PR;UOP04-DEL01-PR
580918;13/02/2024;terça-feira;13:00:00;RS;386;396,9;TRIUNFO;Velocidade Incompatível;Engavetamento;Com Vítimas Feridas;Pleno dia;Decrescente;Chuva;Dupla;"Declive;Retorno Regulamentado;Curva";Não;13;0;2;0;11;0;2;5;-29,73741516;-51,62676215;SPRF-RS;DEL04-RS;UOP02-DEL04-RS
580921;13/02/2024;terça-feira;14:15:00;RS;285;253;GENTIL;Avarias e/ou desgaste excessivo no pneu;Colisão frontal;Sem Vítimas;Pleno dia;Decrescente;Chuva;Simples;Reta;Não;3;0;0;0;3;0;0;2;-28,297823;-52,010067;SPRF-RS;DEL08-RS;UOP03-DEL08-RS
580923;13/02/2024;terça-feira;12:30:00;MG;40;720,8;BARBACENA;Condutor deixou de manter distância do veículo da frente;Colisão traseira;Com Vítimas Feridas;Pleno dia;Decrescente;Céu Claro;Dupla;Reta;Sim;4;0;2;0;2;0;2;2;-21,27884073;-43,64475887;SPRF-MG;DEL05-MG;UOP01-DEL05-MG
580924;13/02/2024;terça-feira;11:15:00;MT;163;688;LUCAS DO RIO VERDE;Mal súbito do condutor;Colisão traseira;Com Vítimas Feridas;Pleno dia;Decrescente;Céu Claro;Simples;Reta;Sim;2;0;1;0;1;0;1;2;-13,17535188;-55,98243627;SPRF-MT;DEL06-MT;UOP01-DEL06-MT
580928;13/02/2024;terça-feira;13:40:00;MG;459;65,9;IPUIUNA;Velocidade Incompatível;Saída de leito carroçável;Com Vítimas Feridas;Pleno dia;Decrescente;Chuva;Simples;"Declive;Curva";Não;2;0;1;0;1;0;1;1;-22,109483;-46,178992;SPRF-MG;DEL09-MG;UOP01-DEL09-MG
580930;13/02/2024;terça-feira;14:00:00;PR;116;111,4;CURITIBA;Problema com o freio;Incêndio;Sem Vítimas;Pleno dia;Crescente;Nublado;Dupla;"Viaduto;Reta";Não;1;0;0;0;1;0;0;1;-25,555932;-49,271817;SPRF-PR;DEL01-PR;UOP07-DEL01-PR
580937;13/02/2024;terça-feira;15:00:00;MG;116;688,6;MURIAE;Velocidade Incompatível;Tombamento;Com Vítimas Feridas;Pleno dia;Crescente;Céu Claro;Simples;"Curva;Declive";Não;2;0;1;1;0;0;2;1;-21,00463422;-42,36667213;SPRF-MG;DEL07-MG;UOP02-DEL07-MG
580946;13/02/2024;terça-feira;14:13:00;SP;381;89;GUARULHOS;Ausência de reação do condutor;Saída de leito carroçável;Com Vítimas Feridas;Pleno dia;Crescente;Céu Claro;Dupla;Reta;Não;1;0;1;0;0;0;1;1;-23,497294;-46,559729;SPRF-SP;DEL03-SP;UOP01-DEL03-SP
580972;13/02/2024;terça-feira;09:00:00;MT;158;701;BARRA DO GARCAS;Falta de acostamento;Tombamento;Sem Vítimas;Pleno dia;Crescente;Céu Claro;Simples;Reta;Não;1;0;0;0;1;0;0;1;-15,06504599;-52,22600396;SPRF-MT;DEL07-MT;UOP01-DEL07-MT
580984;13/02/2024;terça-feira;20:00:00;MG;365;406,6;PATOS DE MINAS;Conversão proibida;Colisão transversal;Com Vítimas Fatais;Plena Noite;Decrescente;Céu Claro;Múltipla;Reta;Não;4;1;2;0;1;0;2;2;-18,64784618;-46,50720896;SPRF-MG;DEL10-MG;UOP01-DEL10-MG
580989;13/02/2024;terça-feira;19:50:00;MG;251;449;GRAO MOGOL;Velocidade Incompatível;Colisão com objeto;Sem Vítimas;Plena Noite;Decrescente;Céu Claro;Simples;Curva;Não;1;0;0;0;1;0;0;1;-16,420528;-43,28967;SPRF-MG;DEL12-MG;UOP01-DEL12-MG
580992;13/02/2024;terça-feira;14:00:00;PA;163;598;ITAITUBA;Velocidade Incompatível;Tombamento;Com Vítimas Feridas;Pleno dia;Decrescente;Céu Claro;Simples;"Curva;Declive";Não;2;0;1;0;1;0;1;1;-4,84994898;-56,15879205;SPRF-PA;DEL05-PA;UOP02-DEL05-PA
580995;13/02/2024;terça-feira;20:35:00;MG;381;513,4;IGARAPE;Ingestão de álcool pelo condutor;Colisão com objeto;Com Vítimas Feridas;Plena Noite;Decrescente;Céu Claro;Dupla;"Reta;Declive";Sim;2;0;1;1;0;0;2;2;-20,07842424;-44,30485725;SPRF-MG;DEL01-MG;UOP03-DEL01-MG
581000;13/02/2024;terça-feira;21:00:00;MG;381;483,5;BETIM;Velocidade Incompatível;Tombamento;Com Vítimas Feridas;Pleno dia;Crescente;Céu Claro;Dupla;Reta;Sim;2;0;0;1;0;1;1;2;-19,9589907;-44,0908354;SPRF-MG;DEL01-MG;UOP03-DEL01-MG
581005;13/02/2024;terça-feira;21:30:00;PR;277;1;PARANAGUA;Ausência de reação do condutor;Colisão traseira;Com Vítimas Feridas;Plena Noite;Decrescente;Nublado;Simples;Reta;Sim;2;0;0;1;1;0;1;2;-25,568198;-48,615292;SPRF-PR;DEL01-PR;UOP05-DEL01-PR
581011;13/02/2024;terça-feira;19:00:00;MA;10;187,7;RIBAMAR FIQUENE;Acesso irregular;Colisão frontal;Com Vítimas Feridas;Plena Noite;Crescente;Céu Claro;Simples;"Aclive;Reta";Sim;4;0;1;1;2;0;2;3;-6,089414;-47,381809;SPRF-MA;DEL04-MA;UOP02-DEL04-MA
581012;13/02/2024;terça-feira;20:20:00;BA;116;476;SANTO ESTEVAO;Demais falhas mecânicas ou elétricas;Saída de leito carroçável;Sem Vítimas;Plena Noite;Decrescente;Céu Claro;Dupla;Reta;Não;1;0;0;0;1;0;0;1;-12,49267041;-39,3355288;SPRF-BA;DEL02-BA;UOP01-DEL02-BA
581030;13/02/2024;terça-feira;23:15:00;GO;153;310,1;RIALMA;Condutor Dormindo;Colisão lateral sentido oposto;Com Vítimas Feridas;Plena Noite;Crescente;Céu Claro;Simples;Curva;Não;4;0;1;0;3;0;1;2;-15,395206;-49,54552;SPRF-GO;DEL02-GO;UOP02-DEL02-GO
581031;13/02/2024;terça-feira;23:30:00;MT;364;523,5;ROSARIO OESTE;Manobra de mudança de faixa;Colisão lateral sentido oposto;Com Vítimas Feridas;Plena Noite;Crescente;Céu Claro;Simples;Reta;Não;3;0;2;0;1;0;2;2;-15,05826498;-56,51689234;SPRF-MT;DEL01-MT;UOP01-DEL01-MT
581038;14/02/2024;quarta-feira;02:59:00;PR;376;665;GUARATUBA;Problema com o freio;Saída de leito carroçável;Com Vítimas Feridas;Plena Noite;Crescente;Nublado;Simples;Curva;Não;1;0;0;1;0;0;1;1;-25,85455838;-48,95670808;SPRF-PR;DEL01-PR;UOP04-DEL01-PR
581039;14/02/2024;quarta-feira;02:50:00;SC;470;54;BLUMENAU;Reação tardia ou ineficiente do condutor;Colisão frontal;Com Vítimas Feridas;Plena Noite;Decrescente;Chuva;Dupla;Reta;Sim;2;0;1;0;1;0;1;2;-26,871065;-49,110374;SPRF-SC;DEL04-SC;UOP01-DEL04-SC
581047;14/02/2024;quarta-feira;04:17:00;MT;364;350;SANTO ANTONIO DO LEVERGER;Ausência de reação do condutor;Saída de leito carroçável;Com Vítimas Feridas;Amanhecer;Crescente;Céu Claro;Dupla;Curva;Não;1;0;1;0;0;0;1;1;-15,80518241;-55,55686807;SPRF-MT;DEL05-MT;UOP02-DEL05-MT
581052;14/02/2024;quarta-feira;04:10:00;SC;280;102,5;SAO BENTO DO SUL;Pista Escorregadia;Colisão com objeto;Com Vítimas Feridas;Plena Noite;Decrescente;Chuva;Simples;"Curva;Declive";Não;1;0;1;0;0;0;1;1;-26,35991955;-49,34605837;SPRF-SC;DEL06-SC;UOP03-DEL06-SC