id;data_inversa;dia_semana;horario;uf;br;km;municipio;causa_acidente;tipo_acidente;classificacao_acidente;fase_dia;sentido_via;condicao_metereologica;tipo_pista;tracado_via;uso_solo;pessoas;mortos;feridos_leves;feridos_graves;ilesos;ignorados;feridos;veiculos;latitude;longitude;regional;delegacia;uop
581054;13/02/2024;terça-feira;06:20:00;AL;101;119;SAO MIGUEL DOS CAMPOS;Declive acentuado;Colisão lateral mesmo sentido;Sem Vítimas;Pleno dia;Decrescente;Chuva;Simples;"Curva;Desvio Temporário;Aclive";Não;2;0;0;0;2;0;0;2;-9,68088104;-36,03736984;SPRF-AL;DEL02-AL;UOP01-DEL02-AL
581058;14/02/2024;quarta-feira;07:20:00;PE;428;186;PETROLINA;Acessar a via sem observar a presença dos outros veículos;Colisão transversal;Com Vítimas Feridas;Pleno dia;Crescente;Sol;Dupla;Interseção de Vias;Não;2;0;1;0;1;0;1;2;-9,34807826;-40,47441248;SPRF-PE;DEL06-PE;UOP01-DEL06-PE
581061;14/02/2024;quarta-feira;07:00:00;RS;290;607;ALEGRETE;Transitar na contramão;Colisão transversal;Com Vítimas Feridas;Amanhecer;Decrescente;Céu Claro;Simples;"Em Obras;Declive;Reta";Não;2;0;1;0;1;0;1;2;-29,899818;-56,023525;SPRF-RS;DEL13-RS;UOP02-DEL13-RS
581065;13/02/2024;terça-feira;17:30:00;PA;308;226;AUGUSTO CORREA;Carga excessiva e/ou mal acondicionada;Capotamento;Sem Vítimas;Pleno dia;Crescente;Céu Claro;Simples;"Reta;Ponte";Não;1;0;0;0;1;0;0;1;-1,13217038;-46,62461205;SPRF-PA;DEL01-PA;UOP03-DEL01-PA
581070;10/02/2024;sábado;11:30:00;MT;158;697;BARRA DO GARCAS;Ausência de reação do condutor;Colisão traseira;Sem Vítimas;Pleno dia;Decrescente;Céu Claro;Simples;Reta;Sim;4;0;0;0;4;0;0;4;-15,031419;-52,23907;SPRF-MT;DEL07-MT;UOP01-DEL07-MT
581076;14/02/2024;quarta-feira;07:50:00;MT;364;579;DIAMANTINO;Ausência de reação do condutor;Saída de leito carroçável;Com Vítimas Feridas;Pleno dia;Decrescente;Céu Claro;Dupla;"Declive;Curva";Não;1;0;1;0;0;0;1;1;-14,66298789;-56,29936934;SPRF-MT;DEL01-MT;UOP01-DEL01-MT
581077;14/02/2024;quarta-feira;06:30:00;MT;364;240,6;JUSCIMEIRA;Condutor deixou de manter distância do veículo da frente;Colisão lateral mesmo sentido;Sem Vítimas;Pleno dia;Decrescente;Sol;Dupla;Reta;Não;2;0;0;0;2;0;0;2;-16,17914141;-54,78905337;SPRF-MT;DEL02-MT;UOP01-DEL02-MT
581078;14/02/2024;quarta-feira;08:00:00;SC;101;23,5;JOINVILLE;Reação tardia ou ineficiente do condutor;Colisão traseira;Sem Vítimas;Pleno dia;Crescente;Chuva;Dupla;Reta;Não;3;0;0;0;3;0;0;3;-26,16582501;-48,90742427;SPRF-SC;DEL03-SC;UOP01-DEL03-SC
581090;14/02/2024;quarta-feira;10:25:00;PE;232;9;RECIFE;Frear bruscamente;Colisão traseira;Com Vítimas Feridas;Pleno dia;Crescente;Céu Claro;Múltipla;"Aclive;Viaduto";Sim;4;0;1;0;2;1;1;3;-8,07764447;-34,97863609;SPRF-PE;DEL01-PE;UOP01-DEL01-PE
581091;14/02/2024;quarta-feira;10:10:00;SP;116;283;EMBU DAS ARTES;Manobra de mudança de faixa;Colisão lateral mesmo sentido;Com Vítimas Feridas;Pleno dia;Decrescente;Céu Claro;Dupla;Reta;Sim;3;0;2;0;1;0;2;2;-23,69297005;-46,86352786;SPRF-SP;DEL04-SP;UOP01-DEL04-SP
581094;14/02/2024;quarta-feira;11:15:00;RN;304;24;MOSSORO;Ausência de reação do condutor;Engavetamento;Com Vítimas Feridas;Pleno dia;Crescente;Céu Claro;Simples;Reta;Não;5;0;1;0;4;0;1;3;-5,06488233;-37,33287055;SPRF-RN;DEL04-RN;UOP02-DEL04-RN
581095;14/02/2024;quarta-feira;10:45:00;PR;376;145,5;PRESIDENTE CASTELO BRANCO;Frear bruscamente;Colisão traseira;Com Vítimas Feridas;Pleno dia;Decrescente;Céu Claro;Dupla;Reta;Não;5;0;1;0;4;0;1;3;-23,279581;-52,150963;SPRF-PR;DEL09-PR;UOP02-DEL09-PR
581097;14/02/2024;quarta-feira;11:40:00;MG;381;450;SABARA;Velocidade Incompatível;Tombamento;Com Vítimas Feridas;Pleno dia;Crescente;Sol;Simples;Curva;Não;6;0;4;0;1;1;4;3;-19,84130639;-43,87176902;SPRF-MG;DEL01-MG;UOP01-DEL01-MG
581102;14/02/2024;quarta-feira;11:00:00;TO;153;458;BARROLANDIA;Acessar a via sem observar a presença dos outros veículos;Colisão traseira;Com Vítimas Feridas;Pleno dia;Crescente;Céu Claro;Simples;"Reta;Declive";Não;3;0;1;0;1;1;1;2;-9,89758498;-48,72901812;SPRF-TO;DEL01-TO;UOP01-DEL01-TO
581104;14/02/2024;quarta-feira;11:30:00;PR;277;24,6;MORRETES;Trafegar com motocicleta (ou similar) entre as faixas;Tombamento;Com Vítimas Fatais;Pleno dia;Crescente;Garoa/Chuvisco;Dupla;Reta;Não;3;1;1;0;1;0;1;2;-25,52797541;-48,73800695;SPRF-PR;DEL01-PR;UOP05-DEL01-PR
581105;14/02/2024;quarta-feira;09:30:00;PR;163;33,3;SANTO ANTONIO DO SUDOESTE;Reação tardia ou ineficiente do condutor;Queda de ocupante de veículo;Com Vítimas Feridas;Pleno dia;Crescente;Nublado;Simples;Reta;Sim;2;0;1;0;1;0;1;2;-26,08292;-53,716543;SPRF-PR;DEL02-PR;UOP02-DEL02-PR
581116;14/02/2024;quarta-feira;13:20:00;RS;285;120,7;VACARIA;Acessar a via sem observar a presença dos outros veículos;Colisão lateral mesmo sentido;Com Vítimas Feridas;Pleno dia;Crescente;Nublado;Simples;"Declive;Reta";Sim;4;0;1;0;3;0;1;3;-28,51029479;-50,93502045;SPRF-RS;DEL05-RS;UOP03-DEL05-RS
581122;14/02/2024;quarta-feira;12:10:00;GO;153;529,3;HIDROLANDIA;Manobra de mudança de faixa;Saída de leito carroçável;Com Vítimas Feridas;Pleno dia;Decrescente;Céu Claro;Dupla;Declive;Sim;2;0;2;0;0;0;2;1;-16,9603;-49,2384;SPRF-GO;DEL01-GO;UOP03-DEL01-GO
581125;14/02/2024;quarta-feira;14:15:00;BA;116;426,5;FEIRA DE SANTANA;Demais falhas na via;Tombamento;Com Vítimas Feridas;Pleno dia;Decrescente;Sol;Dupla;"Curva;Aclive";Não;2;0;1;0;1;0;1;1;-12,24420407;-38,98563987;SPRF-BA;DEL02-BA;UOP01-DEL02-BA
581127;14/02/2024;quarta-feira;11:35:00;RJ;101;425;MANGARATIBA;Acessar a via sem observar a presença dos outros veículos;Colisão transversal;Com Vítimas Feridas;Pleno dia;Crescente;Sol;Simples;Aclive;Sim;3;0;1;0;2;0;1;2;-22,92618815;-43,96323294;SPRF-RJ;DEL03-RJ;UOP02-DEL03-RJ
581128;14/02/2024;quarta-feira;14:10:00;SC;101;175;BIGUACU;Velocidade Incompatível;Saída de leito carroçável;Com Vítimas Feridas;Pleno dia;Decrescente;Garoa/Chuvisco;Simples;Curva;Não;2;0;2;0;0;0;2;1;-27,33963303;-48,62734885;SPRF-SC;DEL01-SC;UOP01-DEL01-SC
581130;14/02/2024;quarta-feira;13:30:00;PR;116;12;CAMPINA GRANDE DO SUL;Velocidade Incompatível;Colisão com objeto;Sem Vítimas;Pleno dia;Crescente;Chuva;Dupla;Curva;Não;1;0;0;0;1;0;0;1;-25,09706813;-48,65517895;SPRF-PR;DEL01-PR;UOP02-DEL01-PR
581134;14/02/2024;quarta-feira;10:00:00;MG;381;528;ITATIAIUCU;Demais falhas mecânicas ou elétricas;Colisão com objeto;Com Vítimas Feridas;Pleno dia;Decrescente;Céu Claro;Dupla;"Curva;Aclive";Não;1;0;1;0;0;0;1;1;-20,16368096;-44,36025002;SPRF-MG;DEL04-MG;UOP03-DEL04-MG
581135;14/02/2024;quarta-feira;15:25:00;SC;101;115;ITAJAI;Trafegar com motocicleta (ou similar) entre as faixas;Colisão traseira;Com Vítimas Feridas;Pleno dia;Decrescente;Nublado;Múltipla;Reta;Não;4;0;1;0;3;0;1;4;-26,87064015;-48,72954134;SPRF-SC;DEL04-SC;UOP04-DEL04-SC
581141;14/02/2024;quarta-feira;16:00:00;PR;376;650,8;TIJUCAS DO SUL;Velocidade Incompatível;Colisão com objeto;Com Vítimas Feridas;Pleno dia;Crescente;Chuva;Dupla;"Reta;Declive";Não;2;0;1;0;0;1;1;2;-25,84564757;-49,08816197;SPRF-PR;DEL01-PR;UOP04-DEL01-PR
581143;14/02/2024;quarta-feira;15:20:00;PR;376;530,3;PONTA GROSSA;Ausência de reação do condutor;Colisão lateral mesmo sentido;Com Vítimas Feridas;Pleno dia;Crescente;Chuva;Dupla;Declive;Não;8;0;2;0;6;0;2;4;-25,33411669;-49,85609969;SPRF-PR;DEL03-PR;UOP04-DEL03-PR
581154;14/02/2024;quarta-feira;15:30:00;SC;280;128,6;RIO NEGRINHO;Condutor deixou de manter distância do veículo da frente;Engavetamento;Com Vítimas Feridas;Pleno dia;Decrescente;Garoa/Chuvisco;Simples;Reta;Sim;6;0;3;0;2;1;3;6;-26,24317941;-49,51320018;SPRF-SC;DEL06-SC;UOP03-DEL06-SC
581157;14/02/2024;quarta-feira;17:25:00;GO;153;500;GOIANIA;Ausência de reação do condutor;Colisão traseira;Com Vítimas Feridas;Pleno dia;Crescente;Céu Claro;Dupla;Reta;Sim;2;0;1;0;1;0;1;2;-16,7118;-49,2324;SPRF-GO;DEL01-GO;UOP01-DEL01-GO
581170;14/02/2024;quarta-feira;17:50:00;SP;381;56;MAIRIPORA;Reação tardia ou ineficiente do condutor;Colisão traseira;Com Vítimas Feridas;Anoitecer;Crescente;Chuva;Múltipla;"Reta;Declive";Sim;3;0;1;0;2;0;1;2;-23,25907163;-46,58982662;SPRF-SP;DEL03-SP;UOP01-DEL03-SP
581171;14/02/2024;quarta-feira;18:30:00;SC;101;121;ITAJAI;Reação tardia ou ineficiente do condutor;Engavetamento;Com Vítimas Feridas;Pleno dia;Decrescente;Nublado;Múltipla;Reta;Não;6;0;0;1;5;0;1;5;-26,92103178;-48,70856446;SPRF-SC;DEL04-SC;UOP04-DEL04-SC
581178;14/02/2024;quarta-feira;18:05:00;MS;163;543;BANDEIRANTES;Velocidade Incompatível;Colisão traseira;Com Vítimas Feridas;Anoitecer;Crescente;Céu Claro;Simples;Declive;Não;3;0;2;0;1;0;2;2;-19,96315981;-54,37880145;SPRF-MS;DEL01-MS;UOP02-DEL01-MS
581182;14/02/2024;quarta-feira;18:30:00;SP;116;414;JUQUIA;Pista Escorregadia;Colisão com objeto;Com Vítimas Feridas;Anoitecer;Decrescente;Chuva;Dupla;Curva;Sim;2;0;1;0;0;1;1;2;-24,33164;-47,632774;SPRF-SP;DEL05-SP;UOP01-DEL05-SP
581190;14/02/2024;quarta-feira;16:50:00;MG;153;12,1;ARAPORA;Ausência de reação do condutor;Saída de leito carroçável;Com Vítimas Feridas;Pleno dia;Decrescente;Nublado;Dupla;"Reta;Aclive";Não;2;0;1;0;0;1;1;2;-18,52415703;-49,19080383;SPRF-MG;DEL15-MG;UOP03-DEL15-MG
581191;14/02/2024;quarta-feira;18:59:00;ES;101;117,9;SOORETAMA;Ausência de reação do condutor;Colisão lateral sentido oposto;Com Vítimas Feridas;Plena Noite;Crescente;Nublado;Simples;Reta;Não;3;0;0;1;2;0;1;3;-19,11932808;-40,06302982;SPRF-ES;DEL04-ES;UOP01-DEL04-ES
581199;14/02/2024;quarta-feira;17:15:00;PI;316;9;TERESINA;Manobra de mudança de faixa;Colisão traseira;Com Vítimas Feridas;Pleno dia;Decrescente;Céu Claro;Múltipla;Reta;Sim;2;0;1;0;1;0;1;2;-5,17381686;-42,76624952;SPRF-PI;DEL01-PI;UOP02-DEL01-PI
581203;14/02/2024;quarta-feira;16:20:00;MG;262;651,8;IBIA;Ultrapassagem Indevida;Colisão lateral sentido oposto;Com Vítimas Feridas;Pleno dia;Crescente;Céu Claro;Simples;Curva;Não;7;0;2;3;2;0;5;2;-19,57399291;-46,64068393;SPRF-MG;DEL08-MG;UOP01-DEL08-MG
581206;14/02/2024;quarta-feira;16:10:00;SC;282;64,2;RANCHO QUEIMADO;Velocidade Incompatível;Colisão frontal;Com Vítimas Fatais;Pleno dia;Crescente;Chuva;Simples;"Curva;Aclive";Não;2;1;0;0;1;0;0;2;-27,6972083;-49,0548425;SPRF-SC;DEL01-SC;UOP03-DEL01-SC
581210;14/02/2024;quarta-feira;17:30:00;PR;373;382;CANDOI;Carga excessiva e/ou mal acondicionada;Tombamento;Com Vítimas Feridas;Anoitecer;Crescente;Chuva;Simples;"Aclive;Curva";Não;1;0;1;0;0;0;1;1;-25,45986871;-51,95529605;SPRF-PR;DEL04-PR;UOP02-DEL04-PR
581216;14/02/2024;quarta-feira;20:30:00;MG;251;472,2;FRANCISCO SA;Demais falhas mecânicas ou elétricas;Saída de leito carroçável;Com Vítimas Feridas;Plena Noite;Crescente;Céu Claro;Simples;Curva;Não;1;0;1;0;0;0;1;1;-16,47178962;-43,42554331;SPRF-MG;DEL12-MG;UOP01-DEL12-MG
581226;15/02/2024;quinta-feira;02:50:00;MG;40;501;ESMERALDAS;Transitar na contramão;Colisão transversal;Com Vítimas Feridas;Plena Noite;Decrescente;Céu Claro;Dupla;"Aclive;Reta";Não;4;0;1;1;2;0;2;2;-19,70735708;-44,16736508;SPRF-MG;DEL02-MG;UOP01-DEL02-MG
581232;15/02/2024;quinta-feira;00:00:00;BA;407;48;JUAZEIRO;Ausência de reação do condutor;Capotamento;Com Vítimas Feridas;Plena Noite;Crescente;Nublado;Simples;Reta;Não;2;0;2;0;0;0;2;1;-9,79759009;-40,32393919;SPRF-BA;DEL04-BA;UOP01-DEL04-BA
581235;15/02/2024;quinta-feira;04:50:00;RJ;493;15;GUAPIMIRIM;Pedestre andava na pista;Atropelamento de Pedestre;Com Vítimas Feridas;Amanhecer;Crescente;Garoa/Chuvisco;Simples;Curva;Sim;2;0;1;0;1;0;1;2;-22,66373586;-42,996068;SPRF-RJ;DEL04-RJ;UOP02-DEL04-RJ
581237;15/02/2024;quinta-feira;05:10:00;AL;101;192;JUNQUEIRO;Ausência de reação do condutor;Colisão frontal;Com Vítimas Feridas;Amanhecer;Crescente;Céu Claro;Simples;"Curva;Declive";Não;3;0;1;2;0;0;3;2;-9,9310339;-36,47516;SPRF-AL;DEL02-AL;UOP02-DEL02-AL
581239;15/02/2024;quinta-feira;06:38:00;MG;262;376,6;JUATUBA;Ausência de reação do condutor;Colisão com objeto;Com Vítimas Fatais;Pleno dia;Crescente;Nublado;Dupla;Reta;Sim;4;1;2;1;0;0;3;2;-19,95649717;-44,346577;SPRF-MG;DEL01-MG;UOP03-DEL01-MG
581240;15/02/2024;quinta-feira;03:20:00;SP;116;516;CAJATI;Reação tardia ou ineficiente do condutor;Tombamento;Com Vítimas Feridas;Plena Noite;Decrescente;Chuva;Simples;"Curva;Declive;Ponte";Não;1;0;1;0;0;0;1;1;-24,87423036;-48,2190838;SPRF-SP;DEL05-SP;UOP02-DEL05-SP
581248;15/02/2024;quinta-feira;06:42:00;TO;153;347,3;GUARAI;Conversão proibida;Saída de leito carroçável;Com Vítimas Feridas;Pleno dia;Crescente;Céu Claro;Simples;Reta;Não;3;0;2;0;1;0;2;2;-8,84481597;-48,5107318;SPRF-TO;DEL02-TO;UOP02-DEL02-TO
581253;15/02/2024;quinta-feira;07:23:00;SP;116;74,5;APARECIDA;Acumulo de água sobre o pavimento;Colisão lateral mesmo sentido;Com Vítimas Feridas;Pleno dia;Decrescente;Chuva;Dupla;Aclive;Sim;2;0;1;0;1;0;1;2;-22,87353809;-45,25320023;SPRF-SP;DEL08-SP;UOP01-DEL08-SP
581254;15/02/2024;quinta-feira;06:15:00;RJ;116;169,9;RIO DE JANEIRO;Reação tardia ou ineficiente do condutor;Colisão traseira;Com Vítimas Feridas;Pleno dia;Decrescente;Nublado;Dupla;Reta;Sim;2;0;1;0;1;0;1;2;-22,816206;-43,324463;SPRF-RJ;DEL06-RJ;UOP01-DEL06-RJ
581264;15/02/2024;quinta-feira;08:15:00;MG;40;801,4;MATIAS BARBOSA;Chuva;Saída de leito carroçável;Com Vítimas Feridas;Pleno dia;Decrescente;Chuva;Dupla;"Aclive;Curva";Não;2;0;1;0;1;0;1;2;-21,84672919;-43,37899486;SPRF-MG;DEL05-MG;UOP01-DEL05-MG
581266;15/02/2024;quinta-feira;06:00:00;PR;277;283,4;PRUDENTOPOLIS;Ausência de reação do condutor;Saída de leito carroçável;Com Vítimas Feridas;Pleno dia;Decrescente;Chuva;Simples;Curva;Não;1;0;0;1;0;0;1;1;-25,31609767;-51,00059509;SPRF-PR;DEL08-PR;UOP02-DEL08-PR
581267;15/02/2024;quinta-feira;08:35:00;SC;101;114,3;ITAJAI;Ausência de reação do condutor;Colisão lateral mesmo sentido;Com Vítimas Feridas;Pleno dia;Decrescente;Nublado;Dupla;Reta;Não;3;0;1;0;2;0;1;2;-26,86192886;-48,7286704;SPRF-SC;DEL04-SC;UOP04-DEL04-SC
581270;15/02/2024;quinta-feira;09:40:00;DF;251;7;BRASILIA;Acessar a via sem observar a presença dos outros veículos;Colisão transversal;Com Vítimas Feridas;Pleno dia;Decrescente;Céu Claro;Simples;Reta;Sim;2;0;1;0;1;0;1;2;-15,998561;-47,565559;SPRF-DF;DEL01-DF;UOP01-DEL01-DF
581275;15/02/2024;quinta-feira;10:50:00;PR;116;40;CAMPINA GRANDE DO SUL;Frear bruscamente;Colisão traseira;Com Vítimas Feridas;Pleno dia;Decrescente;Garoa/Chuvisco;Múltipla;Reta;Não;4;0;1;0;3;0;1;3;-25,16445203;-48,86237697;SPRF-PR;DEL01-PR;UOP02-DEL01-PR
581278;15/02/2024;quinta-feira;10:15:00;SP;381;76,5;SAO PAULO;Velocidade Incompatível;Tombamento;Sem Vítimas;Pleno dia;Crescente;Garoa/Chuvisco;Dupla;"Curva;Declive";Não;1;0;0;0;1;0;0;1;-23,38372401;-46,56502116;SPRF-SP;DEL03-SP;UOP01-DEL03-SP
581288;15/02/2024;quinta-feira;11:20:00;MT;163;1023;TERRA NOVA DO NORTE;Transitar na contramão;Colisão frontal;Com Vítimas Feridas;Pleno dia;Crescente;Céu Claro;Simples;Reta;Não;2;0;0;1;1;0;1;2;-10,42214799;-55,05698507;SPRF-MT;DEL06-MT;UOP03-DEL06-MT
581292;15/02/2024;quinta-feira;08:45:00;RS;285;207;LAGOA VERMELHA;Ultrapassagem Indevida;Colisão lateral mesmo sentido;Com Vítimas Feridas;Pleno dia;Decrescente;Nublado;Simples;Reta;Não;4;0;2;0;2;0;2;2;-28,22011;-51,588711;SPRF-RS;DEL08-RS;UOP05-DEL08-RS
581293;15/02/2024;quinta-feira;11:50:00;PB;101;119,3;CAAPORA;Demais falhas mecânicas ou elétricas;Colisão com objeto;Sem Vítimas;Pleno dia;Decrescente;Nublado;Dupla;"Desvio Temporário;Aclive;Reta";Não;1;0;0;0;1;0;0;1;-7,43090049;-34,96810913;SPRF-PB;DEL01-PB;UOP02-DEL01-PB
581295;15/02/2024;quinta-feira;07:30:00;RO;435;35,7;VILHENA;Transitar na contramão;Colisão frontal;Sem Vítimas;Pleno dia;Crescente;Céu Claro;Simples;Declive;Não;2;0;0;0;2;0;0;2;-12,84736708;-60,37897271;SPRF-RO;DEL04-RO;UOP02-DEL04-RO
581298;15/02/2024;quinta-feira;13:00:00;AL;101;121;PILAR;Demais falhas na via;Colisão com objeto;Com Vítimas Feridas;Pleno dia;Decrescente;Céu Claro;Simples;Aclive;Não;1;0;1;0;0;0;1;1;-9,68088104;-36,03736984;SPRF-AL;DEL02-AL;UOP01-DEL02-AL
581299;15/02/2024;quinta-feira;09:40:00;SC;101;94,5;BARRA VELHA;Desrespeitar a preferência no cruzamento;Colisão transversal;Com Vítimas Feridas;Pleno dia;Decrescente;Céu Claro;Simples;"Interseção de Vias;Viaduto";Sim;3;0;0;1;2;0;1;3;-26,69940401;-48,69902784;SPRF-SC;DEL03-SC;UOP02-DEL03-SC
581302;15/02/2024;quinta-feira;13:45:00;SC;153;97;CONCORDIA;Acessar a via sem observar a presença dos outros veículos;Colisão transversal;Com Vítimas Feridas;Pleno dia;Crescente;Chuva;Simples;Rotatória;Sim;2;0;1;0;1;0;1;2;-27,22456262;-51,95003271;SPRF-SC;DEL07-SC;UOP04-DEL07-SC
581305;15/02/2024;quinta-feira;13:30:00;RS;285;566;SAO LUIZ GONZAGA;Acessar a via sem observar a presença dos outros veículos;Colisão transversal;Com Vítimas Feridas;Pleno dia;Crescente;Nublado;Simples;Curva;Sim;3;0;1;0;2;0;1;2;-28,41718287;-54,93812084;SPRF-RS;DEL10-RS;UOP01-DEL10-RS
581309;15/02/2024;quinta-feira;12:15:00;GO;20;199,7;POSSE;Condutor Dormindo;Colisão lateral sentido oposto;Com Vítimas Feridas;Pleno dia;Decrescente;Sol;Simples;"Declive;Reta";Não;3;0;0;1;2;0;1;2;-14,322757;-46,443226;SPRF-DF;DEL02-DF;UOP03-DEL02-DF
581312;15/02/2024;quinta-feira;09:00:00;MT;70;94;GENERAL CARNEIRO;Velocidade Incompatível;Saída de leito carroçável;Sem Vítimas;Pleno dia;Decrescente;Céu Claro;Simples;Curva;Não;4;0;0;0;1;3;0;2;-15,57393657;-52,89453804;SPRF-MT;DEL07-MT;UOP01-DEL07-MT
581313;10/02/2024;sábado;03:15:00;PR;163;315;TERRA ROXA;Ausência de reação do condutor;Saída de leito carroçável;Com Vítimas Feridas;Plena Noite;Decrescente;Ignorado;Simples;Reta;Não;1;0;1;0;0;0;1;1;-24,38679711;-54,15455126;SPRF-PR;DEL06-PR;UOP02-DEL06-PR
581316;11/02/2024;domingo;11:00:00;BA;242;187;ITABERABA;Acessar a via sem observar a presença dos outros veículos;Colisão transversal;Com Vítimas Feridas;Pleno dia;Crescente;Nublado;Simples;Reta;Não;2;0;0;1;1;0;1;2;-12,51278988;-39,93116205;SPRF-BA;DEL06-BA;UOP02-DEL06-BA
581318;15/02/2024;quinta-feira;13:05:00;ES;101;283;CARIACICA;Manobra de mudança de faixa;Colisão lateral mesmo sentido;Com Vítimas Feridas;Pleno dia;Decrescente;Céu Claro;Dupla;Reta;Sim;3;0;1;0;2;0;1;2;-20,23438373;-40,3693577;SPRF-ES;DEL01-ES;UOP01-DEL01-ES
581321;15/02/2024;quinta-feira;13:50:00;RJ;101;195,1;CASIMIRO DE ABREU;Chuva;Saída de leito carroçável;Com Vítimas Feridas;Pleno dia;Decrescente;Céu Claro;Dupla;Curva;Não;4;0;0;1;3;0;1;1;-22,49291972;-42,10082991;SPRF-RJ;DEL08-RJ;UOP04-DEL08-RJ
581323;15/02/2024;quinta-feira;14:50:00;MG;381;501,9;BETIM;Acessar a via sem observar a presença dos outros veículos;Colisão lateral mesmo sentido;Com Vítimas Feridas;Pleno dia;Crescente;Céu Claro;Dupla;Interseção de Vias;Não;4;0;1;0;2;1;1;3;-20,03146447;-44,2377893;SPRF-MG;DEL01-MG;UOP03-DEL01-MG
581330;15/02/2024;quinta-feira;06:30:00;SC;282;73,1;RANCHO QUEIMADO;Reação tardia ou ineficiente do condutor;Tombamento;Com Vítimas Feridas;Pleno dia;Decrescente;Nublado;Simples;Reta;Não;1;0;1;0;0;0;1;1;-27,681437;-49,113388;SPRF-SC;DEL01-SC;UOP03-DEL01-SC
581333;15/02/2024;quinta-feira;14:56:00;PR;116;120,5;CURITIBA;Animais na Pista;Engavetamento;Com Vítimas Feridas;Pleno dia;Decrescente;Nublado;Dupla;Reta;Não;8;0;3;0;5;0;3;5;-25,55122256;-49,30503748;SPRF-PR;DEL01-PR;UOP03-DEL01-PR
581335;15/02/2024;quinta-feira;14:59:00;MS;163;158;JUTI;Problema com o freio;Colisão traseira;Com Vítimas Feridas;Pleno dia;Crescente;Nublado;Simples;Declive;Não;7;0;3;1;2;1;4;3;-22,92723393;-54,494378;SPRF-MS;DEL09-MS;UOP01-DEL09-MS
581336;15/02/2024;quinta-feira;15:45:00;RS;470;225;GARIBALDI;Acessar a via sem observar a presença dos outros veículos;Colisão transversal;Com Vítimas Feridas;Pleno dia;Crescente;Nublado;Simples;Rotatória;Sim;2;0;1;0;1;0;1;2;-29,24660013;-51,51601374;SPRF-RS;DEL06-RS;UOP01-DEL06-RS
581337;15/02/2024;quinta-feira;15:00:00;PR;476;76,8;BOCAIUVA DO SUL;Frear bruscamente;Colisão frontal;Com Vítimas Fatais;Pleno dia;Crescente;Garoa/Chuvisco;Simples;"Declive;Reta";Não;2;1;0;0;1;0;0;2;-25,10540022;-49,11043167;SPRF-PR;DEL01-PR;UOP01-DEL01-PR
581338;15/02/2024;quinta-feira;09:05:00;BA;116;601,9;IRAJUBA;Demais falhas mecânicas ou elétricas;Incêndio;Sem Vítimas;Pleno dia;Decrescente;Céu Claro;Simples;Reta;Não;1;0;0;0;1;0;0;1;-13,21447505;-40,02668493;SPRF-BA;DEL03-BA;UOP02-DEL03-BA
581341;15/02/2024;quinta-feira;14:00:00;MG;116;3,2;DIVISA ALEGRE;Conversão proibida;Colisão lateral mesmo sentido;Com Vítimas Fatais;Pleno dia;Decrescente;Céu Claro;Simples;Reta;Sim;3;1;1;0;1;0;1;2;-15,72873841;-41,34327119;SPRF-BA;DEL08-BA;UOP03-DEL08-BA
581343;15/02/2024;quinta-feira;16:00:00;MG;381;848;POUSO ALEGRE;Frear bruscamente;Colisão com objeto;Com Vítimas Feridas;Pleno dia;Decrescente;Nublado;Dupla;Reta;Não;4;0;3;0;1;0;3;2;-22,26114406;-45,89010176;SPRF-MG;DEL16-MG;UOP01-DEL16-MG
581354;15/02/2024;quinta-feira;15:00:00;BA;101;724;EUNAPOLIS;Reação tardia ou ineficiente do condutor;Saída de leito carroçável;Com Vítimas Feridas;Pleno dia;Decrescente;Céu Claro;Simples;"Declive;Curva";Não;1;0;1;0;0;0;1;1;-16,41636774;-39,5847702;SPRF-BA;DEL09-BA;UOP01-DEL09-BA
581366;15/02/2024;quinta-feira;17:50:00;MG;251;522,3;MONTES CLAROS;Chuva;Colisão frontal;Com Vítimas Fatais;Anoitecer;Crescente;Chuva;Simples;"Reta;Declive";Não;13;3;4;6;0;0;10;2;-16,6754567;-43,7987724;SPRF-MG;DEL12-MG;UOP01-DEL12-MG
581368;15/02/2024;quinta-feira;17:07:00;TO;153;482;PARAISO DO TOCANTINS;Reação tardia ou ineficiente do condutor;Saída de leito carroçável;Com Vítimas Feridas;Pleno dia;Decrescente;Céu Claro;Simples;Aclive;Não;1;0;1;0;0;0;1;1;-10,06579181;-48,84446013;SPRF-TO;DEL01-TO;UOP01-DEL01-TO
581375;05/02/2024;segunda-feira;15:20:00;RJ;101;32;CAMPOS DOS GOYTACAZES;Transitar na contramão;Colisão lateral sentido oposto;Com Vítimas Feridas;Pleno dia;Decrescente;Chuva;Simples;"Reta;Aclive";Não;2;0;1;1;0;0;2;2;-21,48225101;-41,33958897;SPRF-RJ;DEL08-RJ;UOP01-DEL08-RJ
581380;15/02/2024;quinta-feira;19:30:00;MG;262;391;FLORESTAL;Objeto estático sobre o leito carroçável;Tombamento;Com Vítimas Feridas;Plena Noite;Crescente;Chuva;Dupla;"Declive;Reta";Não;3;0;3;0;0;0;3;1;-19,92369912;-44,46409813;SPRF-MG;DEL01-MG;UOP03-DEL01-MG
581383;15/02/2024;quinta-feira;18:30:00;MS;262;350;CAMPO GRANDE;Acessar a via sem observar a presença dos outros veículos;Colisão traseira;Com Vítimas Feridas;Pleno dia;Crescente;Céu Claro;Dupla;Reta;Não;2;0;0;1;1;0;1;2;-20,56994516;-54,64056096;SPRF-MS;DEL01-MS;UOP03-DEL01-MS