id;data_inversa;dia_semana;horario;uf;br;km;municipio;causa_acidente;tipo_acidente;classificacao_acidente;fase_dia;sentido_via;condicao_metereologica;tipo_pista;tracado_via;uso_solo;pessoas;mortos;feridos_leves;feridos_graves;ilesos;ignorados;feridos;veiculos;latitude;longitude;regional;delegacia;uop
584051;29/02/2024;quinta-feira;08:00:00;GO;158;142;CAIAPONIA;Acessar a via sem observar a presença dos outros veículos;Colisão transversal;Com Vítimas Feridas;Pleno dia;Crescente;Céu Claro;Simples;Curva;Não;3;0;0;2;1;0;2;2;-16,82529795;-51,76573005;SPRF-GO;DEL04-GO;UOP02-DEL04-GO
584052;29/02/2024;quinta-feira;14:40:00;PR;376;386;IMBAU;Reação tardia ou ineficiente do condutor;Saída de leito carroçável;Sem Vítimas;Pleno dia;Crescente;Céu Claro;Dupla;"Interseção de Vias;Reta;Declive";Sim;1;0;0;0;1;0;0;1;-24,447575;-50,760181;SPRF-PR;DEL03-PR;UOP02-DEL03-PR
584055;29/02/2024;quinta-feira;12:50:00;BA;116;588;NOVA ITARANA;Velocidade Incompatível;Saída de leito carroçável;Com Vítimas Feridas;Pleno dia;Crescente;Céu Claro;Simples;Reta;Não;1;0;1;0;0;0;1;1;-13,12433084;-39,99106463;SPRF-BA;DEL03-BA;UOP02-DEL03-BA
584060;29/02/2024;quinta-feira;15:50:00;SC;282;509,3;XANXERE;Condutor deixou de manter distância do veículo da frente;Colisão traseira;Com Vítimas Feridas;Pleno dia;Decrescente;Sol;Simples;Reta;Não;5;0;0;1;4;0;1;2;-26,890533;-52,457096;SPRF-SC;DEL07-SC;UOP01-DEL07-SC
584064;29/02/2024;quinta-feira;16:10:00;RS;290;193;RIO PARDO;Demais falhas mecânicas ou elétricas;Colisão lateral sentido oposto;Sem Vítimas;Pleno dia;Crescente;Nublado;Simples;Reta;Não;2;0;0;0;2;0;0;2;-30,17095327;-52,21286774;SPRF-RS;DEL02-RS;UOP03-DEL02-RS
584067;29/02/2024;quinta-feira;15:30:00;PR;116;127,1;FAZENDA RIO GRANDE;Reação tardia ou ineficiente do condutor;Colisão lateral mesmo sentido;Sem Vítimas;Pleno dia;Crescente;Sol;Dupla;Reta;Sim;2;0;0;0;1;1;0;2;-25,645921;-49,312773;SPRF-PR;DEL01-PR;UOP03-DEL01-PR
584072;29/02/2024;quinta-feira;16:48:00;RS;116;515;PELOTAS;Acessar a via sem observar a presença dos outros veículos;Colisão traseira;Com Vítimas Feridas;Pleno dia;Crescente;Céu Claro;Simples;Reta;Não;2;0;1;0;1;0;1;2;-31,66114092;-52,3386834;SPRF-RS;DEL07-RS;UOP01-DEL07-RS
584074;29/02/2024;quinta-feira;16:15:00;MG;381;389;BARAO DE COCAIS;Chuva;Colisão frontal;Com Vítimas Feridas;Pleno dia;Decrescente;Chuva;Simples;Curva;Não;4;0;2;1;1;0;3;2;-19,781548;-43,436355;SPRF-MG;DEL01-MG;UOP01-DEL01-MG
584077;29/02/2024;quinta-feira;11:04:00;SC;470;247,4;CURITIBANOS;Velocidade Incompatível;Tombamento;Com Vítimas Feridas;Pleno dia;Decrescente;Nublado;Simples;"Rotatória;Interseção de Vias";Sim;1;0;1;0;0;0;1;1;-27,31288979;-50,56097031;SPRF-SC;DEL05-SC;UOP03-DEL05-SC
584078;29/02/2024;quinta-feira;04:30:00;RO;364;1030;PORTO VELHO;Ausência de reação do condutor;Colisão traseira;Com Vítimas Fatais;Amanhecer;Crescente;Céu Claro;Simples;Reta;Não;2;1;0;0;1;0;0;2;-9,75929717;-66,26472596;SPRF-RO;DEL01-RO;UOP03-DEL01-RO
584080;29/02/2024;quinta-feira;16:40:00;GO;153;589,8;PIRACANJUBA;Ausência de reação do condutor;Colisão traseira;Com Vítimas Feridas;Pleno dia;Crescente;Céu Claro;Dupla;"Reta;Aclive";Não;2;0;1;0;1;0;1;2;-17,4593;-49,2227;SPRF-GO;DEL03-GO;UOP01-DEL03-GO
584081;29/02/2024;quinta-feira;15:50:00;MT;70;522;VARZEA GRANDE;Acesso irregular;Colisão transversal;Com Vítimas Feridas;Pleno dia;Crescente;Sol;Simples;Reta;Sim;2;0;0;1;1;0;1;2;-15,66486;-56,18396;SPRF-MT;DEL01-MT;UOP02-DEL01-MT
584083;29/02/2024;quinta-feira;18:00:00;PE;424;95;GARANHUNS;Demais falhas mecânicas ou elétricas;Saída de leito carroçável;Com Vítimas Feridas;Plena Noite;Crescente;Chuva;Simples;Reta;Não;1;0;1;0;0;0;1;1;-8,92487901;-36,48949333;SPRF-PE;DEL03-PE;UOP01-DEL03-PE
584086;29/02/2024;quinta-feira;17:00:00;SP;381;57,5;MAIRIPORA;Reação tardia ou ineficiente do condutor;Colisão traseira;Com Vítimas Feridas;Pleno dia;Decrescente;Céu Claro;Dupla;Reta;Não;3;0;1;0;2;0;1;2;-23,271569;-46,584544;SPRF-SP;DEL03-SP;UOP01-DEL03-SP
584088;29/02/2024;quinta-feira;18:30:00;RJ;393;148;TRES RIOS;Reação tardia ou ineficiente do condutor;Colisão lateral sentido oposto;Com Vítimas Feridas;Anoitecer;Decrescente;Chuva;Simples;Curva;Não;2;0;0;1;1;0;1;2;-22,04489814;-43,00868082;SPRF-RJ;DEL05-RJ;UOP01-DEL05-RJ
584089;29/02/2024;quinta-feira;18:30:00;PR;277;727;FOZ DO IGUACU;Transitar no Acostamento;Colisão lateral mesmo sentido;Com Vítimas Feridas;Pleno dia;Decrescente;Céu Claro;Simples;Interseção de Vias;Não;3;0;1;0;2;0;1;3;-25,51017487;-54,56454899;SPRF-PR;DEL05-PR;UOP03-DEL05-PR
584092;29/02/2024;quinta-feira;14:35:00;MT;364;615,1;DIAMANTINO;Carga excessiva e/ou mal acondicionada;Colisão lateral sentido oposto;Com Vítimas Feridas;Pleno dia;Crescente;Céu Claro;Simples;Curva;Não;2;0;1;1;0;0;2;2;-14,41680214;-56,30735406;SPRF-MT;DEL01-MT;UOP01-DEL01-MT
584104;22/02/2024;quinta-feira;17:40:00;RS;285;455;IJUI;Acessar a via sem observar a presença dos outros veículos;Colisão transversal;Com Vítimas Feridas;Pleno dia;Decrescente;Céu Claro;Simples;Reta;Sim;2;0;1;0;1;0;1;2;-28,380919;-53,879509;SPRF-RS;DEL10-RS;UOP01-DEL10-RS
584105;29/02/2024;quinta-feira;16:30:00;RJ;40;115;DUQUE DE CAXIAS;Manobra de mudança de faixa;Colisão lateral mesmo sentido;Com Vítimas Feridas;Pleno dia;Decrescente;Céu Claro;Múltipla;Reta;Não;4;0;2;0;1;1;2;3;-22,72756999;-43,2891609;SPRF-RJ;DEL01-RJ;UOP02-DEL01-RJ
584107;29/02/2024;quinta-feira;17:00:00;RJ;40;120;DUQUE DE CAXIAS;Manobra de mudança de faixa;Colisão lateral mesmo sentido;Com Vítimas Feridas;Pleno dia;Decrescente;Céu Claro;Múltipla;Reta;Não;2;0;0;1;0;1;1;2;-22,77280597;-43,28626763;SPRF-RJ;DEL01-RJ;UOP02-DEL01-RJ
584108;29/02/2024;quinta-feira;17:50:00;ES;262;108;VENDA NOVA DO IMIGRANTE;Transitar na contramão;Colisão frontal;Com Vítimas Feridas;Anoitecer;Crescente;Céu Claro;Simples;Reta;Não;2;0;1;0;1;0;1;2;-20,33360896;-41,16233002;SPRF-ES;DEL01-ES;UOP02-DEL01-ES
584113;29/02/2024;quinta-feira;19:30:00;BA;324;588;CANDEIAS;Condutor deixou de manter distância do veículo da frente;Colisão traseira;Com Vítimas Feridas;Plena Noite;Crescente;Céu Claro;Dupla;Reta;Não;3;0;0;1;2;0;1;3;-12,66425409;-38,4707655;SPRF-BA;DEL01-BA;UOP01-DEL01-BA
584114;29/02/2024;quinta-feira;19:10:00;PA;163;654;ITAITUBA;Acostamento em desnível;Tombamento;Com Vítimas Feridas;Plena Noite;Decrescente;Céu Claro;Simples;Reta;Não;1;0;1;0;0;0;1;1;-4,49732299;-55,86656962;SPRF-PA;DEL05-PA;UOP02-DEL05-PA
584120;29/02/2024;quinta-feira;21:00:00;MG;354;731;POUSO ALTO;Ultrapassagem Indevida;Colisão frontal;Com Vítimas Feridas;Plena Noite;Decrescente;Chuva;Simples;"Curva;Aclive";Não;4;0;3;0;1;0;3;2;-22,17071402;-44,96390985;SPRF-MG;DEL17-MG;UOP01-DEL17-MG
584130;29/02/2024;quinta-feira;20:30:00;PR;158;521;PATO BRANCO;Ingestão de álcool pelo condutor;Colisão frontal;Com Vítimas Feridas;Plena Noite;Crescente;Céu Claro;Simples;Reta;Não;2;0;0;1;1;0;1;2;-26,11888095;-52,64133111;SPRF-PR;DEL02-PR;UOP01-DEL02-PR
584133;29/02/2024;quinta-feira;20:00:00;RJ;40;74;PETROPOLIS;Reação tardia ou ineficiente do condutor;Saída de leito carroçável;Com Vítimas Feridas;Plena Noite;Decrescente;Nublado;Simples;"Curva;Declive";Não;1;0;1;0;0;0;1;1;-22,47224973;-43,22332717;SPRF-RJ;DEL01-RJ;UOP01-DEL01-RJ
584137;29/02/2024;quinta-feira;23:50:00;SP;116;487;CAJATI;Velocidade Incompatível;Colisão traseira;Com Vítimas Feridas;Plena Noite;Crescente;Nublado;Dupla;Reta;Não;2;0;1;0;1;0;1;2;-24,72633575;-48,08998415;SPRF-SP;DEL05-SP;UOP01-DEL05-SP
584141;01/03/2024;sexta-feira;00:32:00;BA;116;441,8;FEIRA DE SANTANA;Velocidade Incompatível;Colisão traseira;Com Vítimas Feridas;Plena Noite;Crescente;Ignorado;Dupla;"Curva;Declive";Não;2;0;1;0;1;0;1;2;-12,352111;-39,093306;SPRF-BA;DEL02-BA;UOP01-DEL02-BA
584142;25/02/2024;domingo;07:50:00;MT;70;656;CACERES;Reação tardia ou ineficiente do condutor;Saída de leito carroçável;Sem Vítimas;Pleno dia;Crescente;Céu Claro;Simples;Reta;Não;2;0;0;0;2;0;0;2;-15,96753007;-57,16866394;SPRF-MT;DEL03-MT;UOP02-DEL03-MT
584148;01/03/2024;sexta-feira;01:00:00;SP;116;487,5;CAJATI;Velocidade Incompatível;Colisão traseira;Com Vítimas Feridas;Plena Noite;Decrescente;Céu Claro;Dupla;Reta;Sim;2;0;1;0;1;0;1;2;-24,72633575;-48,08998415;SPRF-SP;DEL05-SP;UOP01-DEL05-SP
584152;01/03/2024;sexta-feira;04:10:00;RO;364;234,9;CACOAL;Condutor Dormindo;Colisão traseira;Com Vítimas Feridas;Plena Noite;Decrescente;Céu Claro;Simples;Reta;Sim;2;0;1;0;1;0;1;2;-11,450907;-61,43007;SPRF-RO;DEL02-RO;UOP02-DEL02-RO
584157;01/03/2024;sexta-feira;05:00:00;PI;343;170,9;BRASILEIRA;Ausência de reação do condutor;Saída de leito carroçável;Com Vítimas Feridas;Amanhecer;Decrescente;Céu Claro;Simples;Reta;Sim;1;0;0;1;0;0;1;1;-4,160167;-41,784649;SPRF-PI;DEL02-PI;UOP01-DEL02-PI
584159;29/02/2024;quinta-feira;13:00:00;MT;158;536;AGUA BOA;Demais falhas mecânicas ou elétricas;Saída de leito carroçável;Com Vítimas Feridas;Pleno dia;Crescente;Céu Claro;Simples;Reta;Não;2;0;1;0;1;0;1;1;-13,80730502;-52,03950938;SPRF-MT;DEL07-MT;UOP02-DEL07-MT
584161;01/03/2024;sexta-feira;00:30:00;BA;101;140;TEODORO SAMPAIO;Demais falhas mecânicas ou elétricas;Incêndio;Sem Vítimas;Pleno dia;Crescente;Céu Claro;Simples;Reta;Não;1;0;0;0;1;0;0;1;-12,27707429;-38,68756785;SPRF-BA;DEL01-BA;UOP04-DEL01-BA
584163;29/02/2024;quinta-feira;19:00:00;RJ;116;247;PIRAI;Manobra de mudança de faixa;Colisão lateral mesmo sentido;Com Vítimas Feridas;Plena Noite;Decrescente;Chuva;Dupla;Reta;Não;2;0;1;0;1;0;1;2;-22,60655103;-43,93505207;SPRF-RJ;DEL07-RJ;UOP01-DEL07-RJ
584164;01/03/2024;sexta-feira;04:16:00;SP;116;550;BARRA DO TURVO;Reação tardia ou ineficiente do condutor;Tombamento;Com Vítimas Feridas;Plena Noite;Decrescente;Garoa/Chuvisco;Dupla;Curva;Não;1;0;1;0;0;0;1;1;-24,95749618;-48,46440871;SPRF-SP;DEL05-SP;UOP02-DEL05-SP
584170;01/03/2024;sexta-feira;04:00:00;BA;101;844;TEIXEIRA DE FREITAS;Demais falhas mecânicas ou elétricas;Incêndio;Sem Vítimas;Amanhecer;Crescente;Céu Claro;Simples;Reta;Não;1;0;0;0;1;0;0;1;-17,46944603;-39,70510288;SPRF-BA;DEL09-BA;UOP02-DEL09-BA
584171;01/03/2024;sexta-feira;00:30:00;BA;116;441,8;FEIRA DE SANTANA;Velocidade Incompatível;Tombamento;Com Vítimas Feridas;Plena Noite;Decrescente;Ignorado;Dupla;"Curva;Aclive";Não;2;0;2;0;0;0;2;1;-12,352111;-39,093306;SPRF-BA;DEL02-BA;UOP01-DEL02-BA
584180;01/03/2024;sexta-feira;06:49:00;MT;174;288;PONTES E LACERDA;Reação tardia ou ineficiente do condutor;Colisão frontal;Com Vítimas Feridas;Pleno dia;Decrescente;Sol;Simples;Reta;Sim;2;0;1;0;1;0;1;2;-15,23378885;-59,31756535;SPRF-MT;DEL04-MT;UOP01-DEL04-MT
584188;01/03/2024;sexta-feira;07:20:00;MT;163;496;CUIABA;Manobra de mudança de faixa;Colisão frontal;Com Vítimas Feridas;Pleno dia;Decrescente;Garoa/Chuvisco;Simples;"Aclive;Reta";Sim;2;0;1;0;1;0;1;2;-15,65946582;-56,00509286;SPRF-MT;DEL01-MT;UOP01-DEL01-MT
584193;01/03/2024;sexta-feira;08:50:00;PR;369;202;APUCARANA;Condutor desrespeitou a iluminação vermelha do semáforo;Colisão transversal;Com Vítimas Feridas;Pleno dia;Decrescente;Céu Claro;Simples;"Declive;Reta";Sim;2;0;1;0;1;0;1;2;-23,543484;-51,454609;SPRF-PR;DEL07-PR;UOP03-DEL07-PR
584196;01/03/2024;sexta-feira;10:00:00;GO;60;257;INDIARA;Retorno proibido;Colisão transversal;Com Vítimas Feridas;Pleno dia;Decrescente;Céu Claro;Dupla;Reta;Não;6;0;3;2;1;0;5;2;-17,151;-50,0188;SPRF-GO;DEL01-GO;UOP02-DEL01-GO
584205;01/03/2024;sexta-feira;10:00:00;SC;101;119,4;ITAJAI;Manobra de mudança de faixa;Colisão lateral mesmo sentido;Com Vítimas Feridas;Pleno dia;Crescente;Céu Claro;Múltipla;Reta;Não;2;0;1;0;0;1;1;2;-26,9043179;-48,71555481;SPRF-SC;DEL04-SC;UOP04-DEL04-SC
584209;01/03/2024;sexta-feira;10:50:00;MG;262;423;IGARATINGA;Acessar a via sem observar a presença dos outros veículos;Colisão lateral mesmo sentido;Com Vítimas Feridas;Pleno dia;Crescente;Céu Claro;Múltipla;Reta;Não;2;0;1;0;1;0;1;2;-19,88411644;-44,73943306;SPRF-MG;DEL08-MG;UOP03-DEL08-MG
584210;01/03/2024;sexta-feira;11:00:00;SP;116;230;SAO PAULO;Manobra de mudança de faixa;Colisão lateral mesmo sentido;Com Vítimas Feridas;Pleno dia;Crescente;Céu Claro;Múltipla;Reta;Sim;2;0;1;0;1;0;1;2;-23,52251783;-46,5855702;SPRF-SP;DEL01-SP;UOP01-DEL01-SP
584212;01/03/2024;sexta-feira;08:30:00;AL;316;263;SATUBA;Manobra de mudança de faixa;Colisão lateral mesmo sentido;Com Vítimas Feridas;Pleno dia;Decrescente;Céu Claro;Simples;Aclive;Sim;7;0;4;0;3;0;4;3;-9,58758215;-35,878014;SPRF-AL;DEL02-AL;UOP01-DEL02-AL
584217;01/03/2024;sexta-feira;09:20:00;BA;116;694,5;JEQUIE;Condutor deixou de manter distância do veículo da frente;Colisão traseira;Com Vítimas Feridas;Pleno dia;Crescente;Céu Claro;Simples;"Aclive;Reta";Não;4;0;1;0;3;0;1;3;-13,97563797;-40,17289204;SPRF-BA;DEL03-BA;UOP01-DEL03-BA
584218;01/03/2024;sexta-feira;10:30:00;RJ;101;114;CAMPOS DOS GOYTACAZES;Mal súbito do condutor;Colisão traseira;Com Vítimas Feridas;Pleno dia;Decrescente;Céu Claro;Dupla;Reta;Não;2;0;1;0;1;0;1;2;-21,98517176;-41,66261143;SPRF-RJ;DEL08-RJ;UOP02-DEL08-RJ
584219;01/03/2024;sexta-feira;11:40:00;MG;381;939;EXTREMA;Reação tardia ou ineficiente do condutor;Colisão traseira;Com Vítimas Feridas;Pleno dia;Crescente;Sol;Dupla;Reta;Não;2;0;1;0;1;0;1;2;-22,84701434;-46,33321175;SPRF-MG;DEL16-MG;UOP03-DEL16-MG
584220;01/03/2024;sexta-feira;05:45:00;BA;242;244;ITABERABA;Carga excessiva e/ou mal acondicionada;Saída de leito carroçável;Sem Vítimas;Amanhecer;Decrescente;Céu Claro;Simples;Curva;Não;1;0;0;0;1;0;0;1;-12,501019;-40,427317;SPRF-BA;DEL06-BA;UOP02-DEL06-BA
584221;01/03/2024;sexta-feira;09:50:00;MG;267;210;BOM JARDIM DE MINAS;Demais falhas mecânicas ou elétricas;Incêndio;Sem Vítimas;Pleno dia;Crescente;Céu Claro;Simples;Curva;Não;1;0;0;0;1;0;0;1;-21,94531637;-44,16694094;SPRF-MG;DEL05-MG;UOP01-DEL05-MG
584223;01/03/2024;sexta-feira;07:40:00;MG;116;640,4;FERVEDOURO;Reação tardia ou ineficiente do condutor;Colisão traseira;Com Vítimas Feridas;Pleno dia;Decrescente;Céu Claro;Simples;Reta;Não;3;0;2;0;0;1;2;2;-20,65179632;-42,2530894;SPRF-MG;DEL07-MG;UOP02-DEL07-MG
584231;01/03/2024;sexta-feira;12:55:00;SP;116;224;GUARULHOS;Ausência de reação do condutor;Colisão traseira;Com Vítimas Feridas;Pleno dia;Crescente;Céu Claro;Múltipla;Reta;Não;2;0;1;0;1;0;1;2;-23,48071896;-46,53271603;SPRF-SP;DEL01-SP;UOP01-DEL01-SP
584232;01/03/2024;sexta-feira;10:30:00;SC;101;106,5;PENHA;Velocidade Incompatível;Engavetamento;Com Vítimas Feridas;Pleno dia;Crescente;Céu Claro;Múltipla;"Declive;Reta";Não;4;0;3;0;1;0;3;3;-26,81031601;-48,68293896;SPRF-SC;DEL03-SC;UOP02-DEL03-SC
584233;01/03/2024;sexta-feira;12:20:00;BA;116;12,5;VITORIA DA CONQUISTA;Reação tardia ou ineficiente do condutor;Colisão lateral sentido oposto;Com Vítimas Feridas;Pleno dia;Decrescente;Céu Claro;Simples;Reta;Sim;2;0;1;0;0;1;1;2;-14,851;-40,8485;SPRF-BA;DEL08-BA;UOP01-DEL08-BA
584239;12/02/2024;segunda-feira;11:10:00;SP;116;131;CACAPAVA;Demais falhas mecânicas ou elétricas;Incêndio;Sem Vítimas;Pleno dia;Crescente;Sol;Dupla;Reta;Sim;1;0;0;0;1;0;0;1;-23,12742083;-45,73636609;SPRF-SP;DEL02-SP;UOP02-DEL02-SP
584244;01/03/2024;sexta-feira;13:55:00;RS;290;104,9;ELDORADO DO SUL;Manobra de mudança de faixa;Colisão traseira;Com Vítimas Feridas;Pleno dia;Crescente;Céu Claro;Dupla;Reta;Não;4;0;3;0;1;0;3;2;-29,998999;-51,294563;SPRF-RS;DEL02-RS;UOP01-DEL02-RS
584245;01/03/2024;sexta-feira;14:15:00;SP;116;228;SAO PAULO;Mal súbito do condutor;Saída de leito carroçável;Com Vítimas Feridas;Pleno dia;Decrescente;Céu Claro;Múltipla;Reta;Sim;1;0;1;0;0;0;1;1;-23,50343484;-46,56638712;SPRF-SP;DEL01-SP;UOP01-DEL01-SP
584248;01/03/2024;sexta-feira;12:47:00;SC;280;153,8;MAFRA;Reação tardia ou ineficiente do condutor;Colisão com objeto;Sem Vítimas;Pleno dia;Decrescente;Céu Claro;Simples;"Ponte;Curva;Declive";Não;1;0;0;0;1;0;0;1;-26,22099817;-49,71288041;SPRF-SC;DEL06-SC;UOP03-DEL06-SC
584249;01/03/2024;sexta-feira;11:20:00;MT;70;727;CACERES;Ultrapassagem Indevida;Saída de leito carroçável;Com Vítimas Feridas;Pleno dia;Crescente;Céu Claro;Simples;Reta;Não;5;0;2;0;3;0;2;2;-16,126669;-57,659359;SPRF-MT;DEL03-MT;UOP01-DEL03-MT
584251;01/03/2024;sexta-feira;11:10:00;PI;343;588;FLORIANO;Condutor desrespeitou a iluminação vermelha do semáforo;Colisão lateral sentido oposto;Com Vítimas Feridas;Pleno dia;Crescente;Céu Claro;Simples;Interseção de Vias;Sim;2;0;0;1;1;0;1;2;-6,77538891;-43,00812721;SPRF-PI;DEL03-PI;UOP01-DEL03-PI
584252;01/03/2024;sexta-feira;13:00:00;PI;343;591,6;FLORIANO;Manobra de mudança de faixa;Colisão transversal;Com Vítimas Feridas;Pleno dia;Crescente;Céu Claro;Dupla;"Interseção de Vias;Reta";Sim;3;0;0;1;2;0;1;2;-6,781361;-43,023224;SPRF-PI;DEL03-PI;UOP01-DEL03-PI
584254;01/03/2024;sexta-feira;15:20:00;ES;101;419;CACHOEIRO DE ITAPEMIRIM;Avarias e/ou desgaste excessivo no pneu;Colisão frontal;Com Vítimas Fatais;Pleno dia;Crescente;Chuva;Simples;Curva;Não;2;1;1;0;0;0;1;2;-20,95924919;-41,10118693;SPRF-ES;DEL03-ES;UOP02-DEL03-ES
584256;01/03/2024;sexta-feira;14:10:00;MG;40;273,9;TRES MARIAS;Velocidade Incompatível;Colisão traseira;Com Vítimas Feridas;Pleno dia;Crescente;Céu Claro;Simples;"Reta;Aclive";Não;3;0;2;0;1;0;2;2;-18,19170099;-45,24538457;SPRF-MG;DEL14-MG;UOP02-DEL14-MG
584262;01/03/2024;sexta-feira;15:20:00;RJ;116;242;PIRAI;Manobra de mudança de faixa;Colisão com objeto;Com Vítimas Feridas;Pleno dia;Decrescente;Chuva;Dupla;Curva;Não;1;0;1;0;0;0;1;1;-22,63522537;-43,90258636;SPRF-RJ;DEL07-RJ;UOP01-DEL07-RJ
584264;01/03/2024;sexta-feira;10:30:00;MG;365;785;GURINHATA;Ausência de reação do condutor;Queda de ocupante de veículo;Com Vítimas Feridas;Pleno dia;Crescente;Céu Claro;Simples;Reta;Não;3;0;2;0;0;1;2;3;-18,94515934;-49,76981665;SPRF-MG;DEL15-MG;UOP03-DEL15-MG
584267;01/03/2024;sexta-feira;15:00:00;AL;316;85;SANTANA DO IPANEMA;Acessar a via sem observar a presença dos outros veículos;Colisão transversal;Com Vítimas Feridas;Pleno dia;Decrescente;Céu Claro;Dupla;Reta;Sim;2;0;0;1;1;0;1;2;-9,36982836;-37,24347904;SPRF-AL;DEL03-AL;UOP02-DEL03-AL
584269;01/03/2024;sexta-feira;16:15:00;MG;381;768,9;CAMPANHA;Objeto estático sobre o leito carroçável;Engavetamento;Com Vítimas Feridas;Pleno dia;Decrescente;Chuva;Dupla;"Em Obras;Reta";Não;7;0;2;1;4;0;3;6;-21,77370307;-45,42761992;SPRF-MG;DEL16-MG;UOP02-DEL16-MG
584272;01/03/2024;sexta-feira;17:00:00;SC;101;225,8;PALHOCA;Manobra de mudança de faixa;Colisão lateral mesmo sentido;Com Vítimas Feridas;Pleno dia;Crescente;Céu Claro;Dupla;"Reta;Aclive";Não;2;0;1;0;1;0;1;2;-27,73292191;-48,6409567;SPRF-SC;DEL01-SC;UOP02-DEL01-SC
584277;01/03/2024;sexta-feira;16:20:00;MT;364;296;JACIARA;Reação tardia ou ineficiente do condutor;Saída de leito carroçável;Com Vítimas Feridas;Pleno dia;Decrescente;Nublado;Dupla;Reta;Não;1;0;1;0;0;0;1;1;-15,8641558;-55,12584675;SPRF-MT;DEL05-MT;UOP02-DEL05-MT
584278;01/03/2024;sexta-feira;13:40:00;SC;280;238,5;CANOINHAS;Transitar na contramão;Colisão lateral sentido oposto;Com Vítimas Feridas;Pleno dia;Crescente;Sol;Simples;Reta;Não;2;0;0;1;1;0;1;2;-26,20546585;-50,43870449;SPRF-SC;DEL06-SC;UOP04-DEL06-SC
584281;01/03/2024;sexta-feira;13:00:00;MT;163;108;RONDONOPOLIS;Ingestão de álcool pelo condutor;Colisão traseira;Sem Vítimas;Pleno dia;Decrescente;Céu Claro;Simples;"Declive;Reta";Não;2;0;0;0;2;0;0;2;-16,58146229;-54,68844425;SPRF-MT;DEL02-MT;UOP01-DEL02-MT
584284;01/03/2024;sexta-feira;17:00:00;PR;376;494;PONTA GROSSA;Manobra de mudança de faixa;Colisão traseira;Com Vítimas Feridas;Pleno dia;Decrescente;Chuva;Dupla;"Reta;Declive";Não;2;0;1;0;1;0;1;2;-25,16566955;-50,11640967;SPRF-PR;DEL03-PR;UOP04-DEL03-PR
584290;01/03/2024;sexta-feira;10:00:00;RN;405;93,7;ITAU;Ausência de reação do condutor;Saída de leito carroçável;Com Vítimas Feridas;Pleno dia;Crescente;Céu Claro;Simples;Reta;Não;1;0;1;0;0;0;1;1;-5,75071681;-37,87829514;SPRF-RN;DEL04-RN;UOP02-DEL04-RN
584293;01/03/2024;sexta-feira;14:00:00;PR;376;407;TIBAGI;Velocidade Incompatível;Colisão lateral mesmo sentido;Com Vítimas Feridas;Pleno dia;Decrescente;Chuva;Dupla;Curva;Não;2;0;1;1;0;0;2;2;-24,64521802;-50,62349002;SPRF-PR;DEL03-PR;UOP02-DEL03-PR
584294;01/03/2024;sexta-feira;15:30:00;RJ;116;243,5;PIRAI;Manobra de mudança de faixa;Colisão lateral mesmo sentido;Com Vítimas Feridas;Pleno dia;Decrescente;Chuva;Dupla;Reta;Não;3;0;1;0;2;0;1;3;-22,63023454;-43,91033921;SPRF-RJ;DEL07-RJ;UOP01-DEL07-RJ
584297;01/03/2024;sexta-feira;08:30:00;AC;364;458;FEIJO;Pedestre cruzava a pista fora da faixa;Atropelamento de Pedestre;Com Vítimas Feridas;Pleno dia;Crescente;Sol;Simples;"Ponte;Reta";Não;2;0;1;0;1;0;1;2;-8,42365604;-70,17630618;SPRF-AC;DEL01-AC;UOP01-DEL01-AC
584300;01/03/2024;sexta-feira;18:00:00;GO;414;317,8;VILA PROPICIO;Reação tardia ou ineficiente do condutor;Colisão traseira;Com Vítimas Feridas;Pleno dia;Crescente;Céu Claro;Simples;Reta;Não;2;0;0;1;1;0;1;2;-15,36729466;-48,64608765;SPRF-GO;DEL02-GO;UOP01-DEL02-GO
584307;01/03/2024;sexta-feira;19:20:00;PR;376;616,9;SAO JOSE DOS PINHAIS;Reação tardia ou ineficiente do condutor;Tombamento;Com Vítimas Feridas;Plena Noite;Decrescente;Céu Claro;Dupla;"Curva;Aclive";Sim;2;0;0;1;1;0;1;2;-25,57583659;-49,17953679;SPRF-PR;DEL01-PR;UOP04-DEL01-PR
584323;01/03/2024;sexta-feira;20:40:00;PR;116;77;QUATRO BARRAS;Manobra de mudança de faixa;Colisão lateral mesmo sentido;Sem Vítimas;Plena Noite;Crescente;Nublado;Dupla;Curva;Não;2;0;0;0;2;0;0;2;-25,4049946;-49,059916;SPRF-PR;DEL01-PR;UOP07-DEL01-PR
584330;01/03/2024;sexta-feira;17:10:00;MG;116;413;GOVERNADOR VALADARES;Condutor deixou de manter distância do veículo da frente;Colisão traseira;Com Vítimas Fatais;Pleno dia;Crescente;Nublado;Simples;Reta;Sim;3;1;0;0;2;0;0;3;-18,88081817;-41,95951223;SPRF-MG;DEL06-MG;UOP01-DEL06-MG
584331;01/03/2024;sexta-feira;16:20:00;PA;155;88;RIO MARIA;Reação tardia ou ineficiente do condutor;Colisão frontal;Sem Vítimas;Pleno dia;Crescente;Céu Claro;Simples;Reta;Não;4;0;0;0;0;4;0;3;-7,27533091;-50,02874123;SPRF-PA;DEL03-PA;UOP01-DEL03-PA