id;data_inversa;dia_semana;horario;uf;br;km;municipio;causa_acidente;tipo_acidente;classificacao_acidente;fase_dia;sentido_via;condicao_metereologica;tipo_pista;tracado_via;uso_solo;pessoas;mortos;feridos_leves;feridos_graves;ilesos;ignorados;feridos;veiculos;latitude;longitude;regional;delegacia;uop
585144;05/03/2024;terça-feira;08:00:00;MT;364;355,6;SANTO ANTONIO DO LEVERGER;Demais falhas mecânicas ou elétricas;Incêndio;Sem Vítimas;Pleno dia;Crescente;Nublado;Dupla;Curva;Não;1;0;0;0;1;0;0;1;-15,79702449;-55,60063602;SPRF-MT;DEL05-MT;UOP02-DEL05-MT
585145;05/03/2024;terça-feira;07:30:00;GO;153;583,3;PROFESSOR JAMIL;Chuva;Saída de leito carroçável;Com Vítimas Feridas;Pleno dia;Crescente;Chuva;Dupla;Reta;Não;1;0;1;0;0;0;1;1;-17,4071;-49,2247;SPRF-GO;DEL03-GO;UOP01-DEL03-GO
585150;05/03/2024;terça-feira;11:35:00;SP;116;96,9;PINDAMONHANGABA;Reação tardia ou ineficiente do condutor;Colisão traseira;Com Vítimas Fatais;Pleno dia;Decrescente;Sol;Dupla;Reta;Não;3;1;0;0;2;0;0;3;-22,97375666;-45,44726115;SPRF-SP;DEL08-SP;UOP01-DEL08-SP
585151;05/03/2024;terça-feira;11:35:00;RS;116;258;ESTEIO;Manobra de mudança de faixa;Colisão traseira;Com Vítimas Feridas;Pleno dia;Crescente;Nublado;Dupla;"Interseção de Vias;Reta";Sim;3;0;1;0;2;0;1;2;-29,86150502;-51,18091535;SPRF-RS;DEL01-RS;UOP02-DEL01-RS
585153;05/03/2024;terça-feira;11:50:00;TO;153;499;PARAISO DO TOCANTINS;Ultrapassagem Indevida;Colisão lateral mesmo sentido;Com Vítimas Feridas;Pleno dia;Crescente;Céu Claro;Simples;"Declive;Reta";Não;4;0;2;0;2;0;2;2;-10,19275595;-48,87879892;SPRF-TO;DEL01-TO;UOP01-DEL01-TO
585170;05/03/2024;terça-feira;12:11:00;RO;319;63;PORTO VELHO;Condutor deixou de manter distância do veículo da frente;Colisão traseira;Com Vítimas Feridas;Pleno dia;Crescente;Nublado;Dupla;Interseção de Vias;Sim;2;0;1;0;1;0;1;2;-8,766685;-63,884052;SPRF-RO;DEL01-RO;UOP01-DEL01-RO
585171;05/03/2024;terça-feira;12:35:00;PR;369;354,9;CAMPO MOURAO;Manobra de mudança de faixa;Colisão frontal;Com Vítimas Fatais;Pleno dia;Decrescente;Céu Claro;Simples;Curva;Não;3;2;0;0;1;0;0;2;-24,15504;-52,4651;SPRF-PR;DEL09-PR;UOP03-DEL09-PR
585173;05/03/2024;terça-feira;14:00:00;MG;381;278;JAGUARACU;Ultrapassagem Indevida;Colisão lateral sentido oposto;Com Vítimas Feridas;Pleno dia;Decrescente;Nublado;Simples;Reta;Sim;5;0;0;1;4;0;1;4;-19,59742113;-42,74660193;SPRF-MG;DEL03-MG;UOP02-DEL03-MG
585175;05/03/2024;terça-feira;12:15:00;MT;364;119;RONDONOPOLIS;Pista Escorregadia;Colisão traseira;Sem Vítimas;Pleno dia;Crescente;Céu Claro;Dupla;"Declive;Curva";Sim;2;0;0;0;2;0;0;2;-16,49152468;-54,6467159;SPRF-MT;DEL02-MT;UOP02-DEL02-MT
585178;05/03/2024;terça-feira;14:47:00;RS;386;358,2;ESTRELA;Condutor deixou de manter distância do veículo da frente;Colisão traseira;Com Vítimas Feridas;Pleno dia;Crescente;Sol;Dupla;"Reta;Aclive";Não;2;0;0;1;0;1;1;2;-29,53306;-51,919636;SPRF-RS;DEL04-RS;UOP01-DEL04-RS
585181;05/03/2024;terça-feira;08:25:00;RS;285;97,3;VACARIA;Transitar na contramão;Colisão lateral sentido oposto;Sem Vítimas;Pleno dia;Crescente;Nublado;Simples;Curva;Não;2;0;0;0;2;0;0;2;-28,5885162;-50,76104164;SPRF-RS;DEL05-RS;UOP03-DEL05-RS
585185;05/03/2024;terça-feira;11:00:00;PR;376;444,6;TIBAGI;Ausência de reação do condutor;Saída de leito carroçável;Sem Vítimas;Pleno dia;Crescente;Ignorado;Dupla;Reta;Não;1;0;0;0;1;0;0;1;-24,88977701;-50,43486101;SPRF-PR;DEL03-PR;UOP02-DEL03-PR
585187;05/03/2024;terça-feira;10:35:00;PE;116;45,5;SALGUEIRO;Transitar na contramão;Colisão frontal;Com Vítimas Fatais;Pleno dia;Crescente;Céu Claro;Simples;Declive;Não;5;1;1;1;1;1;2;3;-8,231612;-39,108917;SPRF-PE;DEL05-PE;UOP01-DEL05-PE
585191;05/03/2024;terça-feira;09:18:00;MT;70;522;VARZEA GRANDE;Ausência de reação do condutor;Colisão traseira;Sem Vítimas;Pleno dia;Crescente;Nublado;Simples;Reta;Sim;3;0;0;0;3;0;0;2;-15,6640319;-56,18476868;SPRF-MT;DEL01-MT;UOP02-DEL01-MT
585192;05/03/2024;terça-feira;13:00:00;PI;316;330;GEMINIANO;Ingestão de álcool pelo condutor;Saída de leito carroçável;Sem Vítimas;Pleno dia;Crescente;Sol;Simples;Reta;Não;1;0;0;0;1;0;0;1;-7,10366323;-41,29901302;SPRF-PI;DEL04-PI;UOP01-DEL04-PI
585194;05/03/2024;terça-feira;16:20:00;PR;376;45,5;LOANDA;Acessar a via sem observar a presença dos outros veículos;Colisão transversal;Com Vítimas Fatais;Pleno dia;Crescente;Nublado;Simples;Reta;Não;5;2;2;0;1;0;2;2;-22,86067466;-52,96646118;SPRF-PR;DEL09-PR;UOP02-DEL09-PR
585198;05/03/2024;terça-feira;13:05:00;BA;116;640;JAGUAQUARA;Ultrapassagem Indevida;Colisão lateral sentido oposto;Com Vítimas Feridas;Pleno dia;Crescente;Céu Claro;Simples;Declive;Não;7;0;0;1;6;0;1;5;-13,53126279;-40,06433648;SPRF-BA;DEL03-BA;UOP01-DEL03-BA
585199;27/02/2024;terça-feira;06:30:00;BA;101;739;ITABELA;Velocidade Incompatível;Capotamento;Com Vítimas Feridas;Pleno dia;Decrescente;Sol;Simples;"Curva;Declive";Não;1;0;1;0;0;0;1;1;-16,689233;-39,480426;SPRF-BA;DEL09-BA;UOP01-DEL09-BA
585203;05/03/2024;terça-feira;17:15:00;MG;40;491;ESMERALDAS;Acumulo de água sobre o pavimento;Colisão lateral mesmo sentido;Sem Vítimas;Pleno dia;Decrescente;Chuva;Dupla;Reta;Não;2;0;0;0;2;0;0;2;-19,62850298;-44,20532179;SPRF-MG;DEL02-MG;UOP01-DEL02-MG
585206;05/03/2024;terça-feira;15:30:00;MG;116;587,2;MANHUACU;Reação tardia ou ineficiente do condutor;Colisão lateral mesmo sentido;Com Vítimas Feridas;Pleno dia;Crescente;Nublado;Simples;"Reta;Declive";Não;3;0;1;0;2;0;1;2;-20,24173903;-42,15868042;SPRF-MG;DEL06-MG;UOP03-DEL06-MG
585217;05/03/2024;terça-feira;16:50:00;RJ;465;18;NOVA IGUACU;Acessar a via sem observar a presença dos outros veículos;Colisão transversal;Com Vítimas Feridas;Pleno dia;Crescente;Céu Claro;Simples;Reta;Não;3;0;1;1;1;0;2;2;-22,831354;-43,615128;SPRF-RJ;DEL06-RJ;UOP02-DEL06-RJ
585218;05/03/2024;terça-feira;13:30:00;PR;373;231,7;IMBITUVA;Acessar a via sem observar a presença dos outros veículos;Colisão com objeto;Com Vítimas Feridas;Pleno dia;Decrescente;Céu Claro;Simples;"Reta;Interseção de Vias";Não;2;0;1;0;1;0;1;2;-25,18182164;-50,67336425;SPRF-PR;DEL03-PR;UOP01-DEL03-PR
585231;05/03/2024;terça-feira;19:12:00;PR;116;123,6;CURITIBA;Demais falhas mecânicas ou elétricas;Colisão lateral mesmo sentido;Com Vítimas Feridas;Plena Noite;Crescente;Céu Claro;Dupla;Reta;Não;3;0;0;2;1;0;2;2;-25,57736002;-49,31243589;SPRF-PR;DEL01-PR;UOP03-DEL01-PR
585236;05/03/2024;terça-feira;17:15:00;PR;277;425,5;CANTAGALO;Demais falhas mecânicas ou elétricas;Incêndio;Sem Vítimas;Pleno dia;Decrescente;Céu Claro;Simples;Aclive;Não;1;0;0;0;1;0;0;1;-25,38390004;-52,15759277;SPRF-PR;DEL04-PR;UOP02-DEL04-PR
585242;05/03/2024;terça-feira;20:51:00;ES;101;189;ARACRUZ;Acesso irregular;Colisão lateral sentido oposto;Com Vítimas Feridas;Plena Noite;Crescente;Céu Claro;Múltipla;Retorno Regulamentado;Não;2;0;1;0;1;0;1;2;-19,68134019;-40,27051885;SPRF-ES;DEL04-ES;UOP01-DEL04-ES
585248;05/03/2024;terça-feira;21:50:00;SP;116;280;EMBU DAS ARTES;Manobra de mudança de faixa;Colisão lateral mesmo sentido;Com Vítimas Feridas;Plena Noite;Crescente;Garoa/Chuvisco;Dupla;"Interseção de Vias;Curva";Sim;3;0;1;0;2;0;1;2;-23,66996108;-46,85590758;SPRF-SP;DEL04-SP;UOP01-DEL04-SP
585254;05/03/2024;terça-feira;19:50:00;SC;280;154,1;MAFRA;Pista Escorregadia;Saída de leito carroçável;Com Vítimas Feridas;Plena Noite;Crescente;Garoa/Chuvisco;Simples;"Declive;Curva";Não;1;0;1;0;0;0;1;1;-26,21362587;-49,7181449;SPRF-SC;DEL06-SC;UOP03-DEL06-SC
585258;05/03/2024;terça-feira;23:00:00;GO;60;234;INDIARA;Ausência de reação do condutor;Colisão traseira;Com Vítimas Feridas;Pleno dia;Decrescente;Céu Claro;Dupla;"Reta;Aclive";Não;2;0;0;1;1;0;1;2;-17,083933;-49,83948;SPRF-GO;DEL01-GO;UOP02-DEL01-GO
585264;05/03/2024;terça-feira;23:00:00;PR;158;507;CORONEL VIVIDA;Ingestão de álcool pelo condutor;Colisão frontal;Com Vítimas Feridas;Plena Noite;Crescente;Nublado;Simples;Reta;Não;3;0;1;0;2;0;1;2;-26,02180124;-52,57733183;SPRF-PR;DEL02-PR;UOP01-DEL02-PR
585266;06/03/2024;quarta-feira;01:00:00;MG;40;786,9;JUIZ DE FORA;Carga excessiva e/ou mal acondicionada;Derramamento de carga;Com Vítimas Feridas;Plena Noite;Crescente;Chuva;Dupla;Curva;Não;2;0;0;1;1;0;1;2;-21,7253668;-43,43894807;SPRF-MG;DEL05-MG;UOP01-DEL05-MG
585269;06/03/2024;quarta-feira;01:25:00;PA;163;607;TRAIRAO;Reação tardia ou ineficiente do condutor;Tombamento;Com Vítimas Feridas;Plena Noite;Crescente;Céu Claro;Simples;Curva;Não;1;0;1;0;0;0;1;1;-4,78803625;-56,11969281;SPRF-PA;DEL05-PA;UOP02-DEL05-PA
585271;06/03/2024;quarta-feira;03:15:00;RJ;101;100;CAMPOS DOS GOYTACAZES;Ausência de reação do condutor;Saída de leito carroçável;Com Vítimas Feridas;Plena Noite;Decrescente;Céu Claro;Dupla;Reta;Não;2;0;1;0;1;0;1;1;-21,88111458;-41,59066116;SPRF-RJ;DEL08-RJ;UOP02-DEL08-RJ
585273;06/03/2024;quarta-feira;04:00:00;MG;146;442,8;CABO VERDE;Condutor Dormindo;Colisão lateral sentido oposto;Com Vítimas Feridas;Pleno dia;Crescente;Céu Claro;Simples;Curva;Sim;2;0;1;0;1;0;1;2;-21,48374091;-46,39938354;SPRF-MG;DEL09-MG;UOP01-DEL09-MG
585274;06/03/2024;quarta-feira;04:20:00;PR;376;614;SAO JOSE DOS PINHAIS;Ausência de reação do condutor;Colisão traseira;Com Vítimas Feridas;Plena Noite;Decrescente;Céu Claro;Dupla;Reta;Sim;2;0;0;1;1;0;1;2;-25,56660098;-49,18270111;SPRF-PR;DEL01-PR;UOP06-DEL01-PR
585277;06/03/2024;quarta-feira;05:50:00;SP;116;201,7;ARUJA;Objeto estático sobre o leito carroçável;Tombamento;Com Vítimas Feridas;Amanhecer;Decrescente;Ignorado;Dupla;Reta;Sim;2;0;1;0;0;1;1;2;-23,40362877;-46,33050107;SPRF-SP;DEL01-SP;UOP01-DEL01-SP
585278;06/03/2024;quarta-feira;04:30:00;PR;376;597;CURITIBA;Demais falhas mecânicas ou elétricas;Incêndio;Sem Vítimas;Amanhecer;Crescente;Chuva;Dupla;Reta;Sim;1;0;0;0;1;0;0;1;-25,510571;-49,338848;SPRF-PR;DEL01-PR;UOP06-DEL01-PR
585279;06/03/2024;quarta-feira;05:05:00;SP;262;321;CASTILHO;Reação tardia ou ineficiente do condutor;Tombamento;Com Vítimas Feridas;Pleno dia;Crescente;Céu Claro;Simples;Reta;Não;2;0;1;0;1;0;1;1;-20,78935176;-51,61112808;SPRF-MS;DEL07-MS;UOP01-DEL07-MS
585285;06/03/2024;quarta-feira;06:30:00;BA;101;113;ALAGOINHAS;Ausência de sinalização;Atropelamento de Pedestre;Com Vítimas Feridas;Pleno dia;Decrescente;Céu Claro;Simples;Reta;Não;2;0;0;1;1;0;1;2;-12,1569447;-38,5033589;SPRF-BA;DEL01-BA;UOP04-DEL01-BA
585289;06/03/2024;quarta-feira;06:25:00;AL;423;91;DELMIRO GOUVEIA;Ultrapassagem Indevida;Colisão lateral sentido oposto;Com Vítimas Feridas;Amanhecer;Crescente;Céu Claro;Simples;Reta;Não;2;0;1;0;1;0;1;2;-9,36383409;-38,08008697;SPRF-BA;DEL07-BA;UOP01-DEL07-BA
585290;06/03/2024;quarta-feira;07:00:00;RS;386;369;FAZENDA VILANOVA;Condutor deixou de manter distância do veículo da frente;Colisão traseira;Com Vítimas Feridas;Pleno dia;Crescente;Céu Claro;Dupla;"Viaduto;Aclive;Reta";Sim;2;0;1;0;1;0;1;2;-29,587444;-51,831783;SPRF-RS;DEL04-RS;UOP01-DEL04-RS
585291;06/03/2024;quarta-feira;07:50:00;ES;101;269;SERRA;Reação tardia ou ineficiente do condutor;Colisão transversal;Com Vítimas Feridas;Pleno dia;Decrescente;Céu Claro;Múltipla;"Reta;Interseção de Vias";Sim;3;0;2;0;1;0;2;2;-20,21740496;-40,26990578;SPRF-ES;DEL02-ES;UOP01-DEL02-ES
585297;06/03/2024;quarta-feira;07:00:00;PR;277;50;MORRETES;Condutor Dormindo;Saída de leito carroçável;Com Vítimas Feridas;Pleno dia;Crescente;Céu Claro;Dupla;Reta;Não;1;0;1;0;0;0;1;1;-25,59563891;-48,89814806;SPRF-PR;DEL01-PR;UOP01-DEL01-PR
585304;04/02/2024;domingo;09:10:00;PA;163;104;ALTAMIRA;Curva acentuada;Saída de leito carroçável;Com Vítimas Feridas;Pleno dia;Decrescente;Céu Claro;Simples;Curva;Não;2;0;1;0;0;1;1;2;-8,728298;-54,979658;SPRF-PA;DEL05-PA;UOP02-DEL05-PA
585310;06/03/2024;quarta-feira;08:34:00;SC;101;206,6;SAO JOSE;Reação tardia ou ineficiente do condutor;Colisão traseira;Com Vítimas Feridas;Pleno dia;Crescente;Céu Claro;Múltipla;Reta;Não;2;0;0;1;1;0;1;2;-27,59193546;-48,61824557;SPRF-SC;DEL01-SC;UOP01-DEL01-SC
585311;06/03/2024;quarta-feira;07:40:00;MG;365;614,5;UBERLANDIA;Ausência de reação do condutor;Colisão traseira;Com Vítimas Feridas;Pleno dia;Crescente;Céu Claro;Simples;Reta;Sim;2;0;1;0;1;0;1;2;-18,91230535;-48,21965933;SPRF-MG;DEL15-MG;UOP01-DEL15-MG
585319;06/03/2024;quarta-feira;08:40:00;PR;376;594,2;CURITIBA;Reação tardia ou ineficiente do condutor;Colisão traseira;Com Vítimas Feridas;Amanhecer;Decrescente;Nublado;Simples;Reta;Sim;4;0;1;0;3;0;1;4;-25,48479613;-49,34730331;SPRF-PR;DEL01-PR;UOP06-DEL01-PR
585321;06/03/2024;quarta-feira;07:30:00;GO;364;267;MINEIROS;Reação tardia ou ineficiente do condutor;Colisão lateral mesmo sentido;Com Vítimas Feridas;Pleno dia;Crescente;Céu Claro;Simples;Reta;Não;2;0;0;1;1;0;1;2;-17,669401;-52,290935;SPRF-GO;DEL05-GO;UOP01-DEL05-GO
585339;06/03/2024;quarta-feira;10:10:00;PB;101;121,5;CAAPORA;Manobra de mudança de faixa;Colisão traseira;Com Vítimas Feridas;Pleno dia;Decrescente;Céu Claro;Dupla;Reta;Não;3;0;1;0;2;0;1;3;-7,44160988;-34,97799652;SPRF-PB;DEL01-PB;UOP02-DEL01-PB
585340;06/03/2024;quarta-feira;10:20:00;PE;316;83,9;OURICURI;Manobra de mudança de faixa;Colisão lateral sentido oposto;Com Vítimas Feridas;Pleno dia;Decrescente;Céu Claro;Simples;Reta;Sim;2;0;0;1;1;0;1;2;-7,88752781;-40,06645203;SPRF-PE;DEL05-PE;UOP02-DEL05-PE
585341;06/03/2024;quarta-feira;07:30:00;RS;293;84,2;PIRATINI;Demais falhas mecânicas ou elétricas;Saída de leito carroçável;Com Vítimas Feridas;Pleno dia;Decrescente;Céu Claro;Simples;Reta;Não;2;0;2;0;0;0;2;1;-31,63828281;-53,16457499;SPRF-RS;DEL07-RS;UOP01-DEL07-RS
585347;06/03/2024;quarta-feira;12:30:00;MG;40;525,9;CONTAGEM;Manobra de mudança de faixa;Colisão lateral mesmo sentido;Com Vítimas Feridas;Pleno dia;Crescente;Chuva;Múltipla;Reta;Sim;3;0;2;0;1;0;2;2;-19,8923574;-44,05014396;SPRF-MG;DEL01-MG;UOP02-DEL01-MG
585352;06/03/2024;quarta-feira;11:30:00;RS;116;257;ESTEIO;Reação tardia ou ineficiente do condutor;Engavetamento;Com Vítimas Feridas;Pleno dia;Decrescente;Céu Claro;Dupla;"Em Obras;Curva;Interseção de Vias";Sim;3;0;2;0;1;0;2;3;-29,84886857;-51,17858061;SPRF-RS;DEL01-RS;UOP02-DEL01-RS
585353;06/03/2024;quarta-feira;04:00:00;MG;267;245,7;SERITINGA;Condutor Dormindo;Saída de leito carroçável;Com Vítimas Feridas;Amanhecer;Decrescente;Céu Claro;Simples;Declive;Não;1;0;0;1;0;0;1;1;-21,92838125;-44,44880298;SPRF-MG;DEL17-MG;UOP01-DEL17-MG
585356;06/03/2024;quarta-feira;09:50:00;BA;242;351;LENCOIS;Problema com o freio;Incêndio;Sem Vítimas;Pleno dia;Decrescente;Nublado;Simples;"Curva;Aclive";Não;1;0;0;0;1;0;0;1;-12,49243908;-41,3280788;SPRF-BA;DEL06-BA;UOP01-DEL06-BA
585359;09/02/2024;sexta-feira;19:50:00;PI;343;345,2;TERESINA;Manobra de mudança de faixa;Colisão transversal;Com Vítimas Feridas;Plena Noite;Crescente;Chuva;Dupla;Reta;Sim;2;0;0;1;1;0;1;2;-5,102889;-42,766506;SPRF-PI;DEL01-PI;UOP01-DEL01-PI
585360;06/03/2024;quarta-feira;13:20:00;MG;40;828;SIMAO PEREIRA;Curva acentuada;Saída de leito carroçável;Com Vítimas Feridas;Pleno dia;Crescente;Céu Claro;Dupla;Curva;Não;1;0;1;0;0;0;1;1;-21,99767805;-43,28660485;SPRF-MG;DEL05-MG;UOP01-DEL05-MG
585364;06/03/2024;quarta-feira;09:20:00;MG;40;109,2;LAGOA GRANDE;Transitar na contramão;Colisão frontal;Com Vítimas Feridas;Pleno dia;Crescente;Céu Claro;Simples;"Reta;Interseção de Vias";Não;5;0;2;1;1;1;3;3;-17,63060747;-46,45792007;SPRF-MG;DEL14-MG;UOP01-DEL14-MG
585366;29/02/2024;quinta-feira;13:10:00;MT;364;95;ALTO GARCAS;Acumulo de óleo sobre o pavimento;Colisão traseira;Com Vítimas Feridas;Pleno dia;Decrescente;Céu Claro;Simples;Reta;Não;2;0;1;0;1;0;1;2;-16,85806069;-53,75433289;SPRF-MT;DEL02-MT;UOP02-DEL02-MT
585371;02/03/2024;sábado;10:35:00;PR;376;326,7;ORTIGUEIRA;Velocidade Incompatível;Colisão com objeto;Sem Vítimas;Pleno dia;Crescente;Céu Claro;Simples;"Declive;Curva";Não;1;0;0;0;1;0;0;1;-24,06607;-51,06436;SPRF-PR;DEL07-PR;UOP02-DEL07-PR
585372;06/03/2024;quarta-feira;10:40:00;ES;101;387,7;RIO NOVO DO SUL;Reação tardia ou ineficiente do condutor;Colisão frontal;Com Vítimas Feridas;Pleno dia;Decrescente;Sol;Simples;"Declive;Curva";Não;2;0;1;0;1;0;1;2;-20,84937594;-40,87581007;SPRF-ES;DEL03-ES;UOP02-DEL03-ES
585373;06/03/2024;quarta-feira;14:10:00;DF;80;22;BRASILIA;Ausência de reação do condutor;Colisão traseira;Com Vítimas Feridas;Pleno dia;Crescente;Céu Claro;Simples;Reta;Sim;2;0;0;1;1;0;1;2;-15,647892;-48,201756;SPRF-DF;DEL03-DF;UOP02-DEL03-DF
585378;06/03/2024;quarta-feira;12:30:00;MG;50;194,8;DELTA;Chuva;Saída de leito carroçável;Com Vítimas Feridas;Pleno dia;Crescente;Chuva;Dupla;"Reta;Declive";Não;1;0;1;0;0;0;1;1;-19,887439;-47,848374;SPRF-MG;DEL13-MG;UOP01-DEL13-MG
585381;06/03/2024;quarta-feira;14:30:00;ES;262;171,5;IBATIBA;Reação tardia ou ineficiente do condutor;Tombamento;Com Vítimas Feridas;Pleno dia;Crescente;Nublado;Simples;Curva;Não;1;0;1;0;0;0;1;1;-20,26434457;-41,59340179;SPRF-ES;DEL01-ES;UOP02-DEL01-ES
585382;06/03/2024;quarta-feira;15:30:00;ES;101;142,6;LINHARES;Transitar na contramão;Colisão frontal;Com Vítimas Feridas;Pleno dia;Crescente;Céu Claro;Múltipla;Reta;Sim;6;0;3;1;0;2;4;3;-19,33458987;-40,06755477;SPRF-ES;DEL04-ES;UOP01-DEL04-ES
585394;06/03/2024;quarta-feira;16:40:00;MG;381;845;SAO SEBASTIAO DA BELA VISTA;Velocidade Incompatível;Colisão traseira;Com Vítimas Feridas;Pleno dia;Decrescente;Chuva;Dupla;Curva;Não;2;0;1;0;0;1;1;2;-22,20229313;-45,86056352;SPRF-MG;DEL16-MG;UOP01-DEL16-MG
585396;27/02/2024;terça-feira;16:20:00;ES;101;293,5;CARIACICA;Manobra de mudança de faixa;Colisão lateral mesmo sentido;Com Vítimas Feridas;Pleno dia;Decrescente;Céu Claro;Dupla;"Em Obras;Reta";Sim;2;0;1;0;1;0;1;2;-20,31706838;-40,39575756;SPRF-ES;DEL01-ES;UOP01-DEL01-ES
585398;06/03/2024;quarta-feira;05:20:00;BA;20;144;SAO DESIDERIO;Reação tardia ou ineficiente do condutor;Saída de leito carroçável;Com Vítimas Feridas;Pleno dia;Crescente;Céu Claro;Simples;"Curva;Aclive";Não;1;0;0;1;0;0;1;1;-12,6861195;-45,92994118;SPRF-BA;DEL10-BA;UOP01-DEL10-BA
585399;06/03/2024;quarta-feira;16:05:00;RS;392;15,7;RIO GRANDE;Condutor deixou de manter distância do veículo da frente;Colisão traseira;Com Vítimas Feridas;Pleno dia;Decrescente;Céu Claro;Dupla;"Em Obras;Viaduto;Reta";Sim;3;0;1;0;1;1;1;3;-32,11079503;-52,15933006;SPRF-RS;DEL07-RS;UOP02-DEL07-RS
585410;11/02/2024;domingo;22:30:00;MA;10;288;SAO FRANCISCO DO BREJAO;Demais falhas mecânicas ou elétricas;Incêndio;Sem Vítimas;Plena Noite;Crescente;Ignorado;Simples;Aclive;Não;1;0;0;0;1;0;0;1;-5,215772;-47,515965;SPRF-MA;DEL04-MA;UOP01-DEL04-MA
585478;06/03/2024;quarta-feira;16:15:00;RJ;116;297;PORTO REAL;Chuva;Engavetamento;Com Vítimas Feridas;Pleno dia;Crescente;Chuva;Dupla;Reta;Não;4;0;0;1;3;0;1;4;-22,450125;-44,330193;SPRF-RJ;DEL07-RJ;UOP02-DEL07-RJ
585485;06/03/2024;quarta-feira;18:00:00;SC;101;192,9;BIGUACU;Manobra de mudança de faixa;Colisão traseira;Com Vítimas Feridas;Pleno dia;Decrescente;Céu Claro;Múltipla;"Ponte;Reta";Não;3;0;1;0;2;0;1;2;-27,48443781;-48,64765238;SPRF-SC;DEL01-SC;UOP01-DEL01-SC
585490;06/03/2024;quarta-feira;18:00:00;SP;116;328,8;JUQUITIBA;Ausência de reação do condutor;Saída de leito carroçável;Com Vítimas Feridas;Pleno dia;Decrescente;Nublado;Dupla;Aclive;Não;2;0;1;0;1;0;1;2;-23,93652709;-47,08014299;SPRF-SP;DEL04-SP;UOP03-DEL04-SP
585491;06/03/2024;quarta-feira;18:00:00;GO;414;301;VILA PROPICIO;Ingestão de álcool pelo condutor;Colisão lateral mesmo sentido;Sem Vítimas;Plena Noite;Crescente;Céu Claro;Simples;Reta;Não;2;0;0;0;2;0;0;2;-15,20091703;-48,70185812;SPRF-GO;DEL02-GO;UOP01-DEL02-GO
585495;06/03/2024;quarta-feira;19:30:00;MG;381;496;BETIM;Demais falhas mecânicas ou elétricas;Tombamento;Com Vítimas Feridas;Plena Noite;Decrescente;Chuva;Dupla;"Reta;Aclive";Sim;2;0;0;1;1;0;1;2;-19,99676497;-44,20958506;SPRF-MG;DEL01-MG;UOP03-DEL01-MG
585497;06/03/2024;quarta-feira;05:40:00;CE;116;475;MILAGRES;Acessar a via sem observar a presença dos outros veículos;Colisão transversal;Com Vítimas Feridas;Anoitecer;Decrescente;Céu Claro;Simples;Reta;Não;3;0;0;1;0;2;1;3;-7,28554236;-38,86591487;SPRF-CE;DEL05-CE;UOP03-DEL05-CE
585501;06/03/2024;quarta-feira;17:50:00;PE;423;88,1;SAO JOAO;Ultrapassagem Indevida;Colisão frontal;Com Vítimas Feridas;Anoitecer;Crescente;Céu Claro;Simples;"Aclive;Reta";Não;3;0;0;1;2;0;1;3;-8,82983618;-36,45245561;SPRF-PE;DEL03-PE;UOP01-DEL03-PE
585518;06/03/2024;quarta-feira;19:00:00;PA;230;117,2;MARABA;Acessar a via sem observar a presença dos outros veículos;Colisão transversal;Sem Vítimas;Plena Noite;Crescente;Céu Claro;Dupla;"Retorno Regulamentado;Declive;Interseção de Vias;Reta";Sim;4;0;0;0;4;0;0;2;-5,35569904;-49,09047302;SPRF-PA;DEL03-PA;UOP01-DEL03-PA
585523;06/03/2024;quarta-feira;09:00:00;RO;364;399;OURO PRETO DO OESTE;Ausência de reação do condutor;Colisão traseira;Sem Vítimas;Pleno dia;Decrescente;Céu Claro;Simples;Reta;Não;2;0;0;0;2;0;0;2;-10,61069397;-62,33724697;SPRF-RO;DEL03-RO;UOP02-DEL03-RO
585525;06/03/2024;quarta-feira;17:45:00;MT;70;523;VARZEA GRANDE;Acessar a via sem observar a presença dos outros veículos;Colisão transversal;Com Vítimas Feridas;Anoitecer;Crescente;Céu Claro;Simples;Reta;Não;2;0;1;0;1;0;1;2;-15,67444466;-56,17738724;SPRF-MT;DEL01-MT;UOP02-DEL01-MT
585535;06/03/2024;quarta-feira;22:20:00;MG;50;119,1;UBERABA;Velocidade Incompatível;Colisão transversal;Com Vítimas Feridas;Plena Noite;Decrescente;Céu Claro;Dupla;Retorno Regulamentado;Não;2;0;1;0;1;0;1;2;-19,29969201;-48,11376802;SPRF-MG;DEL13-MG;UOP01-DEL13-MG
585546;06/03/2024;quarta-feira;20:00:00;PR;373;412,4;CANDOI;Transitar na contramão;Colisão frontal;Com Vítimas Fatais;Plena Noite;Decrescente;Céu Claro;Simples;Reta;Não;2;1;0;0;1;0;0;2;-25,646145;-52,107019;SPRF-PR;DEL08-PR;UOP01-DEL08-PR
585548;06/03/2024;quarta-feira;19:40:00;BA;116;849,5;VITORIA DA CONQUISTA;Ausência de reação do condutor;Colisão traseira;Com Vítimas Feridas;Plena Noite;Decrescente;Nublado;Simples;Reta;Não;2;0;0;1;1;0;1;2;-14,98358283;-40,92239221;SPRF-BA;DEL08-BA;UOP01-DEL08-BA
585552;07/03/2024;quinta-feira;00:30:00;MG;262;621,2;IBIA;Transitar na contramão;Colisão frontal;Com Vítimas Fatais;Plena Noite;Decrescente;Céu Claro;Simples;"Curva;Aclive";Não;3;2;1;0;0;0;1;2;-19,58433463;-46,39957666;SPRF-MG;DEL08-MG;UOP02-DEL08-MG