id;data_inversa;dia_semana;horario;uf;br;km;municipio;causa_acidente;tipo_acidente;classificacao_acidente;fase_dia;sentido_via;condicao_metereologica;tipo_pista;tracado_via;uso_solo;pessoas;mortos;feridos_leves;feridos_graves;ilesos;ignorados;feridos;veiculos;latitude;longitude;regional;delegacia;uop
587832;17/03/2024;domingo;08:30:00;BA;101;445;AURELINO LEAL;Pedestre andava na pista;Atropelamento de Pedestre;Com Vítimas Feridas;Pleno dia;Crescente;Céu Claro;Simples;Ponte;Sim;2;0;0;1;0;1;1;2;-14,45733798;-39,32048009;SPRF-BA;DEL05-BA;UOP01-DEL05-BA
587834;17/03/2024;domingo;09:30:00;MS;163;144;NAVIRAI;Ausência de reação do condutor;Saída de leito carroçável;Com Vítimas Feridas;Pleno dia;Decrescente;Céu Claro;Simples;Reta;Não;1;0;1;0;0;0;1;1;-22,9978191;-54,38541902;SPRF-MS;DEL09-MS;UOP01-DEL09-MS
587838;17/03/2024;domingo;11:00:00;BA;242;841;BARREIRAS;Transitar na contramão;Colisão frontal;Com Vítimas Feridas;Pleno dia;Decrescente;Céu Claro;Simples;Reta;Não;3;0;1;2;0;0;3;2;-12,0945;-45,388749;SPRF-BA;DEL10-BA;UOP01-DEL10-BA
587841;17/03/2024;domingo;12:15:00;SP;116;445;REGISTRO;Acessar a via sem observar a presença dos outros veículos;Colisão transversal;Com Vítimas Feridas;Pleno dia;Crescente;Céu Claro;Dupla;"Interseção de Vias;Reta";Sim;2;0;0;1;1;0;1;2;-24,49790715;-47,84208686;SPRF-SP;DEL05-SP;UOP01-DEL05-SP
587846;17/03/2024;domingo;11:15:00;PR;376;373;ORTIGUEIRA;Reação tardia ou ineficiente do condutor;Colisão lateral sentido oposto;Com Vítimas Feridas;Pleno dia;Decrescente;Chuva;Simples;"Declive;Curva";Não;4;0;1;0;3;0;1;2;-24,39914107;-50,78383753;SPRF-PR;DEL07-PR;UOP02-DEL07-PR
587849;17/03/2024;domingo;11:45:00;MG;251;443,9;GRAO MOGOL;Velocidade Incompatível;Saída de leito carroçável;Com Vítimas Feridas;Pleno dia;Decrescente;Céu Claro;Simples;Reta;Não;1;0;1;0;0;0;1;1;-16,41500882;-43,25228005;SPRF-MG;DEL12-MG;UOP01-DEL12-MG
587856;17/03/2024;domingo;10:30:00;SC;282;563;NOVA ERECHIM;Reação tardia ou ineficiente do condutor;Colisão lateral mesmo sentido;Com Vítimas Feridas;Pleno dia;Decrescente;Garoa/Chuvisco;Simples;"Declive;Reta";Não;3;0;1;0;2;0;1;2;-26,902191;-52,868835;SPRF-SC;DEL07-SC;UOP02-DEL07-SC
587857;17/03/2024;domingo;11:00:00;SP;459;2,5;PIQUETE;Reação tardia ou ineficiente do condutor;Colisão com objeto;Com Vítimas Feridas;Pleno dia;Crescente;Céu Claro;Simples;Curva;Não;1;0;1;0;0;0;1;1;-22,568756;-45,21368;SPRF-SP;DEL08-SP;UOP02-DEL08-SP
587858;17/03/2024;domingo;13:00:00;MT;70;6;BARRA DO GARCAS;Ausência de reação do condutor;Colisão lateral mesmo sentido;Com Vítimas Feridas;Pleno dia;Decrescente;Céu Claro;Dupla;Retorno Regulamentado;Sim;2;0;1;0;1;0;1;2;-15,878268;-52,306705;SPRF-MT;DEL07-MT;UOP01-DEL07-MT
587864;13/03/2024;quarta-feira;21:48:00;SC;282;514,8;XAXIM;Demais falhas mecânicas ou elétricas;Incêndio;Sem Vítimas;Plena Noite;Decrescente;Nublado;Simples;"Reta;Declive";Não;1;0;0;0;1;0;0;1;-26,91970124;-52,49462843;SPRF-SC;DEL07-SC;UOP01-DEL07-SC
587865;17/03/2024;domingo;14:50:00;MG;381;888,5;CAMBUI;Velocidade Incompatível;Tombamento;Com Vítimas Feridas;Pleno dia;Crescente;Chuva;Dupla;Curva;Não;1;0;1;0;0;0;1;1;-22,53294961;-46,03054583;SPRF-MG;DEL16-MG;UOP03-DEL16-MG
587873;17/03/2024;domingo;15:30:00;SP;116;282;EMBU DAS ARTES;Reação tardia ou ineficiente do condutor;Colisão traseira;Com Vítimas Feridas;Pleno dia;Crescente;Céu Claro;Simples;Retorno Regulamentado;Sim;4;0;1;0;3;0;1;2;-23,68570216;-46,85970975;SPRF-SP;DEL04-SP;UOP01-DEL04-SP
587877;17/03/2024;domingo;16:00:00;SP;116;372;MIRACATU;Velocidade Incompatível;Tombamento;Com Vítimas Fatais;Pleno dia;Decrescente;Chuva;Dupla;Reta;Sim;4;1;0;1;1;1;1;3;-24,16540804;-47,33274697;SPRF-SP;DEL04-SP;UOP02-DEL04-SP
587881;17/03/2024;domingo;15:00:00;PR;476;35;ADRIANOPOLIS;Curva acentuada;Colisão lateral sentido oposto;Com Vítimas Feridas;Pleno dia;Crescente;Céu Claro;Simples;Curva;Não;5;0;3;1;0;1;4;2;-24,855257;-49,056932;SPRF-PR;DEL01-PR;UOP01-DEL01-PR
587883;17/03/2024;domingo;15:50:00;MG;262;385,9;MATEUS LEME;Reação tardia ou ineficiente do condutor;Saída de leito carroçável;Com Vítimas Feridas;Pleno dia;Decrescente;Sol;Dupla;Reta;Não;1;0;0;1;0;0;1;1;-19,93325094;-44,42077402;SPRF-MG;DEL01-MG;UOP03-DEL01-MG
587885;17/03/2024;domingo;16:10:00;RS;392;10,2;RIO GRANDE;Reação tardia ou ineficiente do condutor;Saída de leito carroçável;Com Vítimas Feridas;Pleno dia;Crescente;Céu Claro;Dupla;Reta;Sim;1;0;1;0;0;0;1;1;-32,11610015;-52,12097891;SPRF-RS;DEL07-RS;UOP02-DEL07-RS
587886;17/03/2024;domingo;16:50:00;PR;376;601;CURITIBA;Manobra de mudança de faixa;Colisão lateral mesmo sentido;Com Vítimas Feridas;Pleno dia;Decrescente;Sol;Dupla;Reta;Sim;3;0;1;0;1;1;1;3;-25,537054;-49,31404;SPRF-PR;DEL01-PR;UOP06-DEL01-PR
587904;17/03/2024;domingo;17:50:00;PR;277;240;IRATI;Manobra de mudança de faixa;Colisão lateral mesmo sentido;Com Vítimas Feridas;Pleno dia;Decrescente;Garoa/Chuvisco;Simples;Reta;Sim;4;0;2;0;2;0;2;3;-25,46360541;-50,55589898;SPRF-PR;DEL08-PR;UOP02-DEL08-PR
587917;17/03/2024;domingo;12:00:00;RO;364;106;PIMENTA BUENO;Suicídio (presumido);Atropelamento de Pedestre;Com Vítimas Feridas;Pleno dia;Crescente;Céu Claro;Simples;Reta;Não;3;0;0;1;1;1;1;2;-12,23970382;-60,68053067;SPRF-RO;DEL04-RO;UOP01-DEL04-RO
587923;17/03/2024;domingo;15:50:00;MG;381;633;OLIVEIRA;Velocidade Incompatível;Colisão com objeto;Com Vítimas Feridas;Pleno dia;Crescente;Céu Claro;Dupla;Reta;Não;2;0;0;2;0;0;2;1;-20,86933705;-44,84336892;SPRF-MG;DEL04-MG;UOP01-DEL04-MG
587930;17/03/2024;domingo;17:50:00;BA;242;418;SEABRA;Ingestão de álcool pelo condutor;Colisão lateral sentido oposto;Sem Vítimas;Anoitecer;Crescente;Céu Claro;Simples;Reta;Não;3;0;0;0;3;0;0;2;-12,43079;-41,79601;SPRF-BA;DEL06-BA;UOP01-DEL06-BA
587937;17/03/2024;domingo;18:00:00;PR;376;451;TIBAGI;Velocidade Incompatível;Tombamento;Com Vítimas Feridas;Anoitecer;Crescente;Garoa/Chuvisco;Dupla;Curva;Não;1;0;1;0;0;0;1;1;-24,94239016;-50,40224704;SPRF-PR;DEL03-PR;UOP02-DEL03-PR
587957;17/03/2024;domingo;18:50:00;MA;10;224;GOVERNADOR EDISON LOBAO;Transitar na contramão;Colisão frontal;Com Vítimas Fatais;Plena Noite;Crescente;Nublado;Simples;Reta;Sim;2;1;0;0;1;0;0;2;-5,754561;-47,359512;SPRF-MA;DEL04-MA;UOP01-DEL04-MA
587958;17/03/2024;domingo;21:17:00;RN;101;108;PARNAMIRIM;Estacionar ou parar em local proibido;Colisão traseira;Com Vítimas Fatais;Plena Noite;Crescente;Céu Claro;Múltipla;Reta;Sim;4;1;0;0;2;1;0;3;-5,92825102;-35,26465683;SPRF-RN;DEL01-RN;UOP01-DEL01-RN
587961;17/03/2024;domingo;20:10:00;MT;364;352;SANTO ANTONIO DO LEVERGER;Demais falhas mecânicas ou elétricas;Incêndio;Sem Vítimas;Plena Noite;Crescente;Céu Claro;Dupla;Reta;Não;1;0;0;0;1;0;0;1;-15,80114637;-55,57413507;SPRF-MT;DEL05-MT;UOP02-DEL05-MT
587975;17/03/2024;domingo;22:30:00;RN;304;10,5;MOSSORO;Animais na Pista;Atropelamento de Animal;Sem Vítimas;Plena Noite;Crescente;Nublado;Simples;Reta;Não;2;0;0;0;2;0;0;1;-4,963935;-37,394223;SPRF-RN;DEL04-RN;UOP02-DEL04-RN
587978;17/03/2024;domingo;15:00:00;PR;376;307,5;MAUA DA SERRA;Velocidade Incompatível;Tombamento;Com Vítimas Feridas;Pleno dia;Decrescente;Nublado;Dupla;"Curva;Aclive";Sim;1;0;1;0;0;0;1;1;-23,95063437;-51,11880273;SPRF-PR;DEL07-PR;UOP02-DEL07-PR
587981;17/03/2024;domingo;22:10:00;SP;116;283;EMBU DAS ARTES;Carga excessiva e/ou mal acondicionada;Derramamento de carga;Com Vítimas Feridas;Plena Noite;Decrescente;Céu Claro;Dupla;Reta;Sim;1;0;1;0;0;0;1;1;-23,69297005;-46,86352786;SPRF-SP;DEL04-SP;UOP01-DEL04-SP
587984;17/03/2024;domingo;22:50:00;PR;376;177;MARINGA;Manobra de mudança de faixa;Colisão lateral mesmo sentido;Com Vítimas Feridas;Plena Noite;Crescente;Céu Claro;Dupla;Reta;Sim;6;0;1;0;5;0;1;3;-23,4113569;-51,9407767;SPRF-PR;DEL09-PR;UOP01-DEL09-PR
587988;17/03/2024;domingo;21:06:00;BA;235;5,4;JUAZEIRO;Ingestão de álcool pelo condutor;Colisão traseira;Sem Vítimas;Plena Noite;Crescente;Nublado;Simples;Reta;Sim;2;0;0;0;2;0;0;2;-9,450425;-40,489246;SPRF-SE;DEL01-SE;UOP02-DEL01-SE
587997;17/03/2024;domingo;22:50:00;PA;230;740;MEDICILANDIA;Estacionar ou parar em local proibido;Colisão traseira;Com Vítimas Fatais;Plena Noite;Decrescente;Ignorado;Simples;Reta;Sim;2;1;0;0;0;1;0;2;-3,442947;-52,84863;SPRF-PA;DEL04-PA;UOP01-DEL04-PA
587998;18/03/2024;segunda-feira;01:30:00;BA;324;572,9;SAO SEBASTIAO DO PASSE;Condutor deixou de manter distância do veículo da frente;Colisão traseira;Com Vítimas Feridas;Plena Noite;Decrescente;Nublado;Dupla;Reta;Não;2;0;1;0;1;0;1;2;-12,55680911;-38,56690209;SPRF-BA;DEL01-BA;UOP01-DEL01-BA
588000;17/03/2024;domingo;21:00:00;GO;80;82;PADRE BERNARDO;Reação tardia ou ineficiente do condutor;Colisão traseira;Com Vítimas Feridas;Plena Noite;Crescente;Céu Claro;Simples;"Curva;Aclive";Não;2;0;0;1;1;0;1;2;-15,214273;-48,579413;SPRF-DF;DEL03-DF;UOP02-DEL03-DF
588001;18/03/2024;segunda-feira;01:27:00;RJ;101;111;CAMPOS DOS GOYTACAZES;Ausência de reação do condutor;Colisão traseira;Com Vítimas Feridas;Plena Noite;Crescente;Céu Claro;Dupla;Curva;Não;2;0;1;0;1;0;1;2;-21,962597;-41,648437;SPRF-RJ;DEL08-RJ;UOP02-DEL08-RJ
588002;18/03/2024;segunda-feira;01:00:00;MG;262;791,2;UBERABA;Velocidade Incompatível;Tombamento;Com Vítimas Feridas;Plena Noite;Crescente;Nublado;Simples;Curva;Não;1;0;1;0;0;0;1;1;-19,76328194;-47,85919501;SPRF-MG;DEL13-MG;UOP01-DEL13-MG
588005;18/03/2024;segunda-feira;02:45:00;MG;365;300;SAO GONCALO DO ABAETE;Reação tardia ou ineficiente do condutor;Colisão frontal;Com Vítimas Feridas;Plena Noite;Crescente;Céu Claro;Simples;Reta;Não;6;0;0;1;5;0;1;2;-18,14923115;-45,75725987;SPRF-MG;DEL10-MG;UOP02-DEL010-MG
588006;17/03/2024;domingo;21:45:00;PA;230;622;ALTAMIRA;Entrada inopinada do pedestre;Atropelamento de Pedestre;Com Vítimas Fatais;Plena Noite;Decrescente;Céu Claro;Simples;Reta;Sim;2;1;0;0;1;0;0;2;-3,17014185;-52,088718;SPRF-PA;DEL04-PA;UOP01-DEL04-PA
588007;18/03/2024;segunda-feira;02:59:00;MG;381;483,1;BETIM;Manobra de mudança de faixa;Colisão traseira;Com Vítimas Feridas;Plena Noite;Decrescente;Céu Claro;Dupla;"Curva;Declive";Sim;2;0;0;1;1;0;1;2;-19,95799085;-44,07993793;SPRF-MG;DEL01-MG;UOP03-DEL01-MG
588008;18/03/2024;segunda-feira;03:20:00;SP;116;228;SAO PAULO;Condutor Dormindo;Colisão traseira;Com Vítimas Feridas;Plena Noite;Decrescente;Céu Claro;Múltipla;Aclive;Sim;2;0;1;0;1;0;1;2;-23,50343484;-46,56638712;SPRF-SP;DEL01-SP;UOP01-DEL01-SP
588010;18/03/2024;segunda-feira;03:50:00;MG;381;363;SAO GONCALO DO RIO ABAIXO;Reação tardia ou ineficiente do condutor;Colisão frontal;Com Vítimas Feridas;Plena Noite;Crescente;Chuva;Simples;"Curva;Declive";Não;2;0;0;1;1;0;1;2;-19,85130197;-43,24808594;SPRF-MG;DEL03-MG;UOP01-DEL03-MG
588028;18/03/2024;segunda-feira;02:45:00;PR;277;354;GUARAPUAVA;Condutor Dormindo;Saída de leito carroçável;Com Vítimas Feridas;Plena Noite;Crescente;Nublado;Simples;Curva;Não;2;0;1;0;1;0;1;1;-25,4153692;-51,5619278;SPRF-PR;DEL08-PR;UOP01-DEL08-PR
588049;18/03/2024;segunda-feira;07:35:00;TO;153;496;PARAISO DO TOCANTINS;Conversão proibida;Colisão frontal;Com Vítimas Feridas;Pleno dia;Decrescente;Céu Claro;Simples;Reta;Sim;2;0;0;1;1;0;1;2;-10,16657;-48,88118863;SPRF-TO;DEL01-TO;UOP01-DEL01-TO
588051;18/03/2024;segunda-feira;06:59:00;GO;60;20;ALEXANIA;Ausência de reação do condutor;Colisão traseira;Com Vítimas Feridas;Pleno dia;Crescente;Céu Claro;Dupla;"Aclive;Reta";Sim;2;0;1;0;1;0;1;2;-16,09671386;-48,52012552;SPRF-DF;DEL03-DF;UOP01-DEL03-DF
588059;18/03/2024;segunda-feira;06:30:00;MG;40;824,9;SIMAO PEREIRA;Velocidade Incompatível;Tombamento;Com Vítimas Feridas;Pleno dia;Crescente;Céu Claro;Dupla;Curva;Não;1;0;1;0;0;0;1;1;-21,96689732;-43,29126511;SPRF-MG;DEL05-MG;UOP01-DEL05-MG
588060;18/03/2024;segunda-feira;06:00:00;SC;470;258;CURITIBANOS;Ausência de reação do condutor;Saída de leito carroçável;Sem Vítimas;Pleno dia;Crescente;Céu Claro;Simples;"Declive;Curva";Não;1;0;0;0;1;0;0;1;-27,307161;-50,651653;SPRF-SC;DEL05-SC;UOP03-DEL05-SC
588061;18/03/2024;segunda-feira;07:30:00;SC;101;119;ITAJAI;Transitar no Acostamento;Colisão traseira;Com Vítimas Feridas;Pleno dia;Crescente;Céu Claro;Dupla;Reta;Sim;2;0;0;1;1;0;1;2;-26,9043179;-48,71555481;SPRF-SC;DEL04-SC;UOP04-DEL04-SC
588065;18/03/2024;segunda-feira;06:50:00;PB;230;273;SANTA LUZIA;Velocidade Incompatível;Saída de leito carroçável;Com Vítimas Feridas;Pleno dia;Crescente;Céu Claro;Simples;"Declive;Curva";Não;1;0;1;0;0;0;1;1;-6,960707;-36,80441;SPRF-PB;DEL03-PB;UOP01-DEL03-PB
588068;17/03/2024;domingo;18:30:00;BA;242;352;LENCOIS;Reação tardia ou ineficiente do condutor;Tombamento;Com Vítimas Feridas;Plena Noite;Crescente;Céu Claro;Simples;"Declive;Curva";Não;1;0;1;0;0;0;1;1;-12,49857081;-41,33159186;SPRF-BA;DEL06-BA;UOP01-DEL06-BA
588073;18/03/2024;segunda-feira;09:30:00;BA;418;91;NOVA VICOSA;Conversão proibida;Colisão frontal;Com Vítimas Feridas;Pleno dia;Crescente;Céu Claro;Simples;"Rotatória;Reta";Sim;2;0;0;1;1;0;1;2;-17,88437368;-39,84544595;SPRF-BA;DEL09-BA;UOP02-DEL09-BA
588077;18/03/2024;segunda-feira;07:40:00;BA;116;16;VITORIA DA CONQUISTA;Ausência de reação do condutor;Colisão traseira;Com Vítimas Feridas;Pleno dia;Crescente;Céu Claro;Dupla;Reta;Não;2;0;1;0;0;1;1;2;-14,902386;-40,847948;SPRF-BA;DEL08-BA;UOP01-DEL08-BA
588078;18/03/2024;segunda-feira;09:20:00;GO;60;56,3;ABADIANIA;Reação tardia ou ineficiente do condutor;Colisão com objeto;Com Vítimas Feridas;Pleno dia;Decrescente;Céu Claro;Múltipla;"Interseção de Vias;Curva";Sim;3;0;2;0;1;0;2;2;-16,19068992;-48,67263079;SPRF-GO;DEL02-GO;UOP01-DEL02-GO
588080;18/03/2024;segunda-feira;09:45:00;PR;277;586,3;CASCAVEL;Acessar a via sem observar a presença dos outros veículos;Colisão transversal;Com Vítimas Feridas;Pleno dia;Crescente;Sol;Simples;"Retorno Regulamentado;Interseção de Vias;Reta";Sim;2;0;1;0;1;0;1;2;-24,9649472;-53,4210459;SPRF-PR;DEL04-PR;UOP01-DEL04-PR
588088;18/03/2024;segunda-feira;10:45:00;SC;101;124;ITAJAI;Ausência de reação do condutor;Colisão traseira;Com Vítimas Feridas;Pleno dia;Decrescente;Céu Claro;Dupla;Reta;Não;2;0;1;0;1;0;1;2;-26,94335064;-48,69198648;SPRF-SC;DEL04-SC;UOP04-DEL04-SC
588089;18/03/2024;segunda-feira;10:30:00;PR;277;230;FERNANDES PINHEIRO;Ausência de reação do condutor;Saída de leito carroçável;Com Vítimas Feridas;Pleno dia;Crescente;Céu Claro;Simples;Reta;Não;1;0;1;0;0;0;1;1;-25,466405;-50,46313292;SPRF-PR;DEL08-PR;UOP02-DEL08-PR
588090;18/03/2024;segunda-feira;07:30:00;SC;282;340,9;CAMPOS NOVOS;Reação tardia ou ineficiente do condutor;Colisão frontal;Com Vítimas Fatais;Pleno dia;Crescente;Céu Claro;Simples;"Declive;Curva";Sim;2;1;0;0;1;0;0;2;-27,388234;-51,203907;SPRF-SC;DEL07-SC;UOP06-DEL07-SC
588091;18/03/2024;segunda-feira;10:45:00;MA;316;551;CAXIAS;Manobra de mudança de faixa;Colisão transversal;Sem Vítimas;Pleno dia;Crescente;Céu Claro;Simples;Rotatória;Sim;4;0;0;0;4;0;0;2;-4,886332;-43,353386;SPRF-MA;DEL03-MA;UOP02-DEL03-MA
588092;18/03/2024;segunda-feira;11:10:00;MG;381;499,5;BETIM;Demais falhas mecânicas ou elétricas;Saída de leito carroçável;Com Vítimas Feridas;Pleno dia;Crescente;Céu Claro;Dupla;Reta;Não;1;0;0;1;0;0;1;1;-19,99732455;-44,2098375;SPRF-MG;DEL01-MG;UOP03-DEL01-MG
588102;15/03/2024;sexta-feira;05:00:00;SC;280;285,4;IRINEOPOLIS;Velocidade Incompatível;Colisão frontal;Com Vítimas Feridas;Amanhecer;Crescente;Céu Claro;Simples;"Declive;Curva";Não;4;0;0;1;3;0;1;2;-26,29239616;-50,87751706;SPRF-SC;DEL06-SC;UOP04-DEL06-SC
588104;18/03/2024;segunda-feira;11:45:00;RS;285;458,2;IJUI;Acessar a via sem observar a presença dos outros veículos;Colisão transversal;Com Vítimas Feridas;Pleno dia;Crescente;Sol;Simples;"Interseção de Vias;Curva";Sim;2;0;1;0;1;0;1;2;-28,400869;-53,898464;SPRF-RS;DEL10-RS;UOP01-DEL10-RS
588105;18/03/2024;segunda-feira;09:55:00;PR;376;671,3;GUARATUBA;Demais falhas mecânicas ou elétricas;Colisão traseira;Com Vítimas Fatais;Pleno dia;Crescente;Céu Claro;Dupla;"Reta;Declive";Não;10;2;0;3;5;0;3;6;-25,885323;-48,935154;SPRF-PR;DEL01-PR;UOP04-DEL01-PR
588112;01/03/2024;sexta-feira;13:10:00;PE;232;51;VITORIA DE SANTO ANTAO;Manobra de mudança de faixa;Colisão transversal;Com Vítimas Feridas;Pleno dia;Crescente;Céu Claro;Múltipla;Reta;Não;2;0;1;0;1;0;1;2;-8,13823439;-35,33196918;SPRF-PE;DEL01-PE;UOP01-DEL01-PE
588119;18/03/2024;segunda-feira;12:10:00;MG;381;575;ITAGUARA;Ausência de reação do condutor;Colisão traseira;Sem Vítimas;Pleno dia;Crescente;Céu Claro;Dupla;"Reta;Aclive";Não;2;0;0;0;2;0;0;2;-20,46631134;-44,57958977;SPRF-MG;DEL04-MG;UOP01-DEL04-MG
588121;24/02/2024;sábado;14:35:00;MG;365;258;SAO GONCALO DO ABAETE;Transitar na contramão;Colisão frontal;Com Vítimas Feridas;Pleno dia;Crescente;Céu Claro;Simples;"Reta;Aclive";Não;6;0;0;4;2;0;4;3;-17,85973618;-45,50552793;SPRF-MG;DEL10-MG;UOP02-DEL010-MG
588126;18/03/2024;segunda-feira;12:30:00;RJ;116;77;TERESOPOLIS;Velocidade Incompatível;Colisão frontal;Com Vítimas Feridas;Pleno dia;Decrescente;Nublado;Simples;Curva;Não;2;0;1;0;1;0;1;2;-22,36917806;-42,94876879;SPRF-RJ;DEL04-RJ;UOP01-DEL04-RJ
588127;18/03/2024;segunda-feira;13:30:00;RJ;101;60;CAMPOS DOS GOYTACAZES;Desrespeitar a preferência no cruzamento;Colisão transversal;Com Vítimas Feridas;Pleno dia;Decrescente;Céu Claro;Simples;Interseção de Vias;Sim;2;0;1;0;1;0;1;2;-21,72048414;-41,31448591;SPRF-RJ;DEL08-RJ;UOP01-DEL08-RJ
588132;18/03/2024;segunda-feira;13:20:00;SC;101;210;SAO JOSE;Manobra de mudança de faixa;Queda de ocupante de veículo;Com Vítimas Feridas;Pleno dia;Decrescente;Céu Claro;Múltipla;Reta;Sim;3;0;0;2;1;0;2;2;-27,6167305;-48,6457265;SPRF-SC;DEL01-SC;UOP01-DEL01-SC
588133;18/03/2024;segunda-feira;12:10:00;MG;262;580;CAMPOS ALTOS;Retorno proibido;Colisão transversal;Com Vítimas Feridas;Pleno dia;Crescente;Céu Claro;Simples;Reta;Não;2;0;0;1;1;0;1;2;-19,6646721;-46,06563103;SPRF-MG;DEL08-MG;UOP02-DEL08-MG
588135;18/03/2024;segunda-feira;13:35:00;RS;386;307,3;POUSO NOVO;Reação tardia ou ineficiente do condutor;Colisão traseira;Com Vítimas Feridas;Plena Noite;Crescente;Chuva;Simples;"Curva;Aclive";Não;2;0;1;0;1;0;1;2;-29,202335;-52,183838;SPRF-RS;DEL04-RS;UOP01-DEL04-RS
588142;18/03/2024;segunda-feira;13:00:00;MT;364;248,4;JUSCIMEIRA;Reação tardia ou ineficiente do condutor;Colisão traseira;Com Vítimas Feridas;Pleno dia;Crescente;Céu Claro;Dupla;Reta;Não;2;0;1;0;1;0;1;2;-16,13033363;-54,83823376;SPRF-MT;DEL02-MT;UOP01-DEL02-MT
588143;18/03/2024;segunda-feira;10:05:00;SC;282;427,8;VARGEM BONITA;Ausência de reação do condutor;Saída de leito carroçável;Com Vítimas Feridas;Pleno dia;Crescente;Céu Claro;Simples;Reta;Não;4;0;0;1;3;0;1;2;-26,975946;-51,771011;SPRF-SC;DEL07-SC;UOP05-DEL07-SC
588147;16/03/2024;sábado;19:10:00;BA;101;161;CONCEICAO DO JACUIPE;Deficiência do Sistema de Iluminação/Sinalização;Colisão traseira;Com Vítimas Feridas;Plena Noite;Crescente;Céu Claro;Dupla;Declive;Não;2;0;1;0;0;1;1;2;-12,35551436;-38,782478;SPRF-BA;DEL01-BA;UOP03-DEL01-BA
588161;19/02/2024;segunda-feira;09:10:00;MG;116;120,6;ITAOBIM;Acessar a via sem observar a presença dos outros veículos;Atropelamento de Animal;Com Vítimas Feridas;Pleno dia;Crescente;Ignorado;Simples;Reta;Não;5;0;1;0;0;4;1;2;-16,60015602;-41,49868089;SPRF-MG;DEL11-MG;UOP02-DEL11-MG
588162;22/02/2024;quinta-feira;10:05:00;RN;304;106;ACU;Acesso irregular;Colisão traseira;Com Vítimas Feridas;Pleno dia;Decrescente;Garoa/Chuvisco;Simples;"Reta;Interseção de Vias";Não;4;0;4;0;0;0;4;2;-5,58834153;-36,96862936;SPRF-RN;DEL04-RN;UOP01-DEL04-RN
588165;18/03/2024;segunda-feira;12:30:00;PI;343;81,2;BURITI DOS LOPES;Mal súbito do condutor;Colisão traseira;Sem Vítimas;Pleno dia;Decrescente;Nublado;Simples;Reta;Não;2;0;0;0;2;0;0;2;-3,418552;-41,73816;SPRF-PI;DEL05-PI;UOP01-DEL05-PI
588167;18/03/2024;segunda-feira;10:00:00;PR;116;142;MANDIRITUBA;Velocidade Incompatível;Tombamento;Sem Vítimas;Pleno dia;Decrescente;Céu Claro;Simples;Curva;Sim;1;0;0;0;1;0;0;1;-25,746524;-49,31741923;SPRF-PR;DEL01-PR;UOP03-DEL01-PR
588170;18/03/2024;segunda-feira;14:45:00;RS;116;236,5;ESTANCIA VELHA;Reação tardia ou ineficiente do condutor;Colisão traseira;Sem Vítimas;Pleno dia;Crescente;Céu Claro;Dupla;"Aclive;Reta";Sim;2;0;0;0;1;1;0;2;-29,66938502;-51,14304731;SPRF-RS;DEL01-RS;UOP02-DEL01-RS
588182;18/03/2024;segunda-feira;16:30:00;MA;10;291;IMPERATRIZ;Ultrapassagem Indevida;Colisão lateral mesmo sentido;Sem Vítimas;Pleno dia;Decrescente;Céu Claro;Simples;Reta;Não;4;0;0;0;4;0;0;2;-5,189614;-47,522278;SPRF-MA;DEL04-MA;UOP01-DEL04-MA
588187;18/03/2024;segunda-feira;05:30:00;SC;282;86;ALFREDO WAGNER;Velocidade Incompatível;Tombamento;Com Vítimas Feridas;Amanhecer;Crescente;Céu Claro;Simples;"Declive;Curva";Não;2;0;2;0;0;0;2;1;-27,661551;-49,197906;SPRF-SC;DEL01-SC;UOP03-DEL01-SC
588188;18/03/2024;segunda-feira;16:46:00;SP;116;288;ITAPECERICA DA SERRA;Manobra de mudança de faixa;Colisão traseira;Com Vítimas Feridas;Pleno dia;Decrescente;Chuva;Dupla;Reta;Não;2;0;0;1;1;0;1;2;-23,719254;-46,883144;SPRF-SP;DEL04-SP;UOP01-DEL04-SP
588191;18/03/2024;segunda-feira;16:50:00;MG;50;152;UBERABA;Ausência de reação do condutor;Saída de leito carroçável;Com Vítimas Fatais;Pleno dia;Decrescente;Chuva;Dupla;"Aclive;Reta";Não;1;1;0;0;0;0;0;1;-19,58265703;-48,03133923;SPRF-MG;DEL13-MG;UOP01-DEL13-MG
588192;18/03/2024;segunda-feira;16:50:00;RS;116;244,6;SAO LEOPOLDO;Entrada inopinada do pedestre;Atropelamento de Pedestre;Com Vítimas Feridas;Plena Noite;Decrescente;Céu Claro;Simples;Reta;Sim;2;0;1;0;1;0;1;2;-29,74088003;-51,15039566;SPRF-RS;DEL01-RS;UOP02-DEL01-RS
588198;18/03/2024;segunda-feira;16:00:00;ES;101;145;LINHARES;Ausência de reação do condutor;Colisão traseira;Com Vítimas Feridas;Pleno dia;Crescente;Céu Claro;Múltipla;Reta;Sim;2;0;1;0;1;0;1;2;-19,36089598;-40,06464018;SPRF-ES;DEL04-ES;UOP01-DEL04-ES
588214;18/03/2024;segunda-feira;16:50:00;MG;40;509,9;RIBEIRAO DAS NEVES;Reação tardia ou ineficiente do condutor;Engavetamento;Com Vítimas Feridas;Anoitecer;Decrescente;Chuva;Dupla;"Reta;Declive";Não;7;0;1;0;6;0;1;4;-19,777348;-44,121027;SPRF-MG;DEL01-MG;UOP02-DEL01-MG