id;data_inversa;dia_semana;horario;uf;br;km;municipio;causa_acidente;tipo_acidente;classificacao_acidente;fase_dia;sentido_via;condicao_metereologica;tipo_pista;tracado_via;uso_solo;pessoas;mortos;feridos_leves;feridos_graves;ilesos;ignorados;feridos;veiculos;latitude;longitude;regional;delegacia;uop
588218;18/03/2024;segunda-feira;16:30:00;SC;470;263,2;CURITIBANOS;Reação tardia ou ineficiente do condutor;Saída de leito carroçável;Com Vítimas Feridas;Pleno dia;Decrescente;Céu Claro;Simples;"Aclive;Reta";Não;1;0;1;0;0;0;1;1;-27,302788;-50,701061;SPRF-SC;DEL05-SC;UOP03-DEL05-SC
588225;18/03/2024;segunda-feira;17:10:00;SP;158;7;PAULICEIA;Retorno proibido;Colisão transversal;Com Vítimas Feridas;Anoitecer;Crescente;Nublado;Simples;Reta;Não;2;0;0;1;1;0;1;2;-21,308463;-51,820673;SPRF-MS;DEL07-MS;UOP01-DEL07-MS
588233;18/03/2024;segunda-feira;19:00:00;BA;242;413;SEABRA;Animais na Pista;Atropelamento de Animal;Com Vítimas Feridas;Anoitecer;Crescente;Céu Claro;Simples;Reta;Sim;2;0;0;1;1;0;1;2;-12,42772116;-41,76143939;SPRF-BA;DEL06-BA;UOP01-DEL06-BA
588238;18/03/2024;segunda-feira;19:40:00;RS;386;389,2;TRIUNFO;Acessar a via sem observar a presença dos outros veículos;Colisão transversal;Com Vítimas Feridas;Plena Noite;Crescente;Céu Claro;Dupla;Reta;Sim;3;0;1;0;2;0;1;2;-29,699799;-51,686905;SPRF-RS;DEL04-RS;UOP02-DEL04-RS
588239;18/03/2024;segunda-feira;20:30:00;SP;116;123;CACAPAVA;Ausência de reação do condutor;Colisão traseira;Com Vítimas Feridas;Plena Noite;Decrescente;Garoa/Chuvisco;Dupla;Reta;Não;2;0;0;1;1;0;1;2;-23,08754228;-45,66969781;SPRF-SP;DEL02-SP;UOP02-DEL02-SP
588254;18/03/2024;segunda-feira;19:30:00;AP;210;105;PORTO GRANDE;Estacionar ou parar em local proibido;Colisão transversal;Com Vítimas Feridas;Plena Noite;Decrescente;Chuva;Simples;Reta;Não;5;0;1;0;4;0;1;2;0,70239423;-51,40504681;SPRF-AP;DEL01-AP;UOP01-DEL01-AP
588257;18/03/2024;segunda-feira;22:08:00;ES;101;260,3;SERRA;Reação tardia ou ineficiente do condutor;Colisão frontal;Com Vítimas Feridas;Plena Noite;Crescente;Céu Claro;Simples;"Reta;Aclive";Sim;4;0;1;1;2;0;2;3;-20,14616415;-40,28836206;SPRF-ES;DEL02-ES;UOP01-DEL02-ES
588258;18/03/2024;segunda-feira;12:15:00;SC;282;410,6;CATANDUVAS;Demais falhas mecânicas ou elétricas;Saída de leito carroçável;Sem Vítimas;Pleno dia;Crescente;Céu Claro;Simples;"Curva;Declive";Não;1;0;0;0;1;0;0;1;-27,061399;-51,671875;SPRF-SC;DEL07-SC;UOP05-DEL07-SC
588259;18/03/2024;segunda-feira;22:08:00;MS;163;481;CAMPO GRANDE;Acesso irregular;Colisão frontal;Com Vítimas Feridas;Plena Noite;Decrescente;Céu Claro;Simples;Reta;Não;3;0;2;1;0;0;3;3;-20,469381;-54,55955;SPRF-MS;DEL01-MS;UOP01-DEL01-MS
588264;18/03/2024;segunda-feira;22:30:00;MG;40;517,1;RIBEIRAO DAS NEVES;Acessar a via sem observar a presença dos outros veículos;Atropelamento de Pedestre;Com Vítimas Fatais;Plena Noite;Crescente;Nublado;Dupla;Reta;Não;3;1;0;0;1;1;0;2;-19,82351202;-44,08438913;SPRF-MG;DEL01-MG;UOP02-DEL01-MG
588266;19/03/2024;terça-feira;00:50:00;SP;153;100;JOSE BONIFACIO;Reação tardia ou ineficiente do condutor;Colisão com objeto;Com Vítimas Feridas;Amanhecer;Decrescente;Nublado;Dupla;"Declive;Curva";Não;1;0;0;1;0;0;1;1;-20,99894814;-49,6292216;SPRF-SP;DEL09-SP;UOP01-DEL09-SP
588269;18/03/2024;segunda-feira;13:56:00;BA;101;541,9;SAO JOSE DA VITORIA;Ultrapassagem Indevida;Colisão lateral mesmo sentido;Com Vítimas Feridas;Pleno dia;Crescente;Céu Claro;Simples;Reta;Sim;2;0;1;0;1;0;1;2;-15,07856722;-39,33826447;SPRF-BA;DEL05-BA;UOP01-DEL05-BA
588272;19/03/2024;terça-feira;02:55:00;SC;101;22;JOINVILLE;Ausência de reação do condutor;Colisão traseira;Sem Vítimas;Plena Noite;Crescente;Céu Claro;Múltipla;Reta;Sim;2;0;0;0;1;1;0;2;-26,15679993;-48,90786269;SPRF-SC;DEL03-SC;UOP01-DEL03-SC
588275;19/03/2024;terça-feira;06:45:00;RJ;116;55,8;TERESOPOLIS;Velocidade Incompatível;Tombamento;Com Vítimas Feridas;Amanhecer;Crescente;Céu Claro;Simples;"Declive;Curva";Não;1;0;1;0;0;0;1;1;-22,20348855;-42,88843108;SPRF-RJ;DEL04-RJ;UOP01-DEL04-RJ
588276;06/03/2024;quarta-feira;18:35:00;MG;50;27;ARAGUARI;Reação tardia ou ineficiente do condutor;Tombamento;Sem Vítimas;Anoitecer;Crescente;Nublado;Dupla;"Aclive;Reta";Não;1;0;0;0;1;0;0;1;-18,61943321;-48,09375199;SPRF-MG;DEL15-MG;UOP02-DEL15-MG
588279;19/03/2024;terça-feira;05:40:00;PE;232;4,2;RECIFE;Manobra de mudança de faixa;Colisão traseira;Com Vítimas Feridas;Pleno dia;Decrescente;Céu Claro;Dupla;Reta;Não;2;0;1;0;0;1;1;2;-8,064473;-34,936928;SPRF-PE;DEL01-PE;UOP01-DEL01-PE
588281;19/03/2024;terça-feira;02:30:00;BA;101;136;TEODORO SAMPAIO;Condutor Dormindo;Colisão frontal;Com Vítimas Feridas;Plena Noite;Crescente;Céu Claro;Simples;Reta;Não;2;0;1;0;1;0;1;2;-12,26146936;-38,65505285;SPRF-BA;DEL01-BA;UOP04-DEL01-BA
588286;19/03/2024;terça-feira;04:50:00;TO;153;533,3;NOVA ROSALANDIA;Objeto estático sobre o leito carroçável;Saída de leito carroçável;Com Vítimas Feridas;Plena Noite;Crescente;Chuva;Simples;Reta;Não;1;0;1;0;0;0;1;1;-10,50069;-48,90663;SPRF-TO;DEL01-TO;UOP01-DEL01-TO
588287;19/03/2024;terça-feira;07:50:00;ES;101;139;LINHARES;Reação tardia ou ineficiente do condutor;Colisão traseira;Com Vítimas Feridas;Pleno dia;Decrescente;Céu Claro;Múltipla;Reta;Não;2;0;0;1;1;0;1;2;-19,3101728;-40,0799666;SPRF-ES;DEL04-ES;UOP01-DEL04-ES
588288;19/03/2024;terça-feira;07:30:00;SP;116;319;JUQUITIBA;Reação tardia ou ineficiente do condutor;Tombamento;Com Vítimas Feridas;Pleno dia;Decrescente;Céu Claro;Dupla;Reta;Não;1;0;1;0;0;0;1;1;-23,93100968;-46,9996511;SPRF-SP;DEL04-SP;UOP03-DEL04-SP
588290;19/03/2024;terça-feira;07:40:00;PE;101;90,3;JABOATAO DOS GUARARAPES;Reação tardia ou ineficiente do condutor;Colisão traseira;Com Vítimas Feridas;Pleno dia;Decrescente;Céu Claro;Dupla;Reta;Sim;3;0;0;1;2;0;1;3;-8,220295;-34,990452;SPRF-PE;DEL01-PE;UOP01-DEL01-PE
588302;18/03/2024;segunda-feira;19:25:00;RO;364;395;OURO PRETO DO OESTE;Acumulo de água sobre o pavimento;Colisão lateral sentido oposto;Com Vítimas Feridas;Plena Noite;Decrescente;Chuva;Simples;Reta;Não;3;0;1;0;2;0;1;3;-10,64530994;-62,30854892;SPRF-RO;DEL03-RO;UOP02-DEL03-RO
588303;19/03/2024;terça-feira;07:00:00;MT;70;518;VARZEA GRANDE;Transitar na contramão;Colisão frontal;Com Vítimas Feridas;Pleno dia;Crescente;Céu Claro;Simples;Reta;Sim;2;0;0;1;1;0;1;2;-15,70384647;-56,06789678;SPRF-MT;DEL01-MT;UOP02-DEL01-MT
588304;18/03/2024;segunda-feira;15:10:00;RJ;465;5,5;SEROPEDICA;Ausência de reação do condutor;Colisão lateral mesmo sentido;Com Vítimas Feridas;Pleno dia;Decrescente;Céu Claro;Simples;Reta;Sim;3;0;1;0;2;0;1;2;-22,747673;-43,699196;SPRF-RJ;DEL06-RJ;UOP02-DEL06-RJ
588310;19/03/2024;terça-feira;09:30:00;RS;290;173,6;BUTIA;Reação tardia ou ineficiente do condutor;Colisão lateral mesmo sentido;Com Vítimas Feridas;Pleno dia;Decrescente;Sol;Simples;"Declive;Reta";Não;8;0;2;0;5;1;2;4;-30,127287;-51,94133;SPRF-RS;DEL02-RS;UOP03-DEL02-RS
588313;19/03/2024;terça-feira;06:30:00;BA;101;365;GANDU;Acesso irregular;Colisão transversal;Com Vítimas Feridas;Pleno dia;Decrescente;Céu Claro;Simples;Reta;Sim;2;0;1;0;1;0;1;2;-13,8723118;-39,49285679;SPRF-BA;DEL05-BA;UOP03-DEL05-BA
588314;19/03/2024;terça-feira;01:30:00;PI;135;297;CRISTINO CASTRO;Ausência de reação do condutor;Saída de leito carroçável;Com Vítimas Feridas;Plena Noite;Decrescente;Ignorado;Simples;Reta;Não;1;0;1;0;0;0;1;1;-8,69779185;-44,08943712;SPRF-PI;DEL03-PI;UOP02-DEL03-PI
588316;19/03/2024;terça-feira;08:40:00;MG;153;25;CENTRALINA;Reação tardia ou ineficiente do condutor;Saída de leito carroçável;Com Vítimas Feridas;Pleno dia;Decrescente;Sol;Dupla;Reta;Não;1;0;1;0;0;0;1;1;-18,64727712;-49,17447621;SPRF-MG;DEL15-MG;UOP03-DEL15-MG
588323;04/03/2024;segunda-feira;07:00:00;RJ;116;247;PIRAI;Ausência de reação do condutor;Colisão com objeto;Sem Vítimas;Pleno dia;Decrescente;Nublado;Dupla;Declive;Não;1;0;0;0;1;0;0;1;-22,60655103;-43,93505207;SPRF-RJ;DEL07-RJ;UOP01-DEL07-RJ
588325;19/03/2024;terça-feira;11:35:00;SP;116;229;SAO PAULO;Ausência de reação do condutor;Colisão transversal;Com Vítimas Feridas;Pleno dia;Crescente;Nublado;Múltipla;Reta;Sim;3;0;1;0;2;0;1;3;-23,51291902;-46,57604698;SPRF-SP;DEL01-SP;UOP01-DEL01-SP
588334;19/03/2024;terça-feira;10:00:00;RJ;393;121;SAPUCAIA;Velocidade Incompatível;Tombamento;Com Vítimas Feridas;Pleno dia;Crescente;Céu Claro;Simples;Curva;Não;3;0;1;2;0;0;3;2;-21,93380606;-42,79637198;SPRF-RJ;DEL05-RJ;UOP01-DEL05-RJ
588340;19/03/2024;terça-feira;10:00:00;MG;381;302;ANTONIO DIAS;Mal súbito do condutor;Saída de leito carroçável;Sem Vítimas;Pleno dia;Crescente;Céu Claro;Dupla;Reta;Não;1;0;0;0;1;0;0;1;-19,64614211;-42,91069811;SPRF-MG;DEL03-MG;UOP02-DEL03-MG
588344;19/03/2024;terça-feira;02:45:00;SP;116;486;CAJATI;Demais falhas mecânicas ou elétricas;Incêndio;Sem Vítimas;Plena Noite;Decrescente;Céu Claro;Múltipla;Reta;Sim;1;0;0;0;1;0;0;1;-24,7217453;-48,08178493;SPRF-SP;DEL05-SP;UOP01-DEL05-SP
588348;19/03/2024;terça-feira;13:45:00;PR;116;112;CURITIBA;Manobra de mudança de faixa;Colisão lateral mesmo sentido;Com Vítimas Feridas;Pleno dia;Crescente;Sol;Múltipla;Reta;Sim;5;0;0;2;3;0;2;2;-25,56730763;-49,23706792;SPRF-PR;DEL01-PR;UOP07-DEL01-PR
588349;19/03/2024;terça-feira;11:15:00;PE;232;99,4;BEZERROS;Condutor deixou de manter distância do veículo da frente;Colisão traseira;Com Vítimas Feridas;Pleno dia;Crescente;Céu Claro;Dupla;Reta;Sim;4;0;3;0;0;1;3;2;-8,2367277;-35,73401605;SPRF-PE;DEL02-PE;UOP02-DEL02PE
588350;05/03/2024;terça-feira;19:40:00;RJ;116;179;MESQUITA;Deficiência do Sistema de Iluminação/Sinalização;Colisão frontal;Sem Vítimas;Plena Noite;Decrescente;Chuva;Dupla;Reta;Sim;2;0;0;0;1;1;0;2;-22,769902;-43,408036;SPRF-RJ;DEL06-RJ;UOP01-DEL06-RJ
588352;19/03/2024;terça-feira;14:00:00;PR;376;436,6;TIBAGI;Velocidade Incompatível;Colisão com objeto;Com Vítimas Feridas;Pleno dia;Decrescente;Chuva;Dupla;"Declive;Curva";Não;1;0;1;0;0;0;1;1;-24,78657487;-50,50744316;SPRF-PR;DEL03-PR;UOP02-DEL03-PR
588356;19/03/2024;terça-feira;14:22:00;MS;163;190;CAARAPO;Reação tardia ou ineficiente do condutor;Tombamento;Com Vítimas Fatais;Pleno dia;Crescente;Céu Claro;Simples;Reta;Não;3;1;1;0;0;1;1;3;-22,79559784;-54,74502787;SPRF-MS;DEL09-MS;UOP01-DEL09-MS
588358;19/03/2024;terça-feira;13:10:00;MT;364;195;RONDONOPOLIS;Demais falhas mecânicas ou elétricas;Tombamento;Com Vítimas Feridas;Pleno dia;Decrescente;Céu Claro;Simples;Curva;Não;3;0;1;0;2;0;1;3;-16,52139597;-54,59966598;SPRF-MT;DEL02-MT;UOP01-DEL02-MT
588363;19/03/2024;terça-feira;12:30:00;MG;381;770,3;CAMPANHA;Reação tardia ou ineficiente do condutor;Colisão traseira;Com Vítimas Fatais;Pleno dia;Decrescente;Céu Claro;Dupla;Reta;Não;2;1;0;0;1;0;0;2;-21,78806301;-45,439064;SPRF-MG;DEL16-MG;UOP02-DEL16-MG
588367;19/03/2024;terça-feira;15:30:00;CE;222;26;CAUCAIA;Condutor deixou de manter distância do veículo da frente;Engavetamento;Com Vítimas Feridas;Pleno dia;Decrescente;Céu Claro;Dupla;Reta;Não;3;0;1;0;2;0;1;3;-3,727674;-38,775226;SPRF-CE;DEL01-CE;UOP01-DEL01-CE
588390;19/03/2024;terça-feira;17:15:00;SP;381;86;SAO PAULO;Reação tardia ou ineficiente do condutor;Colisão traseira;Com Vítimas Feridas;Plena Noite;Decrescente;Céu Claro;Dupla;Curva;Sim;3;0;2;0;1;0;2;2;-23,45930499;-46,57161179;SPRF-SP;DEL03-SP;UOP01-DEL03-SP
588392;19/03/2024;terça-feira;15:40:00;SC;101;381,4;ICARA;Velocidade Incompatível;Colisão traseira;Com Vítimas Feridas;Pleno dia;Crescente;Céu Claro;Dupla;Reta;Não;3;0;0;1;2;0;1;3;-28,75478409;-49,27732095;SPRF-SC;DEL02-SC;UOP02-DEL02-SC
588395;19/03/2024;terça-feira;16:39:00;ES;101;454,2;MIMOSO DO SUL;Sinalização mal posicionada;Saída de leito carroçável;Com Vítimas Feridas;Pleno dia;Crescente;Nublado;Simples;Curva;Não;1;0;1;0;0;0;1;1;-21,17239598;-41,29267502;SPRF-ES;DEL03-ES;UOP02-DEL03-ES
588396;19/03/2024;terça-feira;17:04:00;PE;407;123,2;PETROLINA;Condutor deixou de manter distância do veículo da frente;Colisão traseira;Sem Vítimas;Anoitecer;Crescente;Céu Claro;Simples;Interseção de Vias;Sim;3;0;0;0;3;0;0;3;-9,36149178;-40,54594462;SPRF-PE;DEL06-PE;UOP01-DEL06-PE
588397;19/03/2024;terça-feira;17:35:00;PR;116;109;CURITIBA;Reação tardia ou ineficiente do condutor;Engavetamento;Sem Vítimas;Pleno dia;Crescente;Céu Claro;Dupla;Reta;Sim;3;0;0;0;3;0;0;3;-25,57140489;-49,20748999;SPRF-PR;DEL01-PR;UOP07-DEL01-PR
588398;26/01/2024;sexta-feira;16:05:00;GO;364;204;JATAI;Ultrapassagem Indevida;Colisão frontal;Com Vítimas Fatais;Pleno dia;Decrescente;Sol;Simples;Reta;Não;4;1;1;0;1;1;1;3;-17,907591;-51,791985;SPRF-GO;DEL05-GO;UOP01-DEL05-GO
588400;19/03/2024;terça-feira;17:30:00;SC;280;125,7;RIO NEGRINHO;Ultrapassagem Indevida;Colisão frontal;Sem Vítimas;Anoitecer;Crescente;Céu Claro;Simples;"Reta;Aclive";Sim;2;0;0;0;2;0;0;2;-26,23763684;-49,48434497;SPRF-SC;DEL06-SC;UOP03-DEL06-SC
588401;19/03/2024;terça-feira;18:00:00;PE;423;91,5;GARANHUNS;Ausência de reação do condutor;Colisão traseira;Com Vítimas Feridas;Plena Noite;Crescente;Céu Claro;Simples;"Curva;Aclive";Sim;2;0;0;1;1;0;1;2;-8,85375408;-36,46278381;SPRF-PE;DEL03-PE;UOP01-DEL03-PE
588405;19/03/2024;terça-feira;18:30:00;SP;116;74,4;APARECIDA;Objeto estático sobre o leito carroçável;Colisão com objeto;Com Vítimas Feridas;Anoitecer;Decrescente;Nublado;Dupla;Reta;Não;2;0;1;0;1;0;1;2;-22,87478032;-45,25991303;SPRF-SP;DEL08-SP;UOP01-DEL08-SP
588409;15/03/2024;sexta-feira;19:13:00;RJ;493;6;ITABORAI;Acesso irregular;Atropelamento de Pedestre;Com Vítimas Feridas;Plena Noite;Crescente;Céu Claro;Simples;Reta;Não;2;0;1;0;1;0;1;2;-22,73124198;-42,95145305;SPRF-RJ;DEL02-RJ;UOP02-DEL02-RJ
588412;19/03/2024;terça-feira;17:50:00;GO;20;235;POSSE;Ultrapassagem Indevida;Colisão lateral sentido oposto;Com Vítimas Feridas;Anoitecer;Crescente;Céu Claro;Simples;"Reta;Declive";Não;2;0;0;1;1;0;1;2;-14,070517;-46,287006;SPRF-DF;DEL02-DF;UOP03-DEL02-DF
588416;19/03/2024;terça-feira;16:05:00;MG;365;409;PATOS DE MINAS;Pista Escorregadia;Colisão frontal;Com Vítimas Feridas;Pleno dia;Decrescente;Chuva;Dupla;Declive;Não;4;0;3;1;0;0;4;2;-18,65228912;-46,51471573;SPRF-MG;DEL10-MG;UOP01-DEL10-MG
588421;19/03/2024;terça-feira;18:45:00;SC;101;148;ITAPEMA;Condutor deixou de manter distância do veículo da frente;Colisão traseira;Com Vítimas Feridas;Plena Noite;Decrescente;Céu Claro;Dupla;Reta;Sim;4;0;1;1;2;0;2;4;-27,10123686;-48,61807962;SPRF-SC;DEL04-SC;UOP03-DEL04-SC
588428;19/03/2024;terça-feira;17:20:00;RO;364;549;RIO CRESPO;Manobra de mudança de faixa;Colisão lateral mesmo sentido;Com Vítimas Feridas;Pleno dia;Decrescente;Sol;Simples;Reta;Não;6;0;1;0;5;0;1;2;-9,65816258;-63,08250626;SPRF-RO;DEL03-RO;UOP01-DEL03-RO
588430;19/03/2024;terça-feira;14:15:00;MT;364;1258;COMODORO;Acessar a via sem observar a presença dos outros veículos;Colisão transversal;Com Vítimas Fatais;Pleno dia;Crescente;Céu Claro;Simples;"Declive;Reta";Não;2;1;0;0;1;0;0;2;-13,64383902;-59,77571702;SPRF-MT;DEL04-MT;UOP01-DEL04-MT
588433;19/03/2024;terça-feira;18:20:00;SC;280;29;ARAQUARI;Acessar a via sem observar a presença dos outros veículos;Colisão transversal;Sem Vítimas;Plena Noite;Crescente;Nublado;Simples;"Interseção de Vias;Reta";Sim;2;0;0;0;2;0;0;2;-26,41066264;-48,75295628;SPRF-SC;DEL03-SC;UOP03-DEL03-SC
588438;19/03/2024;terça-feira;19:40:00;BA;415;25;ILHEUS;Ausência de reação do condutor;Queda de ocupante de veículo;Com Vítimas Feridas;Plena Noite;Crescente;Céu Claro;Simples;Curva;Não;4;0;2;0;2;0;2;3;-14,8482;-39,281986;SPRF-BA;DEL05-BA;UOP01-DEL05-BA
588440;19/03/2024;terça-feira;21:45:00;SC;101;39;JOINVILLE;Velocidade Incompatível;Colisão traseira;Com Vítimas Feridas;Plena Noite;Decrescente;Céu Claro;Dupla;"Viaduto;Reta;Aclive";Sim;4;0;1;0;3;0;1;2;-26,2628107;-48,90192257;SPRF-SC;DEL03-SC;UOP01-DEL03-SC
588444;18/02/2024;domingo;16:20:00;BA;116;919,6;ENCRUZILHADA;Reação tardia ou ineficiente do condutor;Saída de leito carroçável;Com Vítimas Feridas;Pleno dia;Crescente;Nublado;Simples;Curva;Não;1;0;1;0;0;0;1;1;-15,58918;-41,28069;SPRF-BA;DEL08-BA;UOP03-DEL08-BA
588445;19/03/2024;terça-feira;16:30:00;MT;174;265;PONTES E LACERDA;Avarias e/ou desgaste excessivo no pneu;Colisão lateral sentido oposto;Com Vítimas Feridas;Pleno dia;Decrescente;Céu Claro;Simples;"Declive;Reta";Não;2;0;2;0;0;0;2;2;-15,390024;-59,160436;SPRF-MT;DEL04-MT;UOP01-DEL04-MT
588448;19/03/2024;terça-feira;21:00:00;MG;50;190;UBERABA;Ausência de reação do condutor;Colisão traseira;Com Vítimas Fatais;Plena Noite;Decrescente;Céu Claro;Dupla;"Reta;Aclive";Não;3;1;0;0;2;0;0;2;-19,849058;-47,874316;SPRF-MG;DEL13-MG;UOP01-DEL13-MG
588460;20/03/2024;quarta-feira;00:25:00;PR;277;133,8;BALSA NOVA;Condutor Dormindo;Colisão traseira;Com Vítimas Feridas;Plena Noite;Crescente;Nublado;Dupla;Reta;Não;2;0;0;1;1;0;1;2;-25,471514;-49,666425;SPRF-PR;DEL03-PR;UOP03-DEL03-PR
588468;20/03/2024;quarta-feira;03:30:00;SP;116;122,1;CACAPAVA;Reação tardia ou ineficiente do condutor;Colisão traseira;Com Vítimas Feridas;Plena Noite;Crescente;Céu Claro;Dupla;Reta;Não;2;0;0;1;1;0;1;2;-23,08192414;-45,66154591;SPRF-SP;DEL02-SP;UOP02-DEL02-SP
588471;20/03/2024;quarta-feira;05:10:00;MG;381;942;EXTREMA;Condutor Dormindo;Colisão traseira;Com Vítimas Feridas;Amanhecer;Decrescente;Nublado;Dupla;"Reta;Aclive";Não;2;0;1;0;1;0;1;2;-22,86605937;-46,34940386;SPRF-MG;DEL16-MG;UOP03-DEL16-MG
588472;19/03/2024;terça-feira;22:15:00;ES;262;79;DOMINGOS MARTINS;Velocidade Incompatível;Tombamento;Com Vítimas Feridas;Plena Noite;Decrescente;Nublado;Simples;Curva;Não;1;0;1;0;0;0;1;1;-20,408932;-40,939408;SPRF-ES;DEL01-ES;UOP02-DEL01-ES
588474;20/03/2024;quarta-feira;05:20:00;GO;414;388,8;CORUMBA DE GOIAS;Condutor Dormindo;Colisão lateral sentido oposto;Com Vítimas Feridas;Amanhecer;Crescente;Céu Claro;Simples;"Curva;Declive";Não;3;0;1;1;1;0;2;2;-15,88575819;-48,79661256;SPRF-GO;DEL02-GO;UOP01-DEL02-GO
588475;20/03/2024;quarta-feira;05:45:00;MT;158;788;BARRA DO GARCAS;Reação tardia ou ineficiente do condutor;Colisão traseira;Sem Vítimas;Amanhecer;Crescente;Nevoeiro/Neblina;Simples;Reta;Não;3;0;0;0;3;0;0;3;-15,80923607;-52,30012479;SPRF-MT;DEL07-MT;UOP01-DEL07-MT
588476;20/03/2024;quarta-feira;04:35:00;MG;50;52;ARAGUARI;Ausência de reação do condutor;Colisão traseira;Sem Vítimas;Plena Noite;Decrescente;Chuva;Dupla;"Reta;Aclive";Não;2;0;0;0;2;0;0;2;-18,75140135;-48,2369687;SPRF-MG;DEL15-MG;UOP02-DEL15-MG
588479;20/03/2024;quarta-feira;06:30:00;PR;277;351;GUARAPUAVA;Acessar a via sem observar a presença dos outros veículos;Colisão transversal;Com Vítimas Feridas;Amanhecer;Crescente;Céu Claro;Simples;Reta;Não;3;0;0;1;1;1;1;3;-25,399015;-51,537633;SPRF-PR;DEL08-PR;UOP01-DEL08-PR
588482;20/03/2024;quarta-feira;07:00:00;MG;40;599,9;CONGONHAS;Reação tardia ou ineficiente do condutor;Colisão traseira;Com Vítimas Feridas;Pleno dia;Decrescente;Céu Claro;Simples;"Aclive;Reta";Não;3;0;1;0;2;0;1;2;-20,42264639;-43,87103002;SPRF-MG;DEL05-MG;UOP02-DEL05-MG
588484;19/03/2024;terça-feira;21:40:00;SC;280;237,3;CANOINHAS;Velocidade Incompatível;Tombamento;Com Vítimas Feridas;Plena Noite;Decrescente;Nevoeiro/Neblina;Simples;"Curva;Declive";Não;1;0;1;0;0;0;1;1;-26,19844599;-50,43216601;SPRF-SC;DEL06-SC;UOP04-DEL06-SC
588488;20/03/2024;quarta-feira;07:30:00;RS;285;454,5;IJUI;Condutor deixou de manter distância do veículo da frente;Colisão traseira;Com Vítimas Feridas;Pleno dia;Crescente;Sol;Simples;Reta;Não;3;0;1;0;2;0;1;2;-28,377092;-53,87043;SPRF-RS;DEL10-RS;UOP01-DEL10-RS
588491;20/03/2024;quarta-feira;07:45:00;ES;101;287;CARIACICA;Trafegar com motocicleta (ou similar) entre as faixas;Colisão lateral mesmo sentido;Com Vítimas Feridas;Pleno dia;Decrescente;Céu Claro;Dupla;Reta;Sim;4;0;1;1;2;0;2;4;-20,26493528;-40,38471702;SPRF-ES;DEL01-ES;UOP01-DEL01-ES
588497;20/03/2024;quarta-feira;07:25:00;MS;163;374;NOVA ALVORADA DO SUL;Carga excessiva e/ou mal acondicionada;Derramamento de carga;Com Vítimas Feridas;Pleno dia;Crescente;Céu Claro;Simples;Aclive;Não;4;0;1;0;3;0;1;4;-21,39332793;-54,40779977;SPRF-MS;DEL02-MS;UOP01-DEL02-MS
588498;20/03/2024;quarta-feira;07:35:00;MS;267;474,5;GUIA LOPES DA LAGUNA;Ausência de reação do condutor;Colisão traseira;Com Vítimas Feridas;Pleno dia;Crescente;Céu Claro;Simples;Reta;Não;2;0;1;0;1;0;1;2;-21,43946119;-56,08963325;SPRF-MS;DEL05-MS;UOP01-DEL05-MS
588504;20/03/2024;quarta-feira;05:20:00;BA;407;45;JUAZEIRO;Demais falhas mecânicas ou elétricas;Incêndio;Sem Vítimas;Amanhecer;Decrescente;Céu Claro;Simples;Reta;Não;1;0;0;0;1;0;0;1;-9,77268013;-40,33617626;SPRF-BA;DEL04-BA;UOP01-DEL04-BA
588505;20/03/2024;quarta-feira;07:30:00;MG;381;481,1;CONTAGEM;Ausência de reação do condutor;Colisão traseira;Com Vítimas Feridas;Pleno dia;Crescente;Nublado;Múltipla;"Reta;Aclive";Sim;3;0;2;0;1;0;2;2;-19,9586406;-44,0616339;SPRF-MG;DEL01-MG;UOP03-DEL01-MG
588512;20/03/2024;quarta-feira;08:10:00;PB;101;126;CAAPORA;Ausência de reação do condutor;Tombamento;Com Vítimas Feridas;Pleno dia;Decrescente;Céu Claro;Dupla;"Em Obras;Reta";Não;1;0;1;0;0;0;1;1;-7,48484909;-34,98096868;SPRF-PB;DEL01-PB;UOP02-DEL01-PB
588517;20/03/2024;quarta-feira;07:45:00;RS;392;55,8;RIO GRANDE;Manobra de mudança de faixa;Colisão lateral mesmo sentido;Sem Vítimas;Pleno dia;Crescente;Nublado;Dupla;Reta;Não;2;0;0;0;2;0;0;2;-31,82930395;-52,32858415;SPRF-RS;DEL07-RS;UOP02-DEL07-RS
588525;20/03/2024;quarta-feira;09:20:00;MG;365;413;PATOS DE MINAS;Velocidade Incompatível;Saída de leito carroçável;Com Vítimas Feridas;Pleno dia;Decrescente;Chuva;Simples;Reta;Não;1;0;1;0;0;0;1;1;-18,6741811;-46,54412894;SPRF-MG;DEL10-MG;UOP01-DEL10-MG
588526;20/03/2024;quarta-feira;08:35:00;RJ;101;405;ITAGUAI;Ultrapassagem Indevida;Colisão traseira;Com Vítimas Feridas;Pleno dia;Decrescente;Céu Claro;Dupla;"Reta;Viaduto;Interseção de Vias";Não;3;0;0;1;2;0;1;3;-22,867606;-43,802743;SPRF-RJ;DEL03-RJ;UOP01-DEL03-RJ
588527;20/03/2024;quarta-feira;08:30:00;PA;230;115;MARABA;Acessar a via sem observar a presença dos outros veículos;Colisão lateral mesmo sentido;Com Vítimas Feridas;Pleno dia;Crescente;Céu Claro;Dupla;Retorno Regulamentado;Não;2;0;1;0;1;0;1;2;-5,36241425;-49,07496007;SPRF-PA;DEL03-PA;UOP01-DEL03-PA