id;data_inversa;dia_semana;horario;uf;br;km;municipio;causa_acidente;tipo_acidente;classificacao_acidente;fase_dia;sentido_via;condicao_metereologica;tipo_pista;tracado_via;uso_solo;pessoas;mortos;feridos_leves;feridos_graves;ilesos;ignorados;feridos;veiculos;latitude;longitude;regional;delegacia;uop
588863;21/03/2024;quinta-feira;12:00:00;MT;70;233;POXOREO;Acostamento em desnível;Tombamento;Com Vítimas Feridas;Pleno dia;Decrescente;Nublado;Simples;"Curva;Declive";Não;1;0;0;1;0;0;1;1;-15,63324793;-53,96682499;SPRF-MT;DEL05-MT;UOP01-DEL05-MT
588866;21/03/2024;quinta-feira;10:20:00;RS;116;24,1;VACARIA;Reação tardia ou ineficiente do condutor;Colisão frontal;Sem Vítimas;Pleno dia;Decrescente;Chuva;Simples;Reta;Não;2;0;0;0;2;0;0;2;-28,39810374;-50,85160344;SPRF-RS;DEL05-RS;UOP03-DEL05-RS
588875;21/03/2024;quinta-feira;20:35:00;SP;153;180,6;LINS;Demais falhas mecânicas ou elétricas;Incêndio;Com Vítimas Feridas;Plena Noite;Crescente;Nublado;Simples;Curva;Não;1;0;1;0;0;0;1;1;-21,68278303;-49,79066455;SPRF-SP;DEL07-SP;UOP01-DEL07-SP
588882;21/03/2024;quinta-feira;08:30:00;TO;153;484;PARAISO DO TOCANTINS;Demais falhas na via;Tombamento;Com Vítimas Feridas;Pleno dia;Decrescente;Nublado;Simples;"Curva;Aclive";Não;1;0;1;0;0;0;1;1;-10,07900601;-48,85505792;SPRF-TO;DEL01-TO;UOP01-DEL01-TO
588883;21/03/2024;quinta-feira;20:32:00;PI;316;2,7;TERESINA;Ausência de reação do condutor;Colisão traseira;Com Vítimas Fatais;Plena Noite;Crescente;Céu Claro;Múltipla;Reta;Sim;2;1;0;0;1;0;0;2;-5,1274162;-42,79340029;SPRF-PI;DEL01-PI;UOP02-DEL01-PI
588886;21/03/2024;quinta-feira;20:50:00;PR;376;657,5;TIJUCAS DO SUL;Demais falhas mecânicas ou elétricas;Incêndio;Sem Vítimas;Plena Noite;Decrescente;Céu Claro;Dupla;Reta;Não;1;0;0;0;1;0;0;1;-25,85232468;-49,03032776;SPRF-PR;DEL01-PR;UOP04-DEL01-PR
588888;21/03/2024;quinta-feira;22:50:00;SP;116;306,5;SAO LOURENCO DA SERRA;Reação tardia ou ineficiente do condutor;Atropelamento de Pedestre;Com Vítimas Feridas;Plena Noite;Crescente;Garoa/Chuvisco;Dupla;Curva;Não;3;0;1;0;2;0;1;3;-23,8486091;-46,93801566;SPRF-SP;DEL04-SP;UOP01-DEL04-SP
588892;21/03/2024;quinta-feira;22:00:00;PR;376;461;PONTA GROSSA;Ausência de reação do condutor;Tombamento;Com Vítimas Feridas;Plena Noite;Crescente;Céu Claro;Dupla;Reta;Não;2;0;1;0;1;0;1;2;-25,01133488;-50,34693693;SPRF-PR;DEL03-PR;UOP01-DEL03-PR
588895;21/03/2024;quinta-feira;23:30:00;GO;50;126;IPAMERI;Reação tardia ou ineficiente do condutor;Colisão com objeto;Com Vítimas Feridas;Plena Noite;Crescente;Céu Claro;Dupla;Reta;Não;1;0;1;0;0;0;1;1;-16,9736;-47,7434;SPRF-GO;DEL06-GO;UOP01-DEL06-GO
588900;21/03/2024;quinta-feira;23:30:00;MG;381;868;POUSO ALEGRE;Demais falhas mecânicas ou elétricas;Incêndio;Sem Vítimas;Plena Noite;Crescente;Nublado;Dupla;Reta;Não;1;0;0;0;1;0;0;1;-22,42008488;-45,96507626;SPRF-MG;DEL16-MG;UOP01-DEL16-MG
588907;22/03/2024;sexta-feira;02:08:00;MG;381;483,1;BETIM;Ausência de reação do condutor;Colisão com objeto;Com Vítimas Feridas;Plena Noite;Crescente;Céu Claro;Múltipla;"Curva;Declive";Sim;4;0;1;0;2;1;1;3;-19,95594491;-44,10721699;SPRF-MG;DEL01-MG;UOP03-DEL01-MG
588908;22/03/2024;sexta-feira;01:50:00;SC;470;47,7;BLUMENAU;Demais falhas mecânicas ou elétricas;Colisão transversal;Com Vítimas Feridas;Plena Noite;Crescente;Nublado;Simples;"Reta;Aclive";Não;2;0;1;0;1;0;1;2;-26,864044;-49,046516;SPRF-SC;DEL04-SC;UOP01-DEL04-SC
588910;22/03/2024;sexta-feira;00:30:00;RS;392;84,5;PELOTAS;Demais falhas mecânicas ou elétricas;Saída de leito carroçável;Sem Vítimas;Plena Noite;Decrescente;Nublado;Simples;"Curva;Aclive";Não;1;0;0;0;1;0;0;1;-31,64764106;-52,47931607;SPRF-RS;DEL07-RS;UOP01-DEL07-RS
588913;22/03/2024;sexta-feira;02:40:00;BA;116;656,9;JEQUIE;Ingestão de álcool pelo condutor;Colisão lateral sentido oposto;Sem Vítimas;Plena Noite;Crescente;Céu Claro;Simples;"Reta;Aclive";Não;2;0;0;0;2;0;0;2;-13,66414221;-40,09537258;SPRF-BA;DEL03-BA;UOP01-DEL03-BA
588917;21/03/2024;quinta-feira;22:20:00;MG;365;261;JOAO PINHEIRO;Reação tardia ou ineficiente do condutor;Tombamento;Com Vítimas Feridas;Plena Noite;Crescente;Céu Claro;Simples;Curva;Não;4;0;2;0;2;0;2;2;-17,878621;-45,533651;SPRF-MG;DEL10-MG;UOP02-DEL010-MG
588924;22/03/2024;sexta-feira;03:30:00;BA;242;633;MUQUEM DE SAO FRANCISCO;Demais falhas mecânicas ou elétricas;Incêndio;Sem Vítimas;Plena Noite;Crescente;Céu Claro;Simples;Reta;Não;1;0;0;0;1;0;0;1;-12,20041216;-43,40769372;SPRF-BA;DEL10-BA;UOP02-DEL10-BA
588933;22/03/2024;sexta-feira;07:30:00;MG;40;497;ESMERALDAS;Manobra de mudança de faixa;Colisão traseira;Com Vítimas Feridas;Pleno dia;Crescente;Céu Claro;Dupla;Reta;Sim;2;0;1;0;1;0;1;2;-19,67802022;-44,18830216;SPRF-MG;DEL02-MG;UOP01-DEL02-MG
588936;22/03/2024;sexta-feira;05:50:00;MG;50;119;UBERABA;Ausência de reação do condutor;Colisão traseira;Com Vítimas Feridas;Amanhecer;Crescente;Céu Claro;Dupla;"Reta;Rotatória";Não;2;0;0;1;1;0;1;2;-19,29969201;-48,11376802;SPRF-MG;DEL13-MG;UOP01-DEL13-MG
588943;22/03/2024;sexta-feira;07:55:00;SP;116;285;EMBU DAS ARTES;Trafegar com motocicleta (ou similar) entre as faixas;Colisão lateral mesmo sentido;Com Vítimas Feridas;Pleno dia;Decrescente;Garoa/Chuvisco;Dupla;Reta;Sim;2;0;1;0;1;0;1;2;-23,70407794;-46,87249709;SPRF-SP;DEL04-SP;UOP01-DEL04-SP
588947;22/03/2024;sexta-feira;03:10:00;RO;435;110;CEREJEIRAS;Objeto estático sobre o leito carroçável;Colisão com objeto;Sem Vítimas;Plena Noite;Decrescente;Chuva;Simples;"Declive;Reta";Não;2;0;0;0;2;0;0;2;-13,19219828;-60,69489903;SPRF-RO;DEL04-RO;UOP02-DEL04-RO
588950;22/03/2024;sexta-feira;07:00:00;MG;262;755,3;SACRAMENTO;Ausência de reação do condutor;Saída de leito carroçável;Com Vítimas Feridas;Pleno dia;Crescente;Céu Claro;Simples;"Interseção de Vias;Rotatória";Não;1;0;1;0;0;0;1;1;-19,65377333;-47,5548499;SPRF-MG;DEL13-MG;UOP01-DEL13-MG
588954;22/03/2024;sexta-feira;07:30:00;SC;280;73,3;JARAGUA DO SUL;Ultrapassagem Indevida;Colisão lateral mesmo sentido;Com Vítimas Feridas;Pleno dia;Crescente;Nublado;Simples;Rotatória;Sim;2;0;1;0;1;0;1;2;-26,45917102;-49,15245;SPRF-SC;DEL03-SC;UOP03-DEL03-SC
588956;24/01/2024;quarta-feira;01:46:00;PB;230;115,3;INGA;Ausência de reação do condutor;Colisão com objeto;Com Vítimas Feridas;Plena Noite;Decrescente;Céu Claro;Dupla;Curva;Não;1;0;1;0;0;0;1;1;-7,2296;-35,5998;SPRF-PB;DEL01-PB;UOP03-DEL01-PB
588964;28/02/2024;quarta-feira;10:30:00;BA;116;373;SERRINHA;Reação tardia ou ineficiente do condutor;Colisão traseira;Com Vítimas Fatais;Pleno dia;Decrescente;Céu Claro;Simples;Reta;Não;4;1;0;0;2;1;0;4;-11,7878313;-38,98560509;SPRF-BA;DEL02-BA;UOP01-DEL02-BA
588965;22/03/2024;sexta-feira;05:25:00;SC;282;170,3;BOCAINA DO SUL;Ultrapassagem Indevida;Colisão frontal;Com Vítimas Fatais;Amanhecer;Decrescente;Céu Claro;Simples;"Reta;Aclive";Não;7;1;3;2;1;0;5;3;-27,741282;-49,843479;SPRF-SC;DEL05-SC;UOP01-DEL05-SC
588971;22/03/2024;sexta-feira;09:31:00;SP;381;37;ATIBAIA;Acessar a via sem observar a presença dos outros veículos;Colisão traseira;Com Vítimas Feridas;Pleno dia;Decrescente;Garoa/Chuvisco;Dupla;Reta;Não;3;0;1;0;2;0;1;2;-23,10506237;-46,56881577;SPRF-SP;DEL03-SP;UOP01-DEL03-SP
588986;22/03/2024;sexta-feira;11:10:00;SP;116;226;GUARULHOS;Reação tardia ou ineficiente do condutor;Colisão lateral mesmo sentido;Com Vítimas Feridas;Pleno dia;Decrescente;Garoa/Chuvisco;Múltipla;Reta;Sim;2;0;1;0;0;1;1;2;-23,49102507;-46,54878195;SPRF-SP;DEL01-SP;UOP01-DEL01-SP
588987;22/03/2024;sexta-feira;11:25:00;SP;381;69;MAIRIPORA;Reação tardia ou ineficiente do condutor;Colisão traseira;Com Vítimas Feridas;Pleno dia;Crescente;Chuva;Dupla;"Reta;Aclive";Não;2;0;1;0;1;0;1;2;-23,34553108;-46,56787903;SPRF-SP;DEL03-SP;UOP01-DEL03-SP
588990;22/03/2024;sexta-feira;07:50:00;MT;364;61;ALTO GARCAS;Transitar na contramão;Colisão lateral sentido oposto;Com Vítimas Feridas;Pleno dia;Crescente;Céu Claro;Simples;Reta;Não;2;0;1;0;1;0;1;2;-16,93784698;-53,560784;SPRF-MT;DEL02-MT;UOP02-DEL02-MT
588991;22/03/2024;sexta-feira;08:30:00;SP;116;511;CAJATI;Reação tardia ou ineficiente do condutor;Tombamento;Com Vítimas Feridas;Pleno dia;Crescente;Chuva;Simples;"Curva;Aclive";Não;1;0;1;0;0;0;1;1;-24,83558399;-48,2223738;SPRF-SP;DEL05-SP;UOP02-DEL05-SP
588993;22/03/2024;sexta-feira;11:00:00;PR;376;461,2;TIBAGI;Velocidade Incompatível;Colisão com objeto;Sem Vítimas;Pleno dia;Crescente;Nublado;Dupla;Reta;Não;3;0;0;0;3;0;0;3;-24,94888877;-50,39500045;SPRF-PR;DEL03-PR;UOP01-DEL03-PR
588999;22/03/2024;sexta-feira;09:05:00;PE;104;66;CARUARU;Ultrapassagem Indevida;Colisão lateral mesmo sentido;Com Vítimas Feridas;Pleno dia;Crescente;Céu Claro;Simples;Reta;Sim;2;0;0;1;0;1;1;2;-8,2937;-35,9864;SPRF-PE;DEL02-PE;UOP01-DEL02-PE
589005;22/03/2024;sexta-feira;06:00:00;PR;277;279;PRUDENTOPOLIS;Transitar na contramão;Colisão frontal;Com Vítimas Feridas;Pleno dia;Crescente;Nublado;Simples;Curva;Não;2;0;1;0;1;0;1;2;-25,36455702;-50,91002702;SPRF-PR;DEL08-PR;UOP02-DEL08-PR
589007;22/03/2024;sexta-feira;08:10:00;RJ;101;504;ANGRA DOS REIS;Reação tardia ou ineficiente do condutor;Colisão transversal;Com Vítimas Feridas;Pleno dia;Decrescente;Chuva;Simples;Reta;Não;2;0;0;1;1;0;1;2;-22,93155828;-44,38812093;SPRF-RJ;DEL03-RJ;UOP03-DEL03-RJ
589014;22/03/2024;sexta-feira;13:25:00;RS;285;411,7;PANAMBI;Condutor deixou de manter distância do veículo da frente;Engavetamento;Com Vítimas Feridas;Pleno dia;Crescente;Céu Claro;Simples;"Reta;Aclive";Não;5;0;2;2;1;0;4;4;-28,36250278;-53,43500555;SPRF-RS;DEL10-RS;UOP02-DEL10-RS
589015;22/03/2024;sexta-feira;13:50:00;SP;116;137;SAO JOSE DOS CAMPOS;Manobra de mudança de faixa;Colisão lateral mesmo sentido;Com Vítimas Feridas;Pleno dia;Crescente;Chuva;Dupla;Reta;Sim;2;0;1;0;0;1;1;2;-23,15300766;-45,78709317;SPRF-SP;DEL02-SP;UOP01-DEL02-SP
589018;22/03/2024;sexta-feira;09:08:00;SC;470;108,8;IBIRAMA;Ingestão de álcool pelo condutor;Colisão frontal;Com Vítimas Feridas;Pleno dia;Crescente;Céu Claro;Simples;Reta;Não;2;0;0;1;1;0;1;2;-27,080708;-49,440491;SPRF-SC;DEL04-SC;UOP02-DEL04-SC
589021;22/03/2024;sexta-feira;14:00:00;GO;153;575;PIRACANJUBA;Velocidade Incompatível;Saída de leito carroçável;Com Vítimas Feridas;Pleno dia;Crescente;Céu Claro;Dupla;Curva;Não;1;0;0;1;0;0;1;1;-17,3442;-49,2472;SPRF-GO;DEL03-GO;UOP01-DEL03-GO
589037;22/03/2024;sexta-feira;12:30:00;BA;116;442;FEIRA DE SANTANA;Reação tardia ou ineficiente do condutor;Tombamento;Com Vítimas Feridas;Pleno dia;Crescente;Céu Claro;Dupla;"Declive;Curva";Não;2;0;0;1;1;0;1;1;-12,33676101;-39,07328599;SPRF-BA;DEL02-BA;UOP01-DEL02-BA
589040;22/03/2024;sexta-feira;17:00:00;RN;101;110;PARNAMIRIM;Reação tardia ou ineficiente do condutor;Colisão transversal;Sem Vítimas;Anoitecer;Crescente;Céu Claro;Dupla;Viaduto;Sim;2;0;0;0;2;0;0;2;-5,946376;-35,26485;SPRF-RN;DEL01-RN;UOP01-DEL01-RN
589052;22/03/2024;sexta-feira;16:30:00;MS;163;374;NOVA ALVORADA DO SUL;Acessar a via sem observar a presença dos outros veículos;Colisão transversal;Com Vítimas Feridas;Pleno dia;Crescente;Céu Claro;Simples;Declive;Não;3;0;1;0;2;0;1;2;-21,39332793;-54,40779977;SPRF-MS;DEL02-MS;UOP01-DEL02-MS
589059;22/03/2024;sexta-feira;15:00:00;CE;222;253;SOBRAL;Ingestão de álcool pelo condutor;Colisão lateral sentido oposto;Com Vítimas Feridas;Pleno dia;Crescente;Nublado;Simples;Reta;Não;2;0;0;1;1;0;1;2;-3,75413988;-40,58599699;SPRF-CE;DEL04-CE;UOP02-DEL04-CE
589066;22/03/2024;sexta-feira;19:00:00;MG;40;518;RIBEIRAO DAS NEVES;Reação tardia ou ineficiente do condutor;Engavetamento;Com Vítimas Feridas;Plena Noite;Decrescente;Garoa/Chuvisco;Dupla;Reta;Sim;7;0;2;0;5;0;2;4;-19,8321242;-44,08208533;SPRF-MG;DEL01-MG;UOP02-DEL01-MG
589068;22/03/2024;sexta-feira;12:16:00;SC;116;130,6;SANTA CECILIA;Ausência de reação do condutor;Colisão traseira;Com Vítimas Feridas;Pleno dia;Decrescente;Céu Claro;Simples;Reta;Não;4;0;0;2;1;1;2;3;-26,89105589;-50,43451019;SPRF-SC;DEL06-SC;UOP02-DEL06-SC
589078;22/03/2024;sexta-feira;15:30:00;PB;427;35,3;POMBAL;Velocidade Incompatível;Saída de leito carroçável;Com Vítimas Feridas;Pleno dia;Decrescente;Céu Claro;Simples;Reta;Não;2;0;1;1;0;0;2;1;-6,75903094;-37,772584;SPRF-PB;DEL03-PB;UOP02-DEL03-PB
589091;22/03/2024;sexta-feira;19:40:00;SP;116;56;LORENA;Reação tardia ou ineficiente do condutor;Colisão lateral mesmo sentido;Com Vítimas Feridas;Plena Noite;Crescente;Chuva;Dupla;Reta;Não;2;0;1;0;1;0;1;2;-22,76904403;-45,13040598;SPRF-SP;DEL08-SP;UOP02-DEL08-SP
589092;22/03/2024;sexta-feira;20:16:00;MA;230;314;SAO RAIMUNDO DAS MANGABEIRAS;Transitar na contramão;Colisão frontal;Com Vítimas Fatais;Plena Noite;Crescente;Céu Claro;Simples;"Declive;Curva";Sim;3;1;0;0;1;1;0;3;-7,015551;-45,47434027;SPRF-MA;DEL05-MA;UOP01-DEL05-MA
589093;22/03/2024;sexta-feira;19:50:00;SC;470;52,6;BLUMENAU;Acessar a via sem observar a presença dos outros veículos;Colisão transversal;Com Vítimas Feridas;Plena Noite;Decrescente;Céu Claro;Simples;Interseção de Vias;Sim;4;0;1;0;3;0;1;2;-26,862286;-49,093903;SPRF-SC;DEL04-SC;UOP01-DEL04-SC
589101;22/03/2024;sexta-feira;20:30:00;MG;262;579,6;CORREGO DANTA;Velocidade Incompatível;Colisão frontal;Com Vítimas Feridas;Plena Noite;Crescente;Chuva;Simples;Reta;Não;3;0;1;1;1;0;2;2;-19,65292411;-46,06876373;SPRF-MG;DEL08-MG;UOP02-DEL08-MG
589105;22/03/2024;sexta-feira;18:30:00;MT;163;464;VARZEA GRANDE;Ausência de reação do condutor;Saída de leito carroçável;Com Vítimas Fatais;Anoitecer;Decrescente;Chuva;Simples;"Ponte;Curva";Não;1;1;0;0;0;0;0;1;-15,4978417;-56,27305627;SPRF-MT;DEL01-MT;UOP01-DEL01-MT
589108;22/03/2024;sexta-feira;20:12:00;RS;392;666,2;CERRO LARGO;Acessar a via sem observar a presença dos outros veículos;Colisão transversal;Com Vítimas Feridas;Plena Noite;Decrescente;Céu Claro;Simples;Curva;Não;2;0;0;1;1;0;1;2;-28,12339091;-54,77497816;SPRF-RS;DEL10-RS;UOP01-DEL10-RS
589115;22/03/2024;sexta-feira;22:00:00;BA;242;898;LUIS EDUARDO MAGALHAES;Transitar na contramão;Colisão frontal;Com Vítimas Feridas;Plena Noite;Crescente;Céu Claro;Simples;Reta;Não;2;0;0;1;1;0;1;2;-12,12138541;-46,01076683;SPRF-BA;DEL10-BA;UOP01-DEL10-BA
589118;22/03/2024;sexta-feira;20:35:00;RJ;101;98;CAMPOS DOS GOYTACAZES;Condutor deixou de manter distância do veículo da frente;Colisão traseira;Com Vítimas Feridas;Plena Noite;Decrescente;Chuva;Dupla;Declive;Não;2;0;1;0;1;0;1;2;-21,87578294;-41,57377702;SPRF-RJ;DEL08-RJ;UOP02-DEL08-RJ
589122;22/03/2024;sexta-feira;20:40:00;RJ;101;309;SAO GONCALO;Reação tardia ou ineficiente do condutor;Colisão traseira;Com Vítimas Feridas;Plena Noite;Crescente;Chuva;Dupla;Reta;Não;2;0;1;0;1;0;1;2;-22,79498873;-43,03446105;SPRF-RJ;DEL02-RJ;UOP02-DEL02-RJ
589123;22/03/2024;sexta-feira;23:00:00;MG;262;194;SAO DOMINGOS DO PRATA;Velocidade Incompatível;Colisão frontal;Com Vítimas Feridas;Plena Noite;Decrescente;Garoa/Chuvisco;Simples;Reta;Não;6;0;3;2;1;0;5;2;-19,87527123;-43,07514717;SPRF-MG;DEL03-MG;UOP01-DEL03-MG
589129;22/03/2024;sexta-feira;23:15:00;BA;324;542;AMELIA RODRIGUES;Velocidade Incompatível;Tombamento;Com Vítimas Feridas;Plena Noite;Decrescente;Céu Claro;Dupla;Curva;Sim;1;0;1;0;0;0;1;1;-12,39373185;-38,77646394;SPRF-BA;DEL01-BA;UOP03-DEL01-BA
589131;22/03/2024;sexta-feira;19:50:00;MT;174;2;PONTES E LACERDA;Conversão proibida;Colisão transversal;Com Vítimas Feridas;Plena Noite;Crescente;Céu Claro;Simples;Reta;Sim;2;0;0;1;0;1;1;2;-15,226537;-59,335728;SPRF-MT;DEL04-MT;UOP01-DEL04-MT
589132;23/03/2024;sábado;00:10:00;SC;101;166,9;TIJUCAS;Ausência de reação do condutor;Saída de leito carroçável;Com Vítimas Feridas;Plena Noite;Crescente;Nublado;Dupla;Reta;Não;1;0;1;0;0;0;1;1;-27,26147697;-48,63180349;SPRF-SC;DEL04-SC;UOP03-DEL04-SC
589137;23/03/2024;sábado;02:00:00;SC;282;16,4;PALHOCA;Acessar a via sem observar a presença dos outros veículos;Colisão transversal;Com Vítimas Feridas;Plena Noite;Crescente;Nublado;Simples;Reta;Sim;4;0;1;0;3;0;1;2;-27,658611;-48,681847;SPRF-SC;DEL01-SC;UOP02-DEL01-SC
589143;23/03/2024;sábado;03:25:00;RS;290;40,9;SANTO ANTONIO DA PATRULHA;Condutor Dormindo;Colisão com objeto;Com Vítimas Fatais;Plena Noite;Crescente;Céu Claro;Dupla;Reta;Não;6;1;0;0;1;4;0;5;-29,886173;-50,658577;SPRF-RS;DEL03-RS;UOP01-DEL03-RS
589150;23/03/2024;sábado;06:15:00;RS;101;39,5;TRES CACHOEIRAS;Manobra de mudança de faixa;Colisão lateral mesmo sentido;Com Vítimas Feridas;Amanhecer;Crescente;Nublado;Dupla;"Reta;Declive";Não;6;0;2;1;3;0;3;2;-29,53409619;-50,01717704;SPRF-RS;DEL03-RS;UOP02-DEL03-RS
589153;23/03/2024;sábado;03:40:00;BA;242;363;LENCOIS;Velocidade Incompatível;Tombamento;Com Vítimas Feridas;Plena Noite;Decrescente;Céu Claro;Simples;Curva;Não;1;0;1;0;0;0;1;1;-12,46727769;-41,4150469;SPRF-BA;DEL08-BA;UOP04-DEL08-BA
589155;23/03/2024;sábado;06:10:00;MG;365;682,5;MONTE ALEGRE DE MINAS;Condutor Dormindo;Saída de leito carroçável;Com Vítimas Feridas;Amanhecer;Crescente;Garoa/Chuvisco;Dupla;Reta;Não;1;0;1;0;0;0;1;1;-18,85072626;-48,84092331;SPRF-MG;DEL15-MG;UOP01-DEL15-MG
589164;23/03/2024;sábado;07:10:00;MG;153;76,7;MONTE ALEGRE DE MINAS;Condutor Dormindo;Colisão lateral sentido oposto;Com Vítimas Feridas;Amanhecer;Decrescente;Chuva;Simples;"Ponte;Reta";Não;3;0;0;1;2;0;1;3;-19,03073298;-49,01085007;SPRF-MG;DEL15-MG;UOP03-DEL15-MG
589165;23/03/2024;sábado;04:30:00;MT;163;1110;GUARANTA DO NORTE;Ausência de reação do condutor;Saída de leito carroçável;Com Vítimas Feridas;Plena Noite;Decrescente;Céu Claro;Simples;Reta;Não;1;0;1;0;0;0;1;1;-9,59912691;-54,89298248;SPRF-MT;DEL06-MT;UOP03-DEL06-MT
589168;23/03/2024;sábado;07:15:00;PR;376;137,2;NOVA ESPERANCA;Entrada inopinada do pedestre;Atropelamento de Pedestre;Com Vítimas Feridas;Pleno dia;Decrescente;Céu Claro;Múltipla;Curva;Não;2;0;1;0;1;0;1;2;-23,21631106;-52,18536405;SPRF-PR;DEL09-PR;UOP02-DEL09-PR
589170;23/03/2024;sábado;06:00:00;CE;116;223,1;SAO JOAO DO JAGUARIBE;Condutor Dormindo;Tombamento;Com Vítimas Feridas;Amanhecer;Decrescente;Céu Claro;Simples;"Curva;Aclive";Não;1;0;1;0;0;0;1;1;-5,36230407;-38,20200091;SPRF-CE;DEL03-CE;UOP01-DEL03-CE
589171;04/03/2024;segunda-feira;19:54:00;PR;376;503;PONTA GROSSA;Reação tardia ou ineficiente do condutor;Colisão traseira;Com Vítimas Feridas;Plena Noite;Crescente;Céu Claro;Dupla;Reta;Não;2;0;1;0;0;1;1;2;-25,22314697;-50,05150696;SPRF-PR;DEL03-PR;UOP04-DEL03-PR
589173;23/03/2024;sábado;06:30:00;MG;40;245,9;SAO GONCALO DO ABAETE;Chuva;Colisão lateral sentido oposto;Com Vítimas Feridas;Pleno dia;Decrescente;Chuva;Simples;"Declive;Curva";Não;3;0;1;2;0;0;3;2;-18,0946169;-45,47580786;SPRF-MG;DEL14-MG;UOP02-DEL14-MG
589177;23/03/2024;sábado;02:45:00;RO;364;305;PRESIDENTE MEDICI;Ausência de sinalização;Colisão com objeto;Com Vítimas Feridas;Plena Noite;Decrescente;Céu Claro;Simples;"Reta;Aclive";Não;4;0;2;0;2;0;2;2;-11,199493;-61,90149998;SPRF-RO;DEL02-RO;UOP01-DEL02-RO
589178;23/03/2024;sábado;06:50:00;MS;158;94,7;PARANAIBA;Velocidade Incompatível;Colisão traseira;Com Vítimas Feridas;Pleno dia;Decrescente;Nublado;Dupla;"Declive;Curva";Sim;5;0;1;0;4;0;1;2;-19,68300402;-51,20065706;SPRF-MS;DEL08-MS;UOP01-DEL08-MS
589181;09/02/2024;sexta-feira;04:20:00;MT;158;577;AGUA BOA;Condutor Dormindo;Tombamento;Com Vítimas Feridas;Amanhecer;Decrescente;Ignorado;Simples;Reta;Não;2;0;2;0;0;0;2;1;-14,12724684;-52,18713907;SPRF-MT;DEL07-MT;UOP02-DEL07-MT
589182;23/03/2024;sábado;06:40:00;BA;116;567;NOVA ITARANA;Acessar a via sem observar a presença dos outros veículos;Colisão transversal;Com Vítimas Feridas;Pleno dia;Crescente;Céu Claro;Simples;"Interseção de Vias;Reta";Não;3;0;1;1;1;0;2;2;-13,01465578;-39,95854139;SPRF-BA;DEL03-BA;UOP02-DEL03-BA
589184;22/03/2024;sexta-feira;17:20:00;RJ;40;97;DUQUE DE CAXIAS;Mal súbito do condutor;Saída de leito carroçável;Com Vítimas Fatais;Pleno dia;Crescente;Chuva;Dupla;Curva;Não;1;1;0;0;0;0;0;1;-22,57356181;-43,27802893;SPRF-RJ;DEL01-RJ;UOP01-DEL01-RJ
589196;23/03/2024;sábado;09:30:00;MG;40;245,7;SAO GONCALO DO ABAETE;Demais falhas mecânicas ou elétricas;Capotamento;Com Vítimas Feridas;Pleno dia;Crescente;Chuva;Simples;"Declive;Curva";Não;2;0;1;1;0;0;2;1;-18,0946169;-45,47580786;SPRF-MG;DEL14-MG;UOP02-DEL14-MG
589197;23/03/2024;sábado;07:50:00;MG;381;382;SAO GONCALO DO RIO ABAIXO;Ausência de reação do condutor;Incêndio;Sem Vítimas;Pleno dia;Decrescente;Céu Claro;Dupla;"Desvio Temporário;Em Obras;Aclive";Não;1;0;0;0;1;0;0;1;-19,8203938;-43,39028183;SPRF-MG;DEL01-MG;UOP01-DEL01-MG
589199;23/03/2024;sábado;10:50:00;CE;222;197;FORQUILHA;Velocidade Incompatível;Colisão lateral sentido oposto;Com Vítimas Feridas;Pleno dia;Crescente;Chuva;Simples;Curva;Não;2;0;2;0;0;0;2;2;-3,80735907;-40,17579399;SPRF-CE;DEL04-CE;UOP01-DEL04-CE
589208;23/03/2024;sábado;11:20:00;SE;101;205;CRISTINAPOLIS;Reação tardia ou ineficiente do condutor;Colisão traseira;Com Vítimas Feridas;Pleno dia;Crescente;Céu Claro;Simples;"Em Obras;Reta";Não;2;0;1;0;1;0;1;2;-11,51443822;-37,79490977;SPRF-SE;DEL02-SE;UOP03-DEL02-SE
589213;03/01/2024;quarta-feira;13:15:00;RS;470;225;GARIBALDI;Acessar a via sem observar a presença dos outros veículos;Colisão lateral mesmo sentido;Sem Vítimas;Pleno dia;Decrescente;Céu Claro;Simples;Reta;Não;2;0;0;0;2;0;0;2;-29,21454003;-51,51762617;SPRF-RS;DEL06-RS;UOP01-DEL06-RS
589219;23/03/2024;sábado;09:50:00;RS;470;179;VERANOPOLIS;Conversão proibida;Colisão transversal;Com Vítimas Feridas;Pleno dia;Crescente;Céu Claro;Simples;Reta;Não;3;0;1;0;1;1;1;3;-28,95614928;-51,56242466;SPRF-RS;DEL06-RS;UOP02-DEL06-RS
589225;23/03/2024;sábado;10:40:00;MT;163;827;SINOP;Ausência de reação do condutor;Colisão traseira;Com Vítimas Feridas;Pleno dia;Decrescente;Chuva;Simples;"Reta;Retorno Regulamentado";Sim;3;0;2;0;1;0;2;2;-11,93004683;-55,51299334;SPRF-MT;DEL06-MT;UOP02-DEL06-MT
589227;23/03/2024;sábado;11:20:00;PA;10;19,8;DOM ELISEU;Acesso irregular;Colisão transversal;Com Vítimas Feridas;Pleno dia;Crescente;Sol;Simples;Reta;Sim;2;0;0;1;1;0;1;2;-4,28420096;-47,55821975;SPRF-PA;DEL02-PA;UOP02-DEL02-PA