id;data_inversa;dia_semana;horario;uf;br;km;municipio;causa_acidente;tipo_acidente;classificacao_acidente;fase_dia;sentido_via;condicao_metereologica;tipo_pista;tracado_via;uso_solo;pessoas;mortos;feridos_leves;feridos_graves;ilesos;ignorados;feridos;veiculos;latitude;longitude;regional;delegacia;uop
589987;27/03/2024;quarta-feira;07:30:00;PE;101;82;JABOATAO DOS GUARARAPES;Condutor deixou de manter distância do veículo da frente;Colisão lateral mesmo sentido;Com Vítimas Feridas;Pleno dia;Decrescente;Céu Claro;Dupla;Reta;Sim;3;0;1;0;2;0;1;3;-8,173617;-34,940365;SPRF-PE;DEL01-PE;UOP01-DEL01-PE
589993;19/02/2024;segunda-feira;19:00:00;MT;158;378;RIBEIRAO CASCALHEIRA;Deficiência do Sistema de Iluminação/Sinalização;Colisão traseira;Com Vítimas Feridas;Plena Noite;Crescente;Garoa/Chuvisco;Simples;Reta;Não;3;0;0;1;2;0;1;2;-12,57622501;-51,78183267;SPRF-MT;DEL07-MT;UOP02-DEL07-MT
589997;27/03/2024;quarta-feira;07:40:00;PR;467;104;CASCAVEL;Manobra de mudança de faixa;Colisão traseira;Com Vítimas Feridas;Pleno dia;Decrescente;Sol;Dupla;Curva;Não;6;0;2;0;4;0;2;2;-24,9129;-53,5028;SPRF-PR;DEL04-PR;UOP01-DEL04-PR
590006;07/02/2024;quarta-feira;11:45:00;PR;116;116;CURITIBA;Manobra de mudança de faixa;Engavetamento;Com Vítimas Feridas;Pleno dia;Crescente;Céu Claro;Múltipla;Interseção de Vias;Sim;4;0;1;0;3;0;1;3;-25,5566319;-49,30597544;SPRF-PR;DEL01-PR;UOP03-DEL01-PR
590008;27/03/2024;quarta-feira;06:30:00;SC;282;22,6;SANTO AMARO DA IMPERATRIZ;Reação tardia ou ineficiente do condutor;Colisão com objeto;Com Vítimas Feridas;Amanhecer;Decrescente;Céu Claro;Simples;Reta;Sim;3;0;1;0;2;0;1;3;-27,688507;-48,72739;SPRF-SC;DEL01-SC;UOP02-DEL01-SC
590013;27/03/2024;quarta-feira;08:12:00;TO;153;392;RIO DOS BOIS;Acostamento em desnível;Saída de leito carroçável;Com Vítimas Feridas;Pleno dia;Decrescente;Céu Claro;Simples;Reta;Sim;1;0;1;0;0;0;1;1;-9,346141;-48,53745;SPRF-TO;DEL02-TO;UOP02-DEL02-TO
590024;27/03/2024;quarta-feira;09:20:00;PA;230;119;MARABA;Manobra de mudança de faixa;Colisão traseira;Sem Vítimas;Pleno dia;Crescente;Céu Claro;Dupla;"Interseção de Vias;Curva;Viaduto";Sim;2;0;0;0;2;0;0;2;-5,350407;-49,105981;SPRF-PA;DEL03-PA;UOP01-DEL03-PA
590025;01/02/2024;quinta-feira;17:35:00;SC;282;156,3;BOM RETIRO;Reação tardia ou ineficiente do condutor;Colisão traseira;Com Vítimas Feridas;Anoitecer;Decrescente;Céu Claro;Simples;"Declive;Reta";Não;2;0;1;0;1;0;1;2;-27,746881;-49,715881;SPRF-SC;DEL05-SC;UOP01-DEL05-SC
590037;27/03/2024;quarta-feira;10:00:00;PA;230;121;MARABA;Reação tardia ou ineficiente do condutor;Colisão traseira;Sem Vítimas;Pleno dia;Crescente;Céu Claro;Dupla;Reta;Sim;2;0;0;0;1;1;0;2;-5,35297407;-49,12143673;SPRF-PA;DEL03-PA;UOP01-DEL03-PA
590039;27/03/2024;quarta-feira;11:00:00;MG;381;491;BETIM;Condutor deixou de manter distância do veículo da frente;Capotamento;Com Vítimas Feridas;Pleno dia;Decrescente;Céu Claro;Dupla;Reta;Sim;2;0;1;0;0;1;1;2;-19,97018187;-44,18210416;SPRF-MG;DEL01-MG;UOP03-DEL01-MG
590045;27/03/2024;quarta-feira;10:50:00;PB;101;34,7;MAMANGUAPE;Condutor Dormindo;Colisão com objeto;Com Vítimas Feridas;Pleno dia;Decrescente;Nublado;Dupla;Reta;Não;1;0;1;0;0;0;1;1;-6,78533891;-35,13428131;SPRF-PB;DEL01-PB;UOP04-DEL01-PB
590049;27/03/2024;quarta-feira;11:04:00;RN;101;107;PARNAMIRIM;Acessar a via sem observar a presença dos outros veículos;Colisão transversal;Com Vítimas Feridas;Pleno dia;Decrescente;Nublado;Dupla;"Reta;Interseção de Vias";Sim;2;0;1;0;1;0;1;2;-5,91920796;-35,26412409;SPRF-RN;DEL01-RN;UOP01-DEL01-RN
590052;27/03/2024;quarta-feira;11:20:00;PR;376;436,9;TIBAGI;Velocidade Incompatível;Tombamento;Com Vítimas Feridas;Pleno dia;Decrescente;Céu Claro;Dupla;"Curva;Declive";Não;1;0;1;0;0;0;1;1;-24,78661134;-50,50740927;SPRF-PR;DEL03-PR;UOP02-DEL03-PR
590054;27/03/2024;quarta-feira;05:50:00;BA;110;125;ANTAS;Ausência de sinalização;Saída de leito carroçável;Com Vítimas Feridas;Pleno dia;Crescente;Chuva;Simples;Declive;Não;1;0;1;0;0;0;1;1;-10,4981751;-38,38224737;SPRF-BA;DEL07-BA;UOP02-DEL07-BA
590062;27/03/2024;quarta-feira;12:00:00;RN;110;46,9;MOSSORO;Reação tardia ou ineficiente do condutor;Engavetamento;Com Vítimas Feridas;Pleno dia;Decrescente;Nublado;Simples;Reta;Sim;4;0;1;0;3;0;1;4;-5,203312;-37,325628;SPRF-RN;DEL04-RN;UOP01-DEL04-RN
590065;27/03/2024;quarta-feira;05:30:00;GO;364;289,9;MINEIROS;Reação tardia ou ineficiente do condutor;Tombamento;Com Vítimas Fatais;Amanhecer;Crescente;Chuva;Simples;Reta;Não;1;1;0;0;0;0;0;1;-17,591164;-52,458225;SPRF-GO;DEL05-GO;UOP01-DEL05-GO
590067;27/03/2024;quarta-feira;11:30:00;MS;163;357;NOVA ALVORADA DO SUL;Mal súbito do condutor;Colisão lateral sentido oposto;Com Vítimas Feridas;Pleno dia;Crescente;Céu Claro;Simples;Reta;Não;4;0;3;0;1;0;3;3;-21,53319109;-54,40745074;SPRF-MS;DEL02-MS;UOP01-DEL02-MS
590071;27/03/2024;quarta-feira;10:20:00;SC;470;347,3;CAMPOS NOVOS;Velocidade Incompatível;Capotamento;Com Vítimas Feridas;Pleno dia;Crescente;Sol;Simples;"Aclive;Curva";Não;1;0;0;1;0;0;1;1;-27,54815474;-51,45206451;SPRF-SC;DEL07-SC;UOP06-DEL07-SC
590076;27/03/2024;quarta-feira;12:49:00;ES;101;391,5;RIO NOVO DO SUL;Ausência de reação do condutor;Colisão transversal;Com Vítimas Fatais;Pleno dia;Crescente;Sol;Simples;Reta;Não;9;2;2;3;2;0;5;4;-20,8657929;-40,89634385;SPRF-ES;DEL03-ES;UOP02-DEL03-ES
590077;27/03/2024;quarta-feira;08:50:00;PR;369;148,8;LONDRINA;Manobra de mudança de faixa;Colisão lateral mesmo sentido;Sem Vítimas;Pleno dia;Decrescente;Céu Claro;Dupla;Viaduto;Sim;2;0;0;0;2;0;0;2;-23,29315766;-51,14678085;SPRF-PR;DEL07-PR;UOP01-DEL07-PR
590081;27/03/2024;quarta-feira;13:50:00;RS;290;104;ELDORADO DO SUL;Acessar a via sem observar a presença dos outros veículos;Colisão traseira;Com Vítimas Feridas;Pleno dia;Crescente;Céu Claro;Dupla;Reta;Sim;2;0;1;0;1;0;1;2;-29,993122;-51,275398;SPRF-RS;DEL02-RS;UOP01-DEL02-RS
590085;27/03/2024;quarta-feira;12:30:00;GO;153;356,7;JARAGUA;Desrespeitar a preferência no cruzamento;Colisão transversal;Com Vítimas Feridas;Pleno dia;Crescente;Chuva;Simples;Interseção de Vias;Sim;2;0;1;0;1;0;1;2;-15,73504457;-49,32352424;SPRF-GO;DEL02-GO;UOP02-DEL02-GO
590087;27/03/2024;quarta-feira;11:24:00;BA;101;442;ITACARE;Curva acentuada;Colisão lateral sentido oposto;Com Vítimas Feridas;Pleno dia;Decrescente;Chuva;Simples;Curva;Não;2;0;1;0;0;1;1;2;-14,43233902;-39,32742089;SPRF-BA;DEL05-BA;UOP01-DEL05-BA
590092;27/03/2024;quarta-feira;13:30:00;MG;50;13;ARAGUARI;Ausência de reação do condutor;Colisão traseira;Com Vítimas Feridas;Pleno dia;Crescente;Nublado;Dupla;"Declive;Reta";Não;5;0;1;0;4;0;1;2;-18,53076495;-48,04214724;SPRF-MG;DEL15-MG;UOP02-DEL15-MG
590093;27/03/2024;quarta-feira;12:15:00;PB;230;125;RIACHAO DO BACAMARTE;Velocidade Incompatível;Saída de leito carroçável;Com Vítimas Feridas;Pleno dia;Decrescente;Chuva;Dupla;"Curva;Declive";Não;2;0;1;1;0;0;2;1;-7,2498;-35,6827;SPRF-PB;DEL02-PB;UOP01-DEL02-PB
590095;27/03/2024;quarta-feira;14:01:00;RN;406;138,3;TAIPU;Ausência de reação do condutor;Colisão traseira;Com Vítimas Feridas;Pleno dia;Decrescente;Nublado;Simples;Aclive;Não;2;0;1;0;1;0;1;2;-5,65472422;-35,54848997;SPRF-RN;DEL02-RN;UOP01-DEL02-RN
590099;27/03/2024;quarta-feira;15:00:00;MG;40;447,5;PARAOPEBA;Ausência de reação do condutor;Colisão lateral mesmo sentido;Com Vítimas Feridas;Pleno dia;Decrescente;Céu Claro;Dupla;Reta;Sim;2;0;0;1;1;0;1;2;-19,29359592;-44,38358492;SPRF-MG;DEL02-MG;UOP01-DEL02-MG
590101;27/03/2024;quarta-feira;13:25:00;RS;392;241,3;CACAPAVA DO SUL;Afundamento ou ondulação no pavimento;Colisão lateral sentido oposto;Com Vítimas Feridas;Pleno dia;Crescente;Céu Claro;Simples;"Curva;Declive";Não;2;0;1;0;1;0;1;2;-30,60306196;-53,36876132;SPRF-RS;DEL09-RS;UOP02-DEL09-RS
590103;27/03/2024;quarta-feira;15:30:00;SC;101;208,8;SAO JOSE;Condutor deixou de manter distância do veículo da frente;Colisão traseira;Com Vítimas Feridas;Pleno dia;Crescente;Céu Claro;Dupla;Reta;Sim;3;0;1;0;2;0;1;3;-27,60327979;-48,63201818;SPRF-SC;DEL01-SC;UOP01-DEL01-SC
590109;27/03/2024;quarta-feira;16:00:00;RJ;101;494;ANGRA DOS REIS;Ausência de reação do condutor;Colisão frontal;Com Vítimas Feridas;Anoitecer;Crescente;Chuva;Simples;Curva;Não;3;0;1;2;0;0;3;3;-22,93610449;-44,31798935;SPRF-RJ;DEL03-RJ;UOP03-DEL03-RJ
590111;27/03/2024;quarta-feira;15:20:00;GO;20;63,9;FORMOSA;Reação tardia ou ineficiente do condutor;Colisão traseira;Com Vítimas Feridas;Pleno dia;Crescente;Nublado;Simples;"Curva;Declive";Não;3;0;1;1;1;0;2;2;-15,220887;-47,160679;SPRF-DF;DEL02-DF;UOP02-DEL02-DF
590114;27/03/2024;quarta-feira;14:52:00;SP;116;150,4;SAO JOSE DOS CAMPOS;Condutor deixou de manter distância do veículo da frente;Colisão traseira;Com Vítimas Feridas;Pleno dia;Crescente;Nublado;Múltipla;Reta;Sim;2;0;1;0;1;0;1;2;-23,21335525;-45,8930588;SPRF-SP;DEL02-SP;UOP01-DEL02-SP
590118;27/03/2024;quarta-feira;15:27:00;MA;135;10,3;SAO LUIS;Ausência de reação do condutor;Colisão traseira;Com Vítimas Fatais;Pleno dia;Decrescente;Nublado;Dupla;Reta;Não;2;1;0;0;1;0;0;2;-2,659688;-44,285661;SPRF-MA;DEL01-MA;UOP01-DEL01-MA
590120;27/03/2024;quarta-feira;16:40:00;SP;116;107;TAUBATE;Manobra de mudança de faixa;Colisão lateral mesmo sentido;Com Vítimas Feridas;Pleno dia;Decrescente;Chuva;Dupla;Reta;Sim;4;0;0;1;3;0;1;3;-23,01791287;-45,53009409;SPRF-SP;DEL02-SP;UOP02-DEL02-SP
590122;27/03/2024;quarta-feira;16:00:00;TO;153;436;MIRACEMA DO TOCANTINS;Transitar na contramão;Colisão frontal;Com Vítimas Fatais;Pleno dia;Crescente;Chuva;Simples;Reta;Não;2;1;0;0;1;0;0;2;-9,70871604;-48,67879995;SPRF-TO;DEL01-TO;UOP01-DEL01-TO
590126;27/03/2024;quarta-feira;15:40:00;MG;50;106;UBERABA;Manobra de mudança de faixa;Colisão lateral mesmo sentido;Com Vítimas Feridas;Pleno dia;Decrescente;Chuva;Dupla;Aclive;Não;2;0;1;0;1;0;1;2;-19,18854094;-48,15509282;SPRF-MG;DEL13-MG;UOP01-DEL13-MG
590128;27/03/2024;quarta-feira;16:00:00;BA;116;755,2;POCOES;Acessar a via sem observar a presença dos outros veículos;Colisão traseira;Com Vítimas Feridas;Pleno dia;Crescente;Céu Claro;Simples;Reta;Sim;2;0;1;1;0;0;2;2;-14,510339;-40,363469;SPRF-BA;DEL08-BA;UOP02-DEL08-BA
590133;27/03/2024;quarta-feira;17:01:00;MA;135;31;BACABEIRA;Transitar no Acostamento;Tombamento;Com Vítimas Feridas;Pleno dia;Decrescente;Céu Claro;Dupla;Reta;Sim;3;0;1;0;2;0;1;2;-2,81307801;-44,37432281;SPRF-MA;DEL01-MA;UOP01-DEL01-MA
590135;27/03/2024;quarta-feira;17:30:00;GO;70;7;AGUAS LINDAS DE GOIAS;Condutor deixou de manter distância do veículo da frente;Engavetamento;Com Vítimas Feridas;Anoitecer;Crescente;Chuva;Múltipla;Reta;Sim;3;0;1;0;2;0;1;3;-15,74375533;-48,26779708;SPRF-DF;DEL03-DF;UOP02-DEL03-DF
590141;27/03/2024;quarta-feira;18:19:00;SP;116;316,5;JUQUITIBA;Velocidade Incompatível;Colisão lateral mesmo sentido;Com Vítimas Feridas;Plena Noite;Crescente;Céu Claro;Dupla;Curva;Sim;4;0;1;0;2;1;1;3;-23,91054997;-46,99149375;SPRF-SP;DEL04-SP;UOP03-DEL04-SP
590142;27/03/2024;quarta-feira;18:25:00;GO;153;500;GOIANIA;Manobra de mudança de faixa;Colisão lateral mesmo sentido;Sem Vítimas;Anoitecer;Crescente;Garoa/Chuvisco;Dupla;Reta;Sim;2;0;0;0;2;0;0;2;-16,7118;-49,2324;SPRF-GO;DEL01-GO;UOP01-DEL01-GO
590146;27/03/2024;quarta-feira;11:40:00;SC;101;41;JOINVILLE;Reação tardia ou ineficiente do condutor;Derramamento de carga;Sem Vítimas;Pleno dia;Crescente;Céu Claro;Múltipla;Curva;Sim;1;0;0;0;1;0;0;1;-26,31698544;-48,87319028;SPRF-SC;DEL03-SC;UOP01-DEL03-SC
590147;27/03/2024;quarta-feira;13:00:00;BA;110;368;CATU;Velocidade Incompatível;Tombamento;Com Vítimas Feridas;Pleno dia;Decrescente;Céu Claro;Simples;Rotatória;Sim;2;0;1;1;0;0;2;2;-12,40537612;-38,40500399;SPRF-BA;DEL01-BA;UOP04-DEL01-BA
590160;27/03/2024;quarta-feira;20:30:00;PR;376;658;TIJUCAS DO SUL;Demais falhas mecânicas ou elétricas;Incêndio;Sem Vítimas;Plena Noite;Decrescente;Céu Claro;Dupla;Curva;Não;1;0;0;0;1;0;0;1;-25,85300602;-49,02166198;SPRF-PR;DEL01-PR;UOP04-DEL01-PR
590168;27/03/2024;quarta-feira;19:10:00;RN;304;48,5;MOSSORO;Manobra de mudança de faixa;Colisão lateral mesmo sentido;Com Vítimas Feridas;Plena Noite;Crescente;Nublado;Dupla;Reta;Sim;2;0;1;0;1;0;1;2;-5,22868577;-37,32203081;SPRF-RN;DEL04-RN;UOP01-DEL04-RN
590174;27/03/2024;quarta-feira;21:08:00;ES;101;223;IBIRACU;Ausência de reação do condutor;Colisão traseira;Com Vítimas Feridas;Plena Noite;Crescente;Nublado;Simples;Reta;Não;2;0;0;1;1;0;1;2;-19,87635624;-40,41496163;SPRF-ES;DEL02-ES;UOP01-DEL02-ES
590175;27/03/2024;quarta-feira;14:00:00;GO;153;517;APARECIDA DE GOIANIA;Demais falhas mecânicas ou elétricas;Tombamento;Com Vítimas Feridas;Pleno dia;Crescente;Nublado;Dupla;Declive;Sim;1;0;1;0;0;0;1;1;-16,8581;-49,2488;SPRF-GO;DEL01-GO;UOP03-DEL01-GO
590181;27/03/2024;quarta-feira;22:10:00;MG;262;408;PARA DE MINAS;Reação tardia ou ineficiente do condutor;Colisão traseira;Com Vítimas Feridas;Plena Noite;Crescente;Ignorado;Dupla;"Aclive;Reta";Não;2;0;0;1;1;0;1;2;-19,88464192;-44,61618402;SPRF-MG;DEL08-MG;UOP03-DEL08-MG
590182;27/03/2024;quarta-feira;19:30:00;SC;101;157;PORTO BELO;Carga excessiva e/ou mal acondicionada;Colisão com objeto;Com Vítimas Feridas;Plena Noite;Crescente;Céu Claro;Dupla;Reta;Sim;2;0;1;0;0;1;1;2;-27,181625;-48,6121179;SPRF-SC;DEL04-SC;UOP03-DEL04-SC
590183;27/03/2024;quarta-feira;22:30:00;SC;101;145;ITAPEMA;Ausência de reação do condutor;Engavetamento;Com Vítimas Feridas;Plena Noite;Decrescente;Céu Claro;Dupla;"Reta;Aclive";Sim;3;0;0;1;2;0;1;3;-27,08139206;-48,60130993;SPRF-SC;DEL04-SC;UOP03-DEL04-SC
590185;27/03/2024;quarta-feira;22:00:00;GO;153;213;URUACU;Reação tardia ou ineficiente do condutor;Tombamento;Com Vítimas Feridas;Plena Noite;Decrescente;Céu Claro;Simples;Curva;Não;1;0;0;1;0;0;1;1;-14,634578;-49,175987;SPRF-GO;DEL07-GO;UOP02-DEL07-GO
590193;27/03/2024;quarta-feira;16:30:00;BA;242;332;LAJEDINHO;Reação tardia ou ineficiente do condutor;Colisão traseira;Com Vítimas Feridas;Pleno dia;Decrescente;Sol;Simples;Reta;Não;4;0;3;0;1;0;3;2;-12,492968;-41,165972;SPRF-BA;DEL06-BA;UOP01-DEL06-BA
590196;27/03/2024;quarta-feira;23:25:00;PR;376;662;TIJUCAS DO SUL;Demais falhas mecânicas ou elétricas;Incêndio;Sem Vítimas;Plena Noite;Crescente;Céu Claro;Dupla;"Declive;Reta";Não;1;0;0;0;1;0;0;1;-25,85297981;-48,97679978;SPRF-PR;DEL01-PR;UOP04-DEL01-PR
590198;28/03/2024;quinta-feira;00:30:00;MG;153;245,7;FRONTEIRA;Demais falhas mecânicas ou elétricas;Colisão traseira;Com Vítimas Feridas;Plena Noite;Crescente;Chuva;Simples;"Reta;Declive";Não;2;0;0;1;1;0;1;2;-20,29847332;-49,20614844;SPRF-MG;DEL13-MG;UOP02-DEL13-MG
590200;27/03/2024;quarta-feira;23:00:00;CE;20;1;PARAMBU;Manobra de mudança de faixa;Colisão lateral sentido oposto;Sem Vítimas;Plena Noite;Crescente;Céu Claro;Simples;Reta;Não;2;0;0;0;1;1;0;2;-6,51741306;-40,78119794;SPRF-CE;DEL02-CE;UOP02-DEL02-CE
590201;27/03/2024;quarta-feira;22:40:00;RS;290;142,8;ELDORADO DO SUL;Ingestão de álcool pelo condutor;Colisão traseira;Sem Vítimas;Plena Noite;Decrescente;Céu Claro;Simples;"Declive;Reta";Sim;2;0;0;0;2;0;0;2;-30,09179374;-51,63374077;SPRF-RS;DEL02-RS;UOP01-DEL02-RS
590206;28/03/2024;quinta-feira;01:50:00;RS;392;7,5;RIO GRANDE;Acessar a via sem observar a presença dos outros veículos;Colisão transversal;Com Vítimas Feridas;Plena Noite;Crescente;Céu Claro;Simples;Reta;Não;2;0;1;0;1;0;1;2;-32,093615;-52,108877;SPRF-RS;DEL07-RS;UOP02-DEL07-RS
590210;28/03/2024;quinta-feira;04:15:00;MG;381;927;ITAPEVA;Condutor Dormindo;Saída de leito carroçável;Com Vítimas Feridas;Plena Noite;Decrescente;Nublado;Dupla;Reta;Sim;1;0;0;1;0;0;1;1;-22,79271225;-46,24636988;SPRF-MG;DEL16-MG;UOP03-DEL16-MG
590212;28/03/2024;quinta-feira;04:25:00;MG;262;79;MATIPO;Condutor Dormindo;Colisão traseira;Com Vítimas Feridas;Plena Noite;Decrescente;Céu Claro;Simples;"Reta;Aclive";Não;2;0;1;0;1;0;1;2;-20,336263;-42,363498;SPRF-MG;DEL03-MG;UOP03-DEL03-MG
590216;28/03/2024;quinta-feira;05:50:00;SC;282;376,4;HERVAL DOESTE;Suicídio (presumido);Atropelamento de Pedestre;Com Vítimas Fatais;Amanhecer;Crescente;Céu Claro;Simples;"Declive;Reta";Não;2;1;0;0;1;0;0;2;-27,2230317;-51,458607;SPRF-SC;DEL07-SC;UOP05-DEL07-SC
590220;28/03/2024;quinta-feira;04:30:00;CE;20;98;TAUA;Reação tardia ou ineficiente do condutor;Saída de leito carroçável;Com Vítimas Fatais;Plena Noite;Decrescente;Céu Claro;Simples;Reta;Não;3;1;0;1;1;0;1;1;-5,90768931;-40,19823977;SPRF-CE;DEL02-CE;UOP02-DEL02-CE
590222;27/03/2024;quarta-feira;17:05:00;PR;376;326,7;ORTIGUEIRA;Velocidade Incompatível;Tombamento;Com Vítimas Feridas;Pleno dia;Crescente;Céu Claro;Simples;"Declive;Curva";Não;1;0;0;1;0;0;1;1;-24,09427565;-51,04402976;SPRF-PR;DEL07-PR;UOP02-DEL07-PR
590227;28/03/2024;quinta-feira;07:10:00;CE;116;314;JAGUARIBE;Manobra de mudança de faixa;Tombamento;Com Vítimas Feridas;Pleno dia;Crescente;Céu Claro;Simples;Reta;Não;1;0;1;0;0;0;1;1;-5,96332074;-38,63003254;SPRF-CE;DEL05-CE;UOP02-DEL05-CE
590239;27/03/2024;quarta-feira;17:30:00;RJ;356;64;ITAPERUNA;Velocidade Incompatível;Tombamento;Sem Vítimas;Anoitecer;Crescente;Nublado;Simples;"Aclive;Curva";Não;1;0;0;0;1;0;0;1;-21,341824;-41,71171;SPRF-RJ;DEL08-RJ;UOP03-DEL08-RJ
590241;28/03/2024;quinta-feira;08:30:00;SC;101;204;SAO JOSE;Reação tardia ou ineficiente do condutor;Colisão lateral mesmo sentido;Sem Vítimas;Pleno dia;Decrescente;Céu Claro;Dupla;Reta;Não;2;0;0;0;2;0;0;2;-27,57413014;-48,61363083;SPRF-SC;DEL01-SC;UOP01-DEL01-SC
590242;28/03/2024;quinta-feira;02:30:00;MG;381;314;ANTONIO DIAS;Ausência de reação do condutor;Tombamento;Com Vítimas Feridas;Plena Noite;Decrescente;Céu Claro;Simples;"Declive;Reta";Não;1;0;1;0;0;0;1;1;-19,68470313;-42,98694795;SPRF-MG;DEL03-MG;UOP02-DEL03-MG
590244;28/03/2024;quinta-feira;08:10:00;SC;282;572,7;NOVA ERECHIM;Acessar a via sem observar a presença dos outros veículos;Colisão frontal;Com Vítimas Feridas;Pleno dia;Decrescente;Céu Claro;Simples;"Reta;Interseção de Vias";Sim;2;0;0;1;1;0;1;2;-26,879332;-52,949421;SPRF-SC;DEL07-SC;UOP02-DEL07-SC
590262;06/03/2024;quarta-feira;06:00:00;PA;230;1129;ITAITUBA;Entrada inopinada do pedestre;Atropelamento de Pedestre;Com Vítimas Fatais;Amanhecer;Crescente;Céu Claro;Dupla;Reta;Sim;2;1;0;0;1;0;0;2;-4,293485;-55,96251;SPRF-PA;DEL05-PA;UOP02-DEL05-PA
590267;04/03/2024;segunda-feira;09:16:00;BA;116;839,3;VITORIA DA CONQUISTA;Ausência de reação do condutor;Colisão traseira;Com Vítimas Feridas;Pleno dia;Decrescente;Sol;Simples;Reta;Não;4;0;1;0;3;0;1;4;-14,98006;-40,919448;SPRF-BA;DEL08-BA;UOP01-DEL08-BA
590269;28/03/2024;quinta-feira;10:00:00;MG;262;611,2;IBIA;Velocidade Incompatível;Colisão frontal;Sem Vítimas;Pleno dia;Crescente;Chuva;Simples;"Declive;Curva";Não;2;0;0;0;2;0;0;2;-19,588629;-46,31318;SPRF-MG;DEL08-MG;UOP02-DEL08-MG
590272;28/03/2024;quinta-feira;11:00:00;MG;262;368,1;JUATUBA;Reação tardia ou ineficiente do condutor;Colisão traseira;Com Vítimas Feridas;Pleno dia;Decrescente;Nublado;Dupla;"Reta;Aclive";Não;4;0;1;0;3;0;1;2;-19,96538448;-44,33379991;SPRF-MG;DEL01-MG;UOP03-DEL01-MG
590273;28/03/2024;quinta-feira;11:14:00;GO;153;306;RIALMA;Acessar a via sem observar a presença dos outros veículos;Colisão transversal;Com Vítimas Fatais;Pleno dia;Crescente;Nublado;Simples;"Reta;Retorno Regulamentado";Não;4;1;1;1;0;1;2;3;-15,358748;-49,564375;SPRF-GO;DEL02-GO;UOP02-DEL02-GO
590274;28/03/2024;quinta-feira;07:40:00;BA;242;422;SEABRA;Condutor deixou de manter distância do veículo da frente;Colisão traseira;Com Vítimas Feridas;Pleno dia;Decrescente;Garoa/Chuvisco;Simples;Reta;Não;2;0;1;0;0;1;1;2;-12,42107802;-41,83842802;SPRF-BA;DEL06-BA;UOP01-DEL06-BA
590276;28/03/2024;quinta-feira;10:55:00;GO;452;1;RIO VERDE;Mal súbito do condutor;Colisão com objeto;Sem Vítimas;Pleno dia;Decrescente;Nublado;Dupla;Reta;Sim;1;0;0;0;1;0;0;1;-17,79126493;-50,89368296;SPRF-GO;DEL04-GO;UOP01-DEL04-GO
590278;28/03/2024;quinta-feira;07:30:00;SC;280;227,5;TRES BARRAS;Condutor deixou de manter distância do veículo da frente;Colisão traseira;Com Vítimas Feridas;Pleno dia;Decrescente;Céu Claro;Simples;Reta;Não;2;0;0;1;1;0;1;2;-26,18271156;-50,33250707;SPRF-SC;DEL06-SC;UOP04-DEL06-SC
590279;28/03/2024;quinta-feira;12:00:00;SC;101;384,6;ICARA;Condutor deixou de manter distância do veículo da frente;Colisão traseira;Com Vítimas Feridas;Pleno dia;Crescente;Céu Claro;Dupla;Reta;Não;2;0;1;0;1;0;1;2;-28,76851141;-49,3025538;SPRF-SC;DEL02-SC;UOP02-DEL02-SC
590281;28/03/2024;quinta-feira;11:55:00;RS;468;55,6;CORONEL BICACO;Reação tardia ou ineficiente do condutor;Engavetamento;Com Vítimas Feridas;Pleno dia;Crescente;Sol;Simples;"Declive;Em Obras;Reta";Não;8;0;2;0;6;0;2;6;-27,75322699;-53,74658601;SPRF-RS;DEL08-RS;UOP02-DEL08-RS
590286;28/03/2024;quinta-feira;13:50:00;SC;101;203;SAO JOSE;Manobra de mudança de faixa;Colisão lateral mesmo sentido;Com Vítimas Feridas;Pleno dia;Crescente;Céu Claro;Múltipla;Reta;Sim;2;0;1;0;1;0;1;2;-27,5650044;-48,61460082;SPRF-SC;DEL01-SC;UOP01-DEL01-SC
590288;28/03/2024;quinta-feira;14:00:00;PB;230;24;JOAO PESSOA;Desvio temporário;Colisão lateral mesmo sentido;Com Vítimas Feridas;Pleno dia;Crescente;Sol;Dupla;"Em Obras;Declive;Curva;Desvio Temporário";Sim;5;0;3;1;1;0;4;2;-7,16800766;-34,86428378;SPRF-PB;DEL01-PB;UOP01-DEL01-PB
590289;28/03/2024;quinta-feira;13:25:00;PR;376;666;GUARATUBA;Reação tardia ou ineficiente do condutor;Colisão lateral mesmo sentido;Com Vítimas Feridas;Pleno dia;Crescente;Nublado;Dupla;Curva;Não;3;0;1;0;2;0;1;3;-25,86037408;-48,95087256;SPRF-PR;DEL01-PR;UOP04-DEL01-PR
590290;28/03/2024;quinta-feira;05:30:00;TO;226;0,5;AGUIARNOPOLIS;Declive acentuado;Colisão com objeto;Sem Vítimas;Amanhecer;Decrescente;Céu Claro;Simples;Declive;Sim;1;0;0;0;1;0;0;1;-6,56107038;-47,46436;SPRF-TO;DEL02-TO;UOP03-DEL02-TO
590297;28/03/2024;quinta-feira;14:42:00;RS;116;242;SAO LEOPOLDO;Acessar a via sem observar a presença dos outros veículos;Colisão transversal;Com Vítimas Feridas;Pleno dia;Decrescente;Céu Claro;Múltipla;Interseção de Vias;Não;2;0;1;0;1;0;1;2;-29,72393032;-51,14848137;SPRF-RS;DEL01-RS;UOP02-DEL01-RS