id;data_inversa;dia_semana;horario;uf;br;km;municipio;causa_acidente;tipo_acidente;classificacao_acidente;fase_dia;sentido_via;condicao_metereologica;tipo_pista;tracado_via;uso_solo;pessoas;mortos;feridos_leves;feridos_graves;ilesos;ignorados;feridos;veiculos;latitude;longitude;regional;delegacia;uop
590299;28/03/2024;quinta-feira;12:00:00;RS;116;130;SAO MARCOS;Demais falhas mecânicas ou elétricas;Colisão frontal;Com Vítimas Feridas;Pleno dia;Decrescente;Sol;Simples;Curva;Não;3;0;1;0;1;1;1;3;-29,03573345;-51,09397238;SPRF-RS;DEL05-RS;UOP01-DEL05-RS
590301;28/03/2024;quinta-feira;14:44:00;GO;153;501,9;GOIANIA;Condutor deixou de manter distância do veículo da frente;Colisão traseira;Com Vítimas Feridas;Pleno dia;Crescente;Nublado;Múltipla;Reta;Sim;3;0;1;0;2;0;1;3;-16,72660146;-49,24119473;SPRF-GO;DEL01-GO;UOP01-DEL01-GO
590305;28/03/2024;quinta-feira;13:45:00;GO;414;393;CORUMBA DE GOIAS;Acessar a via sem observar a presença dos outros veículos;Colisão transversal;Sem Vítimas;Pleno dia;Crescente;Céu Claro;Simples;Interseção de Vias;Sim;5;0;0;0;4;1;0;2;-15,91925897;-48,80882251;SPRF-GO;DEL02-GO;UOP01-DEL02-GO
590308;28/03/2024;quinta-feira;07:00:00;MG;262;430;SAO GONCALO DO PARA;Velocidade Incompatível;Tombamento;Com Vítimas Feridas;Pleno dia;Decrescente;Nublado;Múltipla;Retorno Regulamentado;Não;4;0;2;0;2;0;2;1;-19,89011218;-44,80551997;SPRF-MG;DEL08-MG;UOP03-DEL08-MG
590309;28/03/2024;quinta-feira;15:50:00;PR;116;86;PIRAQUARA;Problema com o freio;Colisão traseira;Sem Vítimas;Pleno dia;Crescente;Sol;Dupla;Reta;Não;3;0;0;0;3;0;0;2;-25,43479327;-49,08939973;SPRF-PR;DEL01-PR;UOP07-DEL01-PR
590315;28/03/2024;quinta-feira;13:20:00;BA;101;535;SAO JOSE DA VITORIA;Reação tardia ou ineficiente do condutor;Colisão frontal;Com Vítimas Feridas;Pleno dia;Crescente;Chuva;Simples;"Curva;Declive";Não;3;0;1;1;1;0;2;2;-15,15775202;-39,41074199;SPRF-BA;DEL05-BA;UOP01-DEL05-BA
590316;28/03/2024;quinta-feira;10:45:00;MG;251;455,9;GRAO MOGOL;Frear bruscamente;Tombamento;Com Vítimas Feridas;Pleno dia;Crescente;Sol;Simples;"Declive;Reta";Não;2;0;1;1;0;0;2;1;-16,42687994;-43,34397196;SPRF-MG;DEL12-MG;UOP01-DEL12-MG
590318;28/03/2024;quinta-feira;14:00:00;BA;324;476;TANQUINHO;Ultrapassagem Indevida;Colisão lateral mesmo sentido;Com Vítimas Feridas;Pleno dia;Decrescente;Céu Claro;Simples;Curva;Não;4;0;0;2;1;1;2;3;-11,98306053;-39,08601545;SPRF-BA;DEL02-BA;UOP01-DEL02-BA
590319;28/03/2024;quinta-feira;16:05:00;BA;242;579;IBOTIRAMA;Chuva;Colisão frontal;Com Vítimas Fatais;Pleno dia;Crescente;Chuva;Simples;"Declive;Reta";Não;9;3;3;1;2;0;4;3;-12,15183975;-43,18290711;SPRF-BA;DEL10-BA;UOP02-DEL10-BA
590340;28/03/2024;quinta-feira;17:30:00;PR;376;200,2;MANDAGUARI;Ausência de reação do condutor;Colisão traseira;Com Vítimas Feridas;Pleno dia;Decrescente;Céu Claro;Dupla;"Reta;Declive";Não;4;0;3;0;1;0;3;3;-23,50719669;-51,73201193;SPRF-PR;DEL09-PR;UOP01-DEL09-PR
590344;28/03/2024;quinta-feira;14:40:00;SC;280;237,5;CANOINHAS;Transitar na contramão;Colisão frontal;Com Vítimas Feridas;Pleno dia;Crescente;Céu Claro;Simples;Curva;Não;3;0;0;2;1;0;2;2;-26,19844599;-50,43216601;SPRF-SC;DEL06-SC;UOP04-DEL06-SC
590350;28/03/2024;quinta-feira;18:30:00;MG;381;938;EXTREMA;Estacionar ou parar em local proibido;Colisão traseira;Com Vítimas Feridas;Plena Noite;Crescente;Chuva;Dupla;Rotatória;Não;5;0;2;0;2;1;2;3;-22,83909203;-46,32850893;SPRF-MG;DEL16-MG;UOP03-DEL16-MG
590356;28/03/2024;quinta-feira;14:00:00;BA;101;350;WENCESLAU GUIMARAES;Chuva;Colisão lateral sentido oposto;Com Vítimas Feridas;Pleno dia;Crescente;Chuva;Simples;"Curva;Declive";Não;2;0;0;1;1;0;1;2;-13,737708;-39,479958;SPRF-BA;DEL05-BA;UOP03-DEL05-BA
590359;28/03/2024;quinta-feira;18:40:00;RS;116;121,7;SAO MARCOS;Transitar na contramão;Colisão lateral sentido oposto;Com Vítimas Feridas;Plena Noite;Decrescente;Céu Claro;Simples;Curva;Não;3;0;1;1;1;0;2;2;-29,00573128;-51,06932906;SPRF-RS;DEL05-RS;UOP01-DEL05-RS
590362;28/03/2024;quinta-feira;18:45:00;BA;116;846;VITORIA DA CONQUISTA;Ultrapassagem Indevida;Colisão lateral sentido oposto;Com Vítimas Feridas;Plena Noite;Crescente;Garoa/Chuvisco;Simples;"Declive;Reta";Não;3;0;1;0;2;0;1;2;-15,025822;-40,954498;SPRF-BA;DEL08-BA;UOP01-DEL08-BA
590370;28/03/2024;quinta-feira;17:20:00;PR;277;61;SAO JOSE DOS PINHAIS;Reação tardia ou ineficiente do condutor;Colisão traseira;Sem Vítimas;Pleno dia;Decrescente;Céu Claro;Dupla;Reta;Não;2;0;0;0;2;0;0;2;-25,546929;-49,048901;SPRF-PR;DEL01-PR;UOP01-DEL01-PR
590373;28/03/2024;quinta-feira;19:20:00;RS;116;523,7;PELOTAS;Acessar a via sem observar a presença dos outros veículos;Colisão transversal;Sem Vítimas;Plena Noite;Decrescente;Céu Claro;Múltipla;"Interseção de Vias;Reta";Sim;6;0;0;0;6;0;0;2;-31,72720897;-52,38585949;SPRF-RS;DEL07-RS;UOP01-DEL07-RS
590375;28/03/2024;quinta-feira;17:38:00;PB;230;333;PATOS;Acessar a via sem observar a presença dos outros veículos;Colisão transversal;Sem Vítimas;Pleno dia;Decrescente;Céu Claro;Simples;"Curva;Declive";Sim;3;0;0;0;1;2;0;3;-7,014583;-37,2623;SPRF-PB;DEL03-PB;UOP01-DEL03-PB
590379;28/03/2024;quinta-feira;19:40:00;PE;232;77;GRAVATA;Entrada inopinada do pedestre;Atropelamento de Pedestre;Com Vítimas Feridas;Plena Noite;Crescente;Céu Claro;Dupla;Reta;Sim;2;0;0;1;1;0;1;2;-8,19579864;-35,56962305;SPRF-PE;DEL02-PE;UOP02-DEL02PE
590381;28/03/2024;quinta-feira;18:45:00;PE;101;80;RECIFE;Manobra de mudança de faixa;Colisão lateral mesmo sentido;Sem Vítimas;Plena Noite;Crescente;Nublado;Múltipla;Reta;Sim;2;0;0;0;2;0;0;2;-8,15112589;-34,9428866;SPRF-PE;DEL01-PE;UOP01-DEL01-PE
590388;28/03/2024;quinta-feira;16:00:00;RJ;101;209,1;CASIMIRO DE ABREU;Reação tardia ou ineficiente do condutor;Colisão com objeto;Com Vítimas Feridas;Pleno dia;Decrescente;Chuva;Dupla;Curva;Não;2;0;1;0;1;0;1;1;-22,48164701;-42,23710101;SPRF-RJ;DEL08-RJ;UOP04-DEL08-RJ
590390;28/03/2024;quinta-feira;19:00:00;MT;163;758;SORRISO;Acessar a via sem observar a presença dos outros veículos;Colisão transversal;Com Vítimas Feridas;Plena Noite;Crescente;Céu Claro;Dupla;Reta;Não;3;0;1;0;2;0;1;2;-12,611208;-55,758139;SPRF-MT;DEL06-MT;UOP01-DEL06-MT
590404;28/03/2024;quinta-feira;17:30:00;PR;277;36,4;MORRETES;Velocidade Incompatível;Tombamento;Com Vítimas Feridas;Anoitecer;Decrescente;Céu Claro;Dupla;"Declive;Curva";Não;1;0;0;1;0;0;1;1;-25,5585949;-48,80593311;SPRF-PR;DEL01-PR;UOP05-DEL01-PR
590412;28/03/2024;quinta-feira;19:00:00;BA;242;897;LUIS EDUARDO MAGALHAES;Reação tardia ou ineficiente do condutor;Colisão traseira;Com Vítimas Feridas;Plena Noite;Decrescente;Céu Claro;Simples;Reta;Não;2;0;0;1;1;0;1;2;-12,10848052;-45,92477202;SPRF-BA;DEL10-BA;UOP01-DEL10-BA
590425;28/03/2024;quinta-feira;18:50:00;RO;364;216,6;PIMENTA BUENO;Pista Escorregadia;Colisão lateral sentido oposto;Com Vítimas Feridas;Plena Noite;Crescente;Chuva;Simples;"Reta;Aclive";Não;2;0;1;0;1;0;1;2;-11,54917;-61,296797;SPRF-RO;DEL02-RO;UOP02-DEL02-RO
590427;28/03/2024;quinta-feira;21:40:00;PR;277;659;MATELANDIA;Velocidade Incompatível;Tombamento;Com Vítimas Feridas;Plena Noite;Crescente;Céu Claro;Dupla;"Declive;Curva";Não;5;0;1;0;4;0;1;2;-25,24664169;-53,98334832;SPRF-PR;DEL05-PR;UOP02-DEL05-PR
590432;28/03/2024;quinta-feira;22:40:00;SP;381;65;MAIRIPORA;Ingestão de álcool pelo condutor;Colisão lateral mesmo sentido;Sem Vítimas;Plena Noite;Decrescente;Nublado;Dupla;Reta;Sim;2;0;0;0;2;0;0;2;-23,316547;-46,58251;SPRF-SP;DEL03-SP;UOP01-DEL03-SP
590446;28/03/2024;quinta-feira;19:00:00;RJ;40;75;PETROPOLIS;Sinalização mal posicionada;Colisão lateral mesmo sentido;Com Vítimas Feridas;Plena Noite;Crescente;Chuva;Simples;"Aclive;Reta";Não;3;0;2;0;1;0;2;2;-22,46857126;-43,22958698;SPRF-RJ;DEL01-RJ;UOP01-DEL01-RJ
590451;29/03/2024;sexta-feira;00:30:00;PR;277;212;PALMEIRA;Transitar na contramão;Colisão frontal;Com Vítimas Fatais;Plena Noite;Decrescente;Céu Claro;Simples;"Declive;Curva";Não;3;1;0;0;2;0;0;3;-25,47468373;-50,3135171;SPRF-PR;DEL08-PR;UOP02-DEL08-PR
590457;29/03/2024;sexta-feira;01:30:00;SP;116;407;MIRACATU;Ausência de reação do condutor;Colisão traseira;Com Vítimas Feridas;Plena Noite;Crescente;Céu Claro;Dupla;Reta;Não;2;0;1;0;1;0;1;2;-24,32689195;-47,56569901;SPRF-SP;DEL05-SP;UOP01-DEL05-SP
590465;29/03/2024;sexta-feira;03:20:00;SC;101;138,6;BALNEARIO CAMBORIU;Ingestão de álcool pelo condutor;Colisão lateral mesmo sentido;Com Vítimas Feridas;Plena Noite;Crescente;Nublado;Múltipla;"Reta;Aclive";Sim;4;0;1;0;3;0;1;3;-27,02397426;-48,60761649;SPRF-SC;DEL04-SC;UOP03-DEL04-SC
590467;29/03/2024;sexta-feira;00:08:00;SP;116;512;CAJATI;Acumulo de óleo sobre o pavimento;Engavetamento;Com Vítimas Feridas;Plena Noite;Decrescente;Garoa/Chuvisco;Dupla;Curva;Não;5;0;2;0;3;0;2;4;-24,84304306;-48,22027915;SPRF-SP;DEL05-SP;UOP02-DEL05-SP
590468;29/03/2024;sexta-feira;04:30:00;SC;101;148;ITAPEMA;Ingestão de álcool pelo condutor;Colisão traseira;Sem Vítimas;Plena Noite;Decrescente;Céu Claro;Dupla;Reta;Sim;2;0;0;0;2;0;0;2;-27,06436;-48,59599405;SPRF-SC;DEL04-SC;UOP03-DEL04-SC
590470;29/03/2024;sexta-feira;03:30:00;PR;369;5,4;JACAREZINHO;Transitar na contramão;Colisão frontal;Com Vítimas Feridas;Plena Noite;Crescente;Céu Claro;Simples;Reta;Não;3;0;1;1;1;0;2;2;-23,00129496;-49,9431932;SPRF-PR;DEL07-PR;UOP05-DEL07-PR
590474;29/03/2024;sexta-feira;03:45:00;SC;282;220,4;LAGES;Ingestão de álcool pelo condutor;Colisão traseira;Com Vítimas Feridas;Plena Noite;Crescente;Nublado;Simples;Curva;Sim;3;0;0;1;1;1;1;3;-27,794014;-50,33363;SPRF-SC;DEL05-SC;UOP01-DEL05-SC
590478;29/03/2024;sexta-feira;02:50:00;BA;324;540;AMELIA RODRIGUES;Manobra de mudança de faixa;Derramamento de carga;Com Vítimas Feridas;Plena Noite;Decrescente;Céu Claro;Dupla;Reta;Não;3;0;1;0;2;0;1;2;-12,38543536;-38,79238728;SPRF-BA;DEL01-BA;UOP03-DEL01-BA
590483;29/03/2024;sexta-feira;01:40:00;PR;277;589;CASCAVEL;Mal súbito do condutor;Saída de leito carroçável;Com Vítimas Feridas;Plena Noite;Crescente;Céu Claro;Simples;Aclive;Não;1;0;1;0;0;0;1;1;-24,97777319;-53,44688591;SPRF-PR;DEL04-PR;UOP01-DEL04-PR
590484;29/03/2024;sexta-feira;04:45:00;MG;153;75;MONTE ALEGRE DE MINAS;Demais falhas mecânicas ou elétricas;Incêndio;Sem Vítimas;Amanhecer;Decrescente;Nublado;Simples;Reta;Não;1;0;0;0;1;0;0;1;-19,02227706;-49,01308814;SPRF-MG;DEL15-MG;UOP03-DEL15-MG
590488;29/03/2024;sexta-feira;06:50:00;SC;101;10,1;GARUVA;Condutor deixou de manter distância do veículo da frente;Colisão traseira;Com Vítimas Feridas;Pleno dia;Crescente;Nublado;Dupla;"Declive;Reta";Não;4;0;1;0;3;0;1;2;-26,063011;-48,86020605;SPRF-SC;DEL03-SC;UOP01-DEL03-SC
590489;28/03/2024;quinta-feira;22:30:00;BA;110;85;JEREMOABO;Condutor Dormindo;Colisão lateral sentido oposto;Com Vítimas Feridas;Plena Noite;Crescente;Céu Claro;Simples;Reta;Não;3;0;1;0;2;0;1;3;-10,16830091;-38,27897047;SPRF-BA;DEL07-BA;UOP01-DEL07-BA
590501;29/03/2024;sexta-feira;07:15:00;RS;386;386;TABAI;Manobra de mudança de faixa;Colisão traseira;Sem Vítimas;Pleno dia;Decrescente;Céu Claro;Dupla;Reta;Sim;2;0;0;0;2;0;0;2;-29,688717;-51,717327;SPRF-RS;DEL04-RS;UOP01-DEL04-RS
590503;02/03/2024;sábado;18:10:00;MS;163;37;ELDORADO;Transitar na contramão;Engavetamento;Com Vítimas Feridas;Anoitecer;Crescente;Céu Claro;Simples;"Declive;Reta";Não;9;0;2;0;6;1;2;6;-23,804863;-54,309286;SPRF-MS;DEL09-MS;UOP02-DEL09-MS
590509;29/03/2024;sexta-feira;07:34:00;PB;101;58,6;SANTA RITA;Ausência de reação do condutor;Colisão traseira;Com Vítimas Fatais;Pleno dia;Decrescente;Nublado;Dupla;Reta;Não;3;1;0;0;1;1;0;3;-6,98564991;-35,07334684;SPRF-PB;DEL01-PB;UOP04-DEL01-PB
590512;29/03/2024;sexta-feira;08:50:00;PB;101;96,2;CONDE;Acessar a via sem observar a presença dos outros veículos;Colisão transversal;Com Vítimas Fatais;Pleno dia;Decrescente;Chuva;Dupla;"Retorno Regulamentado;Reta";Não;6;2;1;2;1;0;3;2;-7,23846306;-34,9268519;SPRF-PB;DEL01-PB;UOP02-DEL01-PB
590530;29/03/2024;sexta-feira;10:40:00;BA;116;305;ARACI;Avarias e/ou desgaste excessivo no pneu;Colisão lateral sentido oposto;Com Vítimas Feridas;Pleno dia;Crescente;Sol;Simples;Reta;Não;4;0;2;0;1;1;2;2;-11,21421282;-38,88262724;SPRF-BA;DEL02-BA;UOP01-DEL02-BA
590549;28/03/2024;quinta-feira;22:00:00;PE;424;14,7;PEDRA;Iluminação deficiente;Colisão lateral mesmo sentido;Com Vítimas Fatais;Plena Noite;Crescente;Nublado;Simples;Reta;Não;2;1;0;0;0;1;0;2;-8,499209;-36,965931;SPRF-PE;DEL04-PE;UOP02-DEL04-PE
590560;29/03/2024;sexta-feira;13:45:00;RJ;116;197;QUEIMADOS;Reação tardia ou ineficiente do condutor;Saída de leito carroçável;Com Vítimas Feridas;Pleno dia;Crescente;Céu Claro;Simples;Reta;Sim;2;0;1;0;1;0;1;2;-22,72980637;-43,56512004;SPRF-RJ;DEL06-RJ;UOP02-DEL06-RJ
590568;29/03/2024;sexta-feira;12:50:00;SC;163;104,3;SAO JOSE DO CEDRO;Ausência de reação do condutor;Colisão frontal;Com Vítimas Feridas;Pleno dia;Decrescente;Céu Claro;Simples;"Curva;Aclive";Sim;2;0;0;1;1;0;1;2;-26,4517091;-53,51159334;SPRF-SC;DEL07-SC;UOP03-DEL07-SC
590577;29/03/2024;sexta-feira;16:30:00;MG;381;585;CARMOPOLIS DE MINAS;Ingestão de álcool pelo condutor;Saída de leito carroçável;Sem Vítimas;Pleno dia;Decrescente;Nublado;Dupla;Curva;Não;1;0;0;0;1;0;0;1;-20,538292;-44,64046;SPRF-MG;DEL04-MG;UOP01-DEL04-MG
590579;29/03/2024;sexta-feira;14:19:00;PR;376;672,6;GUARATUBA;Demais falhas mecânicas ou elétricas;Incêndio;Sem Vítimas;Pleno dia;Decrescente;Sol;Dupla;"Reta;Aclive";Não;1;0;0;0;1;0;0;1;-25,89358488;-48,93146782;SPRF-PR;DEL01-PR;UOP04-DEL01-PR
590580;29/03/2024;sexta-feira;16:40:00;PR;277;112;CAMPO LARGO;Manobra de mudança de faixa;Colisão lateral mesmo sentido;Com Vítimas Feridas;Pleno dia;Decrescente;Garoa/Chuvisco;Dupla;Reta;Sim;5;0;2;0;3;0;2;2;-25,447;-49,475;SPRF-PR;DEL03-PR;UOP03-DEL03-PR
590586;29/03/2024;sexta-feira;17:00:00;MG;40;276;TRES MARIAS;Problema com o freio;Colisão traseira;Com Vítimas Feridas;Pleno dia;Decrescente;Céu Claro;Simples;"Declive;Reta";Sim;3;0;2;0;1;0;2;2;-18,20602828;-45,23123233;SPRF-MG;DEL14-MG;UOP02-DEL14-MG
590591;05/03/2024;terça-feira;10:41:00;PR;277;722;FOZ DO IGUACU;Ultrapassagem Indevida;Colisão lateral mesmo sentido;Sem Vítimas;Pleno dia;Crescente;Céu Claro;Dupla;Reta;Sim;3;0;0;0;0;3;0;3;-25,49494908;-54,52095097;SPRF-PR;DEL05-PR;UOP03-DEL05-PR
590598;29/03/2024;sexta-feira;12:44:00;RS;158;536,1;SANTANA DO LIVRAMENTO;Transitar na contramão;Colisão frontal;Com Vítimas Fatais;Pleno dia;Decrescente;Sol;Simples;Reta;Não;11;4;0;6;0;1;6;3;-30,79596223;-55,22636694;SPRF-RS;DEL11-RS;UOP01-DEL11-RS
590607;29/03/2024;sexta-feira;20:00:00;MT;70;95;GENERAL CARNEIRO;Ausência de reação do condutor;Capotamento;Com Vítimas Feridas;Plena Noite;Decrescente;Nublado;Simples;"Curva;Declive";Não;1;0;0;1;0;0;1;1;-15,57483763;-52,90425902;SPRF-MT;DEL07-MT;UOP01-DEL07-MT
590608;29/03/2024;sexta-feira;19:00:00;GO;153;687,5;ITUMBIARA;Acessar a via sem observar a presença dos outros veículos;Colisão lateral mesmo sentido;Com Vítimas Feridas;Plena Noite;Decrescente;Céu Claro;Dupla;Reta;Não;3;0;2;0;1;0;2;2;-18,2827;-49,2415;SPRF-GO;DEL03-GO;UOP02-DEL03-GO
590618;29/03/2024;sexta-feira;15:30:00;RS;290;382;SANTA MARGARIDA DO SUL;Demais falhas mecânicas ou elétricas;Incêndio;Com Vítimas Feridas;Pleno dia;Decrescente;Céu Claro;Simples;"Curva;Aclive";Não;1;0;1;0;0;0;1;1;-30,345226;-53,972523;SPRF-RS;DEL09-RS;UOP02-DEL09-RS
590627;29/03/2024;sexta-feira;20:00:00;MG;50;174;UBERABA;Afundamento ou ondulação no pavimento;Colisão traseira;Com Vítimas Feridas;Plena Noite;Decrescente;Nublado;Dupla;"Interseção de Vias;Reta;Viaduto;Retorno Regulamentado";Não;2;0;1;0;0;1;1;2;-19,771203;-47,973535;SPRF-MG;DEL13-MG;UOP01-DEL13-MG
590628;29/03/2024;sexta-feira;09:00:00;MT;158;491;CANARANA;Reação tardia ou ineficiente do condutor;Tombamento;Sem Vítimas;Pleno dia;Crescente;Céu Claro;Simples;Reta;Não;1;0;0;0;1;0;0;1;-13,42352998;-51,94515074;SPRF-MT;DEL07-MT;UOP02-DEL07-MT
590633;29/03/2024;sexta-feira;22:35:00;PR;277;11;PARANAGUA;Trafegar com motocicleta (ou similar) entre as faixas;Colisão traseira;Com Vítimas Feridas;Plena Noite;Crescente;Nublado;Dupla;Reta;Não;4;0;0;1;3;0;1;2;-25,568198;-48,615292;SPRF-PR;DEL01-PR;UOP05-DEL01-PR
590635;29/03/2024;sexta-feira;19:30:00;BA;110;263;OLINDINA;Pedestre cruzava a pista fora da faixa;Atropelamento de Pedestre;Com Vítimas Fatais;Plena Noite;Decrescente;Céu Claro;Simples;Reta;Não;2;1;0;0;0;1;0;2;-11,58602197;-38,29748032;SPRF-BA;DEL01-BA;UOP04-DEL01-BA
590639;29/03/2024;sexta-feira;22:30:00;SP;116;536,9;BARRA DO TURVO;Retorno proibido;Colisão transversal;Com Vítimas Feridas;Plena Noite;Crescente;Nublado;Dupla;Reta;Não;2;0;1;0;1;0;1;2;-24,97138929;-48,3547251;SPRF-SP;DEL05-SP;UOP02-DEL05-SP
590642;30/03/2024;sábado;00:30:00;RS;116;360;TAPES;Ausência de reação do condutor;Colisão traseira;Com Vítimas Feridas;Plena Noite;Crescente;Nublado;Dupla;Reta;Não;2;0;1;0;1;0;1;2;-30,62477189;-51,54634827;SPRF-RS;DEL02-RS;UOP02-DEL02-RS
590644;30/03/2024;sábado;02:20:00;RS;116;327;BARRA DO RIBEIRO;Animais na Pista;Saída de leito carroçável;Com Vítimas Feridas;Plena Noite;Crescente;Céu Claro;Dupla;Reta;Sim;2;0;1;0;0;1;1;2;-30,353981;-51,42938;SPRF-RS;DEL02-RS;UOP01-DEL02-RS
590646;30/03/2024;sábado;01:00:00;GO;364;310;MINEIROS;Ingestão de álcool pelo condutor;Colisão traseira;Com Vítimas Feridas;Plena Noite;Decrescente;Céu Claro;Simples;Reta;Não;2;0;1;0;1;0;1;2;-17,488049;-52,553318;SPRF-GO;DEL05-GO;UOP01-DEL05-GO
590648;30/03/2024;sábado;03:05:00;MG;116;665,2;MIRADOURO;Velocidade Incompatível;Tombamento;Com Vítimas Feridas;Pleno dia;Crescente;Nublado;Simples;Curva;Não;1;0;1;0;0;0;1;1;-20,82713698;-42,32223579;SPRF-MG;DEL07-MG;UOP02-DEL07-MG
590651;30/03/2024;sábado;05:10:00;SP;116;340,2;MIRACATU;Chuva;Colisão com objeto;Com Vítimas Feridas;Amanhecer;Crescente;Garoa/Chuvisco;Dupla;Curva;Não;1;0;1;0;0;0;1;1;-24,00328505;-47,15633198;SPRF-SP;DEL04-SP;UOP03-DEL04-SP
590664;30/03/2024;sábado;06:20:00;RS;290;439,1;SAO GABRIEL;Ausência de reação do condutor;Saída de leito carroçável;Com Vítimas Feridas;Pleno dia;Decrescente;Céu Claro;Simples;Reta;Não;1;0;1;0;0;0;1;1;-30,259466;-54,507885;SPRF-RS;DEL11-RS;UOP02-DEL11-RS
590673;30/03/2024;sábado;05:00:00;RO;364;583,5;ITAPUA DO OESTE;Reação tardia ou ineficiente do condutor;Saída de leito carroçável;Com Vítimas Feridas;Plena Noite;Decrescente;Céu Claro;Simples;Reta;Não;1;0;1;0;0;0;1;1;-9,37127796;-63,13304184;SPRF-RO;DEL01-RO;UOP04-DEL01-RO
590674;30/03/2024;sábado;08:30:00;SC;282;528,4;XAXIM;Mal súbito do condutor;Saída de leito carroçável;Com Vítimas Feridas;Pleno dia;Crescente;Céu Claro;Simples;"Reta;Aclive";Não;3;0;2;0;0;1;2;2;-26,978798;-52,588566;SPRF-SC;DEL07-SC;UOP01-DEL07-SC
590681;30/03/2024;sábado;10:20:00;SE;101;70;MARUIM;Pista esburacada;Queda de ocupante de veículo;Com Vítimas Feridas;Pleno dia;Crescente;Céu Claro;Dupla;"Em Obras;Declive;Reta";Não;2;0;1;0;1;0;1;1;-10,7356;-37,08768;SPRF-SE;DEL01-SE;UOP01-DEL01-SE
590695;30/03/2024;sábado;11:35:00;GO;40;92,6;CRISTALINA;Acessar a via sem observar a presença dos outros veículos;Colisão transversal;Com Vítimas Feridas;Pleno dia;Crescente;Céu Claro;Simples;Interseção de Vias;Não;6;0;1;0;5;0;1;2;-16,730814;-47,626211;SPRF-DF;DEL01-DF;UOP02-DEL01-DF
590699;30/03/2024;sábado;07:00:00;PI;343;323,3;ALTOS;Acessar a via sem observar a presença dos outros veículos;Colisão lateral mesmo sentido;Com Vítimas Feridas;Pleno dia;Decrescente;Sol;Simples;Reta;Não;3;0;0;2;1;0;2;2;-5,058037;-42,593838;SPRF-PI;DEL01-PI;UOP01-DEL01-PI
590703;30/03/2024;sábado;10:39:00;PR;277;473,9;NOVA LARANJEIRAS;Velocidade Incompatível;Tombamento;Com Vítimas Fatais;Pleno dia;Crescente;Céu Claro;Simples;"Curva;Aclive";Não;1;1;0;0;0;0;0;1;-25,30418737;-52,55959153;SPRF-PR;DEL04-PR;UOP02-DEL04-PR
590705;29/03/2024;sexta-feira;23:00:00;MA;222;624;ACAILANDIA;Ausência de reação do condutor;Tombamento;Com Vítimas Feridas;Plena Noite;Decrescente;Chuva;Simples;"Curva;Declive";Não;2;0;2;0;0;0;2;1;-4,77611615;-47,09510243;SPRF-MA;DEL04-MA;UOP03-DEL04-MA
590707;30/03/2024;sábado;13:15:00;MG;40;596,6;CONGONHAS;Retorno proibido;Colisão transversal;Com Vítimas Feridas;Pleno dia;Crescente;Nublado;Simples;Reta;Não;3;0;1;0;2;0;1;2;-20,41181186;-43,89476664;SPRF-MG;DEL05-MG;UOP02-DEL05-MG
590710;30/03/2024;sábado;07:30:00;MG;251;349;PADRE CARVALHO;Reação tardia ou ineficiente do condutor;Tombamento;Com Vítimas Feridas;Pleno dia;Decrescente;Céu Claro;Simples;"Ponte;Curva;Declive";Não;2;0;1;1;0;0;2;1;-16,25785611;-42,52455711;SPRF-MG;DEL12-MG;UOP02-DEL12-MG
590715;30/03/2024;sábado;10:50:00;RS;116;165,8;CAXIAS DO SUL;Transitar na contramão;Colisão frontal;Com Vítimas Feridas;Pleno dia;Crescente;Céu Claro;Simples;Curva;Não;3;0;0;1;1;1;1;3;-29,2596449;-51,1574433;SPRF-RS;DEL05-RS;UOP02-DEL05-RS
590717;30/03/2024;sábado;14:00:00;MG;365;4,5;MONTES CLAROS;Pista Escorregadia;Tombamento;Com Vítimas Feridas;Pleno dia;Decrescente;Chuva;Simples;Reta;Não;1;0;0;1;0;0;1;1;-16,74574399;-43,88392402;SPRF-MG;DEL12-MG;UOP01-DEL12-MG
590723;26/03/2024;terça-feira;10:20:00;PR;476;232,8;LAPA;Velocidade Incompatível;Tombamento;Com Vítimas Feridas;Pleno dia;Crescente;Sol;Simples;Curva;Não;1;0;1;0;0;0;1;1;-25,883068;-49,998787;SPRF-PR;DEL02-PR;UOP03-DEL02-PR
590730;30/03/2024;sábado;14:10:00;MS;163;19;MUNDO NOVO;Ausência de reação do condutor;Colisão frontal;Com Vítimas Feridas;Pleno dia;Decrescente;Céu Claro;Simples;"Curva;Declive;Em Obras";Não;2;0;0;1;1;0;1;2;-23,926552;-54,28244;SPRF-MS;DEL09-MS;UOP02-DEL09-MS
590734;30/03/2024;sábado;08:15:00;MT;364;122,9;PEDRA PRETA;Acessar a via sem observar a presença dos outros veículos;Colisão transversal;Com Vítimas Feridas;Pleno dia;Crescente;Céu Claro;Simples;Reta;Não;3;0;1;2;0;0;3;2;-16,82275011;-53,97663474;SPRF-MT;DEL02-MT;UOP02-DEL02-MT
590735;30/03/2024;sábado;15:30:00;ES;262;39;DOMINGOS MARTINS;Curva acentuada;Colisão lateral sentido oposto;Com Vítimas Feridas;Pleno dia;Decrescente;Chuva;Simples;Curva;Não;6;0;3;0;2;1;3;2;-20,3802679;-40,63000864;SPRF-ES;DEL01-ES;UOP01-DEL01-ES