id;data_inversa;dia_semana;horario;uf;br;km;municipio;causa_acidente;tipo_acidente;classificacao_acidente;fase_dia;sentido_via;condicao_metereologica;tipo_pista;tracado_via;uso_solo;pessoas;mortos;feridos_leves;feridos_graves;ilesos;ignorados;feridos;veiculos;latitude;longitude;regional;delegacia;uop
593680;25/02/2024;domingo;12:50:00;ES;262;121;CONCEICAO DO CASTELO;Reação tardia ou ineficiente do condutor;Tombamento;Com Vítimas Feridas;Pleno dia;Decrescente;Céu Claro;Simples;"Declive;Curva";Não;2;0;2;0;0;0;2;1;-20,29365543;-41,23018943;SPRF-ES;DEL01-ES;UOP02-DEL01-ES
593956;26/03/2024;terça-feira;01:10:00;SP;116;28,9;CRUZEIRO;Reação tardia ou ineficiente do condutor;Colisão traseira;Com Vítimas Feridas;Plena Noite;Decrescente;Garoa/Chuvisco;Dupla;"Declive;Reta";Não;3;0;1;0;1;1;1;2;-22,62492006;-44,91571997;SPRF-SP;DEL08-SP;UOP02-DEL08-SP
593980;29/03/2024;sexta-feira;14:35:00;PR;277;412;CANDOI;Velocidade Incompatível;Tombamento;Com Vítimas Fatais;Pleno dia;Crescente;Sol;Simples;Curva;Não;1;1;0;0;0;0;0;1;-25,4170549;-52,0600681;SPRF-PR;DEL04-PR;UOP02-DEL04-PR
594037;24/03/2024;domingo;01:50:00;MG;251;513,3;MONTES CLAROS;Condutor Dormindo;Colisão com objeto;Sem Vítimas;Plena Noite;Decrescente;Céu Claro;Simples;"Ponte;Reta";Não;1;0;0;0;1;0;0;1;-16,6575132;-43,72704597;SPRF-MG;DEL12-MG;UOP01-DEL12-MG
594140;08/01/2024;segunda-feira;11:55:00;MT;163;673;LUCAS DO RIO VERDE;Reação tardia ou ineficiente do condutor;Saída de leito carroçável;Com Vítimas Feridas;Pleno dia;Decrescente;Chuva;Simples;Reta;Não;22;0;8;3;11;0;11;2;-13,188905;-55,988557;SPRF-MT;DEL06-MT;UOP01-DEL06-MT
594158;30/03/2024;sábado;11:25:00;MG;50;18,2;UBERLANDIA;Reação tardia ou ineficiente do condutor;Colisão com objeto;Com Vítimas Feridas;Pleno dia;Decrescente;Céu Claro;Dupla;"Reta;Interseção de Vias";Sim;3;0;1;0;2;0;1;3;-18,92980655;-48,19411397;SPRF-MG;DEL15-MG;UOP01-DEL15-MG
594182;18/03/2024;segunda-feira;23:00:00;MG;365;270;JOAO PINHEIRO;Animais na Pista;Incêndio;Sem Vítimas;Plena Noite;Decrescente;Céu Claro;Simples;Curva;Não;1;0;0;0;1;0;0;1;-17,928853;-45,576467;SPRF-MG;DEL10-MG;UOP02-DEL010-MG
594330;11/03/2024;segunda-feira;15:15:00;GO;40;6,5;VALPARAISO DE GOIAS;Manobra de mudança de faixa;Colisão lateral mesmo sentido;Com Vítimas Feridas;Pleno dia;Decrescente;Céu Claro;Dupla;Reta;Não;5;0;2;0;3;0;2;2;-16,100814;-47,977351;SPRF-DF;DEL01-DF;UOP01-DEL01-DF
594409;20/03/2024;quarta-feira;07:40:00;RO;435;67;COLORADO DO OESTE;Reação tardia ou ineficiente do condutor;Tombamento;Com Vítimas Feridas;Pleno dia;Crescente;Céu Claro;Simples;"Aclive;Reta";Não;2;0;1;0;1;0;1;1;-13,09593163;-60,37598215;SPRF-RO;DEL04-RO;UOP02-DEL04-RO
594552;04/01/2024;quinta-feira;08:30:00;MA;316;423,8;PERITORO;Acostamento em desnível;Tombamento;Com Vítimas Feridas;Pleno dia;Decrescente;Céu Claro;Simples;Reta;Sim;1;0;1;0;0;0;1;1;-4,36574;-44,348591;SPRF-MA;DEL03-MA;UOP01-DEL03-MA
594589;09/03/2024;sábado;07:30:00;RJ;40;113;DUQUE DE CAXIAS;Acessar a via sem observar a presença dos outros veículos;Colisão lateral mesmo sentido;Com Vítimas Feridas;Pleno dia;Crescente;Céu Claro;Simples;Reta;Sim;2;0;1;0;1;0;1;2;-22,70948502;-43,29040354;SPRF-RJ;DEL01-RJ;UOP02-DEL01-RJ
594692;26/02/2024;segunda-feira;07:50:00;MT;163;834;SINOP;Condutor deixou de manter distância do veículo da frente;Colisão traseira;Com Vítimas Feridas;Pleno dia;Crescente;Nublado;Simples;Reta;Sim;2;0;1;0;1;0;1;2;-11,86755467;-55,49677502;SPRF-MT;DEL06-MT;UOP02-DEL06-MT
594736;26/03/2024;terça-feira;06:00:00;MG;40;589;ITABIRITO;Manobra de mudança de faixa;Colisão lateral sentido oposto;Com Vítimas Feridas;Pleno dia;Crescente;Chuva;Simples;Reta;Não;2;0;1;0;1;0;1;2;-20,3591;-43,90992896;SPRF-MG;DEL01-MG;UOP02-DEL01-MG
594793;02/02/2024;sexta-feira;12:00:00;MS;163;135;NAVIRAI;Manobra de mudança de faixa;Colisão frontal;Com Vítimas Fatais;Pleno dia;Crescente;Céu Claro;Simples;"Declive;Reta";Não;36;1;17;6;12;0;23;3;-23,01910606;-54,30128306;SPRF-MS;DEL09-MS;UOP01-DEL09-MS
594905;14/03/2024;quinta-feira;14:40:00;PI;222;43;BRASILEIRA;Velocidade Incompatível;Saída de leito carroçável;Com Vítimas Feridas;Pleno dia;Decrescente;Sol;Simples;Reta;Não;2;0;1;1;0;0;2;1;-4,08647291;-41,5607771;SPRF-PI;DEL02-PI;UOP01-DEL02-PI
594931;15/03/2024;sexta-feira;01:13:00;SP;116;350;MIRACATU;Ausência de reação do condutor;Colisão traseira;Com Vítimas Feridas;Plena Noite;Decrescente;Céu Claro;Dupla;"Reta;Aclive";Não;2;0;1;0;1;0;1;2;-24,05853299;-47,21739301;SPRF-SP;DEL04-SP;UOP03-DEL04-SP
594999;15/03/2024;sexta-feira;15:10:00;MG;365;575;INDIANOPOLIS;Acesso irregular;Colisão frontal;Com Vítimas Feridas;Pleno dia;Crescente;Céu Claro;Simples;Reta;Não;3;0;1;1;1;0;2;2;-18,9060632;-47,90271878;SPRF-MG;DEL15-MG;UOP02-DEL15-MG
595020;15/02/2024;quinta-feira;18:50:00;SC;282;51,8;AGUAS MORNAS;Transitar na contramão;Colisão transversal;Com Vítimas Feridas;Anoitecer;Decrescente;Garoa/Chuvisco;Simples;Curva;Não;2;0;0;1;1;0;1;2;-27,703712;-48,959267;SPRF-SC;DEL01-SC;UOP03-DEL01-SC
595098;11/02/2024;domingo;18:00:00;PB;412;82;SERRA BRANCA;Avarias e/ou desgaste excessivo no pneu;Saída de leito carroçável;Com Vítimas Feridas;Plena Noite;Crescente;Céu Claro;Simples;Reta;Não;1;0;1;0;0;0;1;1;-7,5193;-36,709885;SPRF-PB;DEL02-PB;UOP02-DEL02-PB
595192;16/03/2024;sábado;11:49:00;BA;116;544;MILAGRES;Mal súbito do condutor;Colisão frontal;Sem Vítimas;Pleno dia;Decrescente;Céu Claro;Simples;Reta;Não;2;0;0;0;2;0;0;2;-12,82137806;-39,82689376;SPRF-BA;DEL03-BA;UOP02-DEL03-BA
595694;20/03/2024;quarta-feira;05:15:00;SP;116;305;SAO LOURENCO DA SERRA;Entrada inopinada do pedestre;Colisão traseira;Com Vítimas Fatais;Amanhecer;Decrescente;Nublado;Múltipla;Curva;Não;4;1;0;0;3;0;0;3;-23,84287313;-46,93238591;NA;NA;NA
595727;06/03/2024;quarta-feira;04:30:00;AM;174;1041,5;PRESIDENTE FIGUEIREDO;Transitar na contramão;Colisão lateral sentido oposto;Com Vítimas Feridas;Plena Noite;Decrescente;Ignorado;Simples;Reta;Não;3;0;0;2;0;1;2;2;-1,64618006;-60,18382711;NA;NA;NA
595826;13/03/2024;quarta-feira;12:50:00;ES;101;278;SERRA;Reação tardia ou ineficiente do condutor;Colisão transversal;Com Vítimas Feridas;Pleno dia;Crescente;Céu Claro;Dupla;"Retorno Regulamentado;Reta";Não;2;0;0;1;1;0;1;2;-20,21698365;-40,32974606;NA;NA;NA
595828;19/03/2024;terça-feira;06:30:00;MT;163;1109;GUARANTA DO NORTE;Declive acentuado;Saída de leito carroçável;Com Vítimas Fatais;Pleno dia;Crescente;Céu Claro;Dupla;"Curva;Declive";Não;1;1;0;0;0;0;0;1;-9,72607806;-54,88158286;NA;NA;NA
595861;29/02/2024;quinta-feira;09:30:00;MT;158;625;NOVA XAVANTINA;Condutor Dormindo;Tombamento;Com Vítimas Feridas;Pleno dia;Crescente;Céu Claro;Simples;Reta;Não;1;0;0;1;0;0;1;1;-14,49276784;-52,28569031;NA;NA;NA
595933;14/03/2024;quinta-feira;13:40:00;PR;376;635;SAO JOSE DOS PINHAIS;Reação tardia ou ineficiente do condutor;Colisão traseira;Com Vítimas Feridas;Pleno dia;Decrescente;Céu Claro;Dupla;Reta;Não;2;0;1;0;1;0;1;2;-25,72962736;-49,13339138;NA;NA;NA
596090;19/01/2024;sexta-feira;19:20:00;ES;101;294,4;CARIACICA;Reação tardia ou ineficiente do condutor;Colisão traseira;Com Vítimas Feridas;Plena Noite;Crescente;Céu Claro;Dupla;"Declive;Reta";Sim;2;0;1;0;1;0;1;2;-20,32415948;-40,3952903;NA;NA;NA
574350;13/01/2024;sábado;05:40:00;RN;406;151,4;CEARA-MIRIM;Acesso irregular;Colisão transversal;Com Vítimas Feridas;Amanhecer;Decrescente;Nublado;Simples;Reta;Sim;2;0;1;0;0;1;1;2;-5,65094554;-35,42341594;SPRF-RN;DEL02-RN;UOP01-DEL02-RN
574609;14/01/2024;domingo;07:00:00;PR;376;406;TIBAGI;Condutor Dormindo;Colisão com objeto;Sem Vítimas;Pleno dia;Decrescente;Céu Claro;Dupla;"Declive;Desvio Temporário;Em Obras";Não;3;0;0;0;2;1;0;3;-24,59164344;-50,67475498;SPRF-PR;DEL03-PR;UOP02-DEL03-PR
574964;15/01/2024;segunda-feira;18:45:00;SE;101;183;UMBAUBA;Ausência de sinalização;Colisão com objeto;Com Vítimas Feridas;Plena Noite;Decrescente;Céu Claro;Simples;"Aclive;Reta";Não;2;0;0;1;1;0;1;2;-11,38249598;-37,66560674;SPRF-SE;DEL02-SE;UOP03-DEL02-SE
575802;19/01/2024;sexta-feira;20:00:00;SP;116;334;JUQUITIBA;Ausência de reação do condutor;Colisão lateral mesmo sentido;Com Vítimas Feridas;Plena Noite;Crescente;Céu Claro;Dupla;Curva;Não;3;0;1;0;1;1;1;2;-23,96478894;-47,12622102;SPRF-SP;DEL04-SP;UOP03-DEL04-SP
579458;06/02/2024;terça-feira;18:00:00;SP;116;280;EMBU DAS ARTES;Reação tardia ou ineficiente do condutor;Colisão traseira;Sem Vítimas;Pleno dia;Decrescente;Céu Claro;Dupla;"Aclive;Reta";Sim;3;0;0;0;3;0;0;2;-23,66996108;-46,85590758;SPRF-SP;DEL04-SP;UOP01-DEL04-SP
579634;07/02/2024;quarta-feira;13:00:00;PE;NA;NA;RECIFE;Faixas de trânsito com largura insuficiente;Colisão lateral mesmo sentido;Sem Vítimas;Pleno dia;Não Informado;Sol;Simples;Reta;Sim;5;0;0;0;3;2;0;3;-8,05899011;-34,8722738;SPRF-PE;DEL01-PE;UOP01-DEL01-PE
580751;12/02/2024;segunda-feira;08:00:00;RJ;101;463;ANGRA DOS REIS;Ausência de reação do condutor;Saída de leito carroçável;Com Vítimas Feridas;Pleno dia;Decrescente;Céu Claro;Simples;Curva;Não;3;0;2;0;0;1;2;2;-23,02635686;-44,21296905;SPRF-RJ;DEL03-RJ;UOP03-DEL03-RJ
580822;12/02/2024;segunda-feira;21:00:00;MG;381;510;IGARAPE;Condutor deixou de manter distância do veículo da frente;Colisão traseira;Com Vítimas Feridas;Plena Noite;Crescente;Céu Claro;Dupla;"Reta;Declive";Não;2;0;1;0;0;1;1;2;-20,05947876;-44,29069519;SPRF-MG;DEL01-MG;UOP03-DEL01-MG
581976;19/02/2024;segunda-feira;05:40:00;MG;116;7,5;DIVISA ALEGRE;Condutor deixou de manter distância do veículo da frente;Colisão traseira;Com Vítimas Feridas;Amanhecer;Decrescente;Nevoeiro/Neblina;Simples;Reta;Não;4;0;1;0;2;1;1;2;-15,75827513;-41,3319115;SPRF-BA;DEL08-BA;UOP03-DEL08-BA
582035;19/02/2024;segunda-feira;10:30:00;MG;40;305;TRES MARIAS;Problema com o freio;Incêndio;Sem Vítimas;Pleno dia;Crescente;Nublado;Simples;Reta;Não;1;0;0;0;1;0;0;1;-18,3940688;-45,10000664;SPRF-MG;DEL14-MG;UOP02-DEL14-MG
583221;25/02/2024;domingo;13:10:00;GO;60;27;ALEXANIA;Reação tardia ou ineficiente do condutor;Capotamento;Sem Vítimas;Pleno dia;Decrescente;Céu Claro;Dupla;"Declive;Curva";Não;1;0;0;0;0;1;0;1;-16,0963;-48,5202;SPRF-DF;DEL03-DF;UOP01-DEL03-DF
584381;02/03/2024;sábado;02:00:00;SP;116;483;CAJATI;Ingestão de álcool pelo condutor;Colisão traseira;Com Vítimas Feridas;Plena Noite;Crescente;Nevoeiro/Neblina;Dupla;Reta;Não;4;0;2;0;2;0;2;2;-24,72274238;-48,05286602;SPRF-SP;DEL05-SP;UOP01-DEL05-SP
586141;09/03/2024;sábado;15:15:00;MT;364;561;NOBRES;Velocidade Incompatível;Colisão traseira;Com Vítimas Feridas;Pleno dia;Crescente;Garoa/Chuvisco;Dupla;Reta;Sim;4;0;0;1;3;0;1;3;-14,72535023;-56,3186616;SPRF-MT;DEL01-MT;UOP01-DEL01-MT
589475;24/03/2024;domingo;15:50:00;SP;116;491;CAJATI;Ausência de reação do condutor;Colisão com objeto;Sem Vítimas;Pleno dia;Decrescente;Céu Claro;Dupla;"Reta;Declive";Não;5;0;0;0;4;1;0;2;-24,73981193;-48,12375607;SPRF-SP;DEL05-SP;UOP01-DEL05-SP
589581;25/03/2024;segunda-feira;04:30:00;RO;364;680;CANDEIAS DO JAMARI;Ausência de reação do condutor;Colisão traseira;Com Vítimas Feridas;Plena Noite;Crescente;Nublado;Simples;Reta;Não;2;0;0;1;0;1;1;2;-8,7856782;-63,58829598;SPRF-RO;DEL01-RO;UOP01-DEL01-RO
571772;01/01/2024;segunda-feira;00:05:00;RJ;101;272,5;TANGUA;Reação tardia ou ineficiente do condutor;Colisão com objeto;Com Vítimas Fatais;Plena Noite;Decrescente;Céu Claro;Dupla;Reta;Sim;1;1;0;0;0;0;0;1;-22,72935968;-42,70112512;SPRF-RJ;DEL02-RJ;UOP03-DEL02-RJ
571774;01/01/2024;segunda-feira;00:05:00;GO;153;424,6;ANAPOLIS;Velocidade Incompatível;Colisão com objeto;Sem Vítimas;Plena Noite;Decrescente;Céu Claro;Dupla;Reta;Não;1;0;0;0;1;0;0;1;-16,229185;-49,009797;SPRF-GO;DEL02-GO;UOP01-DEL02-GO
571777;01/01/2024;segunda-feira;01:45:00;ES;101;264,1;SERRA;Reação tardia ou ineficiente do condutor;Colisão com objeto;Sem Vítimas;Plena Noite;Decrescente;Nublado;Múltipla;"Interseção de Vias;Reta";Sim;1;0;0;0;1;0;0;1;-20,17292791;-40,26736384;SPRF-ES;DEL02-ES;UOP01-DEL02-ES
571778;01/01/2024;segunda-feira;00:45:00;SC;101;110;PENHA;Acumulo de água sobre o pavimento;Saída de leito carroçável;Com Vítimas Feridas;Plena Noite;Crescente;Chuva;Dupla;Curva;Não;2;0;1;0;1;0;1;1;-26,83477;-48,706151;SPRF-SC;DEL03-SC;UOP02-DEL03-SC
571779;01/01/2024;segunda-feira;01:45:00;RS;116;236;NOVO HAMBURGO;Ausência de reação do condutor;Colisão com objeto;Sem Vítimas;Plena Noite;Crescente;Céu Claro;Dupla;Reta;Sim;4;0;0;0;4;0;0;1;-29,66938502;-51,14304731;SPRF-RS;DEL01-RS;UOP02-DEL01-RS
571780;01/01/2024;segunda-feira;01:50:00;PR;277;70;SAO JOSE DOS PINHAIS;Ausência de reação do condutor;Tombamento;Com Vítimas Feridas;Plena Noite;Decrescente;Céu Claro;Simples;Curva;Não;2;0;2;0;0;0;2;1;-25,54112281;-49,06183391;SPRF-PR;DEL01-PR;UOP01-DEL01-PR
571781;01/01/2024;segunda-feira;00:20:00;RS;158;128,2;CONDOR;Reação tardia ou ineficiente do condutor;Saída de leito carroçável;Com Vítimas Feridas;Plena Noite;Crescente;Céu Claro;Simples;Reta;Não;1;0;0;1;0;0;1;1;-28,11100874;-53,42453025;SPRF-RS;DEL08-RS;UOP01-DEL08-RS
571782;01/01/2024;segunda-feira;01:50:00;MS;262;4,3;TRES LAGOAS;Ausência de reação do condutor;Saída de leito carroçável;Com Vítimas Feridas;Plena Noite;Crescente;Garoa/Chuvisco;Dupla;Reta;Sim;2;0;1;0;0;1;1;2;-20,782074;-51,65705;SPRF-MS;DEL07-MS;UOP01-DEL07-MS
571783;01/01/2024;segunda-feira;01:20:00;RJ;101;542;PARATY;Retorno proibido;Colisão transversal;Com Vítimas Feridas;Plena Noite;Decrescente;Nublado;Simples;Reta;Não;3;0;1;0;2;0;1;2;-23,04128085;-44,59583503;SPRF-RJ;DEL03-RJ;UOP04-DEL03-RJ
571785;01/01/2024;segunda-feira;02:02:00;RO;364;197;PIMENTA BUENO;Acesso irregular;Tombamento;Com Vítimas Feridas;Plena Noite;Decrescente;Nublado;Simples;"Interseção de Vias;Reta;Aclive";Sim;1;0;0;1;0;0;1;1;-11,68196118;-61,18621945;SPRF-RO;DEL02-RO;UOP02-DEL02-RO
571786;01/01/2024;segunda-feira;03:00:00;SP;101;28,4;UBATUBA;Condutor Dormindo;Colisão com objeto;Com Vítimas Feridas;Plena Noite;Crescente;Céu Claro;Simples;Reta;Não;1;0;1;0;0;0;1;1;-23,37268002;-44,95284699;SPRF-SP;DEL06-SP;UOP01-DEL06-SP
571787;01/01/2024;segunda-feira;02:20:00;RS;116;242;SAO LEOPOLDO;Pedestre cruzava a pista fora da faixa;Atropelamento de Pedestre;Com Vítimas Feridas;Plena Noite;Decrescente;Céu Claro;Simples;"Reta;Em Obras";Sim;2;0;1;0;0;1;1;2;-29,72297087;-51,14858729;SPRF-RS;DEL01-RS;UOP02-DEL01-RS
571788;01/01/2024;segunda-feira;03:00:00;PR;376;288;MAUA DA SERRA;Transitar na contramão;Colisão lateral sentido oposto;Com Vítimas Feridas;Plena Noite;Crescente;Céu Claro;Dupla;Curva;Não;5;0;0;1;4;0;1;2;-23,882753;-51,246884;SPRF-PR;DEL07-PR;UOP02-DEL07-PR
571790;01/01/2024;segunda-feira;02:50:00;SP;101;41;UBATUBA;Reação tardia ou ineficiente do condutor;Colisão com objeto;Sem Vítimas;Plena Noite;Crescente;Céu Claro;Simples;Curva;Não;2;0;0;0;1;1;0;2;-23,41971433;-45,0428663;SPRF-SP;DEL06-SP;UOP01-DEL06-SP
571791;01/01/2024;segunda-feira;03:20:00;PR;369;207,6;APUCARANA;Ingestão de álcool pelo condutor;Colisão transversal;Com Vítimas Feridas;Plena Noite;Crescente;Céu Claro;Simples;"Reta;Aclive";Sim;5;0;4;1;0;0;5;2;-23,563611;-51,493503;SPRF-PR;DEL07-PR;UOP03-DEL07-PR
571792;01/01/2024;segunda-feira;02:00:00;ES;262;162,2;IBATIBA;Transitar na contramão;Colisão frontal;Sem Vítimas;Plena Noite;Crescente;Nublado;Simples;Curva;Não;3;0;0;0;3;0;0;2;-20,23593228;-41,53109078;SPRF-ES;DEL01-ES;UOP02-DEL01-ES
571793;01/01/2024;segunda-feira;04:00:00;RJ;101;329;RIO DE JANEIRO;Reação tardia ou ineficiente do condutor;Queda de ocupante de veículo;Com Vítimas Feridas;Plena Noite;Crescente;Céu Claro;Dupla;Reta;Não;1;0;1;0;0;0;1;1;-22,86939305;-43,175642;SPRF-RJ;DEL02-RJ;UOP01-DEL02-RJ
571794;01/01/2024;segunda-feira;04:35:00;GO;60;98;ANAPOLIS;Condutor deixou de manter distância do veículo da frente;Colisão traseira;Com Vítimas Feridas;Plena Noite;Crescente;Céu Claro;Dupla;Reta;Sim;5;0;2;0;3;0;2;2;-16,3846;-48,9541;SPRF-GO;DEL02-GO;UOP01-DEL02-GO
571795;01/01/2024;segunda-feira;04:40:00;MG;381;486,4;BETIM;Ingestão de álcool pelo condutor;Colisão traseira;Sem Vítimas;Plena Noite;Decrescente;Chuva;Múltipla;Reta;Sim;2;0;0;0;2;0;0;2;-19,95576216;-44,11231756;SPRF-MG;DEL01-MG;UOP03-DEL01-MG
571796;01/01/2024;segunda-feira;03:50:00;DF;60;0,9;BRASILIA;Acessar a via sem observar a presença dos outros veículos;Atropelamento de Pedestre;Com Vítimas Feridas;Plena Noite;Crescente;Céu Claro;Dupla;Reta;Sim;3;0;0;1;2;0;1;2;-15,884367;-48,068075;SPRF-DF;DEL03-DF;UOP01-DEL03-DF
571798;01/01/2024;segunda-feira;03:00:00;PR;153;219,5;TIBAGI;Ingestão de álcool pelo condutor;Atropelamento de Pedestre;Com Vítimas Feridas;Plena Noite;Crescente;Céu Claro;Simples;Reta;Não;10;0;6;2;2;0;8;3;-24,61024106;-50,44363191;SPRF-PR;DEL03-PR;UOP02-DEL03-PR
571799;01/01/2024;segunda-feira;02:15:00;GO;80;165;URUACU;Ingestão de álcool pelo condutor;Saída de leito carroçável;Com Vítimas Feridas;Plena Noite;Crescente;Céu Claro;Simples;Reta;Não;2;0;1;0;1;0;1;1;-14,734193;-49,069936;SPRF-GO;DEL07-GO;UOP02-DEL07-GO
571800;01/01/2024;segunda-feira;05:15:00;GO;60;165;GOIANIA;Velocidade Incompatível;Saída de leito carroçável;Sem Vítimas;Plena Noite;Decrescente;Céu Claro;Dupla;Reta;Sim;1;0;0;0;0;1;0;1;-16,70839713;-49,34982061;SPRF-GO;DEL01-GO;UOP02-DEL01-GO
571801;01/01/2024;segunda-feira;04:15:00;PI;316;3;TERESINA;Condutor desrespeitou a iluminação vermelha do semáforo;Colisão transversal;Com Vítimas Feridas;Plena Noite;Decrescente;Céu Claro;Dupla;Interseção de Vias;Sim;3;0;1;0;0;2;1;3;-5,12826443;-42,79292384;SPRF-PI;DEL01-PI;UOP02-DEL01-PI
571802;01/01/2024;segunda-feira;05:00:00;MG;381;4,5;BETIM;Velocidade Incompatível;Colisão com objeto;Sem Vítimas;Plena Noite;Decrescente;Chuva;Dupla;Interseção de Vias;Sim;2;0;0;0;1;1;0;1;-19,98754573;-44,18280602;SPRF-MG;DEL01-MG;UOP03-DEL01-MG
571803;01/01/2024;segunda-feira;05:40:00;MG;381;491;BETIM;Ingestão de álcool pelo condutor;Colisão com objeto;Com Vítimas Feridas;Amanhecer;Crescente;Chuva;Múltipla;Reta;Não;1;0;0;1;0;0;1;1;-19,97018187;-44,18210416;SPRF-MG;DEL01-MG;UOP03-DEL01-MG
571805;01/01/2024;segunda-feira;05:30:00;RS;386;367,6;FAZENDA VILANOVA;Reação tardia ou ineficiente do condutor;Saída de leito carroçável;Sem Vítimas;Amanhecer;Decrescente;Céu Claro;Dupla;Curva;Não;1;0;0;0;0;1;0;1;-29,575304;-51,846645;SPRF-RS;DEL04-RS;UOP01-DEL04-RS
571808;01/01/2024;segunda-feira;05:38:00;PE;428;173,5;PETROLINA;Acessar a via sem observar a presença dos outros veículos;Colisão transversal;Com Vítimas Feridas;Amanhecer;Crescente;Céu Claro;Simples;Reta;Não;6;0;2;0;4;0;2;2;-9,24429991;-40,42112617;SPRF-PE;DEL06-PE;UOP01-DEL06-PE
571809;01/01/2024;segunda-feira;06:15:00;SC;280;10,3;SAO FRANCISCO DO SUL;Transitar na contramão;Colisão frontal;Com Vítimas Feridas;Pleno dia;Crescente;Chuva;Simples;"Reta;Rotatória";Sim;4;0;2;0;2;0;2;2;-26,29625399;-48,64238799;SPRF-SC;DEL03-SC;UOP03-DEL03-SC
571811;01/01/2024;segunda-feira;06:30:00;PE;101;70;RECIFE;Ausência de reação do condutor;Saída de leito carroçável;Sem Vítimas;Pleno dia;Crescente;Céu Claro;Simples;Curva;Sim;1;0;0;0;0;1;0;1;-8,069596;-34,943065;SPRF-PE;DEL01-PE;UOP01-DEL01-PE
571812;01/01/2024;segunda-feira;04:30:00;SC;101;116;ITAJAI;Ausência de reação do condutor;Capotamento;Com Vítimas Feridas;Amanhecer;Decrescente;Chuva;Dupla;Reta;Sim;3;0;1;0;1;1;1;3;-26,87905605;-48,72603512;SPRF-SC;DEL04-SC;UOP04-DEL04-SC
571813;01/01/2024;segunda-feira;06:40:00;MG;381;3;BETIM;Velocidade Incompatível;Saída de leito carroçável;Com Vítimas Feridas;Pleno dia;Crescente;Chuva;Dupla;Reta;Sim;2;0;2;0;0;0;2;1;-19,9866352;-44,1720487;SPRF-MG;DEL01-MG;UOP03-DEL01-MG
571814;01/01/2024;segunda-feira;01:20:00;MG;381;942;EXTREMA;Ausência de reação do condutor;Saída de leito carroçável;Sem Vítimas;Plena Noite;Crescente;Céu Claro;Dupla;Retorno Regulamentado;Sim;1;0;0;0;0;1;0;1;-22,86605937;-46,34940386;SPRF-MG;DEL16-MG;UOP03-DEL16-MG
571815;01/01/2024;segunda-feira;06:15:00;SE;235;4;NOSSA SENHORA DO SOCORRO;Ausência de reação do condutor;Queda de ocupante de veículo;Com Vítimas Feridas;Pleno dia;Decrescente;Sol;Dupla;Reta;Não;1;0;0;1;0;0;1;1;-10,9064;-37,1197;SPRF-SE;DEL01-SE;UOP01-DEL01-SE
571816;01/01/2024;segunda-feira;06:30:00;RJ;101;491;ANGRA DOS REIS;Condutor Dormindo;Colisão lateral sentido oposto;Com Vítimas Feridas;Pleno dia;Decrescente;Céu Claro;Simples;Curva;Não;2;0;1;0;1;0;1;2;-22,95442983;-44,32193004;SPRF-RJ;DEL03-RJ;UOP03-DEL03-RJ
571817;01/01/2024;segunda-feira;02:32:00;PR;116;38,5;CAMPINA GRANDE DO SUL;Reação tardia ou ineficiente do condutor;Saída de leito carroçável;Sem Vítimas;Plena Noite;Crescente;Garoa/Chuvisco;Dupla;Curva;Não;1;0;0;0;0;1;0;1;-25,14802509;-48,85922071;SPRF-PR;DEL01-PR;UOP02-DEL01-PR
571819;01/01/2024;segunda-feira;06:50:00;MG;381;447,7;SANTA LUZIA;Condutor Dormindo;Colisão frontal;Com Vítimas Fatais;Pleno dia;Crescente;Chuva;Simples;Curva;Não;3;1;0;1;0;1;1;3;-19,8239401;-43,8188987;SPRF-MG;DEL01-MG;UOP01-DEL01-MG
571820;01/01/2024;segunda-feira;05:00:00;PR;376;488,5;PONTA GROSSA;Velocidade Incompatível;Saída de leito carroçável;Com Vítimas Fatais;Amanhecer;Decrescente;Céu Claro;Dupla;Curva;Sim;1;1;0;0;0;0;0;1;-25,13510082;-50,16497282;SPRF-PR;DEL03-PR;UOP04-DEL03-PR
571821;01/01/2024;segunda-feira;07:00:00;SC;101;93;BARRA VELHA;Reação tardia ou ineficiente do condutor;Saída de leito carroçável;Com Vítimas Feridas;Amanhecer;Crescente;Garoa/Chuvisco;Dupla;Reta;Não;1;0;1;0;0;0;1;1;-26,69662179;-48,69887352;SPRF-SC;DEL03-SC;UOP02-DEL03-SC
571822;01/01/2024;segunda-feira;06:30:00;MS;60;600,5;JARDIM;Ausência de reação do condutor;Saída de leito carroçável;Com Vítimas Feridas;Amanhecer;Crescente;Céu Claro;Simples;"Aclive;Reta";Não;1;0;1;0;0;0;1;1;-21,54117701;-56,1677369;SPRF-MS;DEL05-MS;UOP01-DEL05-MS
571823;01/01/2024;segunda-feira;06:40:00;GO;60;36;ALEXANIA;Condutor Dormindo;Saída de leito carroçável;Com Vítimas Feridas;Pleno dia;Crescente;Céu Claro;Dupla;Curva;Não;1;0;0;1;0;0;1;1;-16,1119;-48,5299;SPRF-DF;DEL03-DF;UOP01-DEL03-DF
571824;01/01/2024;segunda-feira;07:20:00;DF;20;22;BRASILIA;Ausência de reação do condutor;Colisão traseira;Com Vítimas Feridas;Pleno dia;Decrescente;Céu Claro;Dupla;Reta;Sim;2;0;1;0;1;0;1;2;-15,59834;-47,676186;SPRF-DF;DEL02-DF;UOP01-DEL02-DF