id;data_inversa;dia_semana;horario;uf;br;km;municipio;causa_acidente;tipo_acidente;classificacao_acidente;fase_dia;sentido_via;condicao_metereologica;tipo_pista;tracado_via;uso_solo;pessoas;mortos;feridos_leves;feridos_graves;ilesos;ignorados;feridos;veiculos;latitude;longitude;regional;delegacia;uop
571825;01/01/2024;segunda-feira;07:20:00;MG;365;20;UBERLANDIA;Velocidade Incompatível;Saída de leito carroçável;Com Vítimas Feridas;Pleno dia;Crescente;Chuva;Dupla;Viaduto;Sim;1;0;0;1;0;0;1;1;-18,93190015;-48,19744527;SPRF-MG;DEL12-MG;UOP01-DEL12-MG
571826;01/01/2024;segunda-feira;08:00:00;PR;376;617;SAO JOSE DOS PINHAIS;Ausência de reação do condutor;Colisão traseira;Com Vítimas Feridas;Pleno dia;Decrescente;Céu Claro;Dupla;Reta;Sim;3;0;0;2;0;1;2;2;-25,58426494;-49,17618795;SPRF-PR;DEL01-PR;UOP04-DEL01-PR
571827;01/01/2024;segunda-feira;07:50:00;RJ;356;168;CAMPOS DOS GOYTACAZES;Condutor Dormindo;Colisão frontal;Com Vítimas Feridas;Pleno dia;Decrescente;Nublado;Simples;Reta;Não;3;0;2;0;1;0;2;2;-21,715032;-41,130438;SPRF-RJ;DEL08-RJ;UOP02-DEL08-RJ
571828;01/01/2024;segunda-feira;06:20:00;PR;373;273;PRUDENTOPOLIS;Ingestão de álcool pelo condutor;Saída de leito carroçável;Com Vítimas Feridas;Pleno dia;Crescente;Céu Claro;Simples;Reta;Não;2;0;2;0;0;0;2;1;-25,24741013;-51,05082693;SPRF-PR;DEL08-PR;UOP01-DEL08-PR
571829;01/01/2024;segunda-feira;07:20:00;MG;262;378;JUATUBA;Chuva;Saída de leito carroçável;Com Vítimas Feridas;Pleno dia;Decrescente;Chuva;Dupla;Curva;Não;2;0;1;0;1;0;1;1;-19,95652262;-44,3648278;SPRF-MG;DEL01-MG;UOP03-DEL01-MG
571830;01/01/2024;segunda-feira;08:15:00;PB;101;95;CONDE;Pista Escorregadia;Capotamento;Sem Vítimas;Pleno dia;Crescente;Chuva;Dupla;Reta;Não;1;0;0;0;1;0;0;1;-7,22379403;-34,91488195;SPRF-PB;DEL01-PB;UOP02-DEL01-PB
571831;01/01/2024;segunda-feira;05:40:00;MG;40;219,8;JOAO PINHEIRO;Demais falhas mecânicas ou elétricas;Colisão com objeto;Com Vítimas Feridas;Amanhecer;Decrescente;Nublado;Simples;Reta;Não;5;0;1;4;0;0;5;1;-17,96104772;-45,65928593;SPRF-MG;DEL14-MG;UOP02-DEL14-MG
571832;01/01/2024;segunda-feira;08:40:00;SC;101;186,1;BIGUACU;Velocidade Incompatível;Colisão com objeto;Com Vítimas Feridas;Pleno dia;Crescente;Garoa/Chuvisco;Dupla;Curva;Não;4;0;4;0;0;0;4;1;-27,4341098;-48,62567129;SPRF-SC;DEL01-SC;UOP01-DEL01-SC
571834;01/01/2024;segunda-feira;08:30:00;TO;153;145;ARAGUAINA;Acessar a via sem observar a presença dos outros veículos;Colisão transversal;Com Vítimas Feridas;Pleno dia;Decrescente;Céu Claro;Múltipla;Reta;Sim;2;0;1;0;1;0;1;2;-7,20503614;-48,24035166;SPRF-TO;DEL02-TO;UOP01-DEL02-TO
571835;01/01/2024;segunda-feira;07:15:00;PR;277;63;SAO JOSE DOS PINHAIS;Velocidade Incompatível;Saída de leito carroçável;Sem Vítimas;Pleno dia;Crescente;Céu Claro;Dupla;Reta;Não;2;0;0;0;0;2;0;1;-25,56100984;-49,01719293;SPRF-PR;DEL01-PR;UOP01-DEL01-PR
571836;01/01/2024;segunda-feira;02:15:00;SC;116;66,3;PAPANDUVA;Transitar na contramão;Colisão frontal;Com Vítimas Feridas;Plena Noite;Crescente;Nublado;Simples;"Reta;Declive";Não;2;0;0;1;0;1;1;2;-26,43345701;-50,22890485;SPRF-SC;DEL06-SC;UOP02-DEL06-SC
571837;01/01/2024;segunda-feira;09:05:00;SC;101;190,8;BIGUACU;Velocidade Incompatível;Saída de leito carroçável;Com Vítimas Feridas;Pleno dia;Decrescente;Garoa/Chuvisco;Múltipla;Curva;Não;5;0;4;0;0;1;4;2;-27,468056;-48,641712;SPRF-SC;DEL01-SC;UOP01-DEL01-SC
571839;01/01/2024;segunda-feira;09:15:00;MG;381;521;BRUMADINHO;Velocidade Incompatível;Saída de leito carroçável;Com Vítimas Feridas;Pleno dia;Crescente;Chuva;Dupla;"Declive;Curva";Não;1;0;1;0;0;0;1;1;-20,13846621;-44,31715274;SPRF-MG;DEL04-MG;UOP03-DEL04-MG
571841;01/01/2024;segunda-feira;08:50:00;CE;304;50,7;ARACATI;Chuva;Saída de leito carroçável;Com Vítimas Feridas;Pleno dia;Decrescente;Garoa/Chuvisco;Simples;Reta;Não;1;0;1;0;0;0;1;1;-4,57352926;-37,76245988;SPRF-CE;DEL03-CE;UOP03-DEL03-CE
571842;01/01/2024;segunda-feira;05:20:00;TO;153;789;TALISMA;Reação tardia ou ineficiente do condutor;Saída de leito carroçável;Com Vítimas Feridas;Amanhecer;Decrescente;Céu Claro;Simples;Reta;Não;5;0;1;0;4;0;1;1;-12,71914102;-49,07691189;SPRF-TO;DEL01-TO;UOP02-DEL01-TO
571843;01/01/2024;segunda-feira;07:50:00;MG;381;653,7;SANTO ANTONIO DO AMPARO;Condutor Dormindo;Saída de leito carroçável;Com Vítimas Feridas;Pleno dia;Decrescente;Nublado;Dupla;Reta;Não;2;0;1;0;1;0;1;1;-20,98800417;-44,95317291;SPRF-MG;DEL04-MG;UOP02-DEL04-MG
571844;01/01/2024;segunda-feira;09:30:00;PB;230;17;JOAO PESSOA;Manobra de mudança de faixa;Colisão com objeto;Sem Vítimas;Pleno dia;Decrescente;Garoa/Chuvisco;Dupla;Reta;Sim;1;0;0;0;1;0;0;1;-7,1121;-34,8426;SPRF-PB;DEL01-PB;UOP01-DEL01-PB
571846;01/01/2024;segunda-feira;10:00:00;PB;101;29,2;RIO TINTO;Velocidade Incompatível;Colisão com objeto;Sem Vítimas;Pleno dia;Crescente;Chuva;Dupla;"Declive;Curva";Não;1;0;0;0;1;0;0;1;-6,74032319;-35,13146581;SPRF-PB;DEL01-PB;UOP04-DEL01-PB
571848;01/01/2024;segunda-feira;09:40:00;PE;110;105,7;SERTANIA;Demais falhas mecânicas ou elétricas;Saída de leito carroçável;Sem Vítimas;Plena Noite;Crescente;Ignorado;Simples;Curva;Não;1;0;0;0;0;1;0;1;-8,39951118;-37,35666188;SPRF-PE;DEL04-PE;UOP02-DEL04-PE
571849;01/01/2024;segunda-feira;11:10:00;PR;369;184,3;ARAPONGAS;Condutor deixou de manter distância do veículo da frente;Colisão traseira;Com Vítimas Feridas;Pleno dia;Decrescente;Céu Claro;Simples;Reta;Sim;2;0;1;0;1;0;1;2;-23,40185905;-51,42765641;SPRF-PR;DEL07-PR;UOP03-DEL07-PR
571850;01/01/2024;segunda-feira;09:30:00;SC;280;207;MAFRA;Reação tardia ou ineficiente do condutor;Colisão com objeto;Sem Vítimas;Pleno dia;Crescente;Céu Claro;Simples;Curva;Não;1;0;0;0;1;0;0;1;-26,16432499;-50,14053801;SPRF-SC;DEL06-SC;UOP01-DEL06-SC
571851;01/01/2024;segunda-feira;11:00:00;PE;101;58;RECIFE;Acesso irregular;Colisão transversal;Com Vítimas Feridas;Pleno dia;Crescente;Nublado;Dupla;Reta;Sim;3;0;2;0;1;0;2;2;-7,97063209;-34,92064675;SPRF-PE;DEL01-PE;UOP02-DEL01-PE
571852;01/01/2024;segunda-feira;09:50:00;RJ;101;482;ANGRA DOS REIS;Reação tardia ou ineficiente do condutor;Colisão traseira;Com Vítimas Feridas;Pleno dia;Decrescente;Nublado;Simples;Reta;Sim;3;0;1;0;1;1;1;2;-23,00453;-44,29746;SPRF-RJ;DEL03-RJ;UOP03-DEL03-RJ
571853;01/01/2024;segunda-feira;11:45:00;MG;381;337;NOVA ERA;Ausência de reação do condutor;Colisão frontal;Com Vítimas Feridas;Pleno dia;Decrescente;Chuva;Simples;"Reta;Declive";Não;3;0;0;2;1;0;2;2;-19,82388218;-43,08235792;SPRF-MG;DEL03-MG;UOP01-DEL03-MG
571854;01/01/2024;segunda-feira;11:20:00;PB;101;88;JOAO PESSOA;Animais na Pista;Colisão com objeto;Sem Vítimas;Pleno dia;Crescente;Garoa/Chuvisco;Dupla;Reta;Sim;2;0;0;0;2;0;0;1;-7,16470016;-34,89993643;SPRF-PB;DEL01-PB;UOP01-DEL01-PB
571857;01/01/2024;segunda-feira;10:20:00;AL;316;211;MARIBONDO;Condutor Dormindo;Colisão com objeto;Com Vítimas Fatais;Pleno dia;Decrescente;Nublado;Simples;Reta;Não;2;1;0;1;0;0;1;1;-9,536453;-36,2434;SPRF-AL;DEL01-AL;UOP01-DEL01-AL
571858;01/01/2024;segunda-feira;10:55:00;SC;101;113;ITAJAI;Condutor deixou de manter distância do veículo da frente;Colisão traseira;Com Vítimas Feridas;Pleno dia;Decrescente;Céu Claro;Múltipla;Reta;Não;3;0;1;0;2;0;1;2;-26,85311393;-48,72689927;SPRF-SC;DEL04-SC;UOP04-DEL04-SC
571860;01/01/2024;segunda-feira;12:15:00;SC;101;199,1;SAO JOSE;Velocidade Incompatível;Colisão traseira;Com Vítimas Feridas;Pleno dia;Decrescente;Garoa/Chuvisco;Múltipla;Reta;Sim;2;0;1;0;1;0;1;2;-27,53413705;-48,63003205;SPRF-SC;DEL01-SC;UOP01-DEL01-SC
571861;01/01/2024;segunda-feira;11:44:00;MG;381;315;NOVA ERA;Pista Escorregadia;Colisão frontal;Com Vítimas Feridas;Pleno dia;Crescente;Chuva;Simples;Curva;Não;5;0;3;2;0;0;5;2;-19,69154909;-42,99258988;SPRF-MG;DEL03-MG;UOP02-DEL03-MG
571862;01/01/2024;segunda-feira;12:00:00;MG;40;739;SANTOS DUMONT;Avarias e/ou desgaste excessivo no pneu;Colisão frontal;Com Vítimas Feridas;Pleno dia;Decrescente;Chuva;Simples;Curva;Não;5;0;5;0;0;0;5;2;-21,394039;-43,56680295;SPRF-MG;DEL05-MG;UOP01-DEL05-MG
571863;01/01/2024;segunda-feira;12:15:00;SC;101;199,1;BIGUACU;Ausência de reação do condutor;Colisão traseira;Com Vítimas Feridas;Pleno dia;Decrescente;Garoa/Chuvisco;Múltipla;Reta;Sim;8;0;2;0;6;0;2;2;-27,53413705;-48,63003205;SPRF-SC;DEL01-SC;UOP01-DEL01-SC
571864;01/01/2024;segunda-feira;07:00:00;MT;364;270;JACIARA;Reação tardia ou ineficiente do condutor;Saída de leito carroçável;Sem Vítimas;Pleno dia;Crescente;Garoa/Chuvisco;Dupla;Reta;Sim;1;0;0;0;0;1;0;1;-15,9689785;-54,94463002;SPRF-MT;DEL05-MT;UOP02-DEL05-MT
571865;01/01/2024;segunda-feira;11:00:00;MG;40;299,9;TRES MARIAS;Velocidade Incompatível;Saída de leito carroçável;Com Vítimas Feridas;Pleno dia;Decrescente;Garoa/Chuvisco;Simples;"Aclive;Curva";Não;3;0;3;0;0;0;3;1;-18,35165087;-45,09296721;SPRF-MG;DEL14-MG;UOP02-DEL14-MG
571866;01/01/2024;segunda-feira;12:00:00;MG;40;284,2;TRES MARIAS;Conversão proibida;Colisão transversal;Com Vítimas Feridas;Pleno dia;Decrescente;Nublado;Simples;Reta;Sim;7;0;4;0;3;0;4;2;-18,24992024;-45,18395297;SPRF-MG;DEL14-MG;UOP02-DEL14-MG
571867;01/01/2024;segunda-feira;12:20:00;SP;116;161;JACAREI;Ausência de reação do condutor;Colisão com objeto;Com Vítimas Feridas;Pleno dia;Decrescente;Céu Claro;Múltipla;Reta;Não;2;0;1;1;0;0;2;1;-23,27617003;-45,97592098;SPRF-SP;DEL02-SP;UOP01-DEL02-SP
571868;01/01/2024;segunda-feira;12:40:00;MG;365;92,3;JEQUITAI;Velocidade Incompatível;Saída de leito carroçável;Com Vítimas Feridas;Pleno dia;Crescente;Chuva;Simples;Curva;Não;5;0;3;0;2;0;3;1;-17,206359;-44,441334;SPRF-MG;DEL12-MG;UOP01-DEL12-MG
571869;01/01/2024;segunda-feira;12:40:00;GO;60;245,1;INDIARA;Manobra de mudança de faixa;Saída de leito carroçável;Com Vítimas Feridas;Pleno dia;Decrescente;Céu Claro;Dupla;Curva;Não;1;0;1;0;0;0;1;1;-17,10683612;-49,93095696;SPRF-GO;DEL01-GO;UOP02-DEL01-GO
571870;01/01/2024;segunda-feira;13:10:00;MG;40;741,3;SANTOS DUMONT;Reação tardia ou ineficiente do condutor;Capotamento;Com Vítimas Feridas;Pleno dia;Decrescente;Chuva;Simples;"Curva;Declive";Não;2;0;1;0;1;0;1;1;-21,40505399;-43,56732403;SPRF-MG;DEL05-MG;UOP01-DEL05-MG
571871;01/01/2024;segunda-feira;13:00:00;SP;116;90,6;PINDAMONHANGABA;Pedestre cruzava a pista fora da faixa;Atropelamento de Pedestre;Com Vítimas Fatais;Pleno dia;Crescente;Céu Claro;Dupla;Reta;Não;2;1;0;0;1;0;0;2;-22,94361839;-45,3873088;SPRF-SP;DEL08-SP;UOP01-DEL08-SP
571872;01/01/2024;segunda-feira;11:45:00;AP;210;104;PORTO GRANDE;Acesso irregular;Colisão transversal;Com Vítimas Feridas;Pleno dia;Crescente;Céu Claro;Simples;Reta;Sim;2;0;0;1;1;0;1;2;0,6985633;-51,39692189;SPRF-AP;DEL01-AP;UOP01-DEL01-AP
571873;01/01/2024;segunda-feira;13:20:00;SP;116;273;EMBU DAS ARTES;Velocidade Incompatível;Colisão lateral mesmo sentido;Com Vítimas Feridas;Pleno dia;Crescente;Sol;Dupla;Reta;Não;2;0;1;0;1;0;1;2;-23,62809795;-46,81870306;SPRF-SP;DEL04-SP;UOP01-DEL04-SP
571874;01/01/2024;segunda-feira;12:04:00;MG;381;650;SANTO ANTONIO DO AMPARO;Reação tardia ou ineficiente do condutor;Colisão com objeto;Com Vítimas Feridas;Pleno dia;Crescente;Garoa/Chuvisco;Dupla;Curva;Sim;2;0;1;0;1;0;1;1;-20,9711341;-44,93201068;SPRF-MG;DEL04-MG;UOP02-DEL04-MG
571875;01/01/2024;segunda-feira;09:40:00;SC;282;68;RANCHO QUEIMADO;Reação tardia ou ineficiente do condutor;Saída de leito carroçável;Sem Vítimas;Pleno dia;Crescente;Chuva;Simples;"Curva;Declive";Não;1;0;0;0;1;0;0;1;-27,692406;-49,075939;SPRF-SC;DEL01-SC;UOP03-DEL01-SC
571876;01/01/2024;segunda-feira;12:00:00;MT;163;533;DIAMANTINO;Pista Escorregadia;Saída de leito carroçável;Com Vítimas Feridas;Pleno dia;Decrescente;Chuva;Simples;Curva;Não;1;0;1;0;0;0;1;1;-14,35486956;-56,15112305;SPRF-MT;DEL01-MT;UOP01-DEL01-MT
571877;01/01/2024;segunda-feira;11:15:00;SC;101;144;ITAPEMA;Reação tardia ou ineficiente do condutor;Tombamento;Com Vítimas Feridas;Pleno dia;Decrescente;Sol;Dupla;Reta;Sim;1;0;0;1;0;0;1;1;-27,0732659;-48,59672716;SPRF-SC;DEL04-SC;UOP03-DEL04-SC
571878;01/01/2024;segunda-feira;12:50:00;ES;393;1,4;CACHOEIRO DE ITAPEMIRIM;Ausência de reação do condutor;Saída de leito carroçável;Com Vítimas Feridas;Pleno dia;Crescente;Chuva;Simples;"Reta;Declive";Sim;2;0;1;0;1;0;1;1;-20,83723289;-41,16733095;SPRF-ES;DEL03-ES;UOP02-DEL03-ES
571879;01/01/2024;segunda-feira;12:00:00;SC;101;156;PORTO BELO;Condutor deixou de manter distância do veículo da frente;Colisão traseira;Com Vítimas Feridas;Pleno dia;Crescente;Nublado;Dupla;Reta;Sim;3;0;1;0;2;0;1;3;-27,172272;-48,61170204;SPRF-SC;DEL04-SC;UOP03-DEL04-SC
571880;01/01/2024;segunda-feira;09:30:00;MT;163;1032;PEIXOTO DE AZEVEDO;Ausência de reação do condutor;Saída de leito carroçável;Com Vítimas Feridas;Pleno dia;Decrescente;Céu Claro;Simples;Reta;Não;1;0;1;0;0;0;1;1;-10,3429349;-55,04102846;SPRF-MT;DEL06-MT;UOP03-DEL06-MT
571882;01/01/2024;segunda-feira;12:50:00;MG;381;453,8;SABARA;Ausência de reação do condutor;Colisão traseira;Com Vítimas Feridas;Pleno dia;Crescente;Nublado;Simples;Reta;Sim;4;0;1;0;2;1;1;3;-19,84161029;-43,86768401;SPRF-MG;DEL01-MG;UOP01-DEL01-MG
571883;01/01/2024;segunda-feira;14:05:00;RS;101;87;OSORIO;Reação tardia ou ineficiente do condutor;Colisão traseira;Sem Vítimas;Pleno dia;Crescente;Céu Claro;Dupla;Viaduto;Sim;2;0;0;0;2;0;0;2;-29,88149021;-50,26433789;SPRF-RS;DEL03-RS;UOP01-DEL03-RS
571884;01/01/2024;segunda-feira;13:29:00;PB;230;38;SANTA RITA;Ingestão de álcool pelo condutor;Colisão lateral mesmo sentido;Com Vítimas Feridas;Pleno dia;Crescente;Nublado;Dupla;Reta;Sim;3;0;1;0;2;0;1;2;-7,1341;-34,962;SPRF-PB;DEL01-PB;UOP03-DEL01-PB
571885;01/01/2024;segunda-feira;13:40:00;SP;101;36;UBATUBA;Ultrapassagem Indevida;Colisão transversal;Com Vítimas Feridas;Pleno dia;Crescente;Céu Claro;Simples;Interseção de Vias;Não;2;0;0;1;1;0;1;2;-23,3955445;-45,01482189;SPRF-SP;DEL06-SP;UOP01-DEL06-SP
571886;01/01/2024;segunda-feira;14:44:00;RN;101;137,5;SAO JOSE DE MIPIBU;Acumulo de água sobre o pavimento;Colisão lateral mesmo sentido;Com Vítimas Feridas;Pleno dia;Decrescente;Chuva;Dupla;Declive;Não;3;0;1;0;2;0;1;2;-6,18022401;-35,21699006;SPRF-RN;DEL01-RN;UOP01-DEL01-RN
571887;01/01/2024;segunda-feira;14:50:00;RN;406;157;CEARA-MIRIM;Demais falhas mecânicas ou elétricas;Queda de ocupante de veículo;Com Vítimas Feridas;Pleno dia;Crescente;Chuva;Simples;Reta;Não;2;0;2;0;0;0;2;1;-5,69226503;-35,38879603;SPRF-RN;DEL02-RN;UOP01-DEL02-RN
571888;01/01/2024;segunda-feira;10:00:00;SC;282;48;AGUAS MORNAS;Acumulo de água sobre o pavimento;Colisão com objeto;Com Vítimas Feridas;Pleno dia;Crescente;Chuva;Simples;Curva;Não;1;0;1;0;0;0;1;1;-27,714352;-48,938072;SPRF-SC;DEL01-SC;UOP03-DEL01-SC
571889;01/01/2024;segunda-feira;13:00:00;ES;262;34;DOMINGOS MARTINS;Velocidade Incompatível;Saída de leito carroçável;Com Vítimas Feridas;Pleno dia;Decrescente;Chuva;Simples;"Aclive;Curva";Não;3;0;3;0;0;0;3;1;-20,37320447;-40,59305646;SPRF-ES;DEL01-ES;UOP01-DEL01-ES
571890;01/01/2024;segunda-feira;14:10:00;MG;381;748,4;TRES CORACOES;Velocidade Incompatível;Colisão traseira;Com Vítimas Feridas;Pleno dia;Crescente;Nublado;Dupla;Curva;Não;3;0;1;0;2;0;1;2;-21,626232;-45,26902;SPRF-MG;DEL16-MG;UOP02-DEL16-MG
571891;01/01/2024;segunda-feira;14:15:00;ES;262;34;DOMINGOS MARTINS;Chuva;Saída de leito carroçável;Com Vítimas Feridas;Pleno dia;Decrescente;Chuva;Simples;Curva;Não;2;0;1;0;1;0;1;1;-20,37309781;-40,5917608;SPRF-ES;DEL01-ES;UOP01-DEL01-ES
571892;01/01/2024;segunda-feira;15:00:00;MG;262;378;JUATUBA;Velocidade Incompatível;Saída de leito carroçável;Com Vítimas Feridas;Pleno dia;Decrescente;Chuva;Dupla;"Declive;Curva";Não;3;0;0;1;2;0;1;1;-19,95652262;-44,3648278;SPRF-MG;DEL01-MG;UOP03-DEL01-MG
571894;01/01/2024;segunda-feira;12:30:00;GO;153;642;MORRINHOS;Acumulo de água sobre o pavimento;Saída de leito carroçável;Com Vítimas Feridas;Pleno dia;Decrescente;Chuva;Dupla;Reta;Não;4;0;4;0;0;0;4;1;-17,8972;-49,2348;SPRF-GO;DEL03-GO;UOP01-DEL03-GO
571897;01/01/2024;segunda-feira;07:20:00;MG;381;188,6;GOVERNADOR VALADARES;Velocidade Incompatível;Colisão frontal;Com Vítimas Feridas;Pleno dia;Decrescente;Garoa/Chuvisco;Simples;Curva;Não;5;0;4;0;1;0;4;2;-19,0669447;-42,16578484;SPRF-MG;DEL06-MG;UOP01-DEL06-MG
571899;01/01/2024;segunda-feira;14:10:00;TO;153;355;FORTALEZA DO TABOCAO;Acumulo de água sobre o pavimento;Colisão frontal;Com Vítimas Fatais;Pleno dia;Crescente;Chuva;Simples;Curva;Não;6;1;2;3;0;0;5;2;-9,02301795;-48,50307549;SPRF-TO;DEL02-TO;UOP02-DEL02-TO
571900;01/01/2024;segunda-feira;11:20:00;SC;101;151;ITAPEMA;Reação tardia ou ineficiente do condutor;Colisão traseira;Sem Vítimas;Pleno dia;Crescente;Garoa/Chuvisco;Dupla;Reta;Sim;3;0;0;0;3;0;0;3;-27,126536;-48,609642;SPRF-SC;DEL04-SC;UOP03-DEL04-SC
571901;01/01/2024;segunda-feira;13:40:00;MG;381;568,7;ITAGUARA;Velocidade Incompatível;Saída de leito carroçável;Com Vítimas Feridas;Pleno dia;Crescente;Chuva;Dupla;Curva;Não;3;0;1;0;2;0;1;1;-20,42649228;-44,54458383;SPRF-MG;DEL04-MG;UOP03-DEL04-MG
571902;01/01/2024;segunda-feira;15:20:00;MG;262;359;BETIM;Chuva;Saída de leito carroçável;Com Vítimas Feridas;Pleno dia;Decrescente;Chuva;Dupla;Reta;Não;3;0;2;1;0;0;3;1;-19,98332234;-44,20214426;SPRF-MG;DEL01-MG;UOP03-DEL01-MG
571903;01/01/2024;segunda-feira;13:30:00;MG;381;559,4;ITAGUARA;Velocidade Incompatível;Colisão com objeto;Com Vítimas Feridas;Pleno dia;Decrescente;Chuva;Dupla;"Aclive;Curva";Não;2;0;1;0;1;0;1;1;-20,38230203;-44,48068397;SPRF-MG;DEL04-MG;UOP03-DEL04-MG
571904;01/01/2024;segunda-feira;14:20:00;MG;381;431,5;SABARA;Pista Escorregadia;Saída de leito carroçável;Com Vítimas Feridas;Pleno dia;Crescente;Chuva;Simples;"Curva;Declive";Não;5;0;5;0;0;0;5;1;-19,80043184;-43,75031407;SPRF-MG;DEL01-MG;UOP01-DEL01-MG
571906;01/01/2024;segunda-feira;15:00:00;PB;230;7,7;CABEDELO;Conversão proibida;Colisão transversal;Com Vítimas Feridas;Pleno dia;Decrescente;Chuva;Múltipla;"Reta;Interseção de Vias";Sim;3;0;2;0;0;1;2;2;-7,026;-34,8385;SPRF-PB;DEL01-PB;UOP01-DEL01-PB
571907;01/01/2024;segunda-feira;10:50:00;MG;381;628;OLIVEIRA;Chuva;Capotamento;Com Vítimas Feridas;Pleno dia;Crescente;Chuva;Dupla;Curva;Não;3;0;2;0;1;0;2;1;-20,83304688;-44,8250553;SPRF-MG;DEL04-MG;UOP01-DEL04-MG
571909;01/01/2024;segunda-feira;13:30:00;SC;101;57,8;ARAQUARI;Ausência de reação do condutor;Saída de leito carroçável;Com Vítimas Feridas;Pleno dia;Crescente;Nublado;Dupla;Curva;Não;5;0;2;0;3;0;2;1;-26,43646093;-48,81113029;SPRF-SC;DEL03-SC;UOP01-DEL03-SC
571911;01/01/2024;segunda-feira;15:50:00;RJ;116;147;DUQUE DE CAXIAS;Ausência de reação do condutor;Colisão traseira;Com Vítimas Feridas;Pleno dia;Crescente;Céu Claro;Dupla;Reta;Não;4;0;2;0;1;1;2;3;-22,66978425;-43,27286493;SPRF-RJ;DEL01-RJ;UOP02-DEL01-RJ
571912;01/01/2024;segunda-feira;15:55:00;ES;101;219;IBIRACU;Acumulo de água sobre o pavimento;Saída de leito carroçável;Com Vítimas Feridas;Pleno dia;Crescente;Chuva;Dupla;Curva;Não;1;0;0;1;0;0;1;1;-19,86460092;-40,38336629;SPRF-ES;DEL02-ES;UOP01-DEL02-ES
571913;01/01/2024;segunda-feira;15:20:00;MG;381;652;SANTO ANTONIO DO AMPARO;Reação tardia ou ineficiente do condutor;Saída de leito carroçável;Com Vítimas Feridas;Pleno dia;Decrescente;Chuva;Dupla;Curva;Não;1;0;1;0;0;0;1;1;-20,98384831;-44,94479972;SPRF-MG;DEL04-MG;UOP02-DEL04-MG
571914;01/01/2024;segunda-feira;16:30:00;ES;101;360,9;ANCHIETA;Chuva;Saída de leito carroçável;Com Vítimas Feridas;Pleno dia;Decrescente;Chuva;Simples;"Aclive;Curva";Não;2;0;2;0;0;0;2;1;-20,71074392;-40,72242606;SPRF-ES;DEL03-ES;UOP01-DEL03-ES
571918;01/01/2024;segunda-feira;15:30:00;PR;376;669;GUARATUBA;Manobra de mudança de faixa;Colisão lateral mesmo sentido;Com Vítimas Feridas;Pleno dia;Decrescente;Céu Claro;Dupla;"Ponte;Aclive;Curva";Não;6;0;2;0;4;0;2;3;-25,86958174;-48,93464712;SPRF-PR;DEL01-PR;UOP04-DEL01-PR
571919;01/01/2024;segunda-feira;15:50:00;RS;392;342;SANTA MARIA;Condutor deixou de manter distância do veículo da frente;Colisão traseira;Com Vítimas Feridas;Pleno dia;Crescente;Céu Claro;Simples;Reta;Não;8;0;3;0;5;0;3;2;-29,804948;-53,776067;SPRF-RS;DEL09-RS;UOP01-DEL09-RS
571920;01/01/2024;segunda-feira;16:30:00;RN;406;88,3;JOAO CAMARA;Condutor Dormindo;Capotamento;Com Vítimas Feridas;Pleno dia;Decrescente;Nublado;Simples;Reta;Não;5;0;1;3;1;0;4;1;-5,46925663;-35,92600272;SPRF-RN;DEL02-RN;UOP01-DEL02-RN
571921;01/01/2024;segunda-feira;15:45:00;SC;101;342,9;TUBARAO;Demais falhas mecânicas ou elétricas;Tombamento;Com Vítimas Feridas;Pleno dia;Decrescente;Sol;Dupla;Curva;Sim;2;0;2;0;0;0;2;1;-28,53829721;-49,05285226;SPRF-SC;DEL02-SC;UOP01-DEL02-SC
571923;01/01/2024;segunda-feira;16:40:00;PR;277;620;CEU AZUL;Condutor deixou de manter distância do veículo da frente;Colisão traseira;Sem Vítimas;Pleno dia;Crescente;Céu Claro;Simples;Reta;Não;3;0;0;0;3;0;0;2;-25,08307845;-53,71064083;SPRF-PR;DEL05-PR;UOP02-DEL05-PR
571924;01/01/2024;segunda-feira;15:45:00;SC;282;215;LAGES;Desrespeitar a preferência no cruzamento;Colisão transversal;Com Vítimas Feridas;Pleno dia;Crescente;Céu Claro;Simples;Rotatória;Sim;2;0;1;0;1;0;1;2;-27,793665;-50,281799;SPRF-SC;DEL05-SC;UOP01-DEL05-SC
571926;01/01/2024;segunda-feira;15:30:00;GO;153;636;MORRINHOS;Condutor Dormindo;Saída de leito carroçável;Com Vítimas Feridas;Pleno dia;Crescente;Nublado;Dupla;Retorno Regulamentado;Sim;1;0;1;0;0;0;1;1;-17,8453;-49,2191;SPRF-GO;DEL03-GO;UOP01-DEL03-GO
571927;01/01/2024;segunda-feira;16:40:00;GO;153;506;APARECIDA DE GOIANIA;Ingestão de álcool pelo condutor;Colisão com objeto;Com Vítimas Feridas;Pleno dia;Crescente;Céu Claro;Dupla;Reta;Não;1;0;1;0;0;0;1;1;-16,7633;-49,24;SPRF-GO;DEL01-GO;UOP01-DEL01-GO
571928;01/01/2024;segunda-feira;15:10:00;RS;285;74;BOM JESUS;Ausência de reação do condutor;Saída de leito carroçável;Com Vítimas Feridas;Pleno dia;Crescente;Ignorado;Simples;Curva;Não;2;0;1;1;0;0;2;1;-28,635736;-50,54628;SPRF-RS;DEL05-RS;UOP03-DEL05-RS
571930;01/01/2024;segunda-feira;15:30:00;BA;324;516;FEIRA DE SANTANA;Condutor deixou de manter distância do veículo da frente;Colisão traseira;Com Vítimas Feridas;Pleno dia;Crescente;Sol;Simples;Reta;Sim;2;0;1;0;1;0;1;2;-12,250494;-38,933343;SPRF-BA;DEL02-BA;UOP01-DEL02-BA