id;data_inversa;dia_semana;horario;uf;br;km;municipio;causa_acidente;tipo_acidente;classificacao_acidente;fase_dia;sentido_via;condicao_metereologica;tipo_pista;tracado_via;uso_solo;pessoas;mortos;feridos_leves;feridos_graves;ilesos;ignorados;feridos;veiculos;latitude;longitude;regional;delegacia;uop
572248;02/01/2024;terça-feira;20:26:00;PE;232;9;JABOATAO DOS GUARARAPES;Desrespeitar a preferência no cruzamento;Colisão transversal;Com Vítimas Feridas;Plena Noite;Crescente;Céu Claro;Dupla;Reta;Sim;2;0;0;2;0;0;2;2;-8,07764447;-34,97863609;SPRF-PE;DEL01-PE;UOP01-DEL01-PE
572249;02/01/2024;terça-feira;21:00:00;SC;470;65,1;INDAIAL;Acessar a via sem observar a presença dos outros veículos;Colisão traseira;Com Vítimas Feridas;Plena Noite;Crescente;Garoa/Chuvisco;Simples;"Declive;Reta;Em Obras";Sim;2;0;0;1;1;0;1;2;-26,87035342;-49,21186209;SPRF-SC;DEL04-SC;UOP01-DEL04-SC
572250;02/01/2024;terça-feira;18:02:00;PI;343;548;FRANCISCO AYRES;Reação tardia ou ineficiente do condutor;Saída de leito carroçável;Com Vítimas Feridas;Anoitecer;Decrescente;Nublado;Simples;Reta;Não;3;0;3;0;0;0;3;1;-6,596315;-42,807438;SPRF-PI;DEL03-PI;UOP01-DEL03-PI
572252;02/01/2024;terça-feira;22:00:00;RS;116;249;SAO LEOPOLDO;Velocidade Incompatível;Tombamento;Com Vítimas Feridas;Plena Noite;Decrescente;Nublado;Múltipla;"Reta;Viaduto";Sim;1;0;1;0;0;0;1;1;-29,7831804;-51,16099063;SPRF-RS;DEL01-RS;UOP02-DEL01-RS
572254;02/01/2024;terça-feira;16:45:00;PI;135;556;SAO GONCALO DO GURGUEIA;Ausência de reação do condutor;Colisão com objeto;Com Vítimas Feridas;Pleno dia;Crescente;Chuva;Simples;"Declive;Curva";Não;3;0;3;0;0;0;3;1;-10,14113986;-45,20179291;SPRF-PI;DEL03-PI;UOP02-DEL03-PI
572255;02/01/2024;terça-feira;21:00:00;GO;70;34;COCALZINHO DE GOIAS;Demais falhas mecânicas ou elétricas;Incêndio;Sem Vítimas;Plena Noite;Decrescente;Chuva;Simples;Reta;Não;1;0;0;0;0;1;0;1;-15,78552378;-48,48180875;SPRF-DF;DEL03-DF;UOP02-DEL03-DF
572256;02/01/2024;terça-feira;21:30:00;SC;101;210,7;SAO JOSE;Ultrapassagem Indevida;Colisão com objeto;Sem Vítimas;Plena Noite;Crescente;Chuva;Dupla;Reta;Sim;7;0;0;0;2;5;0;5;-27,62329313;-48,65245588;SPRF-SC;DEL01-SC;UOP01-DEL01-SC
572257;02/01/2024;terça-feira;19:52:00;GO;50;226;CAMPO ALEGRE DE GOIAS;Ausência de reação do condutor;Saída de leito carroçável;Sem Vítimas;Plena Noite;Decrescente;Nublado;Dupla;Reta;Não;3;0;0;0;3;0;0;1;-17,7713;-47,7494;SPRF-GO;DEL06-GO;UOP01-DEL06-GO
572258;02/01/2024;terça-feira;22:50:00;CE;116;16,8;EUSEBIO;Condutor deixou de manter distância do veículo da frente;Colisão traseira;Sem Vítimas;Plena Noite;Crescente;Céu Claro;Dupla;Declive;Sim;2;0;0;0;2;0;0;2;-3,88732794;-38,50185439;SPRF-CE;DEL01-CE;UOP02-DEL01-CE
572261;02/01/2024;terça-feira;22:15:00;RN;101;83,7;NATAL;Entrada inopinada do pedestre;Atropelamento de Pedestre;Com Vítimas Feridas;Plena Noite;Crescente;Chuva;Múltipla;Reta;Sim;2;0;1;1;0;0;2;2;-5,7710445;-35,26616981;SPRF-RN;DEL02-RN;UOP01-DEL02-RN
572263;02/01/2024;terça-feira;16:15:00;PI;135;556;SAO GONCALO DO GURGUEIA;Pista Escorregadia;Colisão com objeto;Com Vítimas Feridas;Pleno dia;Crescente;Chuva;Simples;"Declive;Curva";Não;3;0;2;0;1;0;2;1;-10,14113986;-45,20179291;SPRF-PI;DEL03-PI;UOP02-DEL03-PI
572264;02/01/2024;terça-feira;14:00:00;PI;135;556;SAO GONCALO DO GURGUEIA;Pista Escorregadia;Saída de leito carroçável;Com Vítimas Feridas;Pleno dia;Crescente;Chuva;Simples;"Declive;Curva";Não;2;0;1;0;1;0;1;1;-10,14113986;-45,20179291;SPRF-PI;DEL03-PI;UOP02-DEL03-PI
572267;02/01/2024;terça-feira;22:35:00;SP;116;65;GUARATINGUETA;Ausência de reação do condutor;Saída de leito carroçável;Com Vítimas Feridas;Plena Noite;Crescente;Chuva;Dupla;Curva;Sim;1;0;1;0;0;0;1;1;-22,823273;-45,192806;SPRF-SP;DEL08-SP;UOP01-DEL08-SP
572268;02/01/2024;terça-feira;22:42:00;PR;153;41,6;SANTO ANTONIO DA PLATINA;Transitar na contramão;Colisão frontal;Com Vítimas Feridas;Plena Noite;Crescente;Céu Claro;Simples;"Rotatória;Reta;Interseção de Vias";Sim;2;0;2;0;0;0;2;2;-23,29400513;-50,06425202;SPRF-PR;DEL07-PR;UOP04-DEL07-PR
572269;02/01/2024;terça-feira;23:30:00;SP;116;215;GUARULHOS;Ingestão de álcool pelo condutor;Colisão com objeto;Sem Vítimas;Plena Noite;Decrescente;Céu Claro;Múltipla;Reta;Sim;1;0;0;0;1;0;0;1;-23,44695693;-46,45394103;SPRF-SP;DEL01-SP;UOP01-DEL01-SP
572272;02/01/2024;terça-feira;23:00:00;GO;20;130;FLORES DE GOIAS;Chuva;Saída de leito carroçável;Sem Vítimas;Plena Noite;Crescente;Chuva;Simples;Reta;Não;3;0;0;0;3;0;0;1;-14,84403;-46,738926;SPRF-DF;DEL02-DF;UOP03-DEL02-DF
572273;02/01/2024;terça-feira;23:30:00;SC;282;6;SAO JOSE;Acumulo de água sobre o pavimento;Queda de ocupante de veículo;Com Vítimas Feridas;Plena Noite;Crescente;Chuva;Dupla;Curva;Não;2;0;2;0;0;0;2;1;-27,591936;-48,618244;SPRF-SC;DEL01-SC;UOP01-DEL01-SC
572274;02/01/2024;terça-feira;23:55:00;SC;101;307,9;LAGUNA;Acessar a via sem observar a presença dos outros veículos;Colisão transversal;Com Vítimas Feridas;Plena Noite;Crescente;Céu Claro;Simples;"Interseção de Vias;Reta";Sim;2;0;0;1;1;0;1;2;-28,399616;-48,7854;SPRF-SC;DEL02-SC;UOP01-DEL02-SC
572275;03/01/2024;quarta-feira;01:00:00;RS;290;44,5;GLORINHA;Condutor Dormindo;Colisão lateral mesmo sentido;Com Vítimas Feridas;Plena Noite;Crescente;Céu Claro;Dupla;Reta;Não;5;0;2;0;3;0;2;3;-29,890198;-50,709991;SPRF-RS;DEL03-RS;UOP01-DEL03-RS
572276;02/01/2024;terça-feira;22:30:00;SC;101;16;GARUVA;Avarias e/ou desgaste excessivo no pneu;Saída de leito carroçável;Com Vítimas Feridas;Plena Noite;Decrescente;Nublado;Dupla;"Aclive;Reta";Não;2;0;2;0;0;0;2;1;-26,11427473;-48,87647034;SPRF-SC;DEL03-SC;UOP01-DEL03-SC
572278;03/01/2024;quarta-feira;01:40:00;MG;40;561,8;NOVA LIMA;Condutor Dormindo;Saída de leito carroçável;Com Vítimas Feridas;Plena Noite;Decrescente;Nublado;Dupla;Reta;Não;3;0;2;0;1;0;2;1;-20,13588082;-43,96237943;SPRF-MG;DEL01-MG;UOP02-DEL01-MG
572279;02/01/2024;terça-feira;14:00:00;PR;376;546,6;BALSA NOVA;Reação tardia ou ineficiente do condutor;Saída de leito carroçável;Com Vítimas Feridas;Pleno dia;Crescente;Céu Claro;Dupla;Curva;Não;1;0;1;0;0;0;1;1;-25,43761654;-49,75068569;SPRF-PR;DEL03-PR;UOP03-DEL03-PR
572280;02/01/2024;terça-feira;23:30:00;PI;316;5;TERESINA;Ausência de reação do condutor;Colisão traseira;Com Vítimas Fatais;Plena Noite;Crescente;Chuva;Simples;"Reta;Interseção de Vias";Sim;2;1;1;0;0;0;1;2;-5,1418527;-42,78200626;SPRF-PI;DEL01-PI;UOP02-DEL01-PI
572281;03/01/2024;quarta-feira;02:25:00;SC;101;189;BIGUACU;Pista Escorregadia;Colisão lateral mesmo sentido;Com Vítimas Feridas;Plena Noite;Crescente;Chuva;Dupla;Curva;Não;7;0;1;0;6;0;1;3;-27,459393;-48,638914;SPRF-SC;DEL01-SC;UOP01-DEL01-SC
572282;03/01/2024;quarta-feira;02:40:00;RJ;116;232;PIRAI;Acumulo de água sobre o pavimento;Saída de leito carroçável;Com Vítimas Feridas;Plena Noite;Crescente;Garoa/Chuvisco;Dupla;Curva;Não;2;0;1;0;1;0;1;1;-22,65604007;-43,83713888;SPRF-RJ;DEL07-RJ;UOP01-DEL07-RJ
572283;03/01/2024;quarta-feira;03:30:00;MG;40;611,2;CONGONHAS;Reação tardia ou ineficiente do condutor;Colisão com objeto;Com Vítimas Feridas;Plena Noite;Decrescente;Nublado;Simples;"Retorno Regulamentado;Curva";Sim;3;0;3;0;0;0;3;1;-20,51549567;-43,83886803;SPRF-MG;DEL05-MG;UOP02-DEL05-MG
572286;03/01/2024;quarta-feira;04:12:00;RJ;116;171;RIO DE JANEIRO;Iluminação deficiente;Atropelamento de Pedestre;Com Vítimas Fatais;Plena Noite;Decrescente;Céu Claro;Dupla;Reta;Sim;4;1;0;0;3;0;0;4;-22,8060415;-43,34289573;SPRF-RJ;DEL06-RJ;UOP01-DEL06-RJ
572288;03/01/2024;quarta-feira;05:35:00;BA;110;4;PAULO AFONSO;Acessar a via sem observar a presença dos outros veículos;Colisão frontal;Com Vítimas Feridas;Amanhecer;Decrescente;Céu Claro;Simples;"Interseção de Vias;Reta";Não;2;0;0;1;0;1;1;2;-9,48807313;-38,21260176;SPRF-BA;DEL07-BA;UOP01-DEL07-BA
572290;03/01/2024;quarta-feira;05:40:00;GO;153;443;ANAPOLIS;Reação tardia ou ineficiente do condutor;Colisão traseira;Com Vítimas Feridas;Amanhecer;Crescente;Céu Claro;Dupla;Viaduto;Sim;2;0;1;0;1;0;1;2;-16,334681;-48,922447;SPRF-GO;DEL02-GO;UOP01-DEL02-GO
572292;03/01/2024;quarta-feira;05:30:00;MG;381;454;BELO HORIZONTE;Condutor Dormindo;Colisão frontal;Com Vítimas Feridas;Pleno dia;Decrescente;Nublado;Simples;Reta;Sim;2;0;0;1;1;0;1;2;-19,841331;-43,871225;SPRF-MG;DEL01-MG;UOP01-DEL01-MG
572296;03/01/2024;quarta-feira;04:55:00;MG;381;590,9;CARMOPOLIS DE MINAS;Ausência de reação do condutor;Colisão traseira;Com Vítimas Feridas;Amanhecer;Decrescente;Chuva;Dupla;Curva;Não;5;0;4;0;1;0;4;2;-20,547;-44,65797;SPRF-MG;DEL04-MG;UOP01-DEL04-MG
572297;03/01/2024;quarta-feira;06:37:00;SP;153;64,5;SAO JOSE DO RIO PRETO;Reação tardia ou ineficiente do condutor;Colisão traseira;Com Vítimas Feridas;Pleno dia;Crescente;Nublado;Dupla;"Aclive;Reta";Sim;3;0;1;0;2;0;1;2;-20,833297;-49,363817;SPRF-SP;DEL09-SP;UOP01-DEL09-SP
572299;03/01/2024;quarta-feira;06:10:00;SC;280;33;ARAQUARI;Desrespeitar a preferência no cruzamento;Colisão transversal;Com Vítimas Feridas;Pleno dia;Crescente;Garoa/Chuvisco;Simples;Reta;Não;3;0;3;0;0;0;3;2;-26,42576441;-48,78741376;SPRF-SC;DEL03-SC;UOP03-DEL03-SC
572300;02/01/2024;terça-feira;21:00:00;PR;376;643;TIJUCAS DO SUL;Condutor deixou de manter distância do veículo da frente;Engavetamento;Sem Vítimas;Plena Noite;Decrescente;Céu Claro;Dupla;"Reta;Declive";Não;5;0;0;0;5;0;0;3;-25,805819;-49,13522705;SPRF-PR;DEL01-PR;UOP04-DEL01-PR
572301;03/01/2024;quarta-feira;00:30:00;PE;232;79;GRAVATA;Animais na Pista;Atropelamento de Animal;Com Vítimas Feridas;Plena Noite;Decrescente;Céu Claro;Dupla;Reta;Sim;1;0;1;0;0;0;1;1;-8,19460572;-35,56074803;SPRF-PE;DEL02-PE;UOP02-DEL02PE
572303;02/01/2024;terça-feira;16:15:00;BA;110;359;CATU;Conversão proibida;Colisão lateral mesmo sentido;Com Vítimas Feridas;Pleno dia;Crescente;Céu Claro;Simples;Reta;Sim;5;0;2;0;3;0;2;2;-12,35866502;-38,39208618;SPRF-BA;DEL01-BA;UOP04-DEL01-BA
572304;03/01/2024;quarta-feira;07:00:00;MG;381;717,4;CARMO DA CACHOEIRA;Velocidade Incompatível;Colisão com objeto;Com Vítimas Feridas;Pleno dia;Decrescente;Nublado;Dupla;"Curva;Declive";Não;2;0;0;1;1;0;1;1;-21,43704005;-45,20756491;SPRF-MG;DEL04-MG;UOP02-DEL04-MG
572306;03/01/2024;quarta-feira;07:15:00;SP;116;60,5;GUARATINGUETA;Avarias e/ou desgaste excessivo no pneu;Tombamento;Com Vítimas Feridas;Pleno dia;Crescente;Céu Claro;Dupla;Interseção de Vias;Sim;1;0;1;0;0;0;1;1;-22,79106843;-45,16105167;SPRF-SP;DEL08-SP;UOP01-DEL08-SP
572307;02/01/2024;terça-feira;19:00:00;RJ;116;230;PIRAI;Ausência de reação do condutor;Colisão com objeto;Com Vítimas Feridas;Plena Noite;Decrescente;Céu Claro;Simples;Curva;Não;1;0;1;0;0;0;1;1;-22,65208783;-43,82143902;SPRF-RJ;DEL07-RJ;UOP01-DEL07-RJ
572308;03/01/2024;quarta-feira;07:10:00;MG;381;531,1;BRUMADINHO;Chuva;Saída de leito carroçável;Com Vítimas Feridas;Pleno dia;Crescente;Chuva;Dupla;Curva;Não;1;0;1;0;0;0;1;1;-20,18182886;-44,37895835;SPRF-MG;DEL04-MG;UOP03-DEL04-MG
572313;03/01/2024;quarta-feira;07:30:00;PR;369;138,7;IBIPORA;Desrespeitar a preferência no cruzamento;Saída de leito carroçável;Com Vítimas Feridas;Pleno dia;Crescente;Sol;Dupla;"Retorno Regulamentado;Interseção de Vias";Sim;3;0;2;0;1;0;2;3;-23,273563;-51,056163;SPRF-PR;DEL07-PR;UOP01-DEL07-PR
572315;03/01/2024;quarta-feira;07:30:00;SC;101;144;ITAPEMA;Trafegar com motocicleta (ou similar) entre as faixas;Colisão lateral mesmo sentido;Com Vítimas Feridas;Pleno dia;Decrescente;Chuva;Dupla;Reta;Não;2;0;1;0;1;0;1;2;-27,0732659;-48,59672716;SPRF-SC;DEL04-SC;UOP03-DEL04-SC
572316;03/01/2024;quarta-feira;08:00:00;GO;153;497;GOIANIA;Condutor deixou de manter distância do veículo da frente;Colisão traseira;Com Vítimas Feridas;Pleno dia;Crescente;Nublado;Dupla;Reta;Sim;2;0;1;0;1;0;1;2;-16,6854;-49,2338;SPRF-GO;DEL01-GO;UOP01-DEL01-GO
572318;03/01/2024;quarta-feira;05:26:00;TO;153;383;RIO DOS BOIS;Restrição de visibilidade em curvas verticais;Colisão frontal;Com Vítimas Feridas;Amanhecer;Crescente;Nevoeiro/Neblina;Simples;"Aclive;Reta";Não;7;0;1;5;1;0;6;2;-9,26983115;-48,54848155;SPRF-TO;DEL02-TO;UOP02-DEL02-TO
572319;03/01/2024;quarta-feira;06:50:00;RS;285;175,7;MUITOS CAPOES;Ausência de reação do condutor;Colisão frontal;Com Vítimas Fatais;Pleno dia;Decrescente;Céu Claro;Simples;"Aclive;Curva";Não;8;1;5;2;0;0;7;2;-28,312099;-51,360966;SPRF-RS;DEL08-RS;UOP05-DEL08-RS
572321;03/01/2024;quarta-feira;06:50:00;RJ;393;248;VASSOURAS;Condutor Dormindo;Saída de leito carroçável;Sem Vítimas;Pleno dia;Crescente;Céu Claro;Simples;Curva;Não;1;0;0;0;1;0;0;1;-22,43017988;-43,74389791;SPRF-RJ;DEL05-RJ;UOP04-DEL05-RJ
572322;03/01/2024;quarta-feira;08:45:00;RS;386;350,1;ESTRELA;Demais falhas mecânicas ou elétricas;Tombamento;Com Vítimas Feridas;Pleno dia;Crescente;Nublado;Dupla;"Ponte;Reta";Não;1;0;0;1;0;0;1;1;-29,4743;-51,952923;SPRF-RS;DEL04-RS;UOP01-DEL04-RS
572323;03/01/2024;quarta-feira;01:30:00;BA;101;588;CAMACAN;Reação tardia ou ineficiente do condutor;Colisão frontal;Com Vítimas Fatais;Plena Noite;Crescente;Nublado;Simples;Reta;Não;5;1;0;3;1;0;3;2;-15,57185184;-39,40626224;SPRF-BA;DEL05-BA;UOP02-DEL05-BA
572324;03/01/2024;quarta-feira;08:00:00;MG;381;728,2;CARMO DA CACHOEIRA;Velocidade Incompatível;Saída de leito carroçável;Com Vítimas Feridas;Pleno dia;Crescente;Chuva;Dupla;Curva;Não;3;0;2;0;1;0;2;1;-21,52361199;-45,22481701;SPRF-MG;DEL04-MG;UOP02-DEL04-MG
572326;03/01/2024;quarta-feira;09:10:00;PR;277;65;SAO JOSE DOS PINHAIS;Condutor deixou de manter distância do veículo da frente;Colisão traseira;Com Vítimas Feridas;Pleno dia;Decrescente;Céu Claro;Dupla;Reta;Não;5;0;3;0;2;0;3;3;-25,533472;-49,079131;SPRF-PR;DEL01-PR;UOP01-DEL01-PR
572327;03/01/2024;quarta-feira;09:00:00;PE;101;77;RECIFE;Pedestre cruzava a pista fora da faixa;Atropelamento de Pedestre;Com Vítimas Feridas;Pleno dia;Crescente;Céu Claro;Dupla;Reta;Não;2;0;1;0;0;1;1;2;-8,126982;-34,94386;SPRF-PE;DEL01-PE;UOP01-DEL01-PE
572331;03/01/2024;quarta-feira;10:00:00;PI;343;3;TERESINA;Condutor deixou de manter distância do veículo da frente;Colisão traseira;Com Vítimas Feridas;Pleno dia;Crescente;Nublado;Dupla;Reta;Sim;4;0;4;0;0;0;4;2;-5,08124075;-42,77798295;SPRF-PI;DEL01-PI;UOP01-DEL01-PI
572332;03/01/2024;quarta-feira;07:00:00;MG;365;300;JOAO PINHEIRO;Chuva;Saída de leito carroçável;Com Vítimas Feridas;Pleno dia;Crescente;Chuva;Simples;Reta;Não;1;0;1;0;0;0;1;1;-18,13586013;-45,74174881;SPRF-MG;DEL10-MG;UOP02-DEL010-MG
572333;03/01/2024;quarta-feira;10:00:00;PR;376;402,5;IMBAU;Condutor deixou de manter distância do veículo da frente;Queda de ocupante de veículo;Com Vítimas Feridas;Pleno dia;Crescente;Céu Claro;Dupla;"Declive;Reta";Não;2;0;2;0;0;0;2;1;-24,56891746;-50,68700194;SPRF-PR;DEL03-PR;UOP02-DEL03-PR
572335;03/01/2024;quarta-feira;09:50:00;SC;282;1;FLORIANOPOLIS;Manobra de mudança de faixa;Colisão traseira;Com Vítimas Feridas;Pleno dia;Decrescente;Garoa/Chuvisco;Dupla;Reta;Sim;2;0;2;0;0;0;2;1;-27,602955;-48,580509;SPRF-SC;DEL01-SC;UOP01-DEL01-SC
572339;03/01/2024;quarta-feira;10:50:00;BA;116;822,5;VITORIA DA CONQUISTA;Condutor deixou de manter distância do veículo da frente;Colisão lateral mesmo sentido;Com Vítimas Feridas;Pleno dia;Decrescente;Nublado;Dupla;"Reta;Declive";Não;2;0;1;0;1;0;1;2;-14,85021644;-40,84864855;SPRF-BA;DEL08-BA;UOP01-DEL08-BA
572340;03/01/2024;quarta-feira;10:00:00;MG;381;614;OLIVEIRA;Chuva;Colisão com objeto;Com Vítimas Feridas;Pleno dia;Decrescente;Chuva;Dupla;"Declive;Reta";Não;1;0;1;0;0;0;1;1;-20,73605011;-44,77319313;SPRF-MG;DEL04-MG;UOP01-DEL04-MG
572341;03/01/2024;quarta-feira;07:30:00;MG;262;607,5;CAMPOS ALTOS;Chuva;Saída de leito carroçável;Com Vítimas Feridas;Pleno dia;Decrescente;Chuva;Simples;Curva;Não;2;0;1;0;1;0;1;1;-19,62457601;-46,26930901;SPRF-MG;DEL08-MG;UOP02-DEL08-MG
572343;03/01/2024;quarta-feira;11:35:00;SC;101;220;PALHOCA;Condutor deixou de manter distância do veículo da frente;Colisão traseira;Com Vítimas Feridas;Pleno dia;Decrescente;Sol;Dupla;Reta;Sim;2;0;1;0;1;0;1;2;-27,69198941;-48,66368358;SPRF-SC;DEL01-SC;UOP02-DEL01-SC
572345;03/01/2024;quarta-feira;11:40:00;PE;232;10,4;JABOATAO DOS GUARARAPES;Ausência de reação do condutor;Queda de ocupante de veículo;Com Vítimas Feridas;Pleno dia;Crescente;Céu Claro;Dupla;Curva;Não;1;0;0;1;0;0;1;1;-8,07917241;-34,98718609;SPRF-PE;DEL01-PE;UOP01-DEL01-PE
572346;03/01/2024;quarta-feira;09:30:00;GO;70;314;JUSSARA;Chuva;Saída de leito carroçável;Com Vítimas Feridas;Pleno dia;Crescente;Chuva;Simples;Curva;Sim;2;0;1;0;1;0;1;1;-15,87393292;-50,82123865;SPRF-GO;DEL04-GO;UOP02-DEL04-GO
572349;03/01/2024;quarta-feira;11:00:00;RS;NA;NA;LAJEADO;Ausência de reação do condutor;Colisão com objeto;Sem Vítimas;Pleno dia;Não Informado;Sol;Simples;Reta;Sim;1;0;0;0;1;0;0;1;-29,43509216;-51,99994326;SPRF-RS;DEL04-RS;UOP01-DEL04-RS
572350;03/01/2024;quarta-feira;11:50:00;PI;316;11;TERESINA;Acessar a via sem observar a presença dos outros veículos;Colisão transversal;Sem Vítimas;Pleno dia;Crescente;Céu Claro;Dupla;"Interseção de Vias;Rotatória;Viaduto";Sim;2;0;0;0;2;0;0;2;-5,191739;-42,76076102;SPRF-PI;DEL01-PI;UOP02-DEL01-PI
572351;03/01/2024;quarta-feira;11:15:00;SC;101;194;BIGUACU;Manobra de mudança de faixa;Colisão lateral mesmo sentido;Com Vítimas Feridas;Pleno dia;Decrescente;Nublado;Dupla;Reta;Sim;2;0;1;0;1;0;1;2;-27,49815117;-48,65661236;SPRF-SC;DEL01-SC;UOP01-DEL01-SC
572353;03/01/2024;quarta-feira;10:55:00;RJ;101;70,9;CAMPOS DOS GOYTACAZES;Condutor deixou de manter distância do veículo da frente;Engavetamento;Com Vítimas Feridas;Pleno dia;Crescente;Céu Claro;Simples;Reta;Não;5;0;1;0;4;0;1;4;-21,781011;-41,373363;SPRF-RJ;DEL08-RJ;UOP02-DEL08-RJ
572354;03/01/2024;quarta-feira;11:32:00;MG;381;568,5;ITAGUARA;Chuva;Saída de leito carroçável;Com Vítimas Feridas;Pleno dia;Crescente;Chuva;Dupla;Curva;Não;4;0;3;0;1;0;3;2;-20,42649228;-44,54458383;SPRF-MG;DEL04-MG;UOP03-DEL04-MG
572356;03/01/2024;quarta-feira;09:05:00;SC;101;257;PAULO LOPES;Reação tardia ou ineficiente do condutor;Saída de leito carroçável;Com Vítimas Feridas;Pleno dia;Decrescente;Chuva;Dupla;Curva;Não;2;0;2;0;0;0;2;2;-27,99701205;-48,68755194;SPRF-SC;DEL02-SC;UOP03-DEL02-SC
572357;03/01/2024;quarta-feira;12:34:00;CE;116;21;EUSEBIO;Reação tardia ou ineficiente do condutor;Colisão com objeto;Sem Vítimas;Pleno dia;Decrescente;Céu Claro;Dupla;Reta;Sim;2;0;0;0;2;0;0;1;-3,93175901;-38,50825087;SPRF-CE;DEL01-CE;UOP02-DEL01-CE
572358;03/01/2024;quarta-feira;11:08:00;MT;70;4;BARRA DO GARCAS;Manobra de mudança de faixa;Colisão lateral mesmo sentido;Com Vítimas Feridas;Pleno dia;Decrescente;Garoa/Chuvisco;Dupla;Reta;Sim;4;0;2;0;2;0;2;2;-15,87907036;-52,28563311;SPRF-MT;DEL07-MT;UOP01-DEL07-MT
572361;03/01/2024;quarta-feira;12:30:00;PB;230;132,1;MASSARANDUBA;Velocidade Incompatível;Saída de leito carroçável;Com Vítimas Feridas;Pleno dia;Decrescente;Céu Claro;Múltipla;Curva;Não;8;0;8;0;0;0;8;2;-7,2774;-35,7367;SPRF-PB;DEL02-PB;UOP01-DEL02-PB
572363;03/01/2024;quarta-feira;09:00:00;SC;280;87,8;CORUPA;Velocidade Incompatível;Tombamento;Com Vítimas Feridas;Pleno dia;Crescente;Garoa/Chuvisco;Simples;"Aclive;Curva";Não;2;0;0;1;1;0;1;1;-26,41501369;-49,25741675;SPRF-SC;DEL06-SC;UOP03-DEL06-SC
572366;03/01/2024;quarta-feira;08:30:00;SC;101;335;TUBARAO;Frear bruscamente;Tombamento;Com Vítimas Feridas;Pleno dia;Crescente;Chuva;Dupla;Reta;Sim;1;0;1;0;0;0;1;1;-28,46927473;-49,01557908;SPRF-SC;DEL02-SC;UOP01-DEL02-SC
572368;03/01/2024;quarta-feira;12:45:00;MG;381;358;JOAO MONLEVADE;Conversão proibida;Colisão transversal;Com Vítimas Feridas;Pleno dia;Decrescente;Chuva;Simples;Reta;Sim;2;0;1;0;1;0;1;2;-19,85592801;-43,21689055;SPRF-MG;DEL03-MG;UOP01-DEL03-MG
572370;03/01/2024;quarta-feira;11:06:00;PR;277;254,8;IRATI;Acessar a via sem observar a presença dos outros veículos;Colisão transversal;Com Vítimas Feridas;Pleno dia;Crescente;Céu Claro;Simples;Reta;Não;6;0;2;0;4;0;2;2;-25,44165997;-50,698329;SPRF-PR;DEL08-PR;UOP02-DEL08-PR
572371;03/01/2024;quarta-feira;12:00:00;PR;158;506,8;CORONEL VIVIDA;Desrespeitar a preferência no cruzamento;Colisão transversal;Com Vítimas Feridas;Pleno dia;Decrescente;Sol;Simples;"Reta;Interseção de Vias;Rotatória";Sim;2;0;0;1;1;0;1;2;-26,00480254;-52,56513465;SPRF-PR;DEL02-PR;UOP01-DEL02-PR
572376;03/01/2024;quarta-feira;11:59:00;RJ;116;194;QUEIMADOS;Demais falhas mecânicas ou elétricas;Queda de ocupante de veículo;Com Vítimas Feridas;Pleno dia;Decrescente;Céu Claro;Dupla;Reta;Sim;2;0;2;0;0;0;2;1;-22,73711632;-43,53793909;SPRF-RJ;DEL06-RJ;UOP01-DEL06-RJ
572377;03/01/2024;quarta-feira;12:30:00;PI;316;261;IPIRANGA DO PIAUI;Acessar a via sem observar a presença dos outros veículos;Colisão transversal;Com Vítimas Feridas;Pleno dia;Decrescente;Céu Claro;Simples;Reta;Sim;2;0;1;0;1;0;1;2;-6,83760703;-41,7377638;SPRF-PI;DEL04-PI;UOP02-DEL04-PI
572378;03/01/2024;quarta-feira;12:40:00;MG;365;414;PATOS DE MINAS;Ausência de reação do condutor;Saída de leito carroçável;Com Vítimas Feridas;Pleno dia;Decrescente;Céu Claro;Simples;"Reta;Declive";Não;1;0;1;0;0;0;1;1;-18,67838606;-46,55249299;SPRF-MG;DEL10-MG;UOP01-DEL10-MG
572380;03/01/2024;quarta-feira;12:00:00;PI;235;382;BOM JESUS;Acumulo de água sobre o pavimento;Saída de leito carroçável;Com Vítimas Feridas;Pleno dia;Crescente;Chuva;Simples;Curva;Não;3;0;1;0;2;0;1;1;-9,347948;-44,556722;SPRF-PI;DEL03-PI;UOP02-DEL03-PI
572381;03/01/2024;quarta-feira;10:41:00;MG;381;646;SANTO ANTONIO DO AMPARO;Curva acentuada;Colisão transversal;Com Vítimas Feridas;Pleno dia;Crescente;Nublado;Dupla;"Curva;Declive";Não;3;0;1;0;2;0;1;2;-20,95720609;-44,90296563;SPRF-MG;DEL04-MG;UOP02-DEL04-MG
572382;03/01/2024;quarta-feira;09:00:00;MG;381;646,2;SANTO ANTONIO DO AMPARO;Chuva;Colisão com objeto;Com Vítimas Feridas;Pleno dia;Crescente;Chuva;Dupla;Curva;Não;2;0;1;0;1;0;1;2;-20,94471289;-44,88107085;SPRF-MG;DEL04-MG;UOP02-DEL04-MG
572383;03/01/2024;quarta-feira;10:40:00;RJ;40;4;COMENDADOR LEVY GASPARIAN;Velocidade Incompatível;Colisão traseira;Com Vítimas Feridas;Pleno dia;Decrescente;Chuva;Dupla;Curva;Não;2;0;2;0;0;0;2;2;-22,01337537;-43,23594846;SPRF-RJ;DEL05-RJ;UOP02-DEL05-RJ