id;data_inversa;dia_semana;horario;uf;br;km;municipio;causa_acidente;tipo_acidente;classificacao_acidente;fase_dia;sentido_via;condicao_metereologica;tipo_pista;tracado_via;uso_solo;pessoas;mortos;feridos_leves;feridos_graves;ilesos;ignorados;feridos;veiculos;latitude;longitude;regional;delegacia;uop
572384;03/01/2024;quarta-feira;09:00:00;MG;381;652;SANTO ANTONIO DO AMPARO;Chuva;Capotamento;Com Vítimas Feridas;Pleno dia;Decrescente;Chuva;Dupla;"Curva;Aclive";Não;3;0;2;0;1;0;2;1;-20,96202321;-44,92871761;SPRF-MG;DEL04-MG;UOP02-DEL04-MG
572385;03/01/2024;quarta-feira;13:00:00;PR;476;116;COLOMBO;Pedestre cruzava a pista fora da faixa;Atropelamento de Pedestre;Com Vítimas Feridas;Pleno dia;Crescente;Céu Claro;Dupla;Curva;Sim;3;0;2;0;1;0;2;2;-25,34996;-49,16642;SPRF-PR;DEL01-PR;UOP01-DEL01-PR
572387;03/01/2024;quarta-feira;13:05:00;MS;262;600,9;MIRANDA;Demais falhas mecânicas ou elétricas;Colisão frontal;Com Vítimas Fatais;Pleno dia;Crescente;Céu Claro;Simples;Reta;Não;7;1;0;6;0;0;6;2;-20,099319;-56,737114;SPRF-MS;DEL03-MS;UOP02-DEL03-MS
572388;03/01/2024;quarta-feira;14:25:00;MG;50;43;ARAGUARI;Reação tardia ou ineficiente do condutor;Saída de leito carroçável;Com Vítimas Feridas;Pleno dia;Crescente;Sol;Dupla;Reta;Não;4;0;1;2;1;0;3;1;-18,69834223;-48,1855417;SPRF-MG;DEL15-MG;UOP02-DEL15-MG
572389;03/01/2024;quarta-feira;14:05:00;ES;101;416;ATILIO VIVACQUA;Conversão proibida;Colisão transversal;Com Vítimas Feridas;Pleno dia;Crescente;Garoa/Chuvisco;Simples;Reta;Não;7;0;5;0;2;0;5;2;-20,93997009;-41,08374492;SPRF-ES;DEL03-ES;UOP02-DEL03-ES
572391;03/01/2024;quarta-feira;14:45:00;RJ;101;207;CASIMIRO DE ABREU;Acessar a via sem observar a presença dos outros veículos;Colisão transversal;Com Vítimas Feridas;Pleno dia;Crescente;Nublado;Simples;"Reta;Interseção de Vias";Sim;2;0;2;0;0;0;2;2;-22,4776458;-42,21127001;SPRF-RJ;DEL08-RJ;UOP04-DEL08-RJ
572392;03/01/2024;quarta-feira;14:45:00;BA;116;466,8;SANTO ESTEVAO;Problema na suspensão;Capotamento;Com Vítimas Feridas;Pleno dia;Crescente;Céu Claro;Dupla;"Declive;Reta";Não;2;0;1;0;1;0;1;1;-12,4693;-39,2888;SPRF-BA;DEL02-BA;UOP01-DEL02-BA
572393;03/01/2024;quarta-feira;10:00:00;MA;230;479,8;RIACHAO;Manobra de mudança de faixa;Saída de leito carroçável;Com Vítimas Fatais;Pleno dia;Decrescente;Céu Claro;Simples;Reta;Não;5;1;4;0;0;0;4;1;-7,40929592;-46,65441908;SPRF-MA;DEL05-MA;UOP01-DEL05-MA
572394;03/01/2024;quarta-feira;13:30:00;SC;101;108;PENHA;Condutor deixou de manter distância do veículo da frente;Colisão traseira;Com Vítimas Feridas;Pleno dia;Crescente;Nublado;Dupla;"Declive;Reta";Não;3;0;1;0;2;0;1;2;-26,82805365;-48,6920929;SPRF-SC;DEL03-SC;UOP02-DEL03-SC
572396;03/01/2024;quarta-feira;13:00:00;MG;153;9,5;ARAPORA;Acumulo de água sobre o pavimento;Colisão com objeto;Com Vítimas Feridas;Pleno dia;Crescente;Chuva;Dupla;Reta;Não;1;0;1;0;0;0;1;1;-18,500529;-49,1889035;SPRF-MG;DEL15-MG;UOP03-DEL15-MG
572397;03/01/2024;quarta-feira;13:40:00;RJ;493;6;ITABORAI;Acesso irregular;Atropelamento de Pedestre;Com Vítimas Feridas;Pleno dia;Decrescente;Céu Claro;Dupla;Reta;Não;2;0;2;0;0;0;2;2;-22,73124198;-42,95145305;SPRF-RJ;DEL02-RJ;UOP02-DEL02-RJ
572400;03/01/2024;quarta-feira;11:10:00;MS;163;188;CAARAPO;Ausência de reação do condutor;Engavetamento;Com Vítimas Feridas;Pleno dia;Crescente;Céu Claro;Simples;"Reta;Aclive";Não;8;0;1;0;7;0;1;3;-22,79559784;-54,74502787;SPRF-MS;DEL09-MS;UOP01-DEL09-MS
572408;03/01/2024;quarta-feira;12:40:00;AC;364;124;RIO BRANCO;Reação tardia ou ineficiente do condutor;Atropelamento de Pedestre;Com Vítimas Feridas;Pleno dia;Decrescente;Céu Claro;Dupla;Reta;Sim;2;0;1;0;1;0;1;2;-10,01152469;-67,79140099;SPRF-AC;DEL01-AC;UOP01-DEL01-AC
572409;03/01/2024;quarta-feira;16:15:00;MG;50;197;DELTA;Avarias e/ou desgaste excessivo no pneu;Tombamento;Com Vítimas Feridas;Pleno dia;Decrescente;Céu Claro;Dupla;Reta;Não;1;0;1;0;0;0;1;1;-19,91076436;-47,83254654;SPRF-MG;DEL13-MG;UOP01-DEL13-MG
572413;03/01/2024;quarta-feira;16:15:00;PR;116;22;ANTONINA;Reação tardia ou ineficiente do condutor;Colisão com objeto;Com Vítimas Feridas;Pleno dia;Decrescente;Chuva;Dupla;Curva;Não;2;0;1;0;1;0;1;1;-25,10922624;-48,74659689;SPRF-PR;DEL01-PR;UOP02-DEL01-PR
572414;03/01/2024;quarta-feira;16:30:00;SC;101;213,4;PALHOCA;Condutor deixou de manter distância do veículo da frente;Colisão traseira;Com Vítimas Feridas;Pleno dia;Decrescente;Nublado;Múltipla;Reta;Sim;4;0;1;0;3;0;1;3;-27,63697369;-48,66514142;SPRF-SC;DEL01-SC;UOP02-DEL01-SC
572416;03/01/2024;quarta-feira;16:45:00;GO;40;24;LUZIANIA;Condutor deixou de manter distância do veículo da frente;Colisão traseira;Com Vítimas Feridas;Pleno dia;Decrescente;Nublado;Dupla;Interseção de Vias;Não;2;0;1;0;0;1;1;2;-16,252738;-47,900437;SPRF-DF;DEL01-DF;UOP01-DEL01-DF
572419;03/01/2024;quarta-feira;17:10:00;MG;381;367;SAO GONCALO DO RIO ABAIXO;Ausência de reação do condutor;Saída de leito carroçável;Com Vítimas Feridas;Pleno dia;Decrescente;Céu Claro;Simples;Reta;Não;4;0;3;1;0;0;4;1;-19,84959351;-43,27455396;SPRF-MG;DEL03-MG;UOP01-DEL03-MG
572420;03/01/2024;quarta-feira;16:30:00;PR;116;15;CAMPINA GRANDE DO SUL;Chuva;Capotamento;Com Vítimas Feridas;Pleno dia;Crescente;Chuva;Dupla;Curva;Não;1;0;1;0;0;0;1;1;-25,09832756;-48,68266005;SPRF-PR;DEL01-PR;UOP02-DEL01-PR
572421;03/01/2024;quarta-feira;16:25:00;RS;386;135;SARANDI;Acessar a via sem observar a presença dos outros veículos;Colisão transversal;Com Vítimas Feridas;Pleno dia;Crescente;Sol;Simples;Reta;Sim;5;0;4;0;1;0;4;2;-27,96036;-52,91103;SPRF-RS;DEL08-RS;UOP01-DEL08-RS
572422;03/01/2024;quarta-feira;16:30:00;RN;101;95;NATAL;Condutor deixou de manter distância do veículo da frente;Colisão lateral mesmo sentido;Com Vítimas Feridas;Anoitecer;Decrescente;Céu Claro;Múltipla;Reta;Sim;3;0;1;0;2;0;1;2;-5,84076841;-35,21035949;SPRF-RN;DEL01-RN;UOP01-DEL01-RN
572424;03/01/2024;quarta-feira;17:00:00;SP;116;135,1;SAO JOSE DOS CAMPOS;Ausência de reação do condutor;Colisão traseira;Sem Vítimas;Anoitecer;Decrescente;Chuva;Dupla;Reta;Sim;2;0;0;0;2;0;0;2;-23,144484;-45,77018;SPRF-SP;DEL02-SP;UOP01-DEL02-SP
572426;03/01/2024;quarta-feira;11:00:00;MG;40;735;SANTOS DUMONT;Pista Escorregadia;Colisão transversal;Com Vítimas Feridas;Pleno dia;Crescente;Chuva;Simples;Curva;Não;7;0;6;0;1;0;6;2;-21,37012696;-43,57558994;SPRF-MG;DEL05-MG;UOP01-DEL05-MG
572427;03/01/2024;quarta-feira;17:00:00;MG;262;481;CONTAGEM;Manobra de mudança de faixa;Colisão com objeto;Com Vítimas Feridas;Anoitecer;Crescente;Garoa/Chuvisco;Dupla;Reta;Sim;2;0;1;0;0;1;1;2;-19,96076406;-44,0524292;SPRF-MG;DEL08-MG;UOP03-DEL08-MG
572429;03/01/2024;quarta-feira;15:00:00;MG;354;703;CAXAMBU;Acessar a via sem observar a presença dos outros veículos;Colisão traseira;Sem Vítimas;Pleno dia;Crescente;Chuva;Simples;Reta;Não;2;0;0;0;1;1;0;2;-21,97540939;-44,92323124;SPRF-MG;DEL17-MG;UOP01-DEL17-MG
572430;03/01/2024;quarta-feira;16:20:00;SC;280;93;CORUPA;Pista Escorregadia;Colisão com objeto;Com Vítimas Feridas;Pleno dia;Decrescente;Garoa/Chuvisco;Simples;"Curva;Em Obras;Declive";Não;4;0;1;0;3;0;1;1;-26,39962904;-49,29783103;SPRF-SC;DEL06-SC;UOP03-DEL06-SC
572433;03/01/2024;quarta-feira;15:40:00;SC;282;456,8;PONTE SERRADA;Condutor deixou de manter distância do veículo da frente;Colisão traseira;Com Vítimas Feridas;Pleno dia;Decrescente;Céu Claro;Dupla;"Aclive;Reta";Não;2;0;1;0;1;0;1;2;-26,89065054;-51,98584557;SPRF-SC;DEL07-SC;UOP04-DEL07-SC
572437;03/01/2024;quarta-feira;17:15:00;SC;101;71,8;ARAQUARI;Trafegar com motocicleta (ou similar) entre as faixas;Colisão lateral mesmo sentido;Com Vítimas Feridas;Pleno dia;Decrescente;Nublado;Dupla;Reta;Sim;2;0;1;0;1;0;1;2;-26,52710498;-48,71536911;SPRF-SC;DEL03-SC;UOP02-DEL03-SC
572438;03/01/2024;quarta-feira;17:35:00;MG;50;197;DELTA;Demais falhas mecânicas ou elétricas;Incêndio;Sem Vítimas;Pleno dia;Crescente;Nublado;Múltipla;Reta;Sim;3;0;0;0;3;0;0;1;-19,91076436;-47,83254654;SPRF-MG;DEL13-MG;UOP01-DEL13-MG
572439;03/01/2024;quarta-feira;17:25:00;BA;101;720;EUNAPOLIS;Acessar a via sem observar a presença dos outros veículos;Colisão transversal;Com Vítimas Feridas;Anoitecer;Crescente;Nublado;Simples;"Rotatória;Reta";Sim;2;0;1;0;1;0;1;2;-16,38642759;-39,58646536;SPRF-BA;DEL09-BA;UOP01-DEL09-BA
572440;03/01/2024;quarta-feira;18:33:00;TO;10;454;PALMAS;Condutor deixou de manter distância do veículo da frente;Engavetamento;Sem Vítimas;Anoitecer;Decrescente;Céu Claro;Múltipla;Reta;Sim;3;0;0;0;2;1;0;3;-10,30938;-48,29743;SPRF-TO;DEL01-TO;UOP03-DEL01-TO
572441;03/01/2024;quarta-feira;16:40:00;RJ;40;123;DUQUE DE CAXIAS;Reação tardia ou ineficiente do condutor;Colisão traseira;Com Vítimas Feridas;Pleno dia;Crescente;Céu Claro;Dupla;Curva;Sim;3;0;1;0;2;0;1;2;-22,79907687;-43,29015739;SPRF-RJ;DEL01-RJ;UOP02-DEL01-RJ
572443;03/01/2024;quarta-feira;18:00:00;RJ;101;80;CAMPOS DOS GOYTACAZES;Ausência de reação do condutor;Colisão traseira;Com Vítimas Feridas;Anoitecer;Decrescente;Chuva;Simples;Reta;Sim;8;0;1;0;7;0;1;2;-21,83453437;-41,43797909;SPRF-RJ;DEL08-RJ;UOP02-DEL08-RJ
572444;03/01/2024;quarta-feira;17:20:00;RJ;101;87;CAMPOS DOS GOYTACAZES;Chuva;Saída de leito carroçável;Com Vítimas Feridas;Pleno dia;Decrescente;Chuva;Dupla;"Curva;Declive";Não;3;0;0;2;1;0;2;1;-21,82626899;-41,49641201;SPRF-RJ;DEL08-RJ;UOP02-DEL08-RJ
572445;03/01/2024;quarta-feira;18:00:00;SP;116;393;MIRACATU;Pista Escorregadia;Tombamento;Com Vítimas Feridas;Anoitecer;Crescente;Garoa/Chuvisco;Dupla;Reta;Não;1;0;0;1;0;0;1;1;-24,28558932;-47,44194093;SPRF-SP;DEL04-SP;UOP02-DEL04-SP
572446;03/01/2024;quarta-feira;15:12:00;MT;163;92;RONDONOPOLIS;Acumulo de água sobre o pavimento;Saída de leito carroçável;Com Vítimas Feridas;Pleno dia;Decrescente;Chuva;Dupla;Declive;Não;2;0;2;0;0;0;2;1;-16,72418081;-54,64751666;SPRF-MT;DEL02-MT;UOP03-DEL02-MT
572447;03/01/2024;quarta-feira;17:00:00;PR;376;407,7;TIBAGI;Velocidade Incompatível;Colisão com objeto;Com Vítimas Feridas;Pleno dia;Decrescente;Nublado;Dupla;"Declive;Curva";Não;3;0;3;0;0;0;3;1;-24,60403406;-50,6635012;SPRF-PR;DEL03-PR;UOP02-DEL03-PR
572448;03/01/2024;quarta-feira;15:50:00;RJ;101;432;MANGARATIBA;Ingestão de álcool pelo condutor;Capotamento;Sem Vítimas;Pleno dia;Decrescente;Chuva;Dupla;"Aclive;Curva";Sim;1;0;0;0;1;0;0;1;-22,93437472;-44,02919087;SPRF-RJ;DEL03-RJ;UOP02-DEL03-RJ
572451;03/01/2024;quarta-feira;18:49:00;MG;262;368,8;JUATUBA;Ausência de reação do condutor;Queda de ocupante de veículo;Com Vítimas Feridas;Plena Noite;Decrescente;Garoa/Chuvisco;Dupla;Curva;Não;1;0;1;0;0;0;1;1;-19,97239513;-44,28042402;SPRF-MG;DEL01-MG;UOP03-DEL01-MG
572452;03/01/2024;quarta-feira;15:30:00;MT;70;703;CACERES;Chuva;Saída de leito carroçável;Com Vítimas Feridas;Pleno dia;Crescente;Chuva;Simples;"Reta;Declive";Não;2;0;2;0;0;0;2;1;-16,25105077;-57,45540642;SPRF-MT;DEL03-MT;UOP01-DEL03-MT
572453;03/01/2024;quarta-feira;18:40:00;PI;343;347;TERESINA;Animais na Pista;Atropelamento de Animal;Com Vítimas Feridas;Plena Noite;Crescente;Céu Claro;Simples;Reta;Sim;2;0;1;0;1;0;1;2;-5,11877574;-42,78683662;SPRF-PI;DEL01-PI;UOP01-DEL01-PI
572454;03/01/2024;quarta-feira;15:40:00;MG;116;685;MURIAE;Ausência de reação do condutor;Saída de leito carroçável;Com Vítimas Feridas;Pleno dia;Crescente;Chuva;Simples;Curva;Não;2;0;1;0;0;1;1;2;-20,98224297;-42,35482631;SPRF-MG;DEL07-MG;UOP02-DEL07-MG
572457;03/01/2024;quarta-feira;17:00:00;RJ;101;99;CAMPOS DOS GOYTACAZES;Ausência de reação do condutor;Colisão com objeto;Com Vítimas Feridas;Pleno dia;Decrescente;Chuva;Dupla;Curva;Não;2;0;1;0;1;0;1;1;-21,8758198;-41,5832851;SPRF-RJ;DEL08-RJ;UOP02-DEL08-RJ
572458;03/01/2024;quarta-feira;17:25:00;MG;116;734;LARANJAL;Ausência de reação do condutor;Saída de leito carroçável;Com Vítimas Feridas;Pleno dia;Decrescente;Chuva;Simples;Reta;Não;3;0;2;0;1;0;2;1;-21,34565238;-42,4637625;SPRF-MG;DEL07-MG;UOP02-DEL07-MG
572459;03/01/2024;quarta-feira;17:40:00;SC;470;153,6;AGRONOMICA;Acessar a via sem observar a presença dos outros veículos;Colisão transversal;Com Vítimas Feridas;Pleno dia;Decrescente;Nublado;Simples;Reta;Não;2;0;1;0;1;0;1;2;-27,27539513;-49,74316478;SPRF-SC;DEL04-SC;UOP02-DEL04-SC
572460;03/01/2024;quarta-feira;16:10:00;MG;116;702,2;MURIAE;Acessar a via sem observar a presença dos outros veículos;Colisão transversal;Com Vítimas Feridas;Pleno dia;Decrescente;Chuva;Simples;"Reta;Interseção de Vias";Sim;2;0;1;0;1;0;1;2;-21,12484713;-42,38134861;SPRF-MG;DEL07-MG;UOP02-DEL07-MG
572461;03/01/2024;quarta-feira;19:00:00;PE;101;58,8;RECIFE;Condutor deixou de manter distância do veículo da frente;Colisão traseira;Com Vítimas Feridas;Plena Noite;Crescente;Céu Claro;Dupla;Reta;Sim;5;0;0;2;3;0;2;2;-7,97708575;-34,92607318;SPRF-PE;DEL01-PE;UOP02-DEL01-PE
572463;03/01/2024;quarta-feira;17:20:00;PR;376;527,2;PONTA GROSSA;Reação tardia ou ineficiente do condutor;Queda de ocupante de veículo;Com Vítimas Feridas;Pleno dia;Decrescente;Céu Claro;Dupla;"Reta;Declive";Não;1;0;1;0;0;0;1;1;-25,327481;-49,862779;SPRF-PR;DEL03-PR;UOP04-DEL03-PR
572465;03/01/2024;quarta-feira;19:00:00;DF;80;19;BRASILIA;Reação tardia ou ineficiente do condutor;Saída de leito carroçável;Com Vítimas Feridas;Plena Noite;Crescente;Nublado;Dupla;Reta;Sim;1;0;1;0;0;0;1;1;-15,675205;-48,204636;SPRF-DF;DEL03-DF;UOP02-DEL03-DF
572468;03/01/2024;quarta-feira;20:00:00;BA;116;811;VITORIA DA CONQUISTA;Demais falhas mecânicas ou elétricas;Saída de leito carroçável;Com Vítimas Feridas;Plena Noite;Decrescente;Céu Claro;Simples;Reta;Não;6;0;4;0;2;0;4;1;-14,75613602;-40,68942499;SPRF-BA;DEL08-BA;UOP01-DEL08-BA
572470;03/01/2024;quarta-feira;16:30:00;GO;60;460;JATAI;Ausência de reação do condutor;Saída de leito carroçável;Com Vítimas Feridas;Pleno dia;Crescente;Chuva;Dupla;Curva;Não;4;0;4;0;0;0;4;1;-17,8715;-51,6163;SPRF-GO;DEL05-GO;UOP01-DEL05-GO
572472;03/01/2024;quarta-feira;16:55:00;MG;381;521;BRUMADINHO;Chuva;Saída de leito carroçável;Com Vítimas Feridas;Anoitecer;Decrescente;Chuva;Dupla;"Curva;Aclive";Não;4;0;1;0;3;0;1;1;-20,13846621;-44,31715274;SPRF-MG;DEL04-MG;UOP03-DEL04-MG
572475;03/01/2024;quarta-feira;19:40:00;MG;40;356,1;FELIXLANDIA;Desrespeitar a preferência no cruzamento;Colisão transversal;Com Vítimas Feridas;Plena Noite;Decrescente;Chuva;Simples;"Reta;Interseção de Vias";Sim;2;0;0;1;1;0;1;2;-18,73053982;-44,88268599;SPRF-MG;DEL02-MG;UOP01-DEL02-MG
572477;03/01/2024;quarta-feira;18:00:00;RO;364;16;VILHENA;Acessar a via sem observar a presença dos outros veículos;Queda de ocupante de veículo;Com Vítimas Feridas;Plena Noite;Crescente;Chuva;Simples;Interseção de Vias;Não;2;0;1;0;1;0;1;2;-12,73437947;-60,15696986;SPRF-RO;DEL04-RO;UOP01-DEL04-RO
572481;03/01/2024;quarta-feira;18:30:00;RS;116;267;CANOAS;Frear bruscamente;Queda de ocupante de veículo;Com Vítimas Feridas;Anoitecer;Decrescente;Céu Claro;Dupla;Reta;Sim;1;0;1;0;0;0;1;1;-29,94142398;-51,17697062;SPRF-RS;DEL01-RS;UOP01-DEL01-RS
572484;03/01/2024;quarta-feira;19:15:00;MG;116;499,9;INHAPIM;Reação tardia ou ineficiente do condutor;Colisão traseira;Com Vítimas Feridas;Plena Noite;Decrescente;Chuva;Simples;Reta;Não;4;0;1;1;2;0;2;3;-19,55247801;-42,12429712;SPRF-MG;DEL06-MG;UOP02-DEL06-MG
572485;03/01/2024;quarta-feira;22:15:00;ES;101;142;LINHARES;Reação tardia ou ineficiente do condutor;Colisão transversal;Com Vítimas Feridas;Plena Noite;Decrescente;Céu Claro;Múltipla;Reta;Sim;2;0;2;0;0;0;2;2;-19,33458987;-40,06755477;SPRF-ES;DEL04-ES;UOP01-DEL04-ES
572486;03/01/2024;quarta-feira;19:02:00;RS;468;97,7;TRES PASSOS;Ultrapassagem Indevida;Colisão lateral mesmo sentido;Com Vítimas Feridas;Anoitecer;Crescente;Céu Claro;Simples;"Declive;Reta";Não;3;0;2;0;1;0;2;2;-27,48845026;-53,89320218;SPRF-RS;DEL08-RS;UOP02-DEL08-RS
572488;03/01/2024;quarta-feira;22:25:00;MG;116;576,9;MANHUACU;Ausência de reação do condutor;Saída de leito carroçável;Com Vítimas Feridas;Plena Noite;Crescente;Céu Claro;Simples;Curva;Não;2;0;1;0;1;0;1;1;-20,15473996;-42,18629605;SPRF-MG;DEL06-MG;UOP03-DEL06-MG
572490;03/01/2024;quarta-feira;23:30:00;ES;101;272,2;SERRA;Acessar a via sem observar a presença dos outros veículos;Colisão lateral mesmo sentido;Com Vítimas Feridas;Plena Noite;Decrescente;Nublado;Dupla;"Reta;Aclive";Não;2;0;0;1;1;0;1;2;-20,22724888;-40,28426988;SPRF-ES;DEL02-ES;UOP01-DEL02-ES
572491;03/01/2024;quarta-feira;22:51:00;GO;40;22;LUZIANIA;Entrada inopinada do pedestre;Atropelamento de Pedestre;Com Vítimas Fatais;Plena Noite;Crescente;Céu Claro;Dupla;Reta;Sim;5;1;0;0;4;0;0;2;-16,227484;-47,914109;SPRF-DF;DEL01-DF;UOP01-DEL01-DF
572492;03/01/2024;quarta-feira;21:19:00;GO;80;19,4;PADRE BERNARDO;Ausência de reação do condutor;Saída de leito carroçável;Com Vítimas Feridas;Plena Noite;Decrescente;Chuva;Dupla;"Interseção de Vias;Reta";Não;1;0;0;1;0;0;1;1;-15,384497;-48,208798;SPRF-DF;DEL03-DF;UOP02-DEL03-DF
572494;04/01/2024;quinta-feira;00:05:00;SP;381;62;MAIRIPORA;Ausência de reação do condutor;Capotamento;Com Vítimas Feridas;Plena Noite;Decrescente;Céu Claro;Dupla;Reta;Não;1;0;1;0;0;0;1;1;-23,29437896;-46,57254696;SPRF-SP;DEL03-SP;UOP01-DEL03-SP
572495;03/01/2024;quarta-feira;23:00:00;MA;226;299;BARRA DO CORDA;Conversão proibida;Colisão transversal;Com Vítimas Feridas;Plena Noite;Crescente;Chuva;Múltipla;Reta;Sim;3;0;1;0;2;0;1;2;-5,49791235;-45,24263176;SPRF-MA;DEL03-MA;UOP03-DEL03-MA
572496;04/01/2024;quinta-feira;00:40:00;PI;343;52;BURITI DOS LOPES;Transitar na contramão;Colisão frontal;Com Vítimas Fatais;Plena Noite;Crescente;Céu Claro;Simples;Reta;Não;2;1;0;0;1;0;0;2;-3,194594;-41,841324;SPRF-PI;DEL05-PI;UOP01-DEL05-PI
572497;04/01/2024;quinta-feira;00:20:00;RN;427;2,1;CURRAIS NOVOS;Animais na Pista;Saída de leito carroçável;Com Vítimas Feridas;Plena Noite;Decrescente;Nublado;Simples;Curva;Não;3;0;3;0;0;0;3;1;-6,282889;-36,521175;SPRF-RN;DEL03-RN;UOP02-DEL03-RN
572502;04/01/2024;quinta-feira;01:10:00;SC;101;186;BIGUACU;Ingestão de álcool pelo condutor;Saída de leito carroçável;Sem Vítimas;Plena Noite;Decrescente;Chuva;Múltipla;Curva;Não;1;0;0;0;0;1;0;1;-27,4341098;-48,62567129;SPRF-SC;DEL01-SC;UOP01-DEL01-SC
572504;04/01/2024;quinta-feira;03:40:00;SC;101;194,5;BIGUACU;Pista Escorregadia;Queda de ocupante de veículo;Com Vítimas Feridas;Plena Noite;Decrescente;Garoa/Chuvisco;Múltipla;Reta;Sim;1;0;1;0;0;0;1;1;-27,49815117;-48,65661236;SPRF-SC;DEL01-SC;UOP01-DEL01-SC
572507;04/01/2024;quinta-feira;03:00:00;MG;153;87,9;PRATA;Pista Escorregadia;Saída de leito carroçável;Com Vítimas Feridas;Plena Noite;Crescente;Chuva;Simples;"Curva;Aclive";Não;5;0;2;0;3;0;2;1;-19,127673;-48,966483;SPRF-MG;DEL15-MG;UOP03-DEL15-MG
572509;04/01/2024;quinta-feira;04:30:00;SC;101;128;ITAJAI;Ingestão de álcool pelo condutor;Colisão com objeto;Com Vítimas Feridas;Amanhecer;Decrescente;Céu Claro;Dupla;Reta;Não;2;0;1;1;0;0;2;1;-26,97284292;-48,68299451;SPRF-SC;DEL04-SC;UOP04-DEL04-SC
572511;03/01/2024;quarta-feira;16:40:00;MG;153;87,9;PRATA;Pista Escorregadia;Saída de leito carroçável;Com Vítimas Feridas;Pleno dia;Crescente;Chuva;Simples;"Curva;Declive";Não;4;0;4;0;0;0;4;1;-19,11737199;-48,96972196;SPRF-MG;DEL15-MG;UOP03-DEL15-MG
572512;04/01/2024;quinta-feira;05:30:00;SC;282;72,1;RANCHO QUEIMADO;Acumulo de água sobre o pavimento;Saída de leito carroçável;Com Vítimas Feridas;Amanhecer;Crescente;Chuva;Simples;"Aclive;Curva";Não;4;0;1;0;3;0;1;1;-27,683439;-49,105259;SPRF-SC;DEL01-SC;UOP03-DEL01-SC
572513;04/01/2024;quinta-feira;04:40:00;MT;163;118;RONDONOPOLIS;Área urbana sem a presença de local apropriado para a travessia de pedestres;Atropelamento de Pedestre;Com Vítimas Feridas;Amanhecer;Decrescente;Nublado;Dupla;"Aclive;Reta";Sim;2;0;1;1;0;0;2;2;-16,51361392;-54,65519619;SPRF-MT;DEL02-MT;UOP01-DEL02-MT
572514;04/01/2024;quinta-feira;07:00:00;SC;101;200;SAO JOSE;Condutor deixou de manter distância do veículo da frente;Colisão traseira;Com Vítimas Feridas;Pleno dia;Crescente;Céu Claro;Múltipla;Reta;Sim;4;0;2;0;2;0;2;2;-27,54018513;-48,62287714;SPRF-SC;DEL01-SC;UOP01-DEL01-SC
572515;04/01/2024;quinta-feira;07:25:00;SC;101;206,8;SAO JOSE;Reação tardia ou ineficiente do condutor;Tombamento;Com Vítimas Feridas;Pleno dia;Crescente;Nublado;Múltipla;Reta;Sim;2;0;1;0;0;1;1;2;-27,59907246;-48,62173319;SPRF-SC;DEL01-SC;UOP01-DEL01-SC
572516;04/01/2024;quinta-feira;06:30:00;PR;116;38;CAMPINA GRANDE DO SUL;Reação tardia ou ineficiente do condutor;Saída de leito carroçável;Com Vítimas Feridas;Amanhecer;Decrescente;Chuva;Dupla;Curva;Não;3;0;2;0;1;0;2;1;-25,14802509;-48,85922071;SPRF-PR;DEL01-PR;UOP02-DEL01-PR
572517;04/01/2024;quinta-feira;06:55:00;SC;101;137;BALNEARIO CAMBORIU;Problema com o freio;Tombamento;Com Vítimas Feridas;Pleno dia;Decrescente;Nublado;Múltipla;Reta;Sim;2;0;1;1;0;0;2;1;-27,0157238;-48,61192763;SPRF-SC;DEL04-SC;UOP03-DEL04-SC
572518;04/01/2024;quinta-feira;07:15:00;PR;376;215;JANDAIA DO SUL;Reação tardia ou ineficiente do condutor;Colisão com objeto;Com Vítimas Feridas;Pleno dia;Decrescente;Céu Claro;Dupla;Reta;Não;1;0;1;0;0;0;1;1;-23,59537856;-51,64222304;SPRF-PR;DEL09-PR;UOP01-DEL09-PR
572520;04/01/2024;quinta-feira;07:35:00;RS;386;350;ESTRELA;Condutor deixou de manter distância do veículo da frente;Colisão traseira;Com Vítimas Feridas;Pleno dia;Crescente;Céu Claro;Dupla;"Em Obras;Ponte;Reta";Não;2;0;1;0;1;0;1;2;-29,4743;-51,952923;SPRF-RS;DEL04-RS;UOP01-DEL04-RS
572521;04/01/2024;quinta-feira;07:00:00;GO;153;504;APARECIDA DE GOIANIA;Demais falhas mecânicas ou elétricas;Tombamento;Com Vítimas Feridas;Pleno dia;Crescente;Chuva;Dupla;Reta;Sim;2;0;2;0;0;0;2;1;-16,7451;-49,2408;SPRF-GO;DEL01-GO;UOP01-DEL01-GO
572522;04/01/2024;quinta-feira;05:40:00;RJ;101;384;RIO DE JANEIRO;Acessar a via sem observar a presença dos outros veículos;Colisão transversal;Com Vítimas Feridas;Amanhecer;Decrescente;Chuva;Dupla;Reta;Sim;2;0;1;0;1;0;1;2;-22,87911609;-43,62323999;SPRF-RJ;DEL03-RJ;UOP01-DEL03-RJ
572524;04/01/2024;quinta-feira;07:36:00;RJ;116;191;NOVA IGUACU;Acesso irregular;Colisão com objeto;Sem Vítimas;Amanhecer;Decrescente;Céu Claro;Simples;Reta;Não;1;0;0;0;0;1;0;1;-22,74421443;-43,509822;SPRF-RJ;DEL06-RJ;UOP01-DEL06-RJ