id;data_inversa;dia_semana;horario;uf;br;km;municipio;causa_acidente;tipo_acidente;classificacao_acidente;fase_dia;sentido_via;condicao_metereologica;tipo_pista;tracado_via;uso_solo;pessoas;mortos;feridos_leves;feridos_graves;ilesos;ignorados;feridos;veiculos;latitude;longitude;regional;delegacia;uop
572526;04/01/2024;quinta-feira;08:10:00;PE;101;116,3;IPOJUCA;Condutor Dormindo;Saída de leito carroçável;Com Vítimas Feridas;Pleno dia;Crescente;Céu Claro;Dupla;Curva;Não;2;0;2;0;0;0;2;1;-8,34532196;-35,14676704;SPRF-PE;DEL01-PE;UOP03-DEL01-PE
572527;04/01/2024;quinta-feira;08:09:00;MG;365;634;UBERLANDIA;Ausência de reação do condutor;Colisão com objeto;Com Vítimas Feridas;Pleno dia;Crescente;Chuva;Dupla;Retorno Regulamentado;Não;2;0;2;0;0;0;2;1;-18,89398203;-48,409205;SPRF-MG;DEL15-MG;UOP01-DEL15-MG
572528;04/01/2024;quinta-feira;06:30:00;RJ;393;198;PARAIBA DO SUL;Acumulo de água sobre o pavimento;Saída de leito carroçável;Com Vítimas Feridas;Pleno dia;Crescente;Chuva;Simples;Reta;Não;3;0;2;0;1;0;2;1;-22,20864263;-43,38170217;SPRF-RJ;DEL05-RJ;UOP03-DEL05-RJ
572529;04/01/2024;quinta-feira;08:10:00;RN;101;115;SAO JOSE DE MIPIBU;Manobra de mudança de faixa;Colisão lateral mesmo sentido;Com Vítimas Feridas;Pleno dia;Decrescente;Céu Claro;Dupla;Reta;Sim;2;0;1;0;1;0;1;2;-5,99096804;-35,26381408;SPRF-RN;DEL01-RN;UOP01-DEL01-RN
572530;04/01/2024;quinta-feira;08:30:00;GO;50;261;CATALAO;Acumulo de água sobre o pavimento;Saída de leito carroçável;Com Vítimas Feridas;Pleno dia;Decrescente;Chuva;Dupla;Curva;Não;3;0;2;0;1;0;2;1;-18,0377;-47,853;SPRF-GO;DEL06-GO;UOP01-DEL06-GO
572531;04/01/2024;quinta-feira;07:15:00;PR;369;186,7;ARAPONGAS;Condutor Dormindo;Colisão com objeto;Sem Vítimas;Pleno dia;Decrescente;Céu Claro;Simples;Reta;Sim;4;0;0;0;4;0;0;1;-23,42098684;-51,42483871;SPRF-PR;DEL07-PR;UOP03-DEL07-PR
572532;04/01/2024;quinta-feira;06:30:00;SC;282;583;PINHALZINHO;Condutor Dormindo;Saída de leito carroçável;Com Vítimas Feridas;Amanhecer;Crescente;Céu Claro;Simples;"Aclive;Curva";Não;4;0;1;0;3;0;1;1;-26,828905;-53,009552;SPRF-SC;DEL07-SC;UOP02-DEL07-SC
572535;03/01/2024;quarta-feira;21:45:00;RJ;40;103;DUQUE DE CAXIAS;Sistema de drenagem ineficiente;Colisão lateral mesmo sentido;Com Vítimas Feridas;Plena Noite;Crescente;Chuva;Múltipla;Reta;Sim;2;0;1;0;1;0;1;2;-22,62009;-43,286922;SPRF-RJ;DEL01-RJ;UOP02-DEL01-RJ
572536;04/01/2024;quinta-feira;09:15:00;BA;116;12;VITORIA DA CONQUISTA;Condutor deixou de manter distância do veículo da frente;Colisão traseira;Com Vítimas Feridas;Pleno dia;Crescente;Céu Claro;Simples;Reta;Sim;2;0;1;0;1;0;1;2;-14,878;-40,8712;SPRF-BA;DEL08-BA;UOP01-DEL08-BA
572537;04/01/2024;quinta-feira;05:00:00;SP;116;327;JUQUITIBA;Chuva;Saída de leito carroçável;Com Vítimas Feridas;Amanhecer;Decrescente;Chuva;Dupla;Curva;Sim;1;0;1;0;0;0;1;1;-23,93901304;-47,06241203;SPRF-SP;DEL04-SP;UOP03-DEL04-SP
572539;04/01/2024;quinta-feira;09:10:00;SC;282;48;AGUAS MORNAS;Velocidade Incompatível;Colisão com objeto;Com Vítimas Feridas;Pleno dia;Crescente;Chuva;Dupla;Curva;Não;5;0;1;0;4;0;1;1;-27,714352;-48,938072;SPRF-SC;DEL01-SC;UOP03-DEL01-SC
572542;04/01/2024;quinta-feira;09:30:00;SC;101;210;SAO JOSE;Ausência de reação do condutor;Colisão traseira;Com Vítimas Feridas;Pleno dia;Decrescente;Céu Claro;Simples;Reta;Sim;3;0;2;0;1;0;2;2;-27,6167305;-48,6457265;SPRF-SC;DEL01-SC;UOP01-DEL01-SC
572545;04/01/2024;quinta-feira;10:10:00;RS;293;12;CAPAO DO LEAO;Acessar a via sem observar a presença dos outros veículos;Colisão lateral mesmo sentido;Com Vítimas Feridas;Pleno dia;Crescente;Nublado;Simples;Reta;Não;2;0;1;0;1;0;1;2;-31,75636452;-52,44078991;SPRF-RS;DEL07-RS;UOP01-DEL07-RS
572546;04/01/2024;quinta-feira;08:40:00;PA;230;117;MARABA;Ausência de reação do condutor;Colisão transversal;Com Vítimas Feridas;Pleno dia;Decrescente;Céu Claro;Dupla;"Reta;Retorno Regulamentado";Sim;3;0;1;1;1;0;2;2;-5,35569904;-49,09047302;SPRF-PA;DEL03-PA;UOP01-DEL03-PA
572553;04/01/2024;quinta-feira;10:40:00;CE;20;189,5;BOA VIAGEM;Reação tardia ou ineficiente do condutor;Saída de leito carroçável;Com Vítimas Feridas;Pleno dia;Crescente;Céu Claro;Simples;"Ponte;Declive";Não;4;0;2;2;0;0;4;1;-5,21919537;-39,80596861;SPRF-CE;DEL02-CE;UOP02-DEL02-CE
572556;04/01/2024;quinta-feira;10:40:00;SC;101;144,3;ITAPEMA;Trafegar com motocicleta (ou similar) entre as faixas;Colisão lateral mesmo sentido;Com Vítimas Feridas;Pleno dia;Decrescente;Céu Claro;Dupla;Reta;Sim;4;0;1;1;2;0;2;2;-27,0732659;-48,59672716;SPRF-SC;DEL04-SC;UOP03-DEL04-SC
572557;04/01/2024;quinta-feira;11:40:00;PR;376;623;SAO JOSE DOS PINHAIS;Ausência de reação do condutor;Saída de leito carroçável;Com Vítimas Feridas;Pleno dia;Decrescente;Nublado;Dupla;Reta;Não;2;0;2;0;0;0;2;1;-25,63462416;-49,16182135;SPRF-PR;DEL01-PR;UOP04-DEL01-PR
572559;04/01/2024;quinta-feira;10:40:00;SP;116;391;MIRACATU;Avarias e/ou desgaste excessivo no pneu;Saída de leito carroçável;Sem Vítimas;Pleno dia;Decrescente;Nublado;Dupla;Reta;Sim;4;0;0;0;4;0;0;1;-24,27988597;-47,42392801;SPRF-SP;DEL04-SP;UOP02-DEL04-SP
572560;04/01/2024;quinta-feira;10:10:00;MT;163;694;LUCAS DO RIO VERDE;Acessar a via sem observar a presença dos outros veículos;Colisão transversal;Com Vítimas Feridas;Pleno dia;Crescente;Nublado;Simples;Interseção de Vias;Não;2;0;1;0;1;0;1;2;-13,12620914;-55,96026168;SPRF-MT;DEL06-MT;UOP01-DEL06-MT
572566;04/01/2024;quinta-feira;10:44:00;MT;364;436;VARZEA GRANDE;Acessar a via sem observar a presença dos outros veículos;Colisão transversal;Com Vítimas Feridas;Pleno dia;Crescente;Céu Claro;Dupla;Reta;Sim;2;0;0;1;1;0;1;2;-15,63709882;-56,20400548;SPRF-MT;DEL01-MT;UOP02-DEL01-MT
572569;04/01/2024;quinta-feira;12:12:00;DF;60;28;BRASILIA;Chuva;Saída de leito carroçável;Com Vítimas Feridas;Pleno dia;Crescente;Chuva;Dupla;Curva;Não;4;0;3;0;1;0;3;1;-16,020638;-48,250832;SPRF-DF;DEL03-DF;UOP01-DEL03-DF
572570;04/01/2024;quinta-feira;11:40:00;MT;163;697;SORRISO;Reação tardia ou ineficiente do condutor;Colisão transversal;Com Vítimas Fatais;Pleno dia;Crescente;Chuva;Simples;"Reta;Declive";Não;5;1;0;4;0;0;4;2;-13,000802;-55,886957;SPRF-MT;DEL06-MT;UOP01-DEL06-MT
572571;04/01/2024;quinta-feira;13:10:00;SP;116;10,5;QUELUZ;Reação tardia ou ineficiente do condutor;Colisão com objeto;Com Vítimas Feridas;Pleno dia;Decrescente;Sol;Dupla;Reta;Não;5;0;2;2;0;1;4;2;-22,5443706;-44,78777297;SPRF-SP;DEL08-SP;UOP02-DEL08-SP
572573;04/01/2024;quinta-feira;07:20:00;MG;116;222;CATUJI;Reação tardia ou ineficiente do condutor;Saída de leito carroçável;Com Vítimas Feridas;Amanhecer;Decrescente;Céu Claro;Simples;"Curva;Declive";Não;5;0;0;1;4;0;1;1;-17,42343294;-41,51418802;SPRF-MG;DEL11-MG;UOP01-DEL11-MG
572574;04/01/2024;quinta-feira;13:15:00;MG;40;746,5;SANTOS DUMONT;Chuva;Saída de leito carroçável;Com Vítimas Feridas;Pleno dia;Crescente;Chuva;Simples;Curva;Não;3;0;2;0;1;0;2;1;-21,43028197;-43,55615283;SPRF-MG;DEL05-MG;UOP01-DEL05-MG
572578;04/01/2024;quinta-feira;13:30:00;SP;116;347;MIRACATU;Chuva;Saída de leito carroçável;Com Vítimas Feridas;Pleno dia;Decrescente;Chuva;Dupla;Curva;Não;1;0;1;0;0;0;1;1;-24,04699491;-47,19706111;SPRF-SP;DEL04-SP;UOP03-DEL04-SP
572579;04/01/2024;quinta-feira;13:25:00;SP;116;74,4;APARECIDA;Ausência de reação do condutor;Colisão traseira;Com Vítimas Feridas;Pleno dia;Crescente;Nublado;Dupla;Reta;Não;2;0;0;1;1;0;1;2;-22,87353809;-45,25320023;SPRF-SP;DEL08-SP;UOP01-DEL08-SP
572580;04/01/2024;quinta-feira;14:00:00;RS;116;243;SAO LEOPOLDO;Condutor deixou de manter distância do veículo da frente;Colisão traseira;Com Vítimas Feridas;Pleno dia;Decrescente;Céu Claro;Dupla;"Reta;Aclive;Viaduto";Sim;3;0;1;0;2;0;1;2;-29,73196199;-51,14952004;SPRF-RS;DEL01-RS;UOP02-DEL01-RS
572581;04/01/2024;quinta-feira;13:00:00;MT;163;829,2;SINOP;Manobra de mudança de faixa;Colisão lateral mesmo sentido;Com Vítimas Feridas;Pleno dia;Decrescente;Nublado;Dupla;"Reta;Retorno Regulamentado";Sim;2;0;1;0;1;0;1;2;-11,90957671;-55,50753021;SPRF-MT;DEL06-MT;UOP02-DEL06-MT
572583;04/01/2024;quinta-feira;13:05:00;MT;364;299,3;JACIARA;Reação tardia ou ineficiente do condutor;Saída de leito carroçável;Com Vítimas Feridas;Pleno dia;Decrescente;Chuva;Dupla;Curva;Sim;2;0;0;1;1;0;1;1;-15,84691555;-55,14590671;SPRF-MT;DEL05-MT;UOP02-DEL05-MT
572587;04/01/2024;quinta-feira;14:00:00;SC;101;148;ITAPEMA;Reação tardia ou ineficiente do condutor;Colisão traseira;Sem Vítimas;Pleno dia;Decrescente;Nublado;Múltipla;"Reta;Aclive;Viaduto";Sim;2;0;0;0;2;0;0;2;-27,10123686;-48,61807962;SPRF-SC;DEL04-SC;UOP03-DEL04-SC
572592;04/01/2024;quinta-feira;14:25:00;MG;381;497,6;BETIM;Manobra de mudança de faixa;Colisão lateral mesmo sentido;Com Vítimas Feridas;Pleno dia;Crescente;Nublado;Dupla;"Declive;Reta";Sim;2;0;0;1;1;0;1;2;-19,98351264;-44,20218229;SPRF-MG;DEL01-MG;UOP03-DEL01-MG
572594;04/01/2024;quinta-feira;14:35:00;PE;101;69;RECIFE;Condutor deixou de manter distância do veículo da frente;Queda de ocupante de veículo;Com Vítimas Feridas;Pleno dia;Crescente;Céu Claro;Dupla;Reta;Sim;1;0;0;1;0;0;1;1;-8,05951606;-34,94581024;SPRF-PE;DEL01-PE;UOP01-DEL01-PE
572595;04/01/2024;quinta-feira;12:55:00;SP;116;104,6;TAUBATE;Condutor deixou de manter distância do veículo da frente;Engavetamento;Com Vítimas Feridas;Pleno dia;Crescente;Nublado;Dupla;Reta;Sim;6;0;2;0;4;0;2;4;-23,00340176;-45,50626912;SPRF-SP;DEL02-SP;UOP02-DEL02-SP
572596;04/01/2024;quinta-feira;14:15:00;PI;343;2,5;TERESINA;Transitar no Acostamento;Colisão lateral mesmo sentido;Com Vítimas Feridas;Pleno dia;Crescente;Céu Claro;Dupla;Reta;Sim;2;0;0;1;1;0;1;2;-5,089569;-42,802288;SPRF-PI;DEL01-PI;UOP01-DEL01-PI
572602;04/01/2024;quinta-feira;14:30:00;SC;101;148,5;ITAPEMA;Reação tardia ou ineficiente do condutor;Colisão traseira;Com Vítimas Feridas;Pleno dia;Decrescente;Céu Claro;Dupla;Reta;Sim;7;0;1;1;5;0;2;4;-27,10123686;-48,61807962;SPRF-SC;DEL04-SC;UOP03-DEL04-SC
572603;04/01/2024;quinta-feira;10:20:00;MG;365;337;VARJAO DE MINAS;Reação tardia ou ineficiente do condutor;Saída de leito carroçável;Com Vítimas Feridas;Pleno dia;Crescente;Chuva;Simples;Reta;Não;3;0;0;3;0;0;3;1;-18,329179;-46,010077;SPRF-MG;DEL10-MG;UOP01-DEL10-MG
572604;04/01/2024;quinta-feira;09:26:00;MT;163;1051;MATUPA;Reação tardia ou ineficiente do condutor;Colisão traseira;Sem Vítimas;Pleno dia;Decrescente;Garoa/Chuvisco;Simples;Reta;Não;2;0;0;0;2;0;0;2;-10,19924493;-54,9557021;SPRF-MT;DEL06-MT;UOP03-DEL06-MT
572606;04/01/2024;quinta-feira;14:45:00;RS;290;316;CACAPAVA DO SUL;Desrespeitar a preferência no cruzamento;Colisão transversal;Com Vítimas Feridas;Pleno dia;Crescente;Céu Claro;Simples;"Reta;Interseção de Vias";Não;5;0;3;0;2;0;3;2;-30,36893654;-53,36145401;SPRF-RS;DEL09-RS;UOP02-DEL09-RS
572607;04/01/2024;quinta-feira;01:00:00;MG;40;602,3;CONGONHAS;Pedestre andava na pista;Atropelamento de Pedestre;Com Vítimas Feridas;Plena Noite;Decrescente;Chuva;Simples;Curva;Sim;2;0;0;1;0;1;1;2;-20,44080893;-43,84106375;SPRF-MG;DEL05-MG;UOP02-DEL05-MG
572610;04/01/2024;quinta-feira;16:40:00;RN;110;47,8;MOSSORO;Acessar a via sem observar a presença dos outros veículos;Colisão transversal;Com Vítimas Feridas;Pleno dia;Crescente;Céu Claro;Simples;Reta;Sim;2;0;1;0;1;0;1;2;-5,20338376;-37,32563418;SPRF-RN;DEL04-RN;UOP01-DEL04-RN
572611;04/01/2024;quinta-feira;16:00:00;SE;101;204;CRISTINAPOLIS;Pedestre cruzava a pista fora da faixa;Atropelamento de Pedestre;Com Vítimas Feridas;Pleno dia;Decrescente;Céu Claro;Simples;Reta;Não;3;0;0;1;2;0;1;2;-11,50911405;-37,78955394;SPRF-SE;DEL02-SE;UOP03-DEL02-SE
572612;04/01/2024;quinta-feira;16:00:00;RJ;101;205;CASIMIRO DE ABREU;Transitar no Acostamento;Colisão transversal;Com Vítimas Feridas;Pleno dia;Decrescente;Céu Claro;Simples;Reta;Sim;4;0;2;0;2;0;2;2;-22,475714;-42,19184;SPRF-RJ;DEL08-RJ;UOP04-DEL08-RJ
572615;04/01/2024;quinta-feira;16:24:00;RN;405;189;MAJOR SALES;Pista esburacada;Saída de leito carroçável;Com Vítimas Fatais;Pleno dia;Crescente;Céu Claro;Simples;Aclive;Não;1;1;0;0;0;0;0;1;-6,42234872;-38,32632832;SPRF-RN;DEL04-RN;UOP02-DEL04-RN
572617;04/01/2024;quinta-feira;16:46:00;MG;365;692,8;MONTE ALEGRE DE MINAS;Reação tardia ou ineficiente do condutor;Colisão lateral mesmo sentido;Com Vítimas Feridas;Pleno dia;Crescente;Céu Claro;Dupla;Reta;Não;2;0;1;0;1;0;1;2;-18,877272;-48,922042;SPRF-MG;DEL15-MG;UOP03-DEL15-MG
572620;04/01/2024;quinta-feira;17:00:00;RS;101;71,1;OSORIO;Ingestão de álcool pelo condutor;Colisão frontal;Com Vítimas Feridas;Pleno dia;Crescente;Sol;Dupla;Reta;Não;3;0;1;2;0;0;3;2;-29,756752;-50,215613;SPRF-RS;DEL03-RS;UOP01-DEL03-RS
572622;04/01/2024;quinta-feira;15:00:00;MA;230;33;BARAO DE GRAJAU;Ausência de reação do condutor;Saída de leito carroçável;Com Vítimas Feridas;Pleno dia;Decrescente;Céu Claro;Simples;Curva;Não;1;0;1;0;0;0;1;1;-6,68457681;-43,28033591;SPRF-PI;DEL03-PI;UOP01-DEL03-PI
572623;04/01/2024;quinta-feira;17:40:00;SP;101;48;UBATUBA;Acessar a via sem observar a presença dos outros veículos;Colisão transversal;Com Vítimas Feridas;Pleno dia;Crescente;Chuva;Simples;Interseção de Vias;Sim;2;0;1;0;1;0;1;2;-23,43696329;-45,08768768;SPRF-SP;DEL06-SP;UOP01-DEL06-SP
572624;04/01/2024;quinta-feira;17:13:00;PI;316;313;PICOS;Velocidade Incompatível;Colisão transversal;Com Vítimas Feridas;Pleno dia;Decrescente;Céu Claro;Simples;Reta;Não;2;0;0;1;1;0;1;2;-7,07773585;-41,44441009;SPRF-PI;DEL04-PI;UOP01-DEL04-PI
572625;04/01/2024;quinta-feira;16:30:00;PI;343;345;TERESINA;Condutor desrespeitou a iluminação vermelha do semáforo;Colisão transversal;Sem Vítimas;Pleno dia;Crescente;Céu Claro;Dupla;Reta;Sim;2;0;0;0;2;0;0;2;-5,10611884;-42,76777983;SPRF-PI;DEL01-PI;UOP01-DEL01-PI
572627;04/01/2024;quinta-feira;18:30:00;SP;116;225;GUARULHOS;Chuva;Queda de ocupante de veículo;Com Vítimas Feridas;Plena Noite;Decrescente;Chuva;Múltipla;Reta;Sim;2;0;1;0;1;0;1;1;-23,48586772;-46,54075317;SPRF-SP;DEL01-SP;UOP01-DEL01-SP
572629;04/01/2024;quinta-feira;17:45:00;SC;101;117,3;ITAJAI;Desrespeitar a preferência no cruzamento;Colisão transversal;Com Vítimas Feridas;Pleno dia;Crescente;Céu Claro;Múltipla;"Interseção de Vias;Viaduto";Sim;2;0;1;0;1;0;1;2;-26,88747187;-48,72252969;SPRF-SC;DEL04-SC;UOP04-DEL04-SC
572630;04/01/2024;quinta-feira;18:10:00;SC;101;137;BALNEARIO CAMBORIU;Trafegar com motocicleta (ou similar) entre as faixas;Colisão lateral mesmo sentido;Com Vítimas Feridas;Pleno dia;Decrescente;Nublado;Múltipla;"Aclive;Reta;Viaduto";Sim;3;0;2;0;1;0;2;2;-27,0157238;-48,61192763;SPRF-SC;DEL04-SC;UOP03-DEL04-SC
572631;04/01/2024;quinta-feira;15:46:00;GO;153;413;ANAPOLIS;Velocidade Incompatível;Saída de leito carroçável;Com Vítimas Feridas;Pleno dia;Decrescente;Chuva;Simples;"Declive;Reta;Ponte";Não;1;0;0;1;0;0;1;1;-16,119982;-49,036469;SPRF-GO;DEL02-GO;UOP02-DEL02-GO
572633;04/01/2024;quinta-feira;17:50:00;SC;163;70;SAO MIGUEL DO OESTE;Acessar a via sem observar a presença dos outros veículos;Colisão transversal;Com Vítimas Feridas;Pleno dia;Decrescente;Céu Claro;Simples;"Interseção de Vias;Reta";Sim;2;0;1;0;1;0;1;2;-26,73461723;-53,50680015;SPRF-SC;DEL07-SC;UOP03-DEL07-SC
572634;04/01/2024;quinta-feira;16:00:00;GO;153;590,5;MORRINHOS;Chuva;Saída de leito carroçável;Com Vítimas Feridas;Pleno dia;Crescente;Chuva;Dupla;"Declive;Reta";Não;3;0;1;0;2;0;1;1;-17,4675;-49,2187;SPRF-GO;DEL03-GO;UOP01-DEL03-GO
572636;04/01/2024;quinta-feira;19:19:00;RN;406;168;SAO GONCALO DO AMARANTE;Animais na Pista;Atropelamento de Animal;Sem Vítimas;Plena Noite;Decrescente;Céu Claro;Dupla;Reta;Sim;1;0;0;0;1;0;0;1;-5,75269453;-35,31535484;SPRF-RN;DEL02-RN;UOP01-DEL02-RN
572638;04/01/2024;quinta-feira;12:40:00;SC;101;344;TUBARAO;Acumulo de água sobre o pavimento;Saída de leito carroçável;Sem Vítimas;Pleno dia;Crescente;Chuva;Múltipla;Curva;Não;4;0;0;0;4;0;0;1;-28,53647889;-49,0531826;SPRF-SC;DEL02-SC;UOP01-DEL02-SC
572639;04/01/2024;quinta-feira;17:40:00;PR;369;86;CORNELIO PROCOPIO;Curva acentuada;Colisão frontal;Com Vítimas Feridas;Pleno dia;Crescente;Céu Claro;Dupla;Curva;Sim;7;0;1;4;2;0;5;4;-23,173287;-50,618162;SPRF-PR;DEL07-PR;UOP05-DEL07-PR
572642;04/01/2024;quinta-feira;18:00:00;SP;381;68;MAIRIPORA;Ausência de reação do condutor;Saída de leito carroçável;Com Vítimas Feridas;Anoitecer;Crescente;Garoa/Chuvisco;Dupla;Reta;Não;3;0;2;0;1;0;2;2;-23,34401;-46,571672;SPRF-SP;DEL03-SP;UOP01-DEL03-SP
572643;04/01/2024;quinta-feira;19:41:00;RN;101;85,7;NATAL;Condutor deixou de manter distância do veículo da frente;Engavetamento;Com Vítimas Feridas;Plena Noite;Decrescente;Céu Claro;Simples;"Reta;Ponte";Sim;5;0;1;0;4;0;1;4;-5,78230411;-35,24730563;SPRF-RN;DEL02-RN;UOP01-DEL02-RN
572644;04/01/2024;quinta-feira;18:15:00;CE;116;154,1;RUSSAS;Condutor deixou de manter distância do veículo da frente;Colisão traseira;Com Vítimas Feridas;Plena Noite;Crescente;Céu Claro;Simples;Reta;Não;3;0;3;0;0;0;3;2;-4,86890407;-38,0287231;SPRF-CE;DEL03-CE;UOP01-DEL03-CE
572646;04/01/2024;quinta-feira;18:10:00;MG;116;415;GOVERNADOR VALADARES;Acessar a via sem observar a presença dos outros veículos;Colisão transversal;Com Vítimas Feridas;Pleno dia;Crescente;Chuva;Simples;Interseção de Vias;Sim;2;0;1;0;1;0;1;2;-18,88401297;-41,94924399;SPRF-MG;DEL06-MG;UOP01-DEL06-MG
572648;04/01/2024;quinta-feira;19:30:00;RJ;40;83;DUQUE DE CAXIAS;Chuva;Capotamento;Com Vítimas Feridas;Plena Noite;Decrescente;Chuva;Simples;"Curva;Viaduto";Sim;2;0;1;0;1;0;1;1;-22,51910302;-43,22873364;SPRF-RJ;DEL01-RJ;UOP01-DEL01-RJ
572649;04/01/2024;quinta-feira;20:40:00;PR;116;12,6;COLOMBO;Ausência de reação do condutor;Colisão frontal;Com Vítimas Feridas;Plena Noite;Decrescente;Nublado;Dupla;"Aclive;Reta";Sim;2;0;1;1;0;0;2;2;-25,3755;-49,1496;SPRF-PR;DEL01-PR;UOP02-DEL01-PR
572650;04/01/2024;quinta-feira;20:40:00;PR;376;625;SAO JOSE DOS PINHAIS;Ausência de reação do condutor;Tombamento;Com Vítimas Feridas;Plena Noite;Crescente;Garoa/Chuvisco;Dupla;"Curva;Declive";Não;1;0;1;0;0;0;1;1;-25,66561037;-49,15383762;SPRF-PR;DEL01-PR;UOP04-DEL01-PR
572652;04/01/2024;quinta-feira;20:50:00;BA;116;824;VITORIA DA CONQUISTA;Condutor deixou de manter distância do veículo da frente;Colisão traseira;Com Vítimas Feridas;Plena Noite;Decrescente;Garoa/Chuvisco;Dupla;Reta;Sim;7;0;1;0;6;0;1;3;-14,86018;-40,8496;SPRF-BA;DEL08-BA;UOP01-DEL08-BA
572653;04/01/2024;quinta-feira;20:50:00;RJ;465;14;SEROPEDICA;Ultrapassagem Indevida;Colisão transversal;Com Vítimas Feridas;Plena Noite;Crescente;Garoa/Chuvisco;Simples;Reta;Não;2;0;1;0;1;0;1;2;-22,804979;-43,638828;SPRF-RJ;DEL06-RJ;UOP02-DEL06-RJ
572654;04/01/2024;quinta-feira;21:00:00;SC;282;5,4;SAO JOSE;Reação tardia ou ineficiente do condutor;Tombamento;Com Vítimas Feridas;Plena Noite;Crescente;Garoa/Chuvisco;Dupla;"Curva;Declive";Sim;2;0;2;0;0;0;2;1;-27,588425;-48,612919;SPRF-SC;DEL01-SC;UOP01-DEL01-SC
572655;04/01/2024;quinta-feira;21:28:00;ES;101;70;SAO MATEUS;Chuva;Atropelamento de Pedestre;Com Vítimas Feridas;Plena Noite;Crescente;Garoa/Chuvisco;Simples;Reta;Sim;2;0;2;0;0;0;2;2;-18,74453703;-39,86164665;SPRF-ES;DEL04-ES;UOP02-DEL04-ES
572656;04/01/2024;quinta-feira;19:35:00;SC;101;3,9;ARARANGUA;Acessar a via sem observar a presença dos outros veículos;Colisão transversal;Com Vítimas Feridas;Plena Noite;Decrescente;Céu Claro;Simples;Reta;Sim;2;0;0;1;1;0;1;2;-28,9356;-49,4864;SPRF-SC;DEL02-SC;UOP02-DEL02-SC
572658;04/01/2024;quinta-feira;21:38:00;SP;116;320;JUQUITIBA;Ultrapassagem Indevida;Saída de leito carroçável;Sem Vítimas;Plena Noite;Decrescente;Céu Claro;Dupla;Reta;Sim;1;0;0;0;1;0;0;1;-23,93226;-47,00835;SPRF-SP;DEL04-SP;UOP03-DEL04-SP
572660;04/01/2024;quinta-feira;20:40:00;GO;60;38;GOIANIA;Pista Escorregadia;Colisão traseira;Com Vítimas Feridas;Plena Noite;Crescente;Chuva;Dupla;Reta;Sim;2;0;1;0;1;0;1;2;-16,6777;-49,2676;SPRF-GO;DEL01-GO;UOP02-DEL01-GO
572662;04/01/2024;quinta-feira;22:30:00;GO;40;100,1;CRISTALINA;Ausência de reação do condutor;Saída de leito carroçável;Com Vítimas Feridas;Plena Noite;Crescente;Garoa/Chuvisco;Simples;"Aclive;Reta";Não;1;0;1;0;0;0;1;1;-16,786355;-47,579207;SPRF-DF;DEL01-DF;UOP02-DEL01-DF
572663;04/01/2024;quinta-feira;20:14:00;MG;116;281,2;TEOFILO OTONI;Transitar na contramão;Colisão lateral sentido oposto;Com Vítimas Feridas;Plena Noite;Crescente;Nublado;Simples;"Aclive;Curva";Não;7;0;1;3;2;1;4;3;-17,89352518;-41,52352462;SPRF-MG;DEL11-MG;UOP01-DEL11-MG
572664;04/01/2024;quinta-feira;23:00:00;SP;116;221;GUARULHOS;Pedestre andava na pista;Atropelamento de Pedestre;Com Vítimas Feridas;Plena Noite;Decrescente;Céu Claro;Múltipla;Reta;Não;2;0;0;1;1;0;1;2;-23,46802395;-46,50704901;SPRF-SP;DEL01-SP;UOP01-DEL01-SP
572666;04/01/2024;quinta-feira;21:25:00;PR;376;494,7;PONTA GROSSA;Demais falhas mecânicas ou elétricas;Saída de leito carroçável;Com Vítimas Feridas;Plena Noite;Decrescente;Nublado;Dupla;"Declive;Reta";Sim;1;0;0;1;0;0;1;1;-25,1321428;-50,1691895;SPRF-PR;DEL03-PR;UOP04-DEL03-PR
572667;04/01/2024;quinta-feira;21:35:00;PR;116;83,6;PIRAQUARA;Reação tardia ou ineficiente do condutor;Capotamento;Com Vítimas Feridas;Plena Noite;Crescente;Garoa/Chuvisco;Dupla;Curva;Não;2;0;1;0;1;0;1;1;-25,42089417;-49,07238381;SPRF-PR;DEL01-PR;UOP07-DEL01-PR
572668;04/01/2024;quinta-feira;22:52:00;GO;80;2;PADRE BERNARDO;Demais falhas na via;Saída de leito carroçável;Com Vítimas Feridas;Plena Noite;Crescente;Nevoeiro/Neblina;Simples;"Interseção de Vias;Declive";Não;1;0;1;0;0;0;1;1;-15,502505;-48,21132;SPRF-DF;DEL03-DF;UOP02-DEL03-DF
572669;04/01/2024;quinta-feira;22:40:00;SC;470;70;INDAIAL;Condutor Dormindo;Colisão com objeto;Com Vítimas Feridas;Plena Noite;Decrescente;Garoa/Chuvisco;Simples;Reta;Sim;2;0;2;0;0;0;2;1;-26,889374;-49,254478;SPRF-SC;DEL04-SC;UOP01-DEL04-SC
572674;04/01/2024;quinta-feira;23:50:00;DF;70;16;BRASILIA;Ausência de reação do condutor;Colisão traseira;Com Vítimas Feridas;Plena Noite;Crescente;Nevoeiro/Neblina;Dupla;Reta;Sim;2;0;1;0;1;0;1;2;-15,796144;-48,194225;SPRF-DF;DEL03-DF;UOP02-DEL03-DF