id;data_inversa;dia_semana;horario;uf;br;km;municipio;causa_acidente;tipo_acidente;classificacao_acidente;fase_dia;sentido_via;condicao_metereologica;tipo_pista;tracado_via;uso_solo;pessoas;mortos;feridos_leves;feridos_graves;ilesos;ignorados;feridos;veiculos;latitude;longitude;regional;delegacia;uop
573063;06/01/2024;sábado;23:30:00;MS;463;63;PONTA PORA;Ingestão de álcool pelo condutor;Colisão com objeto;Sem Vítimas;Plena Noite;Decrescente;Céu Claro;Simples;Reta;Não;1;0;0;0;1;0;0;1;-22,41977737;-55,35147067;SPRF-MS;DEL04-MS;UOP03-DEL04-MS
573064;06/01/2024;sábado;20:00:00;BA;101;828;ITAMARAJU;Ausência de reação do condutor;Saída de leito carroçável;Com Vítimas Feridas;Plena Noite;Decrescente;Céu Claro;Simples;Curva;Não;1;0;1;0;0;0;1;1;-17,16135173;-39,57395631;SPRF-BA;DEL09-BA;UOP02-DEL09-BA
573065;07/01/2024;domingo;00:40:00;PR;277;70;SAO JOSE DOS PINHAIS;Ausência de reação do condutor;Colisão com objeto;Com Vítimas Feridas;Plena Noite;Crescente;Céu Claro;Dupla;Reta;Não;5;0;5;0;0;0;5;1;-25,51219323;-49,12599251;SPRF-PR;DEL01-PR;UOP01-DEL01-PR
573066;07/01/2024;domingo;00:30:00;SP;381;87;SAO PAULO;Condutor deixou de manter distância do veículo da frente;Colisão traseira;Com Vítimas Feridas;Plena Noite;Decrescente;Céu Claro;Múltipla;Curva;Não;2;0;1;0;1;0;1;2;-23,46885001;-46,56996601;SPRF-SP;DEL03-SP;UOP01-DEL03-SP
573067;06/01/2024;sábado;23:50:00;DF;80;21,3;BRASILIA;Pedestre andava na pista;Atropelamento de Pedestre;Com Vítimas Feridas;Plena Noite;Crescente;Chuva;Dupla;Reta;Sim;2;0;0;1;1;0;1;2;-15,658299;-48,20282;SPRF-DF;DEL03-DF;UOP02-DEL03-DF
573068;07/01/2024;domingo;00:15:00;GO;60;222;CEZARINA;Demais falhas mecânicas ou elétricas;Incêndio;Sem Vítimas;Plena Noite;Crescente;Céu Claro;Dupla;"Reta;Declive";Não;1;0;0;0;1;0;0;1;-16,9927;-49,7616;SPRF-GO;DEL01-GO;UOP02-DEL01-GO
573070;07/01/2024;domingo;01:25:00;RS;290;721,2;URUGUAIANA;Reação tardia ou ineficiente do condutor;Colisão traseira;Com Vítimas Feridas;Plena Noite;Decrescente;Céu Claro;Dupla;"Rotatória;Interseção de Vias";Sim;4;0;1;0;3;0;1;1;-29,758587;-57,060295;SPRF-RS;DEL13-RS;UOP01-DEL13-RS
573071;07/01/2024;domingo;01:00:00;RJ;101;484,8;ANGRA DOS REIS;Frear bruscamente;Colisão traseira;Com Vítimas Feridas;Plena Noite;Crescente;Nublado;Simples;Reta;Sim;2;0;1;0;1;0;1;2;-22,99096308;-44,30429882;SPRF-RJ;DEL03-RJ;UOP03-DEL03-RJ
573072;07/01/2024;domingo;00:15:00;SP;101;48;UBATUBA;Acessar a via sem observar a presença dos outros veículos;Colisão transversal;Com Vítimas Feridas;Plena Noite;Crescente;Céu Claro;Dupla;Reta;Sim;2;0;2;0;0;0;2;2;-23,43696329;-45,08768768;SPRF-SP;DEL06-SP;UOP01-DEL06-SP
573074;07/01/2024;domingo;01:00:00;PA;10;17,3;DOM ELISEU;Acesso irregular;Colisão transversal;Com Vítimas Feridas;Plena Noite;Decrescente;Chuva;Simples;Reta;Não;2;0;0;2;0;0;2;2;-4,30201297;-47,55571979;SPRF-PA;DEL02-PA;UOP02-DEL02-PA
573076;07/01/2024;domingo;01:10:00;SP;381;87;SAO PAULO;Ausência de reação do condutor;Colisão com objeto;Sem Vítimas;Plena Noite;Decrescente;Céu Claro;Múltipla;Curva;Sim;1;0;0;0;1;0;0;1;-23,46885001;-46,56996601;SPRF-SP;DEL03-SP;UOP01-DEL03-SP
573077;07/01/2024;domingo;01:47:00;DF;20;7;BRASILIA;Velocidade Incompatível;Capotamento;Sem Vítimas;Plena Noite;Crescente;Céu Claro;Dupla;"Reta;Declive";Sim;1;0;0;0;0;1;0;1;-15,662208;-47,799866;SPRF-DF;DEL02-DF;UOP01-DEL02-DF
573078;07/01/2024;domingo;02:10:00;PB;230;40,1;SANTA RITA;Demais falhas mecânicas ou elétricas;Incêndio;Sem Vítimas;Plena Noite;Decrescente;Céu Claro;Dupla;"Reta;Declive";Não;1;0;0;0;1;0;0;1;-7,1414;-34,9778;SPRF-PB;DEL01-PB;UOP03-DEL01-PB
573080;07/01/2024;domingo;01:00:00;RJ;101;4,3;CAMPOS DOS GOYTACAZES;Ausência de reação do condutor;Tombamento;Com Vítimas Feridas;Plena Noite;Decrescente;Céu Claro;Simples;Reta;Não;1;0;1;0;0;0;1;1;-21,25155306;-41,32614715;SPRF-RJ;DEL08-RJ;UOP01-DEL08-RJ
573081;06/01/2024;sábado;21:00:00;MT;70;611;POCONE;Avarias e/ou desgaste excessivo no pneu;Saída de leito carroçável;Sem Vítimas;Plena Noite;Crescente;Céu Claro;Simples;Curva;Não;4;0;0;0;4;0;0;1;-15,85262815;-56,82197101;SPRF-MT;DEL03-MT;UOP02-DEL03-MT
573082;07/01/2024;domingo;02:30:00;MG;365;603;UBERLANDIA;Velocidade Incompatível;Saída de leito carroçável;Sem Vítimas;Plena Noite;Decrescente;Nublado;Simples;Curva;Não;1;0;0;0;0;1;0;1;-18,89492;-48,130775;SPRF-MG;DEL15-MG;UOP01-DEL15-MG
573084;07/01/2024;domingo;03:30:00;BA;242;850;BARREIRAS;Ingestão de álcool pelo condutor;Colisão com objeto;Com Vítimas Feridas;Plena Noite;Crescente;Céu Claro;Simples;Reta;Não;3;0;0;1;2;0;1;2;-12,10967583;-45,28842497;SPRF-BA;DEL10-BA;UOP01-DEL10-BA
573086;07/01/2024;domingo;02:40:00;SC;163;70;SAO MIGUEL DO OESTE;Ingestão de álcool pelo condutor;Colisão com objeto;Com Vítimas Feridas;Plena Noite;Crescente;Céu Claro;Dupla;Curva;Sim;1;0;1;0;0;0;1;1;-26,73259865;-53,51011276;SPRF-SC;DEL07-SC;UOP03-DEL07-SC
573087;07/01/2024;domingo;02:20:00;RO;319;63;PORTO VELHO;Ingestão de álcool pelo condutor;Colisão traseira;Com Vítimas Feridas;Plena Noite;Crescente;Nublado;Múltipla;"Interseção de Vias;Reta";Sim;2;0;1;0;1;0;1;2;-8,75553578;-63,88687563;SPRF-RO;DEL01-RO;UOP01-DEL01-RO
573088;07/01/2024;domingo;02:10:00;MT;163;685;LUCAS DO RIO VERDE;Reação tardia ou ineficiente do condutor;Tombamento;Com Vítimas Feridas;Plena Noite;Crescente;Céu Claro;Simples;Reta;Sim;1;0;0;1;0;0;1;1;-13,09489;-55,946049;SPRF-MT;DEL06-MT;UOP01-DEL06-MT
573089;07/01/2024;domingo;03:00:00;SP;116;166,3;JACAREI;Demais falhas mecânicas ou elétricas;Incêndio;Sem Vítimas;Plena Noite;Decrescente;Nublado;Dupla;Reta;Sim;1;0;0;0;1;0;0;1;-23,30055667;-46,01686506;SPRF-SP;DEL02-SP;UOP01-DEL02-SP
573090;07/01/2024;domingo;03:50:00;SC;280;49;GUARAMIRIM;Ausência de sinalização;Tombamento;Com Vítimas Feridas;Plena Noite;Crescente;Céu Claro;Simples;Reta;Sim;1;0;1;0;0;0;1;1;-26,45850039;-48,93692786;SPRF-SC;DEL03-SC;UOP03-DEL03-SC
573091;07/01/2024;domingo;03:30:00;MG;262;772,9;UBERABA;Reação tardia ou ineficiente do condutor;Tombamento;Com Vítimas Feridas;Plena Noite;Decrescente;Céu Claro;Simples;"Curva;Rotatória";Não;1;0;1;0;0;0;1;1;-19,71372977;-47,70846322;SPRF-MG;DEL13-MG;UOP01-DEL13-MG
573093;06/01/2024;sábado;22:30:00;SC;101;1;ARARANGUA;Condutor deixou de manter distância do veículo da frente;Colisão traseira;Com Vítimas Feridas;Plena Noite;Crescente;Céu Claro;Simples;Rotatória;Não;2;0;1;0;1;0;1;2;-28,9356;-49,4864;SPRF-SC;DEL02-SC;UOP02-DEL02-SC
573094;07/01/2024;domingo;03:50:00;MG;381;548,9;RIO MANSO;Ausência de reação do condutor;Queda de ocupante de veículo;Com Vítimas Feridas;Plena Noite;Decrescente;Céu Claro;Dupla;Reta;Não;1;0;1;0;0;0;1;1;-20,3102109;-44,44993116;SPRF-MG;DEL04-MG;UOP03-DEL04-MG
573095;07/01/2024;domingo;04:45:00;RJ;116;172;SAO JOAO DE MERITI;Reação tardia ou ineficiente do condutor;Colisão traseira;Com Vítimas Feridas;Amanhecer;Decrescente;Céu Claro;Múltipla;Reta;Não;3;0;1;0;2;0;1;2;-22,80188151;-43,35043673;SPRF-RJ;DEL06-RJ;UOP01-DEL06-RJ
573096;06/01/2024;sábado;20:45:00;SP;153;70,1;SAO JOSE DO RIO PRETO;Ausência de reação do condutor;Colisão traseira;Com Vítimas Feridas;Plena Noite;Decrescente;Nublado;Dupla;Reta;Sim;3;0;2;0;0;1;2;2;-20,85197874;-49,40070263;SPRF-SP;DEL09-SP;UOP01-DEL09-SP
573097;07/01/2024;domingo;04:30:00;GO;414;380,6;CORUMBA DE GOIAS;Ingestão de álcool pelo condutor;Saída de leito carroçável;Com Vítimas Feridas;Plena Noite;Crescente;Nublado;Simples;Curva;Não;2;0;0;2;0;0;2;1;-15,831619;-48,780258;SPRF-GO;DEL02-GO;UOP01-DEL02-GO
573098;07/01/2024;domingo;04:30:00;SC;101;139;BALNEARIO CAMBORIU;Ausência de reação do condutor;Capotamento;Sem Vítimas;Amanhecer;Decrescente;Nublado;Dupla;Curva;Sim;1;0;0;0;1;0;0;1;-27,02982303;-48,60115006;SPRF-SC;DEL04-SC;UOP03-DEL04-SC
573099;07/01/2024;domingo;05:00:00;RJ;101;484;ANGRA DOS REIS;Transitar na contramão;Colisão frontal;Com Vítimas Feridas;Amanhecer;Decrescente;Céu Claro;Simples;"Aclive;Curva";Não;3;0;0;2;0;1;2;2;-22,99096308;-44,30429882;SPRF-RJ;DEL03-RJ;UOP03-DEL03-RJ
573100;07/01/2024;domingo;05:24:00;SC;101;191;BIGUACU;Pista Escorregadia;Saída de leito carroçável;Com Vítimas Feridas;Amanhecer;Decrescente;Chuva;Dupla;Curva;Não;5;0;1;0;4;0;1;2;-27,47730273;-48,64127329;SPRF-SC;DEL01-SC;UOP01-DEL01-SC
573101;07/01/2024;domingo;05:55:00;GO;60;130;GOIANIA;Condutor Dormindo;Colisão traseira;Sem Vítimas;Amanhecer;Decrescente;Céu Claro;Dupla;Reta;Não;4;0;0;0;4;0;0;2;-16,5675;-49,1554;SPRF-GO;DEL01-GO;UOP01-DEL01-GO
573102;07/01/2024;domingo;05:00:00;AL;104;60,9;MURICI;Animais na Pista;Atropelamento de Animal;Com Vítimas Fatais;Amanhecer;Crescente;Céu Claro;Simples;Reta;Não;1;1;0;0;0;0;0;1;-9,31312007;-35,93329509;SPRF-AL;DEL01-AL;UOP02-DEL01-AL
573103;07/01/2024;domingo;04:47:00;GO;20;167,7;ALVORADA DO NORTE;Ingestão de álcool pelo condutor;Saída de leito carroçável;Sem Vítimas;Amanhecer;Decrescente;Céu Claro;Simples;Reta;Não;1;0;0;0;0;1;0;1;-14,567964;-46,57032;SPRF-DF;DEL02-DF;UOP03-DEL02-DF
573104;07/01/2024;domingo;05:15:00;SC;163;1,5;DIONISIO CERQUEIRA;Ingestão de álcool pelo condutor;Colisão com objeto;Com Vítimas Feridas;Amanhecer;Crescente;Céu Claro;Simples;"Em Obras;Reta";Sim;2;0;0;2;0;0;2;1;-26,268284;-53,628391;SPRF-SC;DEL07-SC;UOP03-DEL07-SC
573105;07/01/2024;domingo;04:55:00;RS;392;352,5;SANTA MARIA;Pedestre cruzava a pista fora da faixa;Atropelamento de Pedestre;Com Vítimas Fatais;Plena Noite;Crescente;Céu Claro;Dupla;Reta;Sim;4;1;0;0;1;2;0;2;-29,72361353;-53,80644321;SPRF-RS;DEL09-RS;UOP01-DEL09-RS
573106;07/01/2024;domingo;02:40:00;MG;116;582,7;MANHUACU;Transitar na contramão;Colisão frontal;Com Vítimas Feridas;Plena Noite;Crescente;Céu Claro;Simples;Reta;Não;2;0;1;0;1;0;1;2;-20,20514103;-42,18239627;SPRF-MG;DEL06-MG;UOP03-DEL06-MG
573108;07/01/2024;domingo;05:17:00;SC;101;457,9;SAO JOAO DO SUL;Condutor Dormindo;Colisão com objeto;Sem Vítimas;Pleno dia;Crescente;Céu Claro;Múltipla;Reta;Não;1;0;0;0;1;0;0;1;-29,243574;-49,754735;SPRF-SC;DEL02-SC;UOP02-DEL02-SC
573109;07/01/2024;domingo;05:51:00;GO;60;33;ALEXANIA;Reação tardia ou ineficiente do condutor;Capotamento;Sem Vítimas;Amanhecer;Decrescente;Céu Claro;Dupla;Aclive;Sim;2;0;0;0;0;2;0;1;-16,0963;-48,5202;SPRF-DF;DEL03-DF;UOP01-DEL03-DF
573110;07/01/2024;domingo;05:00:00;SP;116;511;CAJATI;Condutor Dormindo;Colisão com objeto;Com Vítimas Feridas;Amanhecer;Crescente;Nublado;Simples;Reta;Não;3;0;1;0;2;0;1;1;-24,83558399;-48,2223738;SPRF-SP;DEL05-SP;UOP02-DEL05-SP
573111;06/01/2024;sábado;19:40:00;MT;158;642,1;NOVA XAVANTINA;Animais na Pista;Atropelamento de Animal;Com Vítimas Feridas;Plena Noite;Crescente;Nublado;Simples;Reta;Não;4;0;1;1;2;0;2;1;-14,57856201;-52,36195191;SPRF-MT;DEL07-MT;UOP02-DEL07-MT
573112;07/01/2024;domingo;06:26:00;CE;222;4;CAUCAIA;Ausência de reação do condutor;Colisão traseira;Sem Vítimas;Amanhecer;Decrescente;Céu Claro;Múltipla;Reta;Não;3;0;0;0;3;0;0;2;-3,7403769;-38,59569202;SPRF-CE;DEL01-CE;UOP01-DEL01-CE
573113;07/01/2024;domingo;07:15:00;SC;470;74,1;INDAIAL;Demais falhas mecânicas ou elétricas;Incêndio;Sem Vítimas;Pleno dia;Decrescente;Céu Claro;Simples;"Reta;Aclive";Não;1;0;0;0;0;1;0;1;-26,916288;-49,280807;SPRF-SC;DEL04-SC;UOP01-DEL04-SC
573114;07/01/2024;domingo;07:00:00;MG;262;818;UBERABA;Animais na Pista;Atropelamento de Animal;Com Vítimas Feridas;Pleno dia;Decrescente;Céu Claro;Dupla;Reta;Não;2;0;2;0;0;0;2;1;-19,76344636;-48,13141707;SPRF-MG;DEL13-MG;UOP01-DEL13-MG
573115;07/01/2024;domingo;07:00:00;PB;101;21,2;RIO TINTO;Ingestão de álcool pelo condutor;Colisão com objeto;Sem Vítimas;Plena Noite;Crescente;Céu Claro;Dupla;"Aclive;Curva";Não;1;0;0;0;0;1;0;1;-6,67218202;-35,11323207;SPRF-PB;DEL01-PB;UOP04-DEL01-PB
573116;07/01/2024;domingo;06:05:00;SC;282;583;PINHALZINHO;Velocidade Incompatível;Saída de leito carroçável;Com Vítimas Feridas;Pleno dia;Decrescente;Céu Claro;Simples;"Aclive;Curva";Não;1;0;0;1;0;0;1;1;-26,828905;-53,009552;SPRF-SC;DEL07-SC;UOP02-DEL07-SC
573120;07/01/2024;domingo;07:00:00;MG;381;884,5;ESTIVA;Manobra de mudança de faixa;Colisão lateral mesmo sentido;Com Vítimas Feridas;Pleno dia;Crescente;Céu Claro;Dupla;"Curva;Retorno Regulamentado";Não;10;0;1;0;9;0;1;2;-22,49638781;-46,01390904;SPRF-MG;DEL16-MG;UOP03-DEL16-MG
573122;03/01/2024;quarta-feira;19:30:00;BA;110;379;CATU;Transitar na contramão;Colisão frontal;Sem Vítimas;Plena Noite;Decrescente;Céu Claro;Simples;Reta;Não;3;0;0;0;3;0;0;2;-12,44136496;-38,47474858;SPRF-BA;DEL01-BA;UOP01-DEL01-BA
573123;07/01/2024;domingo;08:36:00;CE;116;4;FORTALEZA;Condutor deixou de manter distância do veículo da frente;Colisão lateral mesmo sentido;Com Vítimas Feridas;Pleno dia;Crescente;Céu Claro;Múltipla;Reta;Sim;2;0;1;0;1;0;1;2;-3,7867209;-38,5114568;SPRF-CE;DEL01-CE;UOP02-DEL01-CE
573124;07/01/2024;domingo;06:30:00;RN;304;42,2;MOSSORO;Transitar no Acostamento;Colisão traseira;Com Vítimas Fatais;Pleno dia;Crescente;Céu Claro;Dupla;Reta;Não;2;1;0;0;0;1;0;2;-5,21278093;-37,37221494;SPRF-RN;DEL04-RN;UOP01-DEL04-RN
573125;07/01/2024;domingo;08:15:00;SP;116;290;ITAPECERICA DA SERRA;Pedestre andava na pista;Atropelamento de Pedestre;Com Vítimas Feridas;Pleno dia;Crescente;Céu Claro;Dupla;Curva;Sim;3;0;2;1;0;0;3;2;-23,7303281;-46,89425963;SPRF-SP;DEL04-SP;UOP01-DEL04-SP
573126;07/01/2024;domingo;07:30:00;MS;163;479;CAMPO GRANDE;Ausência de reação do condutor;Queda de ocupante de veículo;Com Vítimas Feridas;Pleno dia;Crescente;Céu Claro;Simples;"Interseção de Vias;Reta";Sim;1;0;0;1;0;0;1;1;-20,481159;-54,559349;SPRF-MS;DEL01-MS;UOP01-DEL01-MS
573128;07/01/2024;domingo;08:30:00;SC;101;326,9;CAPIVARI DE BAIXO;Manobra de mudança de faixa;Colisão lateral mesmo sentido;Com Vítimas Feridas;Pleno dia;Decrescente;Céu Claro;Dupla;Declive;Sim;6;0;2;0;4;0;2;2;-28,4385;-48,961647;SPRF-SC;DEL02-SC;UOP01-DEL02-SC
573129;07/01/2024;domingo;07:30:00;SC;470;67,5;INDAIAL;Reação tardia ou ineficiente do condutor;Tombamento;Com Vítimas Feridas;Pleno dia;Crescente;Céu Claro;Simples;Viaduto;Sim;1;0;1;0;0;0;1;1;-26,872158;-49,23127;SPRF-SC;DEL04-SC;UOP01-DEL04-SC
573130;07/01/2024;domingo;07:50:00;MS;163;485;CAMPO GRANDE;Conversão proibida;Colisão frontal;Com Vítimas Feridas;Pleno dia;Decrescente;Céu Claro;Simples;Reta;Sim;5;0;4;0;1;0;4;2;-20,44233707;-54,54201834;SPRF-MS;DEL01-MS;UOP02-DEL01-MS
573131;07/01/2024;domingo;08:45:00;DF;251;23;BRASILIA;Condutor Dormindo;Saída de leito carroçável;Com Vítimas Feridas;Pleno dia;Crescente;Céu Claro;Simples;Reta;Não;1;0;1;0;0;0;1;1;-15,96038008;-47,66770363;SPRF-DF;DEL01-DF;UOP01-DEL01-DF
573132;07/01/2024;domingo;08:00:00;MT;163;838;SINOP;Chuva;Queda de ocupante de veículo;Com Vítimas Feridas;Pleno dia;Crescente;Chuva;Simples;"Interseção de Vias;Reta";Sim;2;0;2;0;0;0;2;1;-11,960007;-55,516914;SPRF-MT;DEL06-MT;UOP02-DEL06-MT
573133;07/01/2024;domingo;10:30:00;SP;381;86,6;SAO PAULO;Reação tardia ou ineficiente do condutor;Saída de leito carroçável;Com Vítimas Feridas;Pleno dia;Crescente;Sol;Múltipla;Reta;Sim;6;0;0;1;5;0;1;1;-23,45930499;-46,57161179;SPRF-SP;DEL03-SP;UOP01-DEL03-SP
573135;07/01/2024;domingo;10:25:00;DF;20;21;BRASILIA;Velocidade Incompatível;Colisão traseira;Com Vítimas Feridas;Pleno dia;Crescente;Sol;Dupla;Reta;Sim;3;0;1;0;2;0;1;2;-15,603384;-47,684692;SPRF-DF;DEL02-DF;UOP01-DEL02-DF
573137;07/01/2024;domingo;10:50:00;BA;101;871;TEIXEIRA DE FREITAS;Falta de elemento de contenção que evite a saída do leito carroçável;Saída de leito carroçável;Sem Vítimas;Pleno dia;Decrescente;Céu Claro;Simples;Reta;Não;2;0;0;0;2;0;0;1;-17,50524773;-39,70458984;SPRF-BA;DEL09-BA;UOP02-DEL09-BA
573138;07/01/2024;domingo;10:40:00;MG;381;778,9;CAMPANHA;Ausência de reação do condutor;Colisão com objeto;Com Vítimas Feridas;Pleno dia;Decrescente;Céu Claro;Dupla;Curva;Não;3;0;3;0;0;0;3;1;-21,80625995;-45,47828615;SPRF-MG;DEL16-MG;UOP02-DEL16-MG
573139;02/01/2024;terça-feira;14:55:00;PE;316;58;TRINDADE;Acessar a via sem observar a presença dos outros veículos;Colisão transversal;Sem Vítimas;Pleno dia;Crescente;Sol;Simples;"Aclive;Interseção de Vias;Rotatória;Reta";Sim;7;0;0;0;7;0;0;2;-7,75370631;-40,26496546;SPRF-PE;DEL05-PE;UOP02-DEL05-PE
573140;07/01/2024;domingo;10:30:00;MG;262;411,9;IGARATINGA;Manobra de mudança de faixa;Colisão transversal;Com Vítimas Feridas;Pleno dia;Decrescente;Céu Claro;Dupla;"Rotatória;Reta";Não;4;0;3;1;0;0;4;2;-19,88744145;-44,64074377;SPRF-MG;DEL08-MG;UOP03-DEL08-MG
573142;07/01/2024;domingo;10:30:00;RS;153;46,4;ERECHIM;Conversão proibida;Colisão lateral mesmo sentido;Com Vítimas Feridas;Pleno dia;Decrescente;Sol;Simples;"Aclive;Reta";Sim;4;0;3;0;1;0;3;2;-27,63719296;-52,24007607;SPRF-RS;DEL08-RS;UOP04-DEL08-RS
573143;07/01/2024;domingo;11:10:00;MG;262;384;FLORESTAL;Ausência de reação do condutor;Tombamento;Com Vítimas Feridas;Plena Noite;Decrescente;Céu Claro;Dupla;Curva;Não;2;0;2;0;0;0;2;1;-19,93073825;-44,41148997;SPRF-MG;DEL01-MG;UOP03-DEL01-MG
573144;07/01/2024;domingo;08:30:00;RO;364;11;VILHENA;Desrespeitar a preferência no cruzamento;Colisão lateral mesmo sentido;Sem Vítimas;Pleno dia;Decrescente;Céu Claro;Simples;Reta;Sim;2;0;0;0;2;0;0;2;-12,74605898;-60,11270299;SPRF-RO;DEL04-RO;UOP01-DEL04-RO
573145;07/01/2024;domingo;11:50:00;SC;101;161;TIJUCAS;Ausência de reação do condutor;Queda de ocupante de veículo;Com Vítimas Feridas;Pleno dia;Decrescente;Céu Claro;Dupla;Reta;Sim;1;0;1;0;0;0;1;1;-27,21673911;-48,6244238;SPRF-SC;DEL04-SC;UOP03-DEL04-SC
573149;07/01/2024;domingo;11:20:00;RS;116;363;TAPES;Reação tardia ou ineficiente do condutor;Saída de leito carroçável;Com Vítimas Feridas;Pleno dia;Decrescente;Céu Claro;Dupla;"Aclive;Reta";Não;3;0;1;0;2;0;1;1;-30,64814964;-51,56101323;SPRF-RS;DEL02-RS;UOP02-DEL02-RS
573150;07/01/2024;domingo;12:00:00;PR;277;57;SAO JOSE DOS PINHAIS;Trafegar com motocicleta (ou similar) entre as faixas;Colisão lateral mesmo sentido;Com Vítimas Feridas;Pleno dia;Decrescente;Céu Claro;Dupla;Reta;Não;3;0;3;0;0;0;3;2;-25,58123713;-48,96273806;SPRF-PR;DEL01-PR;UOP01-DEL01-PR
573151;07/01/2024;domingo;09:15:00;MG;116;321;ITAMBACURI;Pista esburacada;Tombamento;Com Vítimas Feridas;Pleno dia;Crescente;Céu Claro;Simples;Reta;Não;4;0;1;0;3;0;1;1;-18,16374317;-41,70333555;SPRF-MG;DEL11-MG;UOP01-DEL11-MG
573152;07/01/2024;domingo;10:20:00;PB;116;7,2;CACHOEIRA DOS INDIOS;Acessar a via sem observar a presença dos outros veículos;Colisão transversal;Sem Vítimas;Pleno dia;Crescente;Céu Claro;Simples;Reta;Não;2;0;0;0;2;0;0;2;-6,956637;-38,723457;SPRF-CE;DEL05-CE;UOP03-DEL05-CE
573153;07/01/2024;domingo;11:50:00;MT;364;360;SANTO ANTONIO DO LEVERGER;Reação tardia ou ineficiente do condutor;Queda de ocupante de veículo;Com Vítimas Feridas;Pleno dia;Crescente;Céu Claro;Dupla;Reta;Não;1;0;1;0;0;0;1;1;-15,77736395;-55,62882902;SPRF-MT;DEL01-MT;UOP02-DEL01-MT
573154;07/01/2024;domingo;11:50:00;RR;401;24;CANTA;Avarias e/ou desgaste excessivo no pneu;Tombamento;Com Vítimas Feridas;Pleno dia;Decrescente;Nublado;Dupla;Reta;Não;2;0;2;0;0;0;2;1;2,88449107;-60,51362303;SPRF-RR;DEL01-RR;UOP01-DEL01-RR
573155;07/01/2024;domingo;12:10:00;MG;40;619,7;CONGONHAS;Velocidade Incompatível;Saída de leito carroçável;Com Vítimas Feridas;Pleno dia;Decrescente;Nublado;Simples;Curva;Não;2;0;1;0;1;0;1;1;-20,58037292;-43,80739658;SPRF-MG;DEL05-MG;UOP02-DEL05-MG
573156;07/01/2024;domingo;11:05:00;RJ;116;148;DUQUE DE CAXIAS;Pista Escorregadia;Tombamento;Com Vítimas Feridas;Pleno dia;Crescente;Céu Claro;Dupla;"Curva;Declive";Sim;2;0;2;0;0;0;2;1;-22,6723488;-43,28215398;SPRF-RJ;DEL01-RJ;UOP02-DEL01-RJ
573158;07/01/2024;domingo;13:00:00;PR;369;152;LONDRINA;Ingestão de álcool pelo condutor;Colisão com objeto;Com Vítimas Feridas;Pleno dia;Decrescente;Céu Claro;Dupla;"Reta;Aclive";Sim;1;0;0;1;0;0;1;1;-23,2929943;-51,1754533;SPRF-PR;DEL07-PR;UOP01-DEL07-PR
573159;07/01/2024;domingo;13:12:00;ES;101;261,9;SERRA;Ausência de reação do condutor;Colisão traseira;Com Vítimas Feridas;Pleno dia;Decrescente;Céu Claro;Dupla;Retorno Regulamentado;Não;2;0;1;0;1;0;1;2;-20,14854215;-40,27970926;SPRF-ES;DEL02-ES;UOP01-DEL02-ES
573165;07/01/2024;domingo;12:30:00;MA;10;253;IMPERATRIZ;Reação tardia ou ineficiente do condutor;Colisão transversal;Com Vítimas Feridas;Pleno dia;Crescente;Céu Claro;Simples;Reta;Sim;3;0;1;0;1;1;1;3;-5,526911;-47,471455;SPRF-MA;DEL04-MA;UOP01-DEL04-MA
573167;07/01/2024;domingo;12:45:00;MG;251;338;FRUTA DE LEITE;Acessar a via sem observar a presença dos outros veículos;Colisão transversal;Com Vítimas Feridas;Pleno dia;Crescente;Nublado;Simples;"Reta;Aclive";Não;4;0;0;1;3;0;1;2;-16,254636;-42,440086;SPRF-MG;DEL12-MG;UOP02-DEL12-MG
573168;07/01/2024;domingo;14:20:00;MG;40;661,9;CARANDAI;Retorno proibido;Colisão transversal;Com Vítimas Feridas;Pleno dia;Crescente;Céu Claro;Simples;Curva;Não;5;0;2;2;1;0;4;2;-20,91689285;-43,82501635;SPRF-MG;DEL05-MG;UOP02-DEL05-MG
573169;07/01/2024;domingo;12:42:00;RJ;101;169;MACAE;Acesso irregular;Colisão lateral sentido oposto;Com Vítimas Feridas;Pleno dia;Decrescente;Céu Claro;Dupla;Curva;Não;7;0;3;0;4;0;3;2;-22,35125958;-41,9221205;SPRF-RJ;DEL08-RJ;UOP04-DEL08-RJ
573170;07/01/2024;domingo;10:50:00;RJ;101;428;MANGARATIBA;Ausência de reação do condutor;Colisão traseira;Com Vítimas Feridas;Pleno dia;Crescente;Céu Claro;Dupla;Reta;Não;2;0;1;0;1;0;1;2;-22,93391858;-43,9899979;SPRF-RJ;DEL03-RJ;UOP02-DEL03-RJ
573171;07/01/2024;domingo;13:35:00;MS;60;529,2;NIOAQUE;Reação tardia ou ineficiente do condutor;Saída de leito carroçável;Com Vítimas Feridas;Pleno dia;Crescente;Sol;Simples;Reta;Não;1;0;1;0;0;0;1;1;-21,126456;-55,739399;SPRF-MS;DEL05-MS;UOP01-DEL05-MS
573172;07/01/2024;domingo;13:20:00;MS;163;486;CAMPO GRANDE;Acessar a via sem observar a presença dos outros veículos;Colisão transversal;Sem Vítimas;Pleno dia;Decrescente;Céu Claro;Simples;"Reta;Aclive";Sim;2;0;0;0;2;0;0;2;-20,4336361;-54,54376745;SPRF-MS;DEL01-MS;UOP02-DEL01-MS
573173;07/01/2024;domingo;13:00:00;MT;364;310,8;JACIARA;Ausência de reação do condutor;Saída de leito carroçável;Com Vítimas Feridas;Pleno dia;Crescente;Céu Claro;Dupla;Reta;Não;3;0;3;0;0;0;3;1;-15,81540349;-55,23875092;SPRF-MT;DEL05-MT;UOP02-DEL05-MT