id;data_inversa;dia_semana;horario;uf;br;km;municipio;causa_acidente;tipo_acidente;classificacao_acidente;fase_dia;sentido_via;condicao_metereologica;tipo_pista;tracado_via;uso_solo;pessoas;mortos;feridos_leves;feridos_graves;ilesos;ignorados;feridos;veiculos;latitude;longitude;regional;delegacia;uop
573276;08/01/2024;segunda-feira;00:50:00;TO;230;137,6;ARAGUATINS;Reação tardia ou ineficiente do condutor;Colisão traseira;Com Vítimas Feridas;Plena Noite;Crescente;Garoa/Chuvisco;Simples;Reta;Não;5;0;4;0;1;0;4;2;-5,736606;-48,088705;SPRF-TO;DEL02-TO;UOP03-DEL02-TO
573277;07/01/2024;domingo;23:30:00;PE;423;84,9;SAO JOAO;Animais na Pista;Atropelamento de Animal;Com Vítimas Feridas;Plena Noite;Crescente;Céu Claro;Simples;Reta;Não;8;0;1;0;3;4;1;3;-8,798195;-36,43809;SPRF-PE;DEL03-PE;UOP01-DEL03-PE
573278;07/01/2024;domingo;21:00:00;SP;459;28;LORENA;Reação tardia ou ineficiente do condutor;Colisão traseira;Com Vítimas Feridas;Plena Noite;Crescente;Céu Claro;Simples;Reta;Não;3;0;1;1;1;0;2;2;-22,709425;-45,113232;SPRF-SP;DEL08-SP;UOP02-DEL08-SP
573280;08/01/2024;segunda-feira;00:59:00;GO;40;29,9;LUZIANIA;Ausência de reação do condutor;Colisão com objeto;Sem Vítimas;Plena Noite;Decrescente;Céu Claro;Dupla;Curva;Sim;1;0;0;0;1;0;0;1;-16,273718;-47,871456;SPRF-DF;DEL01-DF;UOP01-DEL01-DF
573281;07/01/2024;domingo;23:30:00;PA;10;204;IPIXUNA DO PARA;Acostamento em desnível;Saída de leito carroçável;Com Vítimas Feridas;Pleno dia;Decrescente;Céu Claro;Simples;"Reta;Declive";Não;2;0;1;1;0;0;2;1;-2,64533;-47,47846145;SPRF-PA;DEL02-PA;UOP01-DEL02-PA
573282;08/01/2024;segunda-feira;02:30:00;RS;386;341;LAJEADO;Reação tardia ou ineficiente do condutor;Saída de leito carroçável;Sem Vítimas;Plena Noite;Decrescente;Céu Claro;Dupla;"Aclive;Curva";Não;1;0;0;0;0;1;0;1;-29,425882;-52,019684;SPRF-RS;DEL04-RS;UOP01-DEL04-RS
573283;08/01/2024;segunda-feira;02:50:00;PE;101;129,1;ESCADA;Transitar no Acostamento;Colisão com objeto;Com Vítimas Fatais;Plena Noite;Crescente;Céu Claro;Dupla;Curva;Não;1;1;0;0;0;0;0;1;-8,38595;-35,250695;SPRF-PE;DEL01-PE;UOP03-DEL01-PE
573284;08/01/2024;segunda-feira;00:15:00;SC;282;455,5;PONTE SERRADA;Ausência de reação do condutor;Saída de leito carroçável;Com Vítimas Feridas;Plena Noite;Decrescente;Céu Claro;Simples;Reta;Não;3;0;3;0;0;0;3;1;-26,888617;-51,99427;SPRF-SC;DEL07-SC;UOP04-DEL07-SC
573285;08/01/2024;segunda-feira;02:00:00;DF;20;5;BRASILIA;Animais na Pista;Atropelamento de Animal;Sem Vítimas;Plena Noite;Crescente;Nublado;Dupla;"Aclive;Ponte;Reta";Sim;15;0;0;0;15;0;0;1;-15,670546;-47,816044;SPRF-DF;DEL02-DF;UOP01-DEL02-DF
573286;08/01/2024;segunda-feira;01:45:00;MT;163;728;SORRISO;Ingestão de álcool pelo condutor;Saída de leito carroçável;Sem Vítimas;Plena Noite;Decrescente;Nublado;Simples;Reta;Não;1;0;0;0;1;0;0;1;-12,85395281;-55,82996748;SPRF-MT;DEL06-MT;UOP01-DEL06-MT
573288;08/01/2024;segunda-feira;05:00:00;MG;381;860,5;POUSO ALEGRE;Condutor Dormindo;Saída de leito carroçável;Com Vítimas Feridas;Amanhecer;Decrescente;Céu Claro;Dupla;Curva;Não;2;0;2;0;0;0;2;1;-22,32533297;-45,91080492;SPRF-MG;DEL16-MG;UOP01-DEL16-MG
573289;08/01/2024;segunda-feira;04:30:00;MS;163;84,5;ITAQUIRAI;Reação tardia ou ineficiente do condutor;Saída de leito carroçável;Com Vítimas Feridas;Pleno dia;Crescente;Céu Claro;Simples;"Reta;Declive";Não;2;0;2;0;0;0;2;1;-23,42380201;-54,20709108;SPRF-MS;DEL09-MS;UOP01-DEL09-MS
573290;08/01/2024;segunda-feira;05:45:00;GO;60;169;GOIANIA;Ingestão de álcool pelo condutor;Colisão traseira;Com Vítimas Feridas;Amanhecer;Decrescente;Céu Claro;Dupla;"Reta;Aclive";Sim;2;0;0;1;1;0;1;2;-16,7269;-49,3822;SPRF-GO;DEL01-GO;UOP02-DEL01-GO
573291;08/01/2024;segunda-feira;05:30:00;RJ;101;75;CAMPOS DOS GOYTACAZES;Demais falhas mecânicas ou elétricas;Incêndio;Sem Vítimas;Pleno dia;Crescente;Céu Claro;Simples;Reta;Não;1;0;0;0;1;0;0;1;-21,816525;-41,397686;SPRF-RJ;DEL08-RJ;UOP02-DEL08-RJ
573292;08/01/2024;segunda-feira;03:50:00;GO;20;56,6;FORMOSA;Entrada inopinada do pedestre;Atropelamento de Pedestre;Com Vítimas Fatais;Plena Noite;Decrescente;Chuva;Simples;"Reta;Aclive";Não;2;1;0;0;0;1;0;2;-15,280248;-47,154476;SPRF-DF;DEL02-DF;UOP02-DEL02-DF
573293;08/01/2024;segunda-feira;06:15:00;SC;101;134;BALNEARIO CAMBORIU;Desrespeitar a preferência no cruzamento;Colisão transversal;Com Vítimas Feridas;Pleno dia;Crescente;Céu Claro;Múltipla;Rotatória;Sim;2;0;1;0;1;0;1;2;-27,00218;-48,636433;SPRF-SC;DEL04-SC;UOP03-DEL04-SC
573294;08/01/2024;segunda-feira;06:45:00;SE;235;5;NOSSA SENHORA DO SOCORRO;Condutor deixou de manter distância do veículo da frente;Colisão traseira;Com Vítimas Feridas;Pleno dia;Decrescente;Sol;Dupla;Reta;Sim;3;0;1;0;2;0;1;2;-10,9041;-37,1278;SPRF-SE;DEL01-SE;UOP01-DEL01-SE
573295;07/01/2024;domingo;16:30:00;RJ;116;67;TERESOPOLIS;Condutor Dormindo;Saída de leito carroçável;Com Vítimas Feridas;Pleno dia;Crescente;Nublado;Simples;Curva;Não;2;0;1;0;1;0;1;1;-22,29371693;-42,93354335;SPRF-RJ;DEL04-RJ;UOP01-DEL04-RJ
573296;08/01/2024;segunda-feira;07:00:00;SC;101;137;BALNEARIO CAMBORIU;Condutor deixou de manter distância do veículo da frente;Colisão traseira;Com Vítimas Feridas;Pleno dia;Decrescente;Céu Claro;Dupla;Reta;Sim;2;0;1;0;1;0;1;2;-27,0157238;-48,61192763;SPRF-SC;DEL04-SC;UOP03-DEL04-SC
573297;08/01/2024;segunda-feira;06:30:00;DF;40;4,8;BRASILIA;Reação tardia ou ineficiente do condutor;Queda de ocupante de veículo;Com Vítimas Feridas;Pleno dia;Decrescente;Nublado;Dupla;Reta;Sim;2;0;1;0;0;1;1;2;-16,012033;-47,982124;SPRF-DF;DEL01-DF;UOP01-DEL01-DF
573298;08/01/2024;segunda-feira;07:10:00;DF;20;6,5;BRASILIA;Chuva;Tombamento;Com Vítimas Feridas;Pleno dia;Decrescente;Garoa/Chuvisco;Dupla;Declive;Sim;1;0;1;0;0;0;1;1;-15,665888;-47,808308;SPRF-DF;DEL02-DF;UOP01-DEL02-DF
573300;08/01/2024;segunda-feira;07:15:00;MG;50;21;UBERLANDIA;Condutor deixou de manter distância do veículo da frente;Tombamento;Com Vítimas Feridas;Pleno dia;Crescente;Céu Claro;Simples;Curva;Sim;1;0;1;0;0;0;1;1;-18,9113;-48,2622;SPRF-MG;DEL15-MG;UOP01-DEL15-MG
573301;08/01/2024;segunda-feira;06:30:00;ES;101;271,3;SERRA;Trafegar com motocicleta (ou similar) entre as faixas;Tombamento;Com Vítimas Feridas;Pleno dia;Decrescente;Céu Claro;Múltipla;Reta;Sim;2;0;0;2;0;0;2;1;-20,2306061;-40,2800467;SPRF-ES;DEL02-ES;UOP01-DEL02-ES
573302;08/01/2024;segunda-feira;06:35:00;RN;406;162;SAO GONCALO DO AMARANTE;Ausência de reação do condutor;Colisão traseira;Com Vítimas Feridas;Pleno dia;Crescente;Céu Claro;Simples;Reta;Não;2;0;1;0;1;0;1;2;-5,7280941;-35,36099113;SPRF-RN;DEL02-RN;UOP01-DEL02-RN
573303;08/01/2024;segunda-feira;07:40:00;SC;101;50;JOINVILLE;Condutor deixou de manter distância do veículo da frente;Engavetamento;Com Vítimas Feridas;Pleno dia;Decrescente;Nublado;Dupla;Reta;Não;6;0;3;0;3;0;3;4;-26,389594;-48,840036;SPRF-SC;DEL03-SC;UOP01-DEL03-SC
573304;08/01/2024;segunda-feira;07:25:00;PB;230;8,8;CABEDELO;Condutor deixou de manter distância do veículo da frente;Colisão traseira;Com Vítimas Feridas;Pleno dia;Decrescente;Céu Claro;Dupla;Reta;Sim;5;0;3;1;0;1;4;4;-7,0355;-34,8429;SPRF-PB;DEL01-PB;UOP01-DEL01-PB
573305;08/01/2024;segunda-feira;08:00:00;MG;116;705,9;MURIAE;Demais falhas mecânicas ou elétricas;Queda de ocupante de veículo;Com Vítimas Feridas;Pleno dia;Crescente;Céu Claro;Simples;Curva;Sim;1;0;1;0;0;0;1;1;-21,149356;-42,383094;SPRF-MG;DEL07-MG;UOP02-DEL07-MG
573307;08/01/2024;segunda-feira;08:00:00;SP;116;144;SAO JOSE DOS CAMPOS;Reação tardia ou ineficiente do condutor;Colisão traseira;Com Vítimas Feridas;Pleno dia;Crescente;Céu Claro;Múltipla;Reta;Sim;6;0;2;0;4;0;2;2;-23,18274416;-45,84633592;SPRF-SP;DEL02-SP;UOP01-DEL02-SP
573308;08/01/2024;segunda-feira;07:50:00;RS;116;266;CANOAS;Ausência de reação do condutor;Colisão traseira;Com Vítimas Feridas;Pleno dia;Decrescente;Céu Claro;Dupla;Reta;Sim;1;0;1;0;0;0;1;1;-29,93242399;-51,17742077;SPRF-RS;DEL01-RS;UOP01-DEL01-RS
573310;08/01/2024;segunda-feira;08:00:00;SC;280;51;GUARAMIRIM;Acessar a via sem observar a presença dos outros veículos;Colisão transversal;Com Vítimas Feridas;Pleno dia;Decrescente;Céu Claro;Dupla;Retorno Regulamentado;Sim;2;0;0;1;1;0;1;2;-26,46538871;-48,95544449;SPRF-SC;DEL03-SC;UOP03-DEL03-SC
573312;08/01/2024;segunda-feira;08:00:00;BA;101;876;TEIXEIRA DE FREITAS;Acessar a via sem observar a presença dos outros veículos;Colisão transversal;Com Vítimas Feridas;Pleno dia;Decrescente;Céu Claro;Simples;Interseção de Vias;Sim;3;0;1;2;0;0;3;2;-17,55500924;-39,72106934;SPRF-BA;DEL09-BA;UOP02-DEL09-BA
573314;08/01/2024;segunda-feira;07:50:00;RJ;101;319;NITEROI;Trafegar com motocicleta (ou similar) entre as faixas;Colisão traseira;Com Vítimas Feridas;Pleno dia;Crescente;Céu Claro;Dupla;Curva;Sim;3;0;1;0;2;0;1;2;-22,85411774;-43,1018014;SPRF-RJ;DEL02-RJ;UOP02-DEL02-RJ
573318;08/01/2024;segunda-feira;09:00:00;PE;428;187,9;PETROLINA;Desrespeitar a preferência no cruzamento;Colisão lateral mesmo sentido;Com Vítimas Feridas;Pleno dia;Crescente;Céu Claro;Simples;"Interseção de Vias;Rotatória";Sim;2;0;1;0;1;0;1;2;-9,35604301;-40,47854198;SPRF-PE;DEL06-PE;UOP01-DEL06-PE
573319;08/01/2024;segunda-feira;09:00:00;RJ;101;294;ITABORAI;Condutor deixou de manter distância do veículo da frente;Colisão traseira;Com Vítimas Feridas;Pleno dia;Decrescente;Sol;Dupla;Reta;Sim;3;0;1;0;2;0;1;2;-22,7584434;-42,89502344;SPRF-RJ;DEL02-RJ;UOP02-DEL02-RJ
573321;08/01/2024;segunda-feira;05:05:00;PI;316;154,5;ELESBAO VELOSO;Transitar na contramão;Colisão frontal;Com Vítimas Fatais;Amanhecer;Decrescente;Nublado;Simples;Reta;Não;4;1;0;0;3;0;0;2;-6,16786899;-42,12577889;SPRF-PI;DEL04-PI;UOP02-DEL04-PI
573322;08/01/2024;segunda-feira;08:30:00;SC;280;28,9;ARAQUARI;Ausência de reação do condutor;Queda de ocupante de veículo;Com Vítimas Feridas;Pleno dia;Decrescente;Céu Claro;Simples;Reta;Não;1;0;1;0;0;0;1;1;-26,40450077;-48,74561031;SPRF-SC;DEL03-SC;UOP03-DEL03-SC
573323;08/01/2024;segunda-feira;06:20:00;PI;343;319,9;ALTOS;Acessar a via sem observar a presença dos outros veículos;Colisão transversal;Com Vítimas Feridas;Pleno dia;Decrescente;Céu Claro;Simples;Reta;Sim;5;0;2;2;1;0;4;4;-5,048245;-42,560604;SPRF-PI;DEL01-PI;UOP01-DEL01-PI
573324;08/01/2024;segunda-feira;08:00:00;GO;60;334;SANTO ANTONIO DA BARRA;Ausência de reação do condutor;Saída de leito carroçável;Com Vítimas Feridas;Pleno dia;Crescente;Céu Claro;Dupla;Reta;Não;2;0;1;0;1;0;1;1;-17,5449;-50,5538;SPRF-GO;DEL04-GO;UOP02-DEL04-GO
573326;08/01/2024;segunda-feira;09:15:00;MG;381;774;CAMPANHA;Objeto estático sobre o leito carroçável;Colisão com objeto;Com Vítimas Feridas;Pleno dia;Crescente;Céu Claro;Dupla;Reta;Não;2;0;0;1;1;0;1;1;-21,80533771;-45,47582709;SPRF-MG;DEL16-MG;UOP02-DEL16-MG
573327;08/01/2024;segunda-feira;09:35:00;SC;101;23;JOINVILLE;Reação tardia ou ineficiente do condutor;Colisão com objeto;Com Vítimas Feridas;Pleno dia;Crescente;Sol;Dupla;Reta;Não;3;0;2;0;1;0;2;1;-26,16582501;-48,90742427;SPRF-SC;DEL03-SC;UOP01-DEL03-SC
573328;08/01/2024;segunda-feira;01:10:00;RJ;40;112;DUQUE DE CAXIAS;Ausência de reação do condutor;Queda de ocupante de veículo;Com Vítimas Fatais;Plena Noite;Decrescente;Céu Claro;Múltipla;Reta;Sim;1;1;0;0;0;0;0;1;-22,7004454;-43,29014851;SPRF-RJ;DEL01-RJ;UOP02-DEL01-RJ
573333;08/01/2024;segunda-feira;11:00:00;SP;116;227;GUARULHOS;Ausência de reação do condutor;Colisão traseira;Com Vítimas Feridas;Pleno dia;Decrescente;Nublado;Múltipla;Reta;Sim;2;0;1;0;1;0;1;2;-23,49659264;-46,55648754;SPRF-SP;DEL01-SP;UOP01-DEL01-SP
573334;08/01/2024;segunda-feira;08:10:00;CE;116;3;FORTALEZA;Condutor deixou de manter distância do veículo da frente;Colisão traseira;Com Vítimas Feridas;Pleno dia;Crescente;Sol;Múltipla;Reta;Sim;2;0;1;0;1;0;1;2;-3,77866493;-38,51490171;SPRF-CE;DEL01-CE;UOP02-DEL01-CE
573338;08/01/2024;segunda-feira;07:35:00;PR;369;148;LONDRINA;Demais falhas mecânicas ou elétricas;Queda de ocupante de veículo;Com Vítimas Feridas;Pleno dia;Decrescente;Céu Claro;Dupla;Reta;Não;1;0;1;0;0;0;1;1;-23,29310146;-51,14292383;SPRF-PR;DEL07-PR;UOP01-DEL07-PR
573340;08/01/2024;segunda-feira;11:30:00;MA;222;666;ACAILANDIA;Acessar a via sem observar a presença dos outros veículos;Atropelamento de Pedestre;Com Vítimas Feridas;Pleno dia;Decrescente;Céu Claro;Simples;Declive;Não;4;0;1;0;1;2;1;3;-4,89816069;-47,39197619;SPRF-MA;DEL04-MA;UOP03-DEL04-MA
573344;08/01/2024;segunda-feira;11:10:00;MG;381;890;CAMBUI;Avarias e/ou desgaste excessivo no pneu;Queda de ocupante de veículo;Com Vítimas Feridas;Pleno dia;Crescente;Céu Claro;Dupla;Reta;Não;2;0;1;0;1;0;1;1;-22,5863847;-46,0498174;SPRF-MG;DEL16-MG;UOP03-DEL16-MG
573345;08/01/2024;segunda-feira;10:00:00;BA;116;820;VITORIA DA CONQUISTA;Reação tardia ou ineficiente do condutor;Colisão lateral mesmo sentido;Com Vítimas Feridas;Pleno dia;Crescente;Nublado;Simples;Declive;Não;2;0;1;0;1;0;1;2;-14,8335;-40,8391;SPRF-BA;DEL08-BA;UOP01-DEL08-BA
573346;08/01/2024;segunda-feira;11:30:00;GO;60;164;GOIANIA;Acessar a via sem observar a presença dos outros veículos;Colisão lateral mesmo sentido;Com Vítimas Feridas;Pleno dia;Decrescente;Céu Claro;Dupla;Reta;Sim;2;0;1;0;1;0;1;2;-16,70248839;-49,33814829;SPRF-GO;DEL01-GO;UOP02-DEL01-GO
573347;07/01/2024;domingo;20:00:00;PI;135;76,5;CANAVIEIRA;Reação tardia ou ineficiente do condutor;Saída de leito carroçável;Com Vítimas Feridas;Plena Noite;Crescente;Ignorado;Simples;Retorno Regulamentado;Não;5;0;4;1;0;0;5;1;-7,31265139;-43,71477191;SPRF-PI;DEL03-PI;UOP01-DEL03-PI
573349;08/01/2024;segunda-feira;12:00:00;MG;50;21,6;UBERLANDIA;Acessar a via sem observar a presença dos outros veículos;Colisão transversal;Com Vítimas Feridas;Pleno dia;Crescente;Sol;Simples;Reta;Sim;2;0;0;1;1;0;1;2;-18,93877353;-48,22184801;SPRF-MG;DEL15-MG;UOP01-DEL15-MG
573351;08/01/2024;segunda-feira;09:15:00;PE;407;128;PETROLINA;Desrespeitar a preferência no cruzamento;Colisão lateral mesmo sentido;Com Vítimas Feridas;Pleno dia;Crescente;Céu Claro;Simples;Rotatória;Sim;3;0;1;0;2;0;1;2;-9,39387565;-40,51133888;SPRF-PE;DEL06-PE;UOP01-DEL06-PE
573352;08/01/2024;segunda-feira;11:20:00;MG;381;172;GOVERNADOR VALADARES;Ultrapassagem Indevida;Saída de leito carroçável;Com Vítimas Feridas;Pleno dia;Decrescente;Céu Claro;Simples;Reta;Não;4;0;1;1;2;0;2;1;-18,98622096;-42,10906603;SPRF-MG;DEL06-MG;UOP01-DEL06-MG
573353;08/01/2024;segunda-feira;10:10:00;MS;163;484,5;CAMPO GRANDE;Reação tardia ou ineficiente do condutor;Engavetamento;Sem Vítimas;Pleno dia;Crescente;Céu Claro;Simples;"Reta;Declive";Sim;11;0;0;0;11;0;0;3;-20,45104898;-54,5403266;SPRF-MS;DEL01-MS;UOP02-DEL01-MS
573355;08/01/2024;segunda-feira;11:31:00;CE;20;281,6;CANINDE;Demais falhas mecânicas ou elétricas;Colisão com objeto;Com Vítimas Feridas;Pleno dia;Decrescente;Céu Claro;Simples;"Curva;Declive";Não;1;0;1;0;0;0;1;1;-4,57207006;-39,35928633;SPRF-CE;DEL02-CE;UOP01-DEL02-CE
573357;08/01/2024;segunda-feira;12:16:00;SC;101;205;SAO JOSE;Ausência de reação do condutor;Colisão traseira;Com Vítimas Feridas;Pleno dia;Decrescente;Céu Claro;Múltipla;Reta;Sim;5;0;1;0;4;0;1;2;-27,58313237;-48,61532885;SPRF-SC;DEL01-SC;UOP01-DEL01-SC
573358;08/01/2024;segunda-feira;07:50:00;BA;407;53,1;JUAZEIRO;Condutor Dormindo;Saída de leito carroçável;Com Vítimas Feridas;Pleno dia;Crescente;Céu Claro;Simples;Reta;Não;1;0;1;0;0;0;1;1;-9,87216168;-40,28692137;SPRF-BA;DEL04-BA;UOP01-DEL04-BA
573359;08/01/2024;segunda-feira;12:15:00;MG;116;151,4;PONTO DOS VOLANTES;Acumulo de água sobre o pavimento;Saída de leito carroçável;Com Vítimas Feridas;Pleno dia;Decrescente;Chuva;Simples;Curva;Não;2;0;1;0;1;0;1;1;-16,85906306;-41,47287414;SPRF-MG;DEL11-MG;UOP02-DEL11-MG
573362;08/01/2024;segunda-feira;11:50:00;RO;319;63;PORTO VELHO;Reação tardia ou ineficiente do condutor;Colisão traseira;Com Vítimas Feridas;Pleno dia;Crescente;Céu Claro;Dupla;Reta;Sim;2;0;1;0;1;0;1;2;-8,75732901;-63,88641;SPRF-RO;DEL01-RO;UOP01-DEL01-RO
573363;08/01/2024;segunda-feira;12:40:00;PA;230;115;MARABA;Manobra de mudança de faixa;Colisão lateral mesmo sentido;Com Vítimas Feridas;Pleno dia;Crescente;Céu Claro;Dupla;Reta;Sim;2;0;2;0;0;0;2;2;-5,36241425;-49,07496007;SPRF-PA;DEL03-PA;UOP01-DEL03-PA
573365;08/01/2024;segunda-feira;13:10:00;RN;304;48,2;MOSSORO;Acesso irregular;Colisão transversal;Com Vítimas Feridas;Pleno dia;Decrescente;Céu Claro;Dupla;Reta;Sim;2;0;1;0;1;0;1;2;-5,22868577;-37,32203081;SPRF-RN;DEL04-RN;UOP01-DEL04-RN
573367;08/01/2024;segunda-feira;11:00:00;BA;110;158;RIBEIRA DO POMBAL;Reação tardia ou ineficiente do condutor;Saída de leito carroçável;Com Vítimas Feridas;Pleno dia;Crescente;Céu Claro;Simples;Reta;Não;3;0;1;0;2;0;1;1;-10,74116731;-38,49881672;SPRF-BA;DEL07-BA;UOP02-DEL07-BA
573368;08/01/2024;segunda-feira;12:50:00;AP;210;1;MACAPA;Condutor deixou de manter distância do veículo da frente;Colisão traseira;Sem Vítimas;Pleno dia;Crescente;Céu Claro;Dupla;Retorno Regulamentado;Sim;3;0;0;0;3;0;0;3;0,07816717;-51,06998693;SPRF-AP;DEL01-AP;UOP01-DEL01-AP
573369;08/01/2024;segunda-feira;12:00:00;RJ;101;485;ANGRA DOS REIS;Velocidade Incompatível;Colisão transversal;Com Vítimas Feridas;Pleno dia;Crescente;Céu Claro;Simples;Rotatória;Sim;2;0;1;0;1;0;1;2;-22,98361897;-44,29586833;SPRF-RJ;DEL03-RJ;UOP03-DEL03-RJ
573372;08/01/2024;segunda-feira;12:50:00;MT;364;335;SANTO ANTONIO DO LEVERGER;Reação tardia ou ineficiente do condutor;Saída de leito carroçável;Sem Vítimas;Pleno dia;Decrescente;Chuva;Dupla;Curva;Não;5;0;0;0;5;0;0;1;-15,8264007;-55,45177389;SPRF-MT;DEL05-MT;UOP02-DEL05-MT
573373;08/01/2024;segunda-feira;13:20:00;SC;101;122,2;ITAJAI;Manobra de mudança de faixa;Colisão lateral mesmo sentido;Com Vítimas Feridas;Pleno dia;Decrescente;Céu Claro;Múltipla;"Reta;Interseção de Vias";Sim;2;0;1;0;1;0;1;2;-26,92955916;-48,70499836;SPRF-SC;DEL04-SC;UOP04-DEL04-SC
573374;08/01/2024;segunda-feira;13:50:00;SP;116;292;ITAPECERICA DA SERRA;Velocidade Incompatível;Tombamento;Com Vítimas Feridas;Pleno dia;Crescente;Nublado;Simples;Retorno Regulamentado;Não;1;0;1;0;0;0;1;1;-23,74581995;-46,90003027;SPRF-SP;DEL04-SP;UOP01-DEL04-SP
573375;02/01/2024;terça-feira;09:40:00;RJ;116;183;NOVA IGUACU;Manobra de mudança de faixa;Colisão lateral mesmo sentido;Com Vítimas Feridas;Pleno dia;Crescente;Céu Claro;Dupla;Reta;Sim;5;0;1;0;4;0;1;2;-22,7516014;-43,43849831;SPRF-RJ;DEL06-RJ;UOP01-DEL06-RJ
573377;08/01/2024;segunda-feira;14:17:00;RN;101;97;NATAL;Acumulo de areia ou detritos sobre o pavimento;Tombamento;Com Vítimas Feridas;Pleno dia;Decrescente;Céu Claro;Simples;"Declive;Curva";Não;1;0;1;0;0;0;1;1;-5,85758898;-35,21271205;SPRF-RN;DEL01-RN;UOP01-DEL01-RN
573378;08/01/2024;segunda-feira;13:00:00;RJ;40;71;PETROPOLIS;Conversão proibida;Colisão transversal;Com Vítimas Feridas;Pleno dia;Crescente;Céu Claro;Dupla;Reta;Sim;3;0;2;0;1;0;2;2;-22,45304974;-43,20832411;SPRF-RJ;DEL01-RJ;UOP01-DEL01-RJ
573379;08/01/2024;segunda-feira;14:40:00;SP;116;230;SAO PAULO;Reação tardia ou ineficiente do condutor;Colisão lateral mesmo sentido;Com Vítimas Feridas;Pleno dia;Crescente;Nublado;Múltipla;Reta;Sim;2;0;1;0;1;0;1;2;-23,52251783;-46,5855702;SPRF-SP;DEL01-SP;UOP01-DEL01-SP
573381;08/01/2024;segunda-feira;14:40:00;SP;101;18,7;UBATUBA;Acessar a via sem observar a presença dos outros veículos;Colisão transversal;Com Vítimas Feridas;Pleno dia;Crescente;Céu Claro;Simples;"Reta;Interseção de Vias";Não;8;0;4;0;4;0;4;2;-23,31746811;-44,899601;SPRF-SP;DEL06-SP;UOP01-DEL06-SP
573383;08/01/2024;segunda-feira;14:02:00;GO;251;26;CRISTALINA;Acessar a via sem observar a presença dos outros veículos;Colisão frontal;Com Vítimas Feridas;Pleno dia;Crescente;Nublado;Simples;Reta;Sim;2;0;2;0;0;0;2;2;-16,10610344;-47,49477642;SPRF-DF;DEL01-DF;UOP01-DEL01-DF
573384;08/01/2024;segunda-feira;14:00:00;MG;40;521;CONTAGEM;Acessar a via sem observar a presença dos outros veículos;Colisão traseira;Com Vítimas Feridas;Pleno dia;Decrescente;Sol;Dupla;Interseção de Vias;Sim;2;0;1;0;1;0;1;2;-19,8537483;-44,0720892;SPRF-MG;DEL01-MG;UOP02-DEL01-MG
573385;08/01/2024;segunda-feira;13:45:00;BA;101;804,9;ITAMARAJU;Acesso irregular;Colisão frontal;Com Vítimas Fatais;Pleno dia;Decrescente;Céu Claro;Simples;Reta;Sim;6;2;4;0;0;0;4;2;-17,16628085;-39,5779873;SPRF-BA;DEL09-BA;UOP02-DEL09-BA
573387;04/01/2024;quinta-feira;09:00:00;BA;116;518;ITATIM;Acessar a via sem observar a presença dos outros veículos;Colisão transversal;Com Vítimas Feridas;Pleno dia;Decrescente;Céu Claro;Simples;Reta;Não;2;0;0;1;1;0;1;2;-12,67669892;-39,66293504;SPRF-BA;DEL03-BA;UOP02-DEL03-BA
573389;08/01/2024;segunda-feira;14:35:00;PI;343;12,7;PARNAIBA;Condutor desrespeitou a iluminação vermelha do semáforo;Colisão transversal;Com Vítimas Feridas;Pleno dia;Crescente;Sol;Dupla;Reta;Sim;4;0;2;0;2;0;2;2;-2,910035;-41,753662;SPRF-PI;DEL05-PI;UOP01-DEL05-PI
573391;08/01/2024;segunda-feira;13:00:00;MS;163;218,5;CAARAPO;Ausência de reação do condutor;Capotamento;Com Vítimas Feridas;Pleno dia;Crescente;Céu Claro;Simples;Reta;Não;1;0;1;0;0;0;1;1;-22,55457404;-54,83263605;SPRF-MS;DEL04-MS;UOP02-DEL04-MS
573392;08/01/2024;segunda-feira;15:15:00;PI;343;1;TERESINA;Ausência de reação do condutor;Colisão traseira;Com Vítimas Feridas;Pleno dia;Decrescente;Céu Claro;Dupla;Reta;Não;4;0;1;0;3;0;1;2;-5,08038264;-42,75829738;SPRF-PI;DEL01-PI;UOP01-DEL01-PI
573393;08/01/2024;segunda-feira;15:30:00;SC;101;200,9;SAO JOSE;Reação tardia ou ineficiente do condutor;Colisão traseira;Com Vítimas Feridas;Pleno dia;Crescente;Céu Claro;Dupla;Reta;Sim;3;0;1;0;1;1;1;3;-27,54018513;-48,62287714;SPRF-SC;DEL01-SC;UOP01-DEL01-SC
573397;08/01/2024;segunda-feira;11:20:00;SC;101;121,3;ITAJAI;Trafegar com motocicleta (ou similar) entre as faixas;Colisão lateral mesmo sentido;Com Vítimas Feridas;Pleno dia;Decrescente;Céu Claro;Múltipla;Reta;Sim;2;0;0;1;1;0;1;2;-26,92103178;-48,70856446;SPRF-SC;DEL04-SC;UOP04-DEL04-SC
573398;08/01/2024;segunda-feira;14:45:00;PR;277;74;SAO JOSE DOS PINHAIS;Demais falhas mecânicas ou elétricas;Incêndio;Sem Vítimas;Pleno dia;Decrescente;Céu Claro;Dupla;"Aclive;Reta;Viaduto";Não;2;0;0;0;2;0;0;1;-25,51726115;-49,11540707;SPRF-PR;DEL01-PR;UOP07-DEL01-PR