id;data_inversa;dia_semana;horario;uf;br;km;municipio;causa_acidente;tipo_acidente;classificacao_acidente;fase_dia;sentido_via;condicao_metereologica;tipo_pista;tracado_via;uso_solo;pessoas;mortos;feridos_leves;feridos_graves;ilesos;ignorados;feridos;veiculos;latitude;longitude;regional;delegacia;uop
573401;08/01/2024;segunda-feira;15:40:00;RS;116;250;SAO LEOPOLDO;Ausência de reação do condutor;Saída de leito carroçável;Sem Vítimas;Pleno dia;Crescente;Céu Claro;Dupla;"Viaduto;Curva";Sim;1;0;0;0;1;0;0;1;-29,79148798;-51,16399615;SPRF-RS;DEL01-RS;UOP02-DEL01-RS
573403;08/01/2024;segunda-feira;14:55:00;DF;80;16,8;BRASILIA;Reação tardia ou ineficiente do condutor;Colisão frontal;Com Vítimas Feridas;Pleno dia;Crescente;Nublado;Simples;"Reta;Declive";Não;4;0;3;0;1;0;3;2;-15,701065;-48,202263;SPRF-DF;DEL03-DF;UOP02-DEL03-DF
573404;08/01/2024;segunda-feira;15:50:00;SC;101;133,4;BALNEARIO CAMBORIU;Reação tardia ou ineficiente do condutor;Colisão traseira;Com Vítimas Feridas;Pleno dia;Crescente;Céu Claro;Múltipla;Reta;Sim;4;0;1;0;3;0;1;2;-26,99936;-48,64609;SPRF-SC;DEL04-SC;UOP03-DEL04-SC
573406;08/01/2024;segunda-feira;12:30:00;MG;381;237,8;SANTANA DO PARAISO;Ausência de reação do condutor;Saída de leito carroçável;Sem Vítimas;Pleno dia;Decrescente;Nublado;Simples;"Aclive;Reta";Não;1;0;0;0;1;0;0;1;-19,39363909;-42,48302693;SPRF-MG;DEL06-MG;UOP01-DEL06-MG
573407;08/01/2024;segunda-feira;16:34:00;DF;20;40,5;BRASILIA;Acumulo de água sobre o pavimento;Saída de leito carroçável;Com Vítimas Feridas;Pleno dia;Decrescente;Chuva;Dupla;Aclive;Não;2;0;1;0;1;0;1;1;-15,581552;-47,508035;SPRF-DF;DEL02-DF;UOP01-DEL02-DF
573408;08/01/2024;segunda-feira;17:00:00;SP;153;74,6;BADY BASSITT;Avarias e/ou desgaste excessivo no pneu;Tombamento;Com Vítimas Feridas;Pleno dia;Crescente;Céu Claro;Dupla;"Reta;Aclive";Sim;2;0;2;0;0;0;2;1;-20,88538598;-49,42676402;SPRF-SP;DEL09-SP;UOP01-DEL09-SP
573409;08/01/2024;segunda-feira;16:20:00;RN;101;105,5;PARNAMIRIM;Condutor deixou de manter distância do veículo da frente;Colisão traseira;Com Vítimas Feridas;Pleno dia;Decrescente;Sol;Dupla;Reta;Sim;3;0;0;1;2;0;1;2;-5,90165196;-35,25928517;SPRF-RN;DEL01-RN;UOP01-DEL01-RN
573410;08/01/2024;segunda-feira;17:00:00;SP;116;433;REGISTRO;Manobra de mudança de faixa;Colisão traseira;Com Vítimas Feridas;Pleno dia;Decrescente;Céu Claro;Dupla;Reta;Não;2;0;1;0;1;0;1;2;-24,42030004;-47,77032299;SPRF-SP;DEL05-SP;UOP01-DEL05-SP
573411;08/01/2024;segunda-feira;17:00:00;RS;116;245;SAO LEOPOLDO;Ausência de reação do condutor;Colisão lateral mesmo sentido;Com Vítimas Feridas;Pleno dia;Decrescente;Céu Claro;Dupla;Reta;Sim;3;0;1;0;2;0;1;2;-29,74980902;-51,15125361;SPRF-RS;DEL01-RS;UOP02-DEL01-RS
573412;08/01/2024;segunda-feira;12:55:00;MG;262;15;MARTINS SOARES;Ausência de reação do condutor;Colisão traseira;Com Vítimas Feridas;Pleno dia;Crescente;Nublado;Simples;Reta;Sim;2;0;1;0;1;0;1;2;-20,26054008;-41,87631604;SPRF-MG;DEL06-MG;UOP03-DEL06-MG
573413;08/01/2024;segunda-feira;15:15:00;BA;101;278;LAJE;Reação tardia ou ineficiente do condutor;Saída de leito carroçável;Com Vítimas Feridas;Pleno dia;Decrescente;Céu Claro;Simples;Aclive;Não;1;0;1;0;0;0;1;1;-13,20820402;-39,32291594;SPRF-BA;DEL01-BA;UOP02-DEL01-BA
573415;08/01/2024;segunda-feira;15:55:00;RJ;116;173;SAO JOAO DE MERITI;Manobra de mudança de faixa;Colisão lateral mesmo sentido;Com Vítimas Feridas;Pleno dia;Decrescente;Céu Claro;Dupla;Reta;Sim;4;0;3;0;0;1;3;3;-22,79810324;-43,35726614;SPRF-RJ;DEL06-RJ;UOP01-DEL06-RJ
573416;08/01/2024;segunda-feira;17:00:00;BA;324;621;SALVADOR;Reação tardia ou ineficiente do condutor;Colisão traseira;Com Vítimas Feridas;Pleno dia;Decrescente;Céu Claro;Dupla;Curva;Sim;2;0;1;0;1;0;1;2;-12,91233708;-38,45956983;SPRF-BA;DEL01-BA;UOP01-DEL01-BA
573417;08/01/2024;segunda-feira;17:25:00;RN;101;96;NATAL;Condutor deixou de manter distância do veículo da frente;Colisão traseira;Com Vítimas Feridas;Anoitecer;Decrescente;Céu Claro;Dupla;Reta;Não;2;0;1;0;1;0;1;2;-5,84949622;-35,20890752;SPRF-RN;DEL01-RN;UOP01-DEL01-RN
573419;08/01/2024;segunda-feira;14:23:00;RN;406;154;CEARA-MIRIM;Condutor deixou de manter distância do veículo da frente;Colisão traseira;Com Vítimas Feridas;Pleno dia;Crescente;Céu Claro;Simples;Declive;Não;2;0;1;0;1;0;1;2;-5,67079426;-35,40552534;SPRF-RN;DEL02-RN;UOP01-DEL02-RN
573421;08/01/2024;segunda-feira;17:40:00;SC;101;133,8;BALNEARIO CAMBORIU;Acessar a via sem observar a presença dos outros veículos;Colisão lateral mesmo sentido;Com Vítimas Feridas;Pleno dia;Crescente;Céu Claro;Múltipla;Interseção de Vias;Sim;2;0;1;0;1;0;1;2;-26,99936;-48,64609;SPRF-SC;DEL04-SC;UOP03-DEL04-SC
573422;08/01/2024;segunda-feira;17:45:00;SC;101;229;PALHOCA;Condutor deixou de manter distância do veículo da frente;Colisão com objeto;Com Vítimas Feridas;Pleno dia;Decrescente;Garoa/Chuvisco;Múltipla;Reta;Não;1;0;1;0;0;0;1;1;-27,7688932;-48,63205379;SPRF-SC;DEL01-SC;UOP02-DEL01-SC
573426;08/01/2024;segunda-feira;17:40:00;AP;210;3;MACAPA;Acessar a via sem observar a presença dos outros veículos;Colisão transversal;Com Vítimas Feridas;Anoitecer;Decrescente;Céu Claro;Dupla;Reta;Sim;3;0;2;1;0;0;3;2;0,08723365;-51,08569007;SPRF-AP;DEL01-AP;UOP01-DEL01-AP
573427;08/01/2024;segunda-feira;14:55:00;MG;251;358;PADRE CARVALHO;Condutor Dormindo;Saída de leito carroçável;Com Vítimas Feridas;Pleno dia;Crescente;Nublado;Simples;Reta;Não;6;0;4;0;2;0;4;1;-16,26576621;-42,57202148;SPRF-MG;DEL12-MG;UOP02-DEL12-MG
573428;08/01/2024;segunda-feira;16:50:00;MS;262;323;CAMPO GRANDE;Demais falhas mecânicas ou elétricas;Incêndio;Sem Vítimas;Pleno dia;Decrescente;Nublado;Simples;Reta;Não;1;0;0;0;1;0;0;1;-20,46901688;-54,506023;SPRF-MS;DEL01-MS;UOP01-DEL01-MS
573429;08/01/2024;segunda-feira;18:05:00;DF;60;6;BRASILIA;Ausência de reação do condutor;Queda de ocupante de veículo;Sem Vítimas;Pleno dia;Crescente;Ignorado;Dupla;"Reta;Declive";Não;1;0;0;0;0;1;0;1;-15,897939;-48,113056;SPRF-DF;DEL03-DF;UOP01-DEL03-DF
573430;08/01/2024;segunda-feira;17:50:00;SP;381;33;ATIBAIA;Ausência de reação do condutor;Queda de ocupante de veículo;Com Vítimas Feridas;Pleno dia;Crescente;Nublado;Dupla;Reta;Sim;1;0;1;0;0;0;1;1;-23,0728028;-46,56673562;SPRF-SP;DEL03-SP;UOP02-DEL03-SP
573432;08/01/2024;segunda-feira;15:20:00;PI;343;206,7;CAPITAO DE CAMPOS;Transtornos Mentais (exceto suicidio);Colisão com objeto;Com Vítimas Feridas;Pleno dia;Decrescente;Céu Claro;Simples;Reta;Não;5;0;1;0;4;0;1;1;-4,417403;-41,88747;SPRF-PI;DEL02-PI;UOP01-DEL02-PI
573433;08/01/2024;segunda-feira;18:04:00;RN;101;96;NATAL;Manobra de mudança de faixa;Colisão traseira;Com Vítimas Feridas;Anoitecer;Crescente;Céu Claro;Dupla;Reta;Sim;3;0;1;0;2;0;1;2;-5,84949622;-35,20890752;SPRF-RN;DEL01-RN;UOP01-DEL01-RN
573434;08/01/2024;segunda-feira;18:20:00;BA;116;418;FEIRA DE SANTANA;Desrespeitar a preferência no cruzamento;Colisão transversal;Com Vítimas Feridas;Plena Noite;Decrescente;Céu Claro;Múltipla;Viaduto;Sim;2;0;0;1;1;0;1;2;-12,185808;-38,965225;SPRF-BA;DEL02-BA;UOP01-DEL02-BA
573435;08/01/2024;segunda-feira;17:55:00;PR;116;44,5;CAMPINA GRANDE DO SUL;Acumulo de água sobre o pavimento;Saída de leito carroçável;Com Vítimas Feridas;Pleno dia;Crescente;Chuva;Dupla;"Reta;Declive";Não;2;0;1;0;1;0;1;1;-25,1882321;-48,88492529;SPRF-PR;DEL01-PR;UOP02-DEL01-PR
573437;08/01/2024;segunda-feira;18:40:00;TO;10;456;PALMAS;Condutor deixou de manter distância do veículo da frente;Colisão traseira;Com Vítimas Feridas;Anoitecer;Decrescente;Céu Claro;Múltipla;Reta;Sim;2;0;0;1;1;0;1;2;-10,20863984;-48,15545194;SPRF-TO;DEL01-TO;UOP03-DEL01-TO
573438;08/01/2024;segunda-feira;19:00:00;SP;116;222;GUARULHOS;Condutor deixou de manter distância do veículo da frente;Colisão traseira;Com Vítimas Feridas;Plena Noite;Crescente;Garoa/Chuvisco;Múltipla;Reta;Sim;2;0;1;0;1;0;1;2;-23,47093408;-46,51631097;SPRF-SP;DEL01-SP;UOP01-DEL01-SP
573439;08/01/2024;segunda-feira;18:15:00;SP;116;153;SAO JOSE DOS CAMPOS;Trafegar com motocicleta (ou similar) entre as faixas;Colisão lateral mesmo sentido;Com Vítimas Feridas;Anoitecer;Crescente;Céu Claro;Múltipla;Reta;Sim;3;0;1;0;2;0;1;3;-23,23262274;-45,91372624;SPRF-SP;DEL02-SP;UOP01-DEL02-SP
573440;08/01/2024;segunda-feira;18:30:00;PR;369;173,3;ROLANDIA;Acessar a via sem observar a presença dos outros veículos;Colisão traseira;Com Vítimas Feridas;Anoitecer;Crescente;Nublado;Simples;"Reta;Retorno Regulamentado";Sim;3;0;1;0;1;1;1;3;-23,30989918;-51,36939347;SPRF-PR;DEL07-PR;UOP01-DEL07-PR
573443;08/01/2024;segunda-feira;14:00:00;MA;230;481;RIACHAO;Acessar a via sem observar a presença dos outros veículos;Colisão transversal;Com Vítimas Fatais;Pleno dia;Decrescente;Céu Claro;Simples;"Rotatória;Declive;Interseção de Vias";Não;5;1;0;0;3;1;0;3;-7,42211064;-46,66715634;SPRF-MA;DEL05-MA;UOP01-DEL05-MA
573444;08/01/2024;segunda-feira;19:15:00;MG;146;459,9;BOTELHOS;Velocidade Incompatível;Saída de leito carroçável;Com Vítimas Feridas;Plena Noite;Decrescente;Céu Claro;Simples;"Reta;Declive";Não;1;0;0;1;0;0;1;1;-21,61005;-46,411447;SPRF-MG;DEL09-MG;UOP01-DEL09-MG
573446;08/01/2024;segunda-feira;16:40:00;RJ;40;123;DUQUE DE CAXIAS;Frear bruscamente;Colisão traseira;Com Vítimas Feridas;Pleno dia;Crescente;Céu Claro;Múltipla;Reta;Sim;2;0;1;0;1;0;1;2;-22,79907687;-43,29015739;SPRF-RJ;DEL01-RJ;UOP02-DEL01-RJ
573447;08/01/2024;segunda-feira;20:00:00;SC;101;461;PASSO DE TORRES;Manobra de mudança de faixa;Colisão lateral mesmo sentido;Com Vítimas Feridas;Plena Noite;Decrescente;Céu Claro;Dupla;"Retorno Regulamentado;Reta";Não;4;0;2;1;1;0;3;2;-29,26681993;-49,75517865;SPRF-RS;DEL03-RS;UOP02-DEL03-RS
573448;08/01/2024;segunda-feira;08:20:00;PR;476;152,2;ARAUCARIA;Condutor Dormindo;Colisão com objeto;Com Vítimas Feridas;Pleno dia;Crescente;Céu Claro;Dupla;Reta;Sim;1;0;1;0;0;0;1;1;-25,57136942;-49,38551366;SPRF-PR;DEL01-PR;UOP06-DEL01-PR
573452;08/01/2024;segunda-feira;20:50:00;SP;116;63,8;GUARATINGUETA;Trafegar com motocicleta (ou similar) entre as faixas;Colisão transversal;Com Vítimas Feridas;Plena Noite;Decrescente;Céu Claro;Dupla;Curva;Sim;2;0;0;1;1;0;1;2;-22,81269631;-45,1780086;SPRF-SP;DEL08-SP;UOP01-DEL08-SP
573454;08/01/2024;segunda-feira;17:30:00;RS;285;571,2;SAO LUIZ GONZAGA;Desrespeitar a preferência no cruzamento;Colisão transversal;Com Vítimas Feridas;Pleno dia;Crescente;Nublado;Simples;"Interseção de Vias;Reta";Não;4;0;3;1;0;0;4;2;-28,415785;-55,005928;SPRF-RS;DEL12-RS;UOP01-DEL12-RS
573455;08/01/2024;segunda-feira;17:20:00;RJ;101;332;RIO DE JANEIRO;Trafegar com motocicleta (ou similar) entre as faixas;Colisão traseira;Com Vítimas Feridas;Pleno dia;Decrescente;Céu Claro;Dupla;Curva;Sim;2;0;1;0;1;0;1;2;-22,87133305;-43,20407695;SPRF-RJ;DEL02-RJ;UOP01-DEL02-RJ
573456;08/01/2024;segunda-feira;17:45:00;MG;381;812,4;CAREACU;Velocidade Incompatível;Capotamento;Com Vítimas Feridas;Pleno dia;Crescente;Chuva;Dupla;"Curva;Declive";Não;1;0;1;0;0;0;1;1;-22,009397;-45,677869;SPRF-MG;DEL16-MG;UOP02-DEL16-MG
573458;08/01/2024;segunda-feira;19:20:00;BA;235;339;JUAZEIRO;Estacionar ou parar em local proibido;Colisão traseira;Com Vítimas Feridas;Plena Noite;Crescente;Céu Claro;Simples;Reta;Não;3;0;0;2;0;1;2;3;-9,45861675;-40,42242106;SPRF-PE;DEL06-PE;UOP01-DEL06-PE
573459;08/01/2024;segunda-feira;17:58:00;PE;101;99,5;CABO DE SANTO AGOSTINHO;Manobra de mudança de faixa;Colisão lateral mesmo sentido;Com Vítimas Feridas;Anoitecer;Decrescente;Céu Claro;Dupla;Reta;Não;6;0;4;2;0;0;6;2;-8,26025316;-35,04629883;SPRF-PE;DEL01-PE;UOP03-DEL01-PE
573460;08/01/2024;segunda-feira;22:00:00;RJ;393;279;VOLTA REDONDA;Condutor deixou de manter distância do veículo da frente;Colisão traseira;Com Vítimas Feridas;Plena Noite;Crescente;Céu Claro;Simples;Reta;Sim;4;0;4;0;0;0;4;2;-22,47750785;-44,01954402;SPRF-RJ;DEL05-RJ;UOP04-DEL05-RJ
573461;08/01/2024;segunda-feira;21:00:00;SC;470;126;LONTRAS;Avarias e/ou desgaste excessivo no pneu;Saída de leito carroçável;Com Vítimas Feridas;Plena Noite;Decrescente;Chuva;Simples;Declive;Não;2;0;2;0;0;0;2;1;-27,129;-49,538277;SPRF-SC;DEL04-SC;UOP02-DEL04-SC
573463;08/01/2024;segunda-feira;22:00:00;MG;267;120;JUIZ DE FORA;Ausência de reação do condutor;Atropelamento de Animal;Sem Vítimas;Plena Noite;Decrescente;Nublado;Simples;Reta;Não;1;0;0;0;1;0;0;1;-21,70442007;-43,46667202;SPRF-MG;DEL05-MG;UOP01-DEL05-MG
573464;08/01/2024;segunda-feira;21:40:00;MT;70;7;BARRA DO GARCAS;Acessar a via sem observar a presença dos outros veículos;Colisão frontal;Com Vítimas Feridas;Plena Noite;Crescente;Céu Claro;Simples;Reta;Sim;2;0;1;0;1;0;1;2;-15,878143;-52,316788;SPRF-MT;DEL07-MT;UOP01-DEL07-MT
573465;08/01/2024;segunda-feira;22:00:00;BA;101;717,3;EUNAPOLIS;Reação tardia ou ineficiente do condutor;Colisão transversal;Com Vítimas Feridas;Plena Noite;Decrescente;Céu Claro;Simples;Rotatória;Sim;2;0;1;0;1;0;1;2;-16,36629916;-39,58202004;SPRF-BA;DEL09-BA;UOP01-DEL09-BA
573466;08/01/2024;segunda-feira;20:30:00;MS;163;77,7;ITAQUIRAI;Ausência de reação do condutor;Atropelamento de Pedestre;Com Vítimas Feridas;Plena Noite;Crescente;Céu Claro;Simples;Reta;Sim;3;0;2;1;0;0;3;2;-23,4831998;-54,18609129;SPRF-MS;DEL09-MS;UOP01-DEL09-MS
573467;08/01/2024;segunda-feira;20:00:00;MG;365;581;INDIANOPOLIS;Ausência de reação do condutor;Saída de leito carroçável;Com Vítimas Feridas;Plena Noite;Crescente;Ignorado;Dupla;Rotatória;Não;2;0;1;0;1;0;1;1;-18,87146919;-47,96460406;SPRF-MG;DEL15-MG;UOP02-DEL15-MG
573468;08/01/2024;segunda-feira;16:20:00;PE;428;187,3;PETROLINA;Ausência de reação do condutor;Colisão lateral mesmo sentido;Com Vítimas Feridas;Pleno dia;Crescente;Céu Claro;Dupla;Reta;Sim;2;0;1;0;1;0;1;2;-9,35604301;-40,47854198;SPRF-PE;DEL06-PE;UOP01-DEL06-PE
573469;08/01/2024;segunda-feira;21:50:00;RJ;101;299;SAO GONCALO;Trafegar com motocicleta (ou similar) entre as faixas;Queda de ocupante de veículo;Sem Vítimas;Plena Noite;Decrescente;Chuva;Dupla;Reta;Sim;1;0;0;0;0;1;0;1;-22,77432673;-42,93823207;SPRF-RJ;DEL02-RJ;UOP02-DEL02-RJ
573471;08/01/2024;segunda-feira;22:50:00;RJ;101;59;CAMPOS DOS GOYTACAZES;Reação tardia ou ineficiente do condutor;Colisão traseira;Com Vítimas Feridas;Plena Noite;Decrescente;Céu Claro;Simples;"Reta;Interseção de Vias";Sim;3;0;1;0;1;1;1;3;-21,71864695;-41,312204;SPRF-RJ;DEL08-RJ;UOP01-DEL08-RJ
573472;08/01/2024;segunda-feira;21:50:00;MS;267;151,5;NOVA ANDRADINA;Pedestre andava na pista;Atropelamento de Pedestre;Com Vítimas Fatais;Plena Noite;Crescente;Céu Claro;Simples;"Reta;Interseção de Vias";Não;2;1;0;0;1;0;0;2;-21,642473;-53,488925;SPRF-MS;DEL02-MS;UOP03-DEL02-MS
573473;08/01/2024;segunda-feira;21:30:00;MG;381;425;CAETE;Chuva;Colisão lateral mesmo sentido;Com Vítimas Feridas;Plena Noite;Decrescente;Chuva;Dupla;"Viaduto;Reta";Não;1;0;0;1;0;0;1;1;-19,789917;-43,68234;SPRF-MG;DEL01-MG;UOP01-DEL01-MG
573474;08/01/2024;segunda-feira;21:00:00;SC;470;354;CAMPOS NOVOS;Demais falhas mecânicas ou elétricas;Incêndio;Sem Vítimas;Plena Noite;Decrescente;Céu Claro;Simples;Curva;Não;1;0;0;0;0;1;0;1;-27,579763;-51,470905;SPRF-SC;DEL07-SC;UOP06-DEL07-SC
573475;08/01/2024;segunda-feira;23:10:00;MG;116;405;GOVERNADOR VALADARES;Ausência de reação do condutor;Saída de leito carroçável;Com Vítimas Feridas;Plena Noite;Decrescente;Nublado;Simples;Reta;Não;1;0;1;0;0;0;1;1;-18,81853329;-41,98467936;SPRF-MG;DEL06-MG;UOP01-DEL06-MG
573476;08/01/2024;segunda-feira;22:00:00;MG;381;264,8;TIMOTEO;Ultrapassagem Indevida;Colisão traseira;Com Vítimas Feridas;Plena Noite;Crescente;Nublado;Simples;Reta;Não;2;0;0;1;1;0;1;2;-19,52389212;-42,65444398;SPRF-MG;DEL03-MG;UOP02-DEL03-MG
573477;08/01/2024;segunda-feira;22:22:00;MS;163;266;DOURADOS;Iluminação deficiente;Colisão lateral mesmo sentido;Com Vítimas Feridas;Plena Noite;Crescente;Céu Claro;Dupla;Reta;Não;4;0;4;0;0;0;4;2;-22,21821026;-54,72287079;SPRF-MS;DEL04-MS;UOP01-DEL04-MS
573479;08/01/2024;segunda-feira;22:30:00;PA;230;116;MARABA;Retorno proibido;Colisão transversal;Com Vítimas Feridas;Plena Noite;Crescente;Nublado;Dupla;Reta;Sim;4;0;0;2;1;1;2;3;-5,35947454;-49,08301084;SPRF-PA;DEL03-PA;UOP01-DEL03-PA
573480;08/01/2024;segunda-feira;22:26:00;GO;20;101;FLORES DE GOIAS;Demais falhas mecânicas ou elétricas;Incêndio;Sem Vítimas;Plena Noite;Crescente;Nublado;Simples;Reta;Não;1;0;0;0;0;1;0;1;-14,940716;-46,986126;SPRF-DF;DEL02-DF;UOP02-DEL02-DF
573481;09/01/2024;terça-feira;00:20:00;RJ;101;454;MANGARATIBA;Condutor Dormindo;Saída de leito carroçável;Com Vítimas Feridas;Plena Noite;Crescente;Céu Claro;Simples;Reta;Não;2;0;1;0;1;0;1;1;-23,0340287;-44,15061917;SPRF-RJ;DEL03-RJ;UOP02-DEL03-RJ
573482;09/01/2024;terça-feira;01:45:00;PR;116;125;FAZENDA RIO GRANDE;Velocidade Incompatível;Saída de leito carroçável;Sem Vítimas;Plena Noite;Decrescente;Garoa/Chuvisco;Dupla;Reta;Sim;1;0;0;0;0;1;0;1;-25,59505309;-49,31630659;SPRF-PR;DEL01-PR;UOP03-DEL01-PR
573485;09/01/2024;terça-feira;03:50:00;GO;153;509,1;APARECIDA DE GOIANIA;Condutor Dormindo;Saída de leito carroçável;Com Vítimas Fatais;Plena Noite;Crescente;Céu Claro;Dupla;Reta;Sim;2;1;0;1;0;0;1;1;-16,7888;-49,2379;SPRF-GO;DEL01-GO;UOP03-DEL01-GO
573486;09/01/2024;terça-feira;03:10:00;PR;277;693;SAO MIGUEL DO IGUACU;Ausência de reação do condutor;Queda de ocupante de veículo;Com Vítimas Feridas;Plena Noite;Crescente;Céu Claro;Dupla;Aclive;Não;2;0;0;1;0;1;1;2;-25,37239725;-54,27033988;SPRF-PR;DEL05-PR;UOP01-DEL05-PR
573487;09/01/2024;terça-feira;04:52:00;GO;60;7,9;SANTO ANTONIO DO DESCOBERTO;Condutor Dormindo;Saída de leito carroçável;Sem Vítimas;Pleno dia;Decrescente;Céu Claro;Dupla;Reta;Não;1;0;0;0;1;0;0;1;-16,10387569;-48,29349518;SPRF-DF;DEL03-DF;UOP01-DEL03-DF
573489;09/01/2024;terça-feira;05:20:00;PB;230;265;JUNCO DO SERIDO;Acessar a via sem observar a presença dos outros veículos;Colisão transversal;Com Vítimas Fatais;Amanhecer;Crescente;Céu Claro;Simples;Reta;Não;2;1;0;0;1;0;0;2;-6,9757;-36,7421;SPRF-PB;DEL03-PB;UOP01-DEL03-PB
573490;04/01/2024;quinta-feira;14:30:00;RJ;40;115;DUQUE DE CAXIAS;Pista esburacada;Tombamento;Com Vítimas Feridas;Pleno dia;Decrescente;Céu Claro;Múltipla;Reta;Sim;2;0;1;0;1;0;1;1;-22,72756999;-43,2891609;SPRF-RJ;DEL01-RJ;UOP02-DEL01-RJ
573495;08/01/2024;segunda-feira;22:30:00;MG;116;415;GOVERNADOR VALADARES;Acessar a via sem observar a presença dos outros veículos;Colisão lateral mesmo sentido;Com Vítimas Feridas;Plena Noite;Crescente;Céu Claro;Simples;Reta;Não;1;0;1;0;0;0;1;1;-18,88401297;-41,94924399;SPRF-MG;DEL06-MG;UOP01-DEL06-MG
573497;09/01/2024;terça-feira;07:00:00;SP;116;228;SAO PAULO;Reação tardia ou ineficiente do condutor;Colisão traseira;Com Vítimas Feridas;Pleno dia;Crescente;Céu Claro;Múltipla;Reta;Sim;2;0;1;0;1;0;1;2;-23,50343484;-46,56638712;SPRF-SP;DEL01-SP;UOP01-DEL01-SP
573498;09/01/2024;terça-feira;07:05:00;PB;230;20;JOAO PESSOA;Condutor deixou de manter distância do veículo da frente;Tombamento;Com Vítimas Feridas;Pleno dia;Decrescente;Céu Claro;Dupla;"Reta;Declive";Sim;2;0;2;0;0;0;2;1;-7,1337;-34,8544;SPRF-PB;DEL01-PB;UOP01-DEL01-PB
573499;09/01/2024;terça-feira;07:00:00;MG;40;521,9;CONTAGEM;Trafegar com motocicleta (ou similar) entre as faixas;Colisão traseira;Com Vítimas Feridas;Pleno dia;Crescente;Chuva;Dupla;Reta;Não;2;0;1;0;1;0;1;2;-19,86614483;-44,06493902;SPRF-MG;DEL01-MG;UOP02-DEL01-MG
573500;09/01/2024;terça-feira;07:10:00;BA;116;16;VITORIA DA CONQUISTA;Desrespeitar a preferência no cruzamento;Colisão transversal;Com Vítimas Feridas;Pleno dia;Decrescente;Céu Claro;Simples;Interseção de Vias;Não;2;0;1;0;1;0;1;2;-14,9024;-40,8442;SPRF-BA;DEL08-BA;UOP01-DEL08-BA
573501;08/01/2024;segunda-feira;21:30:00;RJ;40;119;DUQUE DE CAXIAS;Transitar na contramão;Colisão frontal;Com Vítimas Feridas;Plena Noite;Crescente;Céu Claro;Simples;Curva;Sim;6;0;4;1;1;0;5;2;-22,76375592;-43,28683062;SPRF-RJ;DEL01-RJ;UOP02-DEL01-RJ
573502;09/01/2024;terça-feira;07:30:00;ES;101;143,8;LINHARES;Mal súbito do condutor;Colisão frontal;Com Vítimas Feridas;Pleno dia;Decrescente;Céu Claro;Simples;Reta;Não;2;0;2;0;0;0;2;2;-19,34286596;-40,0638568;SPRF-ES;DEL04-ES;UOP01-DEL04-ES
573503;09/01/2024;terça-feira;07:30:00;RS;116;242;NOVO HAMBURGO;Manobra de mudança de faixa;Colisão lateral sentido oposto;Com Vítimas Feridas;Pleno dia;Decrescente;Céu Claro;Dupla;"Interseção de Vias;Reta";Sim;2;0;1;0;1;0;1;2;-29,72297087;-51,14858729;SPRF-RS;DEL01-RS;UOP02-DEL01-RS
573504;09/01/2024;terça-feira;07:00:00;PR;277;660;MATELANDIA;Demais falhas mecânicas ou elétricas;Colisão com objeto;Com Vítimas Feridas;Amanhecer;Decrescente;Nublado;Dupla;Curva;Não;1;0;0;1;0;0;1;1;-25,25136237;-53,99027796;SPRF-PR;DEL05-PR;UOP02-DEL05-PR
573505;09/01/2024;terça-feira;01:05:00;RO;364;514;ARIQUEMES;Reação tardia ou ineficiente do condutor;Atropelamento de Pedestre;Com Vítimas Feridas;Plena Noite;Decrescente;Céu Claro;Simples;Reta;Sim;1;0;0;1;0;0;1;1;-9,93398403;-63,05522959;SPRF-RO;DEL03-RO;UOP01-DEL03-RO
573506;09/01/2024;terça-feira;08:00:00;PE;428;187;PETROLINA;Ausência de reação do condutor;Colisão traseira;Com Vítimas Feridas;Pleno dia;Crescente;Nublado;Dupla;Rotatória;Sim;3;0;1;0;2;0;1;2;-9,35604301;-40,47854198;SPRF-PE;DEL06-PE;UOP01-DEL06-PE
573508;01/01/2024;segunda-feira;17:20:00;MG;153;222;FRUTAL;Demais falhas na via;Tombamento;Com Vítimas Feridas;Pleno dia;Decrescente;Céu Claro;Simples;Reta;Não;1;0;0;1;0;0;1;1;-20,172567;-49,11351;SPRF-MG;DEL13-MG;UOP02-DEL13-MG
573510;09/01/2024;terça-feira;07:10:00;ES;101;64,9;SAO MATEUS;Demais falhas mecânicas ou elétricas;Incêndio;Sem Vítimas;Pleno dia;Crescente;Nublado;Simples;Aclive;Não;1;0;0;0;1;0;0;1;-18,70428583;-39,87065983;SPRF-ES;DEL04-ES;UOP02-DEL04-ES
573512;09/01/2024;terça-feira;08:00:00;RS;290;22;PORTO ALEGRE;Reação tardia ou ineficiente do condutor;Queda de ocupante de veículo;Com Vítimas Feridas;Pleno dia;Crescente;Céu Claro;Múltipla;Curva;Sim;1;0;1;0;0;0;1;1;-29,97462942;-51,19962275;SPRF-RS;DEL03-RS;UOP01-DEL03-RS