id;data_inversa;dia_semana;horario;uf;br;km;municipio;causa_acidente;tipo_acidente;classificacao_acidente;fase_dia;sentido_via;condicao_metereologica;tipo_pista;tracado_via;uso_solo;pessoas;mortos;feridos_leves;feridos_graves;ilesos;ignorados;feridos;veiculos;latitude;longitude;regional;delegacia;uop
573515;09/01/2024;terça-feira;08:40:00;MG;116;524,8;CARATINGA;Ultrapassagem Indevida;Colisão lateral mesmo sentido;Com Vítimas Feridas;Pleno dia;Crescente;Céu Claro;Simples;Curva;Sim;2;0;0;1;1;0;1;2;-19,76027352;-42,13398823;SPRF-MG;DEL06-MG;UOP02-DEL06-MG
573517;09/01/2024;terça-feira;08:40:00;PR;277;631,8;CEU AZUL;Reação tardia ou ineficiente do condutor;Saída de leito carroçável;Com Vítimas Feridas;Pleno dia;Crescente;Céu Claro;Simples;Reta;Não;1;0;1;0;0;0;1;1;-25,1191791;-53,80080296;SPRF-PR;DEL05-PR;UOP02-DEL05-PR
573518;09/01/2024;terça-feira;08:45:00;SP;116;186;SANTA ISABEL;Avarias e/ou desgaste excessivo no pneu;Tombamento;Com Vítimas Feridas;Pleno dia;Decrescente;Céu Claro;Dupla;Reta;Não;2;0;2;0;0;0;2;1;-23,35220682;-46,19934905;SPRF-SP;DEL01-SP;UOP01-DEL01-SP
573521;09/01/2024;terça-feira;06:40:00;MG;381;568,4;ITAGUARA;Velocidade Incompatível;Saída de leito carroçável;Com Vítimas Feridas;Amanhecer;Crescente;Chuva;Dupla;"Curva;Declive";Não;1;0;1;0;0;0;1;1;-20,40795732;-44,52510925;SPRF-MG;DEL04-MG;UOP03-DEL04-MG
573526;09/01/2024;terça-feira;08:30:00;MG;381;785,2;SAO GONCALO DO SAPUCAI;Velocidade Incompatível;Saída de leito carroçável;Com Vítimas Fatais;Pleno dia;Decrescente;Céu Claro;Dupla;Reta;Não;5;1;2;2;0;0;4;1;-21,88255302;-45,54451394;SPRF-MG;DEL16-MG;UOP02-DEL16-MG
573529;09/01/2024;terça-feira;08:11:00;PR;153;104,5;IBAITI;Acessar a via sem observar a presença dos outros veículos;Colisão transversal;Com Vítimas Feridas;Pleno dia;Crescente;Céu Claro;Simples;Reta;Não;2;0;0;1;1;0;1;2;-23,80536791;-50,17863853;SPRF-PR;DEL07-PR;UOP04-DEL07-PR
573530;09/01/2024;terça-feira;08:00:00;SC;282;17,1;PALHOCA;Conversão proibida;Colisão transversal;Com Vítimas Feridas;Pleno dia;Decrescente;Céu Claro;Simples;Reta;Sim;2;0;0;1;1;0;1;2;-27,665707;-48,688065;SPRF-SC;DEL01-SC;UOP02-DEL01-SC
573535;09/01/2024;terça-feira;08:00:00;PE;424;91,6;GARANHUNS;Conversão proibida;Colisão transversal;Com Vítimas Feridas;Pleno dia;Decrescente;Céu Claro;Simples;Curva;Não;3;0;2;0;1;0;2;2;-8,90409633;-36,49974647;SPRF-PE;DEL03-PE;UOP01-DEL03-PE
573536;09/01/2024;terça-feira;09:18:00;PE;232;409,5;SERRA TALHADA;Transitar no Acostamento;Atropelamento de Pedestre;Com Vítimas Feridas;Pleno dia;Decrescente;Céu Claro;Simples;Reta;Não;2;0;0;1;0;1;1;2;-7,981767;-38,29185;SPRF-PE;DEL04-PE;UOP01-DEL04-PE
573543;06/01/2024;sábado;00:45:00;RJ;NA;NA;QUEIMADOS;Velocidade Incompatível;Colisão lateral mesmo sentido;Com Vítimas Feridas;Plena Noite;Não Informado;Chuva;Simples;Reta;Não;5;0;1;0;4;0;1;2;-22,74961824;-43,54064226;SPRF-RJ;DEL06-RJ;N/A
573544;09/01/2024;terça-feira;09:40:00;PI;316;3,9;TERESINA;Condutor desrespeitou a iluminação vermelha do semáforo;Colisão transversal;Sem Vítimas;Pleno dia;Crescente;Céu Claro;Simples;"Interseção de Vias;Viaduto";Sim;2;0;0;0;2;0;0;2;-5,12826443;-42,79292384;SPRF-PI;DEL01-PI;UOP02-DEL01-PI
573552;09/01/2024;terça-feira;10:40:00;SC;101;232;PALHOCA;Condutor deixou de manter distância do veículo da frente;Colisão traseira;Sem Vítimas;Pleno dia;Decrescente;Céu Claro;Dupla;"Reta;Aclive";Não;2;0;0;0;2;0;0;2;-27,795666;-48,638153;SPRF-SC;DEL01-SC;UOP02-DEL01-SC
573554;09/01/2024;terça-feira;10:45:00;SC;101;150;ITAPEMA;Manobra de mudança de faixa;Colisão transversal;Com Vítimas Feridas;Pleno dia;Decrescente;Céu Claro;Dupla;Reta;Não;4;0;1;1;2;0;2;3;-27,11744799;-48,60940987;SPRF-SC;DEL04-SC;UOP03-DEL04-SC
573555;07/01/2024;domingo;20:00:00;RJ;116;41;TERESOPOLIS;Acessar a via sem observar a presença dos outros veículos;Colisão transversal;Sem Vítimas;Plena Noite;Crescente;Céu Claro;Simples;Reta;Não;2;0;0;0;2;0;0;2;-22,13943547;-42,78660142;SPRF-RJ;DEL04-RJ;UOP01-DEL04-RJ
573558;03/01/2024;quarta-feira;13:45:00;BA;116;227;EUCLIDES DA CUNHA;Reação tardia ou ineficiente do condutor;Colisão lateral sentido oposto;Com Vítimas Feridas;Pleno dia;Crescente;Nublado;Simples;Reta;Não;5;0;1;0;4;0;1;2;-10,60949696;-38,97018591;SPRF-BA;DEL07-BA;UOP02-DEL07-BA
573561;09/01/2024;terça-feira;12:00:00;BA;116;420,5;FEIRA DE SANTANA;Demais Fenômenos da natureza;Eventos atípicos;Com Vítimas Feridas;Pleno dia;Crescente;Céu Claro;Dupla;"Reta;Desvio Temporário;Em Obras";Sim;3;0;1;0;2;0;1;1;-12,21476852;-38,96581369;SPRF-BA;DEL02-BA;UOP01-DEL02-BA
573563;09/01/2024;terça-feira;11:47:00;PE;101;43;IGARASSU;Condutor deixou de manter distância do veículo da frente;Colisão traseira;Com Vítimas Feridas;Pleno dia;Decrescente;Sol;Múltipla;Reta;Sim;3;0;2;0;1;0;2;2;-7,84753808;-34,90977038;SPRF-PE;DEL01-PE;UOP02-DEL01-PE
573564;09/01/2024;terça-feira;11:10:00;RO;319;62;PORTO VELHO;Desrespeitar a preferência no cruzamento;Colisão transversal;Com Vítimas Feridas;Pleno dia;Crescente;Céu Claro;Dupla;"Retorno Regulamentado;Reta";Sim;2;0;1;0;1;0;1;2;-8,766685;-63,884052;SPRF-RO;DEL01-RO;UOP01-DEL01-RO
573566;09/01/2024;terça-feira;13:00:00;GO;414;384;CORUMBA DE GOIAS;Ingestão de álcool pelo condutor;Saída de leito carroçável;Com Vítimas Feridas;Pleno dia;Crescente;Céu Claro;Simples;Reta;Não;1;0;0;1;0;0;1;1;-15,86700306;-48,77386088;SPRF-GO;DEL02-GO;UOP01-DEL02-GO
573567;09/01/2024;terça-feira;13:06:00;TO;153;259,1;COLINAS DO TOCANTINS;Condutor Dormindo;Saída de leito carroçável;Com Vítimas Feridas;Pleno dia;Decrescente;Céu Claro;Simples;Reta;Não;3;0;2;1;0;0;3;1;-8,163769;-48,464999;SPRF-TO;DEL02-TO;UOP02-DEL02-TO
573574;09/01/2024;terça-feira;14:00:00;MG;40;700,6;BARBACENA;Acessar a via sem observar a presença dos outros veículos;Colisão transversal;Com Vítimas Feridas;Pleno dia;Crescente;Sol;Dupla;"Reta;Declive";Não;2;0;2;0;0;0;2;2;-21,211363;-43,749588;SPRF-MG;DEL05-MG;UOP02-DEL05-MG
573576;09/01/2024;terça-feira;13:00:00;PE;101;68;RECIFE;Condutor deixou de manter distância do veículo da frente;Engavetamento;Com Vítimas Feridas;Pleno dia;Decrescente;Sol;Simples;"Reta;Viaduto";Sim;5;0;1;0;4;0;1;3;-8,051487;-34,946057;SPRF-PE;DEL01-PE;UOP01-DEL01-PE
573577;09/01/2024;terça-feira;11:30:00;MG;116;764,9;LEOPOLDINA;Pedestre cruzava a pista fora da faixa;Atropelamento de Pedestre;Com Vítimas Feridas;Pleno dia;Crescente;Céu Claro;Múltipla;"Declive;Interseção de Vias";Não;2;0;1;0;1;0;1;2;-21,52171912;-42,64030314;SPRF-MG;DEL07-MG;UOP01-DEL07-MG
573579;09/01/2024;terça-feira;13:40:00;SP;116;55,1;LORENA;Mal súbito do condutor;Colisão com objeto;Com Vítimas Feridas;Pleno dia;Crescente;Céu Claro;Dupla;Reta;Não;3;0;2;0;1;0;2;1;-22,76356421;-45,12272385;SPRF-SP;DEL08-SP;UOP02-DEL08-SP
573581;09/01/2024;terça-feira;12:45:00;PE;104;65,8;CARUARU;Ausência de reação do condutor;Colisão traseira;Com Vítimas Feridas;Pleno dia;Crescente;Nublado;Dupla;"Declive;Reta";Sim;3;0;1;0;2;0;1;3;-8,2867;-35,9838;SPRF-PE;DEL02-PE;UOP01-DEL02-PE
573582;09/01/2024;terça-feira;11:50:00;MG;116;808,3;ALEM PARAIBA;Acessar a via sem observar a presença dos outros veículos;Colisão transversal;Com Vítimas Feridas;Pleno dia;Decrescente;Sol;Simples;Reta;Não;4;0;3;0;1;0;3;3;-21,81917799;-42,68924498;SPRF-MG;DEL07-MG;UOP01-DEL07-MG
573583;09/01/2024;terça-feira;12:25:00;RS;101;1,9;TORRES;Acessar a via sem observar a presença dos outros veículos;Tombamento;Com Vítimas Feridas;Pleno dia;Decrescente;Nublado;Dupla;Reta;Não;1;0;1;0;0;0;1;1;-29,31602055;-49,77423549;SPRF-RS;DEL03-RS;UOP02-DEL03-RS
573584;02/01/2024;terça-feira;22:45:00;MG;116;412,1;GOVERNADOR VALADARES;Retorno proibido;Colisão transversal;Com Vítimas Feridas;Plena Noite;Decrescente;Chuva;Simples;Reta;Sim;2;0;1;0;1;0;1;2;-18,8781889;-41,96228027;SPRF-MG;DEL06-MG;UOP01-DEL06-MG
573586;09/01/2024;terça-feira;13:30:00;SC;101;193,2;BIGUACU;Ingestão de álcool pelo condutor;Saída de leito carroçável;Sem Vítimas;Pleno dia;Crescente;Céu Claro;Múltipla;Curva;Sim;1;0;0;0;1;0;0;1;-27,489574;-48,655914;SPRF-SC;DEL01-SC;UOP01-DEL01-SC
573587;09/01/2024;terça-feira;12:00:00;RJ;40;123;DUQUE DE CAXIAS;Ausência de reação do condutor;Saída de leito carroçável;Com Vítimas Feridas;Pleno dia;Decrescente;Céu Claro;Dupla;Reta;Sim;1;0;1;0;0;0;1;1;-22,79907687;-43,29015739;SPRF-RJ;DEL01-RJ;UOP02-DEL01-RJ
573590;09/01/2024;terça-feira;14:40:00;PR;116;33,8;CAMPINA GRANDE DO SUL;Reação tardia ou ineficiente do condutor;Tombamento;Com Vítimas Feridas;Pleno dia;Decrescente;Chuva;Dupla;"Declive;Curva";Não;1;0;1;0;0;0;1;1;-25,1152842;-48,85224223;SPRF-PR;DEL01-PR;UOP02-DEL01-PR
573591;09/01/2024;terça-feira;15:00:00;SC;101;136;BALNEARIO CAMBORIU;Acessar a via sem observar a presença dos outros veículos;Colisão lateral mesmo sentido;Com Vítimas Feridas;Pleno dia;Decrescente;Céu Claro;Dupla;Reta;Não;3;0;2;0;1;0;2;2;-27,008113;-48,617245;SPRF-SC;DEL04-SC;UOP03-DEL04-SC
573592;09/01/2024;terça-feira;15:30:00;SP;116;282;EMBU DAS ARTES;Ausência de reação do condutor;Queda de ocupante de veículo;Com Vítimas Feridas;Pleno dia;Crescente;Nublado;Dupla;"Declive;Curva";Não;1;0;1;0;0;0;1;1;-23,68570216;-46,85970975;SPRF-SP;DEL04-SP;UOP01-DEL04-SP
573593;09/01/2024;terça-feira;15:00:00;PR;116;30;CAMPINA GRANDE DO SUL;Reação tardia ou ineficiente do condutor;Saída de leito carroçável;Com Vítimas Feridas;Pleno dia;Crescente;Garoa/Chuvisco;Dupla;"Curva;Declive";Não;3;0;3;0;0;0;3;1;-25,10003092;-48,82089801;SPRF-PR;DEL01-PR;UOP02-DEL01-PR
573594;01/01/2024;segunda-feira;16:00:00;MG;153;88,9;PRATA;Acumulo de água sobre o pavimento;Saída de leito carroçável;Com Vítimas Feridas;Pleno dia;Crescente;Chuva;Simples;"Curva;Aclive";Não;5;0;5;0;0;0;5;1;-19,12589594;-48,96661173;SPRF-MG;DEL15-MG;UOP03-DEL15-MG
573596;09/01/2024;terça-feira;16:00:00;PR;277;641,8;CEU AZUL;Avarias e/ou desgaste excessivo no pneu;Colisão transversal;Com Vítimas Fatais;Pleno dia;Crescente;Chuva;Simples;Curva;Não;5;1;1;2;1;0;3;3;-25,17656952;-53,86489517;SPRF-PR;DEL05-PR;UOP02-DEL05-PR
573599;09/01/2024;terça-feira;15:45:00;PR;376;190;MARIALVA;Avarias e/ou desgaste excessivo no pneu;Tombamento;Com Vítimas Feridas;Pleno dia;Crescente;Céu Claro;Dupla;Curva;Sim;1;0;0;1;0;0;1;1;-23,47560277;-51,81167587;SPRF-PR;DEL09-PR;UOP01-DEL09-PR
573600;09/01/2024;terça-feira;15:00:00;PR;158;525,1;PATO BRANCO;Reação tardia ou ineficiente do condutor;Colisão com objeto;Com Vítimas Feridas;Pleno dia;Crescente;Vento;Simples;Reta;Não;1;0;1;0;0;0;1;1;-26,15019792;-52,66273226;SPRF-PR;DEL02-PR;UOP01-DEL02-PR
573601;09/01/2024;terça-feira;16:30:00;SE;235;52;ITABAIANA;Desrespeitar a preferência no cruzamento;Colisão transversal;Com Vítimas Feridas;Pleno dia;Crescente;Céu Claro;Simples;Reta;Sim;3;0;2;0;1;0;2;2;-10,693279;-37,437557;SPRF-SE;DEL01-SE;UOP02-DEL01-SE
573602;09/01/2024;terça-feira;15:00:00;MS;262;752,8;CORUMBA;Demais falhas mecânicas ou elétricas;Incêndio;Sem Vítimas;Pleno dia;Crescente;Céu Claro;Simples;Reta;Não;60;0;0;0;60;0;0;1;-19,21265799;-57,64541874;SPRF-MS;DEL03-MS;UOP03-DEL03-MS
573604;09/01/2024;terça-feira;16:40:00;SC;101;274,8;IMBITUBA;Pedestre andava na pista;Atropelamento de Pedestre;Com Vítimas Feridas;Pleno dia;Decrescente;Nublado;Múltipla;Reta;Não;2;0;1;1;0;0;2;2;-28,129852;-48,69322;SPRF-SC;DEL02-SC;UOP03-DEL02-SC
573605;09/01/2024;terça-feira;16:10:00;PR;116;109;CURITIBA;Ausência de reação do condutor;Colisão lateral mesmo sentido;Com Vítimas Feridas;Pleno dia;Crescente;Chuva;Dupla;Reta;Sim;3;0;2;0;1;0;2;2;-25,57140489;-49,20748999;SPRF-PR;DEL01-PR;UOP07-DEL01-PR
573606;09/01/2024;terça-feira;16:00:00;BA;242;417;SEABRA;Ingestão de álcool pelo condutor;Colisão frontal;Com Vítimas Feridas;Pleno dia;Decrescente;Céu Claro;Simples;"Declive;Reta";Não;3;0;1;0;1;1;1;3;-12,43099561;-41,79739105;SPRF-BA;DEL06-BA;UOP01-DEL06-BA
573608;09/01/2024;terça-feira;17:20:00;PB;230;18,8;JOAO PESSOA;Condutor deixou de manter distância do veículo da frente;Colisão traseira;Com Vítimas Feridas;Pleno dia;Crescente;Céu Claro;Dupla;Reta;Sim;2;0;1;0;1;0;1;2;-7,1198;-34,8453;SPRF-PB;DEL01-PB;UOP01-DEL01-PB
573610;09/01/2024;terça-feira;14:30:00;BA;116;567;NOVA ITARANA;Acessar a via sem observar a presença dos outros veículos;Colisão transversal;Com Vítimas Feridas;Pleno dia;Crescente;Sol;Simples;Interseção de Vias;Não;8;0;3;0;5;0;3;2;-12,98625197;-39,94414505;SPRF-BA;DEL03-BA;UOP02-DEL03-BA
573612;09/01/2024;terça-feira;17:30:00;DF;40;4,3;BRASILIA;Condutor deixou de manter distância do veículo da frente;Colisão traseira;Com Vítimas Feridas;Pleno dia;Crescente;Nublado;Dupla;Reta;Sim;2;0;1;0;1;0;1;2;-16,012033;-47,982124;SPRF-DF;DEL01-DF;UOP01-DEL01-DF
573613;09/01/2024;terça-feira;16:35:00;RS;158;565,8;SANTANA DO LIVRAMENTO;Desrespeitar a preferência no cruzamento;Colisão transversal;Com Vítimas Feridas;Pleno dia;Crescente;Céu Claro;Simples;Interseção de Vias;Não;4;0;0;1;3;0;1;2;-30,8765186;-55,51091194;SPRF-RS;DEL11-RS;UOP01-DEL11-RS
573614;09/01/2024;terça-feira;17:35:00;MG;116;548,6;SANTA BARBARA DO LESTE;Acessar a via sem observar a presença dos outros veículos;Colisão lateral mesmo sentido;Com Vítimas Feridas;Pleno dia;Crescente;Chuva;Simples;"Curva;Declive";Não;3;0;1;0;2;0;1;2;-19,95272398;-42,13044183;SPRF-MG;DEL06-MG;UOP02-DEL06-MG
573615;04/01/2024;quinta-feira;10:40:00;RJ;101;328;RIO DE JANEIRO;Demais falhas mecânicas ou elétricas;Incêndio;Sem Vítimas;Pleno dia;Decrescente;Nublado;Dupla;Reta;Não;1;0;0;0;1;0;0;1;-22,87028692;-43,16579699;SPRF-RJ;DEL02-RJ;UOP01-DEL02-RJ
573616;09/01/2024;terça-feira;17:00:00;RJ;40;124;RIO DE JANEIRO;Ausência de reação do condutor;Colisão traseira;Com Vítimas Feridas;Pleno dia;Decrescente;Céu Claro;Simples;Reta;Sim;2;0;1;0;1;0;1;2;-22,807953;-43,289124;SPRF-RJ;DEL01-RJ;UOP02-DEL01-RJ
573617;09/01/2024;terça-feira;17:00:00;PI;316;295;PICOS;Acessar a via sem observar a presença dos outros veículos;Colisão transversal;Com Vítimas Feridas;Pleno dia;Decrescente;Céu Claro;Simples;"Reta;Interseção de Vias";Não;2;0;2;0;0;0;2;2;-7,0181459;-41,57975095;SPRF-PI;DEL04-PI;UOP01-DEL04-PI
573620;09/01/2024;terça-feira;16:00:00;MG;50;73;UBERLANDIA;Reação tardia ou ineficiente do condutor;Colisão traseira;Com Vítimas Feridas;Pleno dia;Crescente;Nublado;Dupla;Reta;Sim;2;0;1;0;1;0;1;2;-18,85140204;-48,25345932;SPRF-MG;DEL15-MG;UOP01-DEL15-MG
573621;09/01/2024;terça-feira;17:45:00;CE;116;41,3;HORIZONTE;Acessar a via sem observar a presença dos outros veículos;Colisão transversal;Com Vítimas Feridas;Plena Noite;Crescente;Céu Claro;Dupla;Reta;Sim;3;0;2;0;1;0;2;2;-4,1024351;-38,50001011;SPRF-CE;DEL01-CE;UOP02-DEL01-CE
573622;09/01/2024;terça-feira;17:45:00;SC;101;329,5;TUBARAO;Ausência de reação do condutor;Colisão traseira;Com Vítimas Feridas;Anoitecer;Decrescente;Nublado;Dupla;Reta;Não;2;0;1;0;1;0;1;2;-28,44404822;-48,96611372;SPRF-SC;DEL02-SC;UOP01-DEL02-SC
573623;09/01/2024;terça-feira;17:50:00;SP;116;164,8;JACAREI;Manobra de mudança de faixa;Colisão lateral mesmo sentido;Com Vítimas Feridas;Pleno dia;Crescente;Sol;Dupla;Reta;Não;2;0;1;0;1;0;1;2;-23,29691791;-46,00798704;SPRF-SP;DEL02-SP;UOP01-DEL02-SP
573624;09/01/2024;terça-feira;15:30:00;RS;386;165,9;CARAZINHO;Acumulo de água sobre o pavimento;Saída de leito carroçável;Com Vítimas Feridas;Pleno dia;Crescente;Chuva;Simples;Reta;Não;2;0;2;0;0;0;2;1;-28,197134;-52,827736;SPRF-RS;DEL08-RS;UOP01-DEL08-RS
573628;09/01/2024;terça-feira;17:22:00;BA;101;526;BUERAREMA;Velocidade Incompatível;Atropelamento de Pedestre;Com Vítimas Fatais;Anoitecer;Decrescente;Céu Claro;Simples;Reta;Não;2;1;0;0;0;1;0;2;-14,97094689;-39,3210876;SPRF-BA;DEL05-BA;UOP01-DEL05-BA
573629;09/01/2024;terça-feira;18:00:00;RN;304;297;MACAIBA;Manobra de mudança de faixa;Colisão lateral mesmo sentido;Com Vítimas Feridas;Plena Noite;Crescente;Céu Claro;Dupla;"Rotatória;Reta";Sim;2;0;1;0;1;0;1;2;-5,864618;-35,343445;SPRF-RN;DEL01-RN;UOP02-DEL01-RN
573631;09/01/2024;terça-feira;17:50:00;MS;163;484,4;CAMPO GRANDE;Desrespeitar a preferência no cruzamento;Colisão transversal;Com Vítimas Feridas;Pleno dia;Decrescente;Céu Claro;Simples;"Reta;Interseção de Vias";Sim;4;0;2;0;2;0;2;2;-20,45104898;-54,5403266;SPRF-MS;DEL01-MS;UOP02-DEL01-MS
573632;09/01/2024;terça-feira;18:20:00;SP;116;225;GUARULHOS;Chuva;Tombamento;Com Vítimas Feridas;Anoitecer;Decrescente;Chuva;Dupla;Reta;Sim;1;0;1;0;0;0;1;1;-23,48586772;-46,54075317;SPRF-SP;DEL01-SP;UOP01-DEL01-SP
573633;09/01/2024;terça-feira;18:20:00;SC;101;211,8;PALHOCA;Manobra de mudança de faixa;Colisão lateral mesmo sentido;Com Vítimas Feridas;Anoitecer;Decrescente;Garoa/Chuvisco;Múltipla;Reta;Não;2;0;0;1;1;0;1;2;-27,62329313;-48,65245588;SPRF-SC;DEL01-SC;UOP02-DEL01-SC
573635;09/01/2024;terça-feira;18:55:00;CE;222;222,2;SOBRAL;Entrada inopinada do pedestre;Atropelamento de Pedestre;Com Vítimas Feridas;Plena Noite;Crescente;Céu Claro;Simples;Reta;Sim;2;0;1;0;0;1;1;2;-3,72134641;-40,32871618;SPRF-CE;DEL04-CE;UOP01-DEL04-CE
573636;09/01/2024;terça-feira;19:00:00;CE;222;13;CAUCAIA;Acessar a via sem observar a presença dos outros veículos;Atropelamento de Pedestre;Com Vítimas Feridas;Plena Noite;Crescente;Céu Claro;Simples;"Em Obras;Reta";Não;2;0;1;0;1;0;1;2;-3,762488;-38,681833;SPRF-CE;DEL01-CE;UOP01-DEL01-CE
573638;09/01/2024;terça-feira;18:45:00;DF;40;3,7;BRASILIA;Ausência de reação do condutor;Colisão traseira;Com Vítimas Feridas;Plena Noite;Crescente;Nublado;Dupla;"Aclive;Reta";Não;2;0;1;0;1;0;1;2;-16,003145;-47,983944;SPRF-DF;DEL01-DF;UOP01-DEL01-DF
573639;09/01/2024;terça-feira;19:18:00;ES;101;277,5;SERRA;Acessar a via sem observar a presença dos outros veículos;Tombamento;Com Vítimas Feridas;Pleno dia;Crescente;Céu Claro;Dupla;Reta;Sim;2;0;2;0;0;0;2;1;-20,218122;-40,339325;SPRF-ES;DEL02-ES;UOP01-DEL02-ES
573640;09/01/2024;terça-feira;18:50:00;RJ;40;113;DUQUE DE CAXIAS;Demais falhas mecânicas ou elétricas;Queda de ocupante de veículo;Com Vítimas Feridas;Plena Noite;Decrescente;Céu Claro;Dupla;"Aclive;Reta";Não;2;0;2;0;0;0;2;1;-22,70948502;-43,29040354;SPRF-RJ;DEL01-RJ;UOP02-DEL01-RJ
573641;09/01/2024;terça-feira;19:42:00;RN;304;33;MOSSORO;Animais na Pista;Atropelamento de Animal;Com Vítimas Feridas;Plena Noite;Decrescente;Céu Claro;Múltipla;Reta;Sim;1;0;1;0;0;0;1;1;-5,1436187;-37,34679947;SPRF-RN;DEL04-RN;UOP02-DEL04-RN
573642;09/01/2024;terça-feira;19:30:00;DF;70;12,5;BRASILIA;Trafegar com motocicleta (ou similar) entre as faixas;Colisão transversal;Com Vítimas Feridas;Plena Noite;Crescente;Nublado;Dupla;Reta;Não;3;0;1;0;2;0;1;2;-15,792243;-48,158543;SPRF-DF;DEL03-DF;UOP02-DEL03-DF
573649;09/01/2024;terça-feira;20:15:00;SC;470;22;ILHOTA;Ausência de reação do condutor;Tombamento;Com Vítimas Feridas;Plena Noite;Decrescente;Nublado;Dupla;Viaduto;Não;1;0;0;1;0;0;1;1;-26,880066;-48,836224;SPRF-SC;DEL04-SC;UOP04-DEL04-SC
573651;09/01/2024;terça-feira;19:10:00;SP;116;226;GUARULHOS;Chuva;Queda de ocupante de veículo;Com Vítimas Feridas;Plena Noite;Decrescente;Chuva;Dupla;"Aclive;Reta";Não;1;0;1;0;0;0;1;1;-23,49102507;-46,54878195;SPRF-SP;DEL01-SP;UOP01-DEL01-SP
573652;09/01/2024;terça-feira;19:45:00;PE;101;51,6;PAULISTA;Desrespeitar a preferência no cruzamento;Colisão transversal;Com Vítimas Feridas;Plena Noite;Decrescente;Céu Claro;Simples;Reta;Sim;3;0;1;2;0;0;3;2;-7,9169968;-34,89689272;SPRF-PE;DEL01-PE;UOP02-DEL01-PE
573653;09/01/2024;terça-feira;17:00:00;PR;277;216;TEIXEIRA SOARES;Demais falhas mecânicas ou elétricas;Queda de ocupante de veículo;Com Vítimas Feridas;Pleno dia;Crescente;Céu Claro;Simples;Reta;Não;2;0;2;0;0;0;2;1;-25,45928696;-50,34213707;SPRF-PR;DEL08-PR;UOP02-DEL08-PR
573654;09/01/2024;terça-feira;19:30:00;MS;163;630,4;SAO GABRIEL DO OESTE;Demais falhas mecânicas ou elétricas;Incêndio;Sem Vítimas;Plena Noite;Crescente;Céu Claro;Dupla;Reta;Não;1;0;0;0;1;0;0;1;-19,28588606;-54,64282106;SPRF-MS;DEL06-MS;UOP02-DEL06-MS
573655;09/01/2024;terça-feira;19:50:00;MG;381;929,2;ITAPEVA;Ingestão de álcool pelo condutor;Saída de leito carroçável;Com Vítimas Fatais;Plena Noite;Decrescente;Nublado;Dupla;Curva;Não;1;1;0;0;0;0;0;1;-22,77097808;-46,23617649;SPRF-MG;DEL16-MG;UOP03-DEL16-MG
573656;09/01/2024;terça-feira;10:10:00;PA;230;1;ALTAMIRA;Reação tardia ou ineficiente do condutor;Tombamento;Com Vítimas Feridas;Pleno dia;Decrescente;Céu Claro;Dupla;"Declive;Reta;Interseção de Vias";Sim;2;0;0;1;1;0;1;2;-3,203721;-52,206787;SPRF-PA;DEL04-PA;UOP01-DEL04-PA
573659;09/01/2024;terça-feira;20:30:00;SP;116;489;CAJATI;Reação tardia ou ineficiente do condutor;Queda de ocupante de veículo;Com Vítimas Feridas;Plena Noite;Decrescente;Céu Claro;Simples;"Rotatória;Curva";Sim;1;0;1;0;0;0;1;1;-24,73034183;-48,10760707;SPRF-SP;DEL05-SP;UOP01-DEL05-SP
573660;09/01/2024;terça-feira;19:10:00;RO;429;156;SAO MIGUEL DO GUAPORE;Objeto estático sobre o leito carroçável;Queda de ocupante de veículo;Com Vítimas Feridas;Plena Noite;Decrescente;Céu Claro;Simples;Reta;Não;1;0;0;1;0;0;1;1;-11,71037389;-62,68764797;SPRF-RO;DEL02-RO;UOP03-DEL02-RO
573662;09/01/2024;terça-feira;22:05:00;PA;316;105;SANTA MARIA DO PARA;Acesso irregular;Colisão transversal;Sem Vítimas;Plena Noite;Crescente;Céu Claro;Simples;Reta;Não;2;0;0;0;2;0;0;2;-1,34280151;-47,55991892;SPRF-PA;DEL01-PA;UOP02-DEL01-PA
573663;09/01/2024;terça-feira;09:50:00;RS;116;269;CANOAS;Ausência de reação do condutor;Tombamento;Com Vítimas Feridas;Plena Noite;Decrescente;Céu Claro;Dupla;Reta;Sim;2;0;1;0;0;1;1;2;-29,95942501;-51,17608515;SPRF-RS;DEL01-RS;UOP01-DEL01-RS
573665;09/01/2024;terça-feira;23:00:00;GO;40;0;VALPARAISO DE GOIAS;Transitar na contramão;Colisão frontal;Sem Vítimas;Plena Noite;Crescente;Nublado;Dupla;Reta;Sim;3;0;0;0;3;0;0;3;-16,05393824;-47,98216581;SPRF-DF;DEL01-DF;UOP01-DEL01-DF
573666;09/01/2024;terça-feira;22:30:00;PE;423;87,4;SAO JOAO;Ausência de reação do condutor;Queda de ocupante de veículo;Com Vítimas Fatais;Plena Noite;Decrescente;Céu Claro;Simples;Reta;Não;1;1;0;0;0;0;0;1;-8,821927;-36,448862;SPRF-PE;DEL03-PE;UOP01-DEL03-PE