id;data_inversa;dia_semana;horario;uf;br;km;municipio;causa_acidente;tipo_acidente;classificacao_acidente;fase_dia;sentido_via;condicao_metereologica;tipo_pista;tracado_via;uso_solo;pessoas;mortos;feridos_leves;feridos_graves;ilesos;ignorados;feridos;veiculos;latitude;longitude;regional;delegacia;uop
573670;10/01/2024;quarta-feira;00:13:00;RO;319;63;PORTO VELHO;Condutor desrespeitou a iluminação vermelha do semáforo;Colisão transversal;Com Vítimas Feridas;Plena Noite;Crescente;Céu Claro;Dupla;"Reta;Interseção de Vias";Sim;3;0;2;0;1;0;2;2;-8,766685;-63,884052;SPRF-RO;DEL01-RO;UOP01-DEL01-RO
573671;10/01/2024;quarta-feira;00:30:00;RS;290;583,7;ALEGRETE;Reação tardia ou ineficiente do condutor;Colisão traseira;Com Vítimas Fatais;Plena Noite;Crescente;Céu Claro;Simples;Aclive;Sim;4;1;0;0;3;0;0;2;-29,813101;-55,806679;SPRF-RS;DEL13-RS;UOP02-DEL13-RS
573673;10/01/2024;quarta-feira;01:20:00;MG;381;864;POUSO ALEGRE;Ingestão de álcool pelo condutor;Colisão com objeto;Sem Vítimas;Plena Noite;Decrescente;Céu Claro;Dupla;Reta;Não;1;0;0;0;1;0;0;1;-22,38757269;-45,95265452;SPRF-MG;DEL16-MG;UOP01-DEL16-MG
573674;10/01/2024;quarta-feira;02:00:00;SP;116;275;EMBU DAS ARTES;Transitar na contramão;Colisão frontal;Com Vítimas Feridas;Plena Noite;Crescente;Céu Claro;Dupla;Reta;Sim;2;0;1;0;1;0;1;2;-23,63638826;-46,83251584;SPRF-SP;DEL04-SP;UOP01-DEL04-SP
573676;10/01/2024;quarta-feira;01:45:00;BA;101;881;TEIXEIRA DE FREITAS;Condutor Dormindo;Colisão frontal;Com Vítimas Feridas;Plena Noite;Decrescente;Céu Claro;Simples;Reta;Não;3;0;1;0;2;0;1;2;-17,56810211;-39,7310257;SPRF-BA;DEL09-BA;UOP02-DEL09-BA
573677;10/01/2024;quarta-feira;02:10:00;MG;381;909,5;CAMANDUCAIA;Condutor Dormindo;Colisão com objeto;Com Vítimas Feridas;Plena Noite;Crescente;Céu Claro;Dupla;"Reta;Declive";Não;1;0;1;0;0;0;1;1;-22,68988213;-46,10799573;SPRF-MG;DEL16-MG;UOP03-DEL16-MG
573680;10/01/2024;quarta-feira;02:30:00;MG;50;183;UBERABA;Animais na Pista;Atropelamento de Animal;Com Vítimas Feridas;Plena Noite;Crescente;Céu Claro;Dupla;Reta;Sim;57;0;1;0;56;0;1;1;-19,80163169;-47,90598553;SPRF-MG;DEL13-MG;UOP01-DEL13-MG
573681;10/01/2024;quarta-feira;02:20:00;RS;386;262;CANOAS;Ausência de reação do condutor;Capotamento;Sem Vítimas;Plena Noite;Crescente;Céu Claro;Dupla;Reta;Sim;1;0;0;0;0;1;0;1;-29,90057451;-51,17645681;SPRF-RS;DEL04-RS;UOP03-DEL04-RS
573686;10/01/2024;quarta-feira;04:50:00;RJ;116;275;BARRA MANSA;Ausência de reação do condutor;Tombamento;Com Vítimas Feridas;Amanhecer;Decrescente;Céu Claro;Dupla;Reta;Não;1;0;0;1;0;0;1;1;-22,56207185;-44,15671311;SPRF-RJ;DEL07-RJ;UOP02-DEL07-RJ
573687;10/01/2024;quarta-feira;04:15:00;GO;20;192,9;POSSE;Ultrapassagem Indevida;Colisão lateral sentido oposto;Com Vítimas Feridas;Amanhecer;Crescente;Céu Claro;Simples;"Curva;Declive";Não;61;0;1;2;57;1;3;3;-14,330847;-46,439438;SPRF-DF;DEL02-DF;UOP03-DEL02-DF
573688;09/01/2024;terça-feira;22:00:00;PR;369;174;ROLANDIA;Condutor desrespeitou a iluminação vermelha do semáforo;Colisão transversal;Com Vítimas Feridas;Plena Noite;Crescente;Garoa/Chuvisco;Simples;Interseção de Vias;Sim;2;0;1;0;1;0;1;2;-23,31612621;-51,37660325;SPRF-PR;DEL07-PR;UOP01-DEL07-PR
573689;09/01/2024;terça-feira;19:30:00;MG;40;25;PARACATU;Chuva;Saída de leito carroçável;Com Vítimas Feridas;Plena Noite;Crescente;Chuva;Simples;"Reta;Declive";Não;1;0;1;0;0;0;1;1;-17,133504;-46,973414;SPRF-MG;DEL14-MG;UOP01-DEL14-MG
573690;10/01/2024;quarta-feira;06:20:00;PB;230;69;SOBRADO;Trafegar com motocicleta (ou similar) entre as faixas;Tombamento;Com Vítimas Feridas;Pleno dia;Crescente;Céu Claro;Dupla;Reta;Sim;2;0;2;0;0;0;2;1;-7,1887;-35,2151;SPRF-PB;DEL01-PB;UOP03-DEL01-PB
573693;10/01/2024;quarta-feira;06:35:00;RJ;116;173;SAO JOAO DE MERITI;Demais falhas na via;Atropelamento de Pedestre;Com Vítimas Feridas;Pleno dia;Decrescente;Céu Claro;Dupla;Reta;Sim;2;0;0;1;1;0;1;2;-22,80048459;-43,35364938;SPRF-RJ;DEL06-RJ;UOP01-DEL06-RJ
573696;10/01/2024;quarta-feira;06:30:00;SP;116;207;GUARULHOS;Reação tardia ou ineficiente do condutor;Colisão traseira;Sem Vítimas;Pleno dia;Crescente;Céu Claro;Múltipla;Reta;Não;3;0;0;0;3;0;0;2;-23,41972188;-46,38419203;SPRF-SP;DEL01-SP;UOP01-DEL01-SP
573698;10/01/2024;quarta-feira;07:15:00;SP;153;61,9;SAO JOSE DO RIO PRETO;Manobra de mudança de faixa;Colisão lateral mesmo sentido;Com Vítimas Feridas;Pleno dia;Crescente;Céu Claro;Dupla;Reta;Não;2;0;1;0;1;0;1;2;-20,80502876;-49,35574909;SPRF-SP;DEL09-SP;UOP01-DEL09-SP
573699;10/01/2024;quarta-feira;06:50:00;TO;10;456;PALMAS;Estacionar ou parar em local proibido;Colisão traseira;Com Vítimas Feridas;Pleno dia;Crescente;Céu Claro;Múltipla;Reta;Sim;3;0;1;0;2;0;1;2;-10,29108024;-48,29757214;SPRF-TO;DEL01-TO;UOP03-DEL01-TO
573702;10/01/2024;quarta-feira;07:10:00;PR;369;507,2;CASCAVEL;Desrespeitar a preferência no cruzamento;Colisão transversal;Com Vítimas Feridas;Pleno dia;Decrescente;Sol;Simples;"Reta;Declive;Interseção de Vias";Sim;2;0;1;0;1;0;1;2;-24,95982474;-53,39882439;SPRF-PR;DEL04-PR;UOP01-DEL04-PR
573703;10/01/2024;quarta-feira;07:40:00;PR;116;116;CURITIBA;Manobra de mudança de faixa;Colisão lateral mesmo sentido;Com Vítimas Feridas;Pleno dia;Decrescente;Céu Claro;Dupla;Reta;Sim;2;0;1;0;1;0;1;2;-25,55468195;-49,27402397;SPRF-PR;DEL01-PR;UOP03-DEL01-PR
573706;10/01/2024;quarta-feira;07:55:00;SP;153;61;SAO JOSE DO RIO PRETO;Condutor deixou de manter distância do veículo da frente;Colisão traseira;Com Vítimas Feridas;Pleno dia;Decrescente;Nublado;Dupla;Reta;Sim;2;0;1;0;1;0;1;2;-20,80502876;-49,35574909;SPRF-SP;DEL09-SP;UOP01-DEL09-SP
573707;10/01/2024;quarta-feira;07:55:00;RS;116;270;CANOAS;Reação tardia ou ineficiente do condutor;Queda de ocupante de veículo;Com Vítimas Feridas;Pleno dia;Decrescente;Céu Claro;Dupla;Reta;Sim;1;0;1;0;0;0;1;1;-29,96839095;-51,17623895;SPRF-RS;DEL01-RS;UOP01-DEL01-RS
573708;10/01/2024;quarta-feira;07:00:00;DF;70;16;BRASILIA;Acessar a via sem observar a presença dos outros veículos;Colisão transversal;Com Vítimas Feridas;Pleno dia;Crescente;Nublado;Dupla;"Interseção de Vias;Rotatória";Não;2;0;1;0;1;0;1;2;-15,796144;-48,194225;SPRF-DF;DEL03-DF;UOP02-DEL03-DF
573709;10/01/2024;quarta-feira;08:10:00;TO;153;141;ARAGUAINA;Acessar a via sem observar a presença dos outros veículos;Colisão traseira;Com Vítimas Feridas;Pleno dia;Crescente;Céu Claro;Simples;"Reta;Interseção de Vias";Sim;2;0;1;0;1;0;1;2;-7,175959;-48,219548;SPRF-TO;DEL02-TO;UOP01-DEL02-TO
573711;10/01/2024;quarta-feira;07:45:00;SP;116;218;GUARULHOS;Condutor deixou de manter distância do veículo da frente;Colisão traseira;Com Vítimas Feridas;Amanhecer;Crescente;Céu Claro;Múltipla;Declive;Sim;2;0;0;1;0;1;1;2;-23,457972;-46,479927;SPRF-SP;DEL01-SP;UOP01-DEL01-SP
573713;10/01/2024;quarta-feira;08:00:00;PR;277;592,9;CASCAVEL;Condutor deixou de manter distância do veículo da frente;Engavetamento;Sem Vítimas;Pleno dia;Decrescente;Sol;Simples;"Reta;Declive";Sim;5;0;0;0;4;1;0;3;-24,98285697;-53,47319399;SPRF-PR;DEL04-PR;UOP01-DEL04-PR
573714;10/01/2024;quarta-feira;07:00:00;BA;110;75;JEREMOABO;Acessar a via sem observar a presença dos outros veículos;Colisão transversal;Com Vítimas Feridas;Pleno dia;Decrescente;Céu Claro;Simples;Reta;Não;3;0;2;1;0;0;3;2;-10,08112514;-38,33453894;SPRF-BA;DEL07-BA;UOP01-DEL07-BA
573716;10/01/2024;quarta-feira;08:10:00;GO;153;87;PORANGATU;Ausência de reação do condutor;Saída de leito carroçável;Com Vítimas Feridas;Pleno dia;Decrescente;Chuva;Simples;"Reta;Declive";Não;4;0;3;0;1;0;3;1;-13,556277;-49,065784;SPRF-GO;DEL07-GO;UOP01-DEL07-GO
573720;10/01/2024;quarta-feira;06:00:00;MG;381;456,2;BELO HORIZONTE;Condutor deixou de manter distância do veículo da frente;Colisão traseira;Com Vítimas Feridas;Amanhecer;Decrescente;Ignorado;Dupla;"Reta;Declive";Sim;2;0;0;1;1;0;1;2;-19,841797;-43,885307;SPRF-MG;DEL01-MG;UOP01-DEL01-MG
573721;10/01/2024;quarta-feira;07:20:00;RJ;493;78;JAPERI;Condutor Dormindo;Queda de ocupante de veículo;Com Vítimas Feridas;Pleno dia;Crescente;Céu Claro;Dupla;Reta;Não;1;0;1;0;0;0;1;1;-22,66185849;-43,60027313;SPRF-RJ;DEL01-RJ;UOP03-DEL01-RJ
573722;10/01/2024;quarta-feira;07:17:00;RO;319;63,6;PORTO VELHO;Desrespeitar a preferência no cruzamento;Colisão transversal;Com Vítimas Feridas;Pleno dia;Decrescente;Céu Claro;Dupla;Reta;Não;2;0;1;0;1;0;1;2;-8,76310139;-63,88479853;SPRF-RO;DEL01-RO;UOP01-DEL01-RO
573723;10/01/2024;quarta-feira;08:50:00;RJ;40;109;DUQUE DE CAXIAS;Acumulo de óleo sobre o pavimento;Queda de ocupante de veículo;Com Vítimas Feridas;Pleno dia;Decrescente;Céu Claro;Dupla;Curva;Não;1;0;1;0;0;0;1;1;-22,67374628;-43,28638368;SPRF-RJ;DEL01-RJ;UOP02-DEL01-RJ
573725;10/01/2024;quarta-feira;06:30:00;PE;316;288;BELEM DE SAO FRANCISCO;Animais na Pista;Atropelamento de Animal;Sem Vítimas;Pleno dia;Decrescente;Nublado;Simples;Reta;Não;2;0;0;0;2;0;0;1;-8,64782573;-38,70730609;SPRF-PE;DEL04-PE;UOP03-DEL04-PE
573727;10/01/2024;quarta-feira;09:00:00;SP;101;52;UBATUBA;Ausência de reação do condutor;Colisão traseira;Com Vítimas Feridas;Pleno dia;Crescente;Céu Claro;Simples;Rotatória;Sim;2;0;1;0;1;0;1;2;-23,4623355;-45,06476561;SPRF-SP;DEL06-SP;UOP01-DEL06-SP
573728;10/01/2024;quarta-feira;07:51:00;PE;232;411;SERRA TALHADA;Acessar a via sem observar a presença dos outros veículos;Colisão transversal;Com Vítimas Feridas;Pleno dia;Crescente;Garoa/Chuvisco;Simples;Reta;Sim;5;0;2;0;3;0;2;2;-7,981247;-38,305227;SPRF-PE;DEL04-PE;UOP01-DEL04-PE
573732;10/01/2024;quarta-feira;07:50:00;SP;116;497;CAJATI;Acessar a via sem observar a presença dos outros veículos;Atropelamento de Pedestre;Com Vítimas Feridas;Pleno dia;Crescente;Céu Claro;Dupla;Curva;Não;2;0;1;0;1;0;1;2;-24,76728682;-48,16859721;SPRF-SP;DEL05-SP;UOP01-DEL05-SP
573733;10/01/2024;quarta-feira;09:00:00;RN;406;163;SAO GONCALO DO AMARANTE;Desrespeitar a preferência no cruzamento;Colisão transversal;Com Vítimas Feridas;Pleno dia;Decrescente;Céu Claro;Simples;Reta;Não;2;0;0;1;1;0;1;2;-5,73527201;-35,35543901;SPRF-RN;DEL02-RN;UOP01-DEL02-RN
573734;01/01/2024;segunda-feira;12:05:00;GO;153;590,9;PIRACANJUBA;Velocidade Incompatível;Saída de leito carroçável;Com Vítimas Feridas;Pleno dia;Decrescente;Chuva;Dupla;Curva;Não;2;0;2;0;0;0;2;1;-17,4675;-49,2187;SPRF-GO;DEL03-GO;UOP01-DEL03-GO
573735;10/01/2024;quarta-feira;07:25:00;MG;153;34;CANAPOLIS;Pista Escorregadia;Queda de ocupante de veículo;Com Vítimas Feridas;Pleno dia;Crescente;Nublado;Simples;Aclive;Não;1;0;1;0;0;0;1;1;-18,71074793;-49,13692422;SPRF-MG;DEL15-MG;UOP03-DEL15-MG
573736;10/01/2024;quarta-feira;09:30:00;RS;116;246;SAO LEOPOLDO;Trafegar com motocicleta (ou similar) entre as faixas;Colisão lateral mesmo sentido;Com Vítimas Feridas;Pleno dia;Decrescente;Céu Claro;Dupla;"Ponte;Reta";Sim;3;0;0;1;1;1;1;3;-29,758751;-51,15186806;SPRF-RS;DEL01-RS;UOP02-DEL01-RS
573738;10/01/2024;quarta-feira;09:30:00;MG;153;129;PRATA;Ausência de reação do condutor;Tombamento;Com Vítimas Feridas;Pleno dia;Crescente;Chuva;Dupla;Reta;Não;2;0;1;1;0;0;2;1;-19,48466991;-48,86193486;SPRF-MG;DEL15-MG;UOP03-DEL15-MG
573742;10/01/2024;quarta-feira;10:00:00;SC;101;204;SAO JOSE;Condutor deixou de manter distância do veículo da frente;Colisão lateral mesmo sentido;Com Vítimas Feridas;Pleno dia;Decrescente;Céu Claro;Múltipla;"Reta;Declive";Sim;2;0;0;1;1;0;1;2;-27,57413014;-48,61363083;SPRF-SC;DEL01-SC;UOP01-DEL01-SC
573743;10/01/2024;quarta-feira;09:00:00;BA;324;619;SALVADOR;Condutor deixou de manter distância do veículo da frente;Engavetamento;Sem Vítimas;Pleno dia;Crescente;Céu Claro;Dupla;Reta;Sim;2;0;0;0;2;0;0;2;-12,89820999;-38,45012202;SPRF-BA;DEL01-BA;UOP01-DEL01-BA
573744;10/01/2024;quarta-feira;09:25:00;RJ;101;103,2;CAMPOS DOS GOYTACAZES;Condutor Dormindo;Colisão com objeto;Com Vítimas Feridas;Pleno dia;Decrescente;Céu Claro;Dupla;Reta;Não;1;0;1;0;0;0;1;1;-21,90551505;-41,60719065;SPRF-RJ;DEL08-RJ;UOP02-DEL08-RJ
573746;10/01/2024;quarta-feira;10:01:00;RJ;493;92;SEROPEDICA;Ausência de reação do condutor;Saída de leito carroçável;Com Vítimas Feridas;Pleno dia;Decrescente;Céu Claro;Dupla;Reta;Não;1;0;1;0;0;0;1;1;-22,66571593;-43,63250256;SPRF-RJ;DEL01-RJ;UOP03-DEL01-RJ
573751;10/01/2024;quarta-feira;10:45:00;PB;405;32,9;SAO JOAO DO RIO DO PEIXE;Entrada inopinada do pedestre;Atropelamento de Pedestre;Com Vítimas Feridas;Pleno dia;Crescente;Sol;Simples;Reta;Sim;2;0;0;1;0;1;1;2;-6,736044;-38,446316;SPRF-PB;DEL03-PB;UOP03-DEL03-PB
573756;09/01/2024;terça-feira;07:30:00;PA;222;65;DOM ELISEU;Avarias e/ou desgaste excessivo no pneu;Saída de leito carroçável;Com Vítimas Feridas;Pleno dia;Crescente;Céu Claro;Simples;Reta;Não;1;0;0;1;0;0;1;1;-4,529181;-47,828461;SPRF-PA;DEL02-PA;UOP02-DEL02-PA
573757;10/01/2024;quarta-feira;11:15:00;SC;101;118,1;ITAJAI;Ausência de reação do condutor;Colisão lateral mesmo sentido;Com Vítimas Feridas;Pleno dia;Crescente;Sol;Dupla;Reta;Não;2;0;1;0;1;0;1;2;-26,895859;-48,71903;SPRF-SC;DEL04-SC;UOP04-DEL04-SC
573760;10/01/2024;quarta-feira;10:20:00;MA;230;437;RIACHAO;Acessar a via sem observar a presença dos outros veículos;Colisão transversal;Com Vítimas Fatais;Pleno dia;Decrescente;Céu Claro;Simples;Aclive;Não;6;1;0;0;5;0;0;2;-7,44514217;-46,32653612;SPRF-MA;DEL05-MA;UOP01-DEL05-MA
573765;10/01/2024;quarta-feira;10:30:00;MT;70;150,5;GENERAL CARNEIRO;Reação tardia ou ineficiente do condutor;Colisão frontal;Com Vítimas Fatais;Pleno dia;Crescente;Chuva;Simples;"Declive;Reta";Não;8;4;3;1;0;0;4;2;-15,57764391;-53,37038799;SPRF-MT;DEL07-MT;UOP01-DEL07-MT
573766;10/01/2024;quarta-feira;13:30:00;RJ;101;324;NITEROI;Manobra de mudança de faixa;Colisão lateral mesmo sentido;Com Vítimas Feridas;Pleno dia;Decrescente;Céu Claro;Dupla;Reta;Não;2;0;1;0;1;0;1;2;-22,87381074;-43,12640997;SPRF-RJ;DEL02-RJ;UOP01-DEL02-RJ
573768;10/01/2024;quarta-feira;08:00:00;MT;70;513;VARZEA GRANDE;Reação tardia ou ineficiente do condutor;Colisão traseira;Sem Vítimas;Pleno dia;Crescente;Céu Claro;Simples;Reta;Não;5;0;0;0;5;0;0;2;-15,63725379;-56,04194641;SPRF-MT;DEL01-MT;UOP02-DEL01-MT
573770;10/01/2024;quarta-feira;10:10:00;MG;116;702,8;MURIAE;Retorno proibido;Colisão transversal;Com Vítimas Feridas;Pleno dia;Crescente;Céu Claro;Simples;Reta;Sim;2;0;1;0;1;0;1;2;-21,11938311;-42,38006362;SPRF-MG;DEL07-MG;UOP02-DEL07-MG
573771;10/01/2024;quarta-feira;08:45:00;SC;101;92,2;BARRA VELHA;Frear bruscamente;Colisão traseira;Com Vítimas Feridas;Pleno dia;Decrescente;Céu Claro;Dupla;Reta;Sim;2;0;1;0;1;0;1;2;-26,61085222;-48,72204472;SPRF-SC;DEL03-SC;UOP02-DEL03-SC
573773;10/01/2024;quarta-feira;08:10:00;SC;101;59,3;ARAQUARI;Reação tardia ou ineficiente do condutor;Colisão com objeto;Com Vítimas Feridas;Pleno dia;Decrescente;Sol;Dupla;Curva;Sim;2;0;2;0;0;0;2;1;-26,44651734;-48,79426826;SPRF-SC;DEL03-SC;UOP02-DEL03-SC
573776;10/01/2024;quarta-feira;10:30:00;RS;285;585;SAO LUIZ GONZAGA;Acumulo de água sobre o pavimento;Queda de ocupante de veículo;Com Vítimas Feridas;Pleno dia;Crescente;Chuva;Simples;Reta;Não;2;0;2;0;0;0;2;1;-28,4481664;-55,11737823;SPRF-RS;DEL12-RS;UOP01-DEL12-RS
573778;10/01/2024;quarta-feira;13:00:00;AL;101;219,6;PORTO REAL DO COLEGIO;Acumulo de água sobre o pavimento;Saída de leito carroçável;Com Vítimas Feridas;Pleno dia;Crescente;Chuva;Dupla;Declive;Não;4;0;1;0;3;0;1;3;-10,04787311;-36,67004799;SPRF-AL;DEL02-AL;UOP02-DEL02-AL
573780;10/01/2024;quarta-feira;12:30:00;PE;232;330;CUSTODIA;Mal súbito do condutor;Queda de ocupante de veículo;Com Vítimas Feridas;Pleno dia;Decrescente;Céu Claro;Simples;Reta;Não;1;0;1;0;0;0;1;1;-8,09012961;-37,60830897;SPRF-PE;DEL04-PE;UOP02-DEL04-PE
573781;10/01/2024;quarta-feira;14:40:00;SP;116;209;GUARULHOS;Trafegar com motocicleta (ou similar) entre as faixas;Colisão traseira;Com Vítimas Feridas;Pleno dia;Decrescente;Céu Claro;Múltipla;Reta;Sim;2;0;1;0;1;0;1;2;-23,42511799;-46,40221101;SPRF-SP;DEL01-SP;UOP01-DEL01-SP
573784;10/01/2024;quarta-feira;14:00:00;RJ;116;138;MAGE;Transitar no Acostamento;Colisão lateral mesmo sentido;Com Vítimas Feridas;Pleno dia;Crescente;Céu Claro;Dupla;Reta;Não;2;0;1;0;1;0;1;2;-22,64697319;-43,19165101;SPRF-RJ;DEL04-RJ;UOP02-DEL04-RJ
573785;10/01/2024;quarta-feira;07:30:00;BA;101;283;LAJE;Ultrapassagem Indevida;Colisão frontal;Com Vítimas Fatais;Pleno dia;Decrescente;Céu Claro;Simples;Reta;Não;5;2;2;1;0;0;3;2;-13,25171307;-39,32329328;SPRF-BA;DEL01-BA;UOP02-DEL01-BA
573786;10/01/2024;quarta-feira;15:50:00;MG;50;70;UBERLANDIA;Condutor desrespeitou a iluminação vermelha do semáforo;Colisão transversal;Com Vítimas Feridas;Pleno dia;Decrescente;Céu Claro;Dupla;"Reta;Interseção de Vias;Viaduto";Sim;2;0;2;0;0;0;2;2;-18,85140204;-48,25345932;SPRF-MG;DEL15-MG;UOP01-DEL15-MG
573790;10/01/2024;quarta-feira;15:19:00;MG;381;591,5;CARMOPOLIS DE MINAS;Demais falhas mecânicas ou elétricas;Tombamento;Com Vítimas Feridas;Pleno dia;Crescente;Céu Claro;Dupla;Reta;Sim;2;0;2;0;0;0;2;1;-20,55284534;-44,66074133;SPRF-MG;DEL04-MG;UOP01-DEL04-MG
573791;10/01/2024;quarta-feira;15:30:00;SC;101;137;BALNEARIO CAMBORIU;Trafegar com motocicleta (ou similar) entre as faixas;Colisão lateral mesmo sentido;Com Vítimas Feridas;Pleno dia;Decrescente;Céu Claro;Dupla;Reta;Sim;2;0;1;0;1;0;1;2;-27,0157238;-48,61192763;SPRF-SC;DEL04-SC;UOP03-DEL04-SC
573793;10/01/2024;quarta-feira;15:30:00;RO;364;17;VILHENA;Ingestão de álcool pelo condutor;Colisão traseira;Com Vítimas Feridas;Pleno dia;Decrescente;Nublado;Simples;"Declive;Reta";Não;4;0;2;0;2;0;2;2;-12,73207998;-60,16589399;SPRF-RO;DEL04-RO;UOP01-DEL04-RO
573795;10/01/2024;quarta-feira;15:40:00;GO;20;120;FLORES DE GOIAS;Ausência de reação do condutor;Colisão traseira;Com Vítimas Feridas;Pleno dia;Crescente;Céu Claro;Simples;Reta;Não;5;0;2;0;3;0;2;2;-14,870433;-46,826354;SPRF-DF;DEL02-DF;UOP03-DEL02-DF
573796;10/01/2024;quarta-feira;16:30:00;GO;60;138;GOIANIA;Ausência de reação do condutor;Colisão com objeto;Com Vítimas Feridas;Pleno dia;Crescente;Sol;Simples;Curva;Sim;5;0;0;2;2;1;2;4;-16,6176283;-49,2065111;SPRF-GO;DEL01-GO;UOP01-DEL01-GO
573798;10/01/2024;quarta-feira;16:30:00;RJ;101;428;MANGARATIBA;Acessar a via sem observar a presença dos outros veículos;Colisão transversal;Com Vítimas Feridas;Pleno dia;Decrescente;Sol;Dupla;"Reta;Retorno Regulamentado";Sim;5;0;4;1;0;0;5;2;-22,93391858;-43,9899979;SPRF-RJ;DEL03-RJ;UOP02-DEL03-RJ
573799;10/01/2024;quarta-feira;11:30:00;SC;280;240;CANOINHAS;Condutor Dormindo;Saída de leito carroçável;Sem Vítimas;Pleno dia;Crescente;Céu Claro;Simples;Reta;Não;1;0;0;0;1;0;0;1;-26,2173631;-50,45390288;SPRF-SC;DEL06-SC;UOP04-DEL06-SC
573802;10/01/2024;quarta-feira;17:00:00;PE;101;50;ABREU E LIMA;Manobra de mudança de faixa;Colisão traseira;Com Vítimas Feridas;Anoitecer;Crescente;Céu Claro;Múltipla;Reta;Sim;2;0;2;0;0;0;2;2;-7,90938602;-34,90123228;SPRF-PE;DEL01-PE;UOP02-DEL01-PE
573804;10/01/2024;quarta-feira;17:18:00;DF;20;16;BRASILIA;Reação tardia ou ineficiente do condutor;Saída de leito carroçável;Com Vítimas Feridas;Pleno dia;Crescente;Nublado;Dupla;"Reta;Declive";Sim;2;0;1;0;1;0;1;1;-15,625675;-47,725159;SPRF-DF;DEL02-DF;UOP01-DEL02-DF
573806;10/01/2024;quarta-feira;16:40:00;BA;324;596;CANDEIAS;Condutor deixou de manter distância do veículo da frente;Colisão traseira;Sem Vítimas;Pleno dia;Crescente;Céu Claro;Dupla;Curva;Não;2;0;0;0;2;0;0;2;-12,72003796;-38,45130588;SPRF-BA;DEL01-BA;UOP01-DEL01-BA
573807;10/01/2024;quarta-feira;18:05:00;PR;277;584;CASCAVEL;Manobra de mudança de faixa;Colisão lateral mesmo sentido;Sem Vítimas;Pleno dia;Crescente;Sol;Múltipla;"Curva;Interseção de Vias;Viaduto";Sim;2;0;0;0;2;0;0;2;-24,96455187;-53,40569085;SPRF-PR;DEL04-PR;UOP01-DEL04-PR
573808;10/01/2024;quarta-feira;15:00:00;MG;116;295;TEOFILO OTONI;Mal súbito do condutor;Queda de ocupante de veículo;Com Vítimas Feridas;Pleno dia;Decrescente;Céu Claro;Simples;Reta;Não;1;0;1;0;0;0;1;1;-17,99801182;-41,57578804;SPRF-MG;DEL11-MG;UOP01-DEL11-MG
573811;10/01/2024;quarta-feira;17:50:00;MG;116;526,3;CARATINGA;Ausência de reação do condutor;Colisão traseira;Com Vítimas Feridas;Pleno dia;Decrescente;Garoa/Chuvisco;Simples;"Declive;Reta";Sim;2;0;1;0;1;0;1;2;-19,77654011;-42,13327989;SPRF-MG;DEL06-MG;UOP02-DEL06-MG
573813;10/01/2024;quarta-feira;16:00:00;BA;101;114;ALAGOINHAS;Condutor deixou de manter distância do veículo da frente;Colisão traseira;Com Vítimas Feridas;Pleno dia;Decrescente;Céu Claro;Simples;Reta;Não;2;0;0;1;0;1;1;2;-12,15401817;-38,51205106;SPRF-BA;DEL01-BA;UOP04-DEL01-BA
573814;10/01/2024;quarta-feira;17:35:00;PE;101;36,9;IGARASSU;Manobra de mudança de faixa;Colisão transversal;Com Vítimas Feridas;Pleno dia;Crescente;Céu Claro;Dupla;Reta;Não;2;0;1;0;0;1;1;2;-7,788367;-34,92981702;SPRF-PE;DEL01-PE;UOP02-DEL01-PE
573815;10/01/2024;quarta-feira;18:45:00;MG;40;747,9;SANTOS DUMONT;Animais na Pista;Saída de leito carroçável;Com Vítimas Feridas;Anoitecer;Decrescente;Nublado;Simples;Curva;Não;2;0;1;1;0;0;2;1;-21,4328731;-43,55221915;SPRF-MG;DEL05-MG;UOP01-DEL05-MG
573816;10/01/2024;quarta-feira;13:00:00;RJ;116;180;NOVA IGUACU;Reação tardia ou ineficiente do condutor;Colisão traseira;Com Vítimas Feridas;Pleno dia;Decrescente;Céu Claro;Dupla;Reta;Não;4;0;1;0;3;0;1;3;-22,7651616;-43,4154728;SPRF-RJ;DEL06-RJ;UOP01-DEL06-RJ
573818;10/01/2024;quarta-feira;18:00:00;SP;153;110,1;JOSE BONIFACIO;Ausência de reação do condutor;Colisão traseira;Com Vítimas Feridas;Plena Noite;Decrescente;Nublado;Simples;Reta;Não;2;0;1;0;1;0;1;2;-21,08845219;-49,67466361;SPRF-SP;DEL09-SP;UOP01-DEL09-SP
573819;10/01/2024;quarta-feira;17:30:00;SC;101;328;CAPIVARI DE BAIXO;Demais falhas mecânicas ou elétricas;Colisão traseira;Com Vítimas Feridas;Pleno dia;Crescente;Céu Claro;Dupla;"Reta;Aclive";Sim;2;0;0;1;1;0;1;2;-28,43648094;-48,95989307;SPRF-SC;DEL02-SC;UOP01-DEL02-SC
573820;10/01/2024;quarta-feira;18:25:00;AL;104;30,4;UNIAO DOS PALMARES;Ausência de reação do condutor;Queda de ocupante de veículo;Com Vítimas Feridas;Plena Noite;Crescente;Nublado;Simples;Reta;Não;1;0;0;1;0;0;1;1;-9,12603274;-36,03386675;SPRF-AL;DEL01-AL;UOP02-DEL01-AL