id;data_inversa;dia_semana;horario;uf;br;km;municipio;causa_acidente;tipo_acidente;classificacao_acidente;fase_dia;sentido_via;condicao_metereologica;tipo_pista;tracado_via;uso_solo;pessoas;mortos;feridos_leves;feridos_graves;ilesos;ignorados;feridos;veiculos;latitude;longitude;regional;delegacia;uop
573823;10/01/2024;quarta-feira;18:50:00;SC;101;205,5;SAO JOSE;Manobra de mudança de faixa;Colisão lateral mesmo sentido;Com Vítimas Feridas;Anoitecer;Crescente;Céu Claro;Dupla;Reta;Sim;2;0;0;1;0;1;1;2;-27,58313237;-48,61532885;SPRF-SC;DEL01-SC;UOP01-DEL01-SC
573824;10/01/2024;quarta-feira;19:00:00;MG;365;623;UBERLANDIA;Afundamento ou ondulação no pavimento;Colisão com objeto;Com Vítimas Feridas;Plena Noite;Decrescente;Nublado;Dupla;Reta;Sim;1;0;1;0;0;0;1;1;-18,9100325;-48,30694985;SPRF-MG;DEL15-MG;UOP01-DEL15-MG
573825;10/01/2024;quarta-feira;18:50:00;ES;259;33,5;COLATINA;Conversão proibida;Colisão transversal;Com Vítimas Feridas;Plena Noite;Crescente;Céu Claro;Simples;Reta;Sim;2;0;0;1;1;0;1;2;-19,5706707;-40,50497334;SPRF-ES;DEL02-ES;UOP01-DEL02-ES
573827;10/01/2024;quarta-feira;18:20:00;CE;222;4;CAUCAIA;Manobra de mudança de faixa;Colisão lateral mesmo sentido;Com Vítimas Feridas;Plena Noite;Crescente;Céu Claro;Múltipla;Reta;Sim;2;0;0;1;1;0;1;2;-3,741515;-38,605295;SPRF-CE;DEL01-CE;UOP01-DEL01-CE
573828;10/01/2024;quarta-feira;19:00:00;PR;277;19;MORRETES;Demais falhas mecânicas ou elétricas;Colisão com objeto;Com Vítimas Feridas;Anoitecer;Crescente;Céu Claro;Dupla;Reta;Não;2;0;1;1;0;0;2;1;-25,53862164;-48,69474292;SPRF-PR;DEL01-PR;UOP05-DEL01-PR
573831;10/01/2024;quarta-feira;17:30:00;PA;155;343;MARABA;Acessar a via sem observar a presença dos outros veículos;Atropelamento de Pedestre;Com Vítimas Feridas;Pleno dia;Decrescente;Nublado;Simples;"Declive;Reta";Sim;3;0;1;1;0;1;2;2;-5,36957395;-49,07796968;SPRF-PA;DEL03-PA;UOP01-DEL03-PA
573832;10/01/2024;quarta-feira;18:00:00;CE;20;83,1;TAUA;Entrada inopinada do pedestre;Atropelamento de Pedestre;Com Vítimas Fatais;Anoitecer;Decrescente;Céu Claro;Simples;Reta;Sim;2;1;0;0;1;0;0;2;-6,00760337;-40,28674757;SPRF-CE;DEL02-CE;UOP02-DEL02-CE
573834;10/01/2024;quarta-feira;18:05:00;PR;369;39;ANDIRA;Acessar a via sem observar a presença dos outros veículos;Colisão transversal;Com Vítimas Feridas;Pleno dia;Decrescente;Céu Claro;Simples;"Reta;Interseção de Vias;Rotatória";Não;6;0;5;0;1;0;5;2;-23,05832875;-50,24824083;SPRF-PR;DEL07-PR;UOP05-DEL07-PR
573835;10/01/2024;quarta-feira;17:23:00;AC;364;135;RIO BRANCO;Acessar a via sem observar a presença dos outros veículos;Colisão lateral mesmo sentido;Com Vítimas Feridas;Pleno dia;Decrescente;Sol;Dupla;Reta;Sim;2;0;1;0;1;0;1;2;-9,98588117;-67,84523538;SPRF-AC;DEL01-AC;UOP01-DEL01-AC
573836;10/01/2024;quarta-feira;19:50:00;SC;101;217,3;PALHOCA;Ingestão de álcool pelo condutor;Tombamento;Com Vítimas Feridas;Plena Noite;Decrescente;Céu Claro;Múltipla;Reta;Sim;1;0;1;0;0;0;1;1;-27,66779034;-48,67393586;SPRF-SC;DEL01-SC;UOP02-DEL01-SC
573837;10/01/2024;quarta-feira;19:40:00;SP;116;226;GUARULHOS;Reação tardia ou ineficiente do condutor;Engavetamento;Com Vítimas Feridas;Plena Noite;Decrescente;Ignorado;Múltipla;Reta;Sim;3;0;1;0;2;0;1;3;-23,49102507;-46,54878195;SPRF-SP;DEL01-SP;UOP01-DEL01-SP
573839;10/01/2024;quarta-feira;19:45:00;SC;101;121;ITAJAI;Ausência de reação do condutor;Colisão lateral mesmo sentido;Com Vítimas Feridas;Plena Noite;Decrescente;Nublado;Dupla;Reta;Sim;3;0;0;2;1;0;2;2;-26,92103178;-48,70856446;SPRF-SC;DEL04-SC;UOP04-DEL04-SC
573840;10/01/2024;quarta-feira;19:09:00;PE;101;50;ABREU E LIMA;Manobra de mudança de faixa;Colisão transversal;Com Vítimas Feridas;Plena Noite;Decrescente;Céu Claro;Múltipla;Curva;Sim;2;0;1;0;0;1;1;2;-7,90938602;-34,90123228;SPRF-PE;DEL01-PE;UOP02-DEL01-PE
573842;10/01/2024;quarta-feira;18:50:00;PR;376;176,8;MARINGA;Acessar a via sem observar a presença dos outros veículos;Colisão lateral mesmo sentido;Com Vítimas Feridas;Plena Noite;Decrescente;Céu Claro;Dupla;"Interseção de Vias;Reta";Sim;2;0;1;0;1;0;1;2;-23,41269173;-51,93158327;SPRF-PR;DEL09-PR;UOP01-DEL09-PR
573843;10/01/2024;quarta-feira;19:00:00;RJ;116;110;GUAPIMIRIM;Ausência de reação do condutor;Queda de ocupante de veículo;Com Vítimas Feridas;Plena Noite;Crescente;Nublado;Dupla;Reta;Sim;1;0;1;0;0;0;1;1;-22,55073275;-42,98968744;SPRF-RJ;DEL04-RJ;UOP02-DEL04-RJ
573844;10/01/2024;quarta-feira;20:05:00;SP;116;469;PARIQUERA-ACU;Velocidade Incompatível;Queda de ocupante de veículo;Com Vítimas Feridas;Plena Noite;Decrescente;Céu Claro;Dupla;Reta;Não;1;0;1;0;0;0;1;1;-24,65247192;-47,95005601;SPRF-SP;DEL05-SP;UOP01-DEL05-SP
573845;10/01/2024;quarta-feira;19:30:00;BA;330;812;JITAUNA;Acessar a via sem observar a presença dos outros veículos;Colisão transversal;Com Vítimas Feridas;Plena Noite;Crescente;Céu Claro;Simples;Reta;Sim;2;0;1;1;0;0;2;2;-14,01344317;-39,89243031;SPRF-BA;DEL03-BA;UOP01-DEL03-BA
573846;10/01/2024;quarta-feira;19:00:00;MG;262;36,1;MANHUACU;Conversão proibida;Colisão transversal;Com Vítimas Feridas;Plena Noite;Decrescente;Nublado;Simples;Reta;Sim;3;0;1;0;2;0;1;2;-20,25932046;-42,02298331;SPRF-MG;DEL06-MG;UOP03-DEL06-MG
573847;10/01/2024;quarta-feira;19:00:00;SC;101;144;ITAPEMA;Reação tardia ou ineficiente do condutor;Colisão traseira;Com Vítimas Feridas;Pleno dia;Crescente;Céu Claro;Dupla;Reta;Sim;2;0;1;0;1;0;1;2;-27,0732659;-48,59672716;SPRF-SC;DEL04-SC;UOP03-DEL04-SC
573848;10/01/2024;quarta-feira;19:54:00;SC;101;135;BALNEARIO CAMBORIU;Acessar a via sem observar a presença dos outros veículos;Colisão transversal;Com Vítimas Feridas;Plena Noite;Crescente;Céu Claro;Simples;Reta;Sim;2;0;0;1;1;0;1;2;-27,0050108;-48,62677494;SPRF-SC;DEL04-SC;UOP03-DEL04-SC
573849;10/01/2024;quarta-feira;20:15:00;PR;277;454,3;LARANJEIRAS DO SUL;Desrespeitar a preferência no cruzamento;Colisão transversal;Com Vítimas Feridas;Plena Noite;Decrescente;Céu Claro;Simples;"Reta;Declive";Sim;2;0;1;0;1;0;1;2;-25,36980336;-52,37913399;SPRF-PR;DEL04-PR;UOP02-DEL04-PR
573850;10/01/2024;quarta-feira;19:55:00;RO;319;64;PORTO VELHO;Entrada inopinada do pedestre;Atropelamento de Pedestre;Com Vítimas Feridas;Plena Noite;Crescente;Chuva;Múltipla;"Reta;Interseção de Vias";Sim;2;0;0;1;1;0;1;2;-8,766685;-63,884052;SPRF-RO;DEL01-RO;UOP01-DEL01-RO
573851;10/01/2024;quarta-feira;18:00:00;RJ;40;108;DUQUE DE CAXIAS;Condutor deixou de manter distância do veículo da frente;Engavetamento;Com Vítimas Feridas;Pleno dia;Decrescente;Céu Claro;Múltipla;Reta;Sim;5;0;2;0;3;0;2;3;-22,66476979;-43,28495144;SPRF-RJ;DEL01-RJ;UOP02-DEL01-RJ
573853;10/01/2024;quarta-feira;21:20:00;GO;40;12;LUZIANIA;Ausência de reação do condutor;Queda de ocupante de veículo;Com Vítimas Feridas;Plena Noite;Decrescente;Nublado;Dupla;Reta;Não;1;0;1;0;0;0;1;1;-16,145123;-47,945382;SPRF-DF;DEL01-DF;UOP01-DEL01-DF
573854;10/01/2024;quarta-feira;15:35:00;RJ;116;184;NOVA IGUACU;Condutor deixou de manter distância do veículo da frente;Colisão traseira;Com Vítimas Feridas;Pleno dia;Decrescente;Céu Claro;Múltipla;Reta;Sim;2;0;0;1;1;0;1;2;-22,74647215;-43,44594311;SPRF-RJ;DEL06-RJ;UOP01-DEL06-RJ
573856;10/01/2024;quarta-feira;21:00:00;RS;158;485,9;ROSARIO DO SUL;Acesso irregular;Saída de leito carroçável;Sem Vítimas;Plena Noite;Decrescente;Nublado;Simples;"Reta;Interseção de Vias";Não;1;0;0;0;0;1;0;1;-30,38885306;-55,03889871;SPRF-RS;DEL11-RS;UOP02-DEL11-RS
573857;10/01/2024;quarta-feira;21:20:00;GO;40;1;VALPARAISO DE GOIAS;Acesso irregular;Atropelamento de Pedestre;Com Vítimas Feridas;Plena Noite;Decrescente;Nublado;Dupla;Reta;Sim;2;0;1;0;1;0;1;2;-16,067129;-47,984235;SPRF-DF;DEL01-DF;UOP01-DEL01-DF
573858;10/01/2024;quarta-feira;21:00:00;AL;316;142;PALMEIRA DOS INDIOS;Demais falhas mecânicas ou elétricas;Incêndio;Sem Vítimas;Plena Noite;Crescente;Céu Claro;Simples;Reta;Sim;1;0;0;0;1;0;0;1;-9,39355673;-36,74054595;SPRF-AL;DEL03-AL;UOP01-DEL03-AL
573860;10/01/2024;quarta-feira;21:40:00;PB;230;144,8;CAMPINA GRANDE;Reação tardia ou ineficiente do condutor;Tombamento;Com Vítimas Feridas;Plena Noite;Crescente;Nublado;Dupla;Reta;Sim;2;0;0;1;1;0;1;1;-7,2536;-35,8317;SPRF-PB;DEL02-PB;UOP01-DEL02-PB
573861;10/01/2024;quarta-feira;17:40:00;RJ;101;572;PARATY;Acessar a via sem observar a presença dos outros veículos;Colisão transversal;Com Vítimas Feridas;Anoitecer;Decrescente;Céu Claro;Simples;Reta;Sim;5;0;1;1;2;1;2;3;-23,1916318;-44,72742319;SPRF-RJ;DEL03-RJ;UOP04-DEL03-RJ
573862;10/01/2024;quarta-feira;21:05:00;MG;459;84;CONGONHAL;Demais falhas mecânicas ou elétricas;Colisão com objeto;Sem Vítimas;Plena Noite;Decrescente;Nublado;Simples;Reta;Não;1;0;0;0;0;1;0;1;-22,153194;-46,06242;SPRF-MG;DEL09-MG;UOP01-DEL09-MG
573863;10/01/2024;quarta-feira;20:05:00;RJ;101;328;NITEROI;Ausência de reação do condutor;Tombamento;Com Vítimas Feridas;Plena Noite;Crescente;Céu Claro;Dupla;Reta;Não;1;0;1;0;0;0;1;1;-22,87028692;-43,16579699;SPRF-RJ;DEL02-RJ;UOP01-DEL02-RJ
573865;10/01/2024;quarta-feira;21:30:00;PR;376;627;SAO JOSE DOS PINHAIS;Ingestão de álcool pelo condutor;Saída de leito carroçável;Sem Vítimas;Plena Noite;Crescente;Céu Claro;Dupla;Reta;Não;1;0;0;0;1;0;0;1;-25,66963786;-49,15231858;SPRF-PR;DEL01-PR;UOP04-DEL01-PR
573867;10/01/2024;quarta-feira;22:10:00;SC;101;425,1;ARARANGUA;Avarias e/ou desgaste excessivo no pneu;Tombamento;Com Vítimas Feridas;Plena Noite;Decrescente;Céu Claro;Dupla;"Curva;Declive;Viaduto";Não;2;0;2;0;0;0;2;1;-29,02095789;-49,59124506;SPRF-SC;DEL02-SC;UOP02-DEL02-SC
573868;10/01/2024;quarta-feira;20:50:00;SC;101;328;CAPIVARI DE BAIXO;Ingestão de álcool pelo condutor;Colisão traseira;Sem Vítimas;Plena Noite;Crescente;Céu Claro;Dupla;Reta;Não;1;0;0;0;1;0;0;1;-28,43648094;-48,95989307;SPRF-SC;DEL02-SC;UOP01-DEL02-SC
573869;10/01/2024;quarta-feira;21:40:00;RO;364;199,9;PIMENTA BUENO;Ausência de reação do condutor;Saída de leito carroçável;Com Vítimas Feridas;Plena Noite;Decrescente;Chuva;Simples;Reta;Não;1;0;0;1;0;0;1;1;-11,661617;-61,191055;SPRF-RO;DEL02-RO;UOP02-DEL02-RO
573870;10/01/2024;quarta-feira;22:40:00;MS;262;246;RIBAS DO RIO PARDO;Acessar a via sem observar a presença dos outros veículos;Colisão frontal;Com Vítimas Feridas;Plena Noite;Crescente;Céu Claro;Simples;Reta;Não;4;0;2;2;0;0;4;2;-20,44481685;-53,81931889;SPRF-MS;DEL01-MS;UOP01-DEL01-MS
573871;10/01/2024;quarta-feira;22:30:00;SP;116;439;REGISTRO;Pista Escorregadia;Queda de ocupante de veículo;Com Vítimas Feridas;Plena Noite;Decrescente;Garoa/Chuvisco;Simples;"Curva;Retorno Regulamentado";Não;2;0;1;0;1;0;1;1;-24,45434475;-47,81204635;SPRF-SP;DEL05-SP;UOP01-DEL05-SP
573872;10/01/2024;quarta-feira;22:45:00;AL;316;148;PALMEIRA DOS INDIOS;Ausência de reação do condutor;Saída de leito carroçável;Com Vítimas Feridas;Plena Noite;Crescente;Céu Claro;Simples;Reta;Sim;1;0;0;1;0;0;1;1;-9,40718239;-36,68829724;SPRF-AL;DEL03-AL;UOP01-DEL03-AL
573873;10/01/2024;quarta-feira;19:30:00;PA;163;659;ITAITUBA;Ausência de reação do condutor;Tombamento;Com Vítimas Feridas;Plena Noite;Decrescente;Céu Claro;Simples;Reta;Não;2;0;2;0;0;0;2;1;-4,45985712;-55,84675684;SPRF-PA;DEL05-PA;UOP02-DEL05-PA
573875;10/01/2024;quarta-feira;22:50:00;RS;392;349,7;SANTA MARIA;Ausência de reação do condutor;Colisão com objeto;Com Vítimas Feridas;Plena Noite;Crescente;Nublado;Simples;"Aclive;Reta;Rotatória";Sim;1;0;0;1;0;0;1;1;-29,743073;-53,793525;SPRF-RS;DEL09-RS;UOP01-DEL09-RS
573876;10/01/2024;quarta-feira;20:00:00;MA;316;218;GOVERNADOR NEWTON BELLO;Ingestão de álcool pelo condutor;Saída de leito carroçável;Sem Vítimas;Plena Noite;Crescente;Céu Claro;Simples;Reta;Não;2;0;0;0;1;1;0;2;-3,45764;-45,672226;SPRF-MA;DEL02-MA;UOP01-DEL02-MA
573877;10/01/2024;quarta-feira;18:30:00;RJ;40;72;PETROPOLIS;Reação tardia ou ineficiente do condutor;Saída de leito carroçável;Com Vítimas Feridas;Anoitecer;Decrescente;Garoa/Chuvisco;Dupla;"Curva;Declive";Não;1;0;1;0;0;0;1;1;-22,4585308;-43,21600514;SPRF-RJ;DEL01-RJ;UOP01-DEL01-RJ
573878;11/01/2024;quinta-feira;01:00:00;SP;116;228;SAO PAULO;Reação tardia ou ineficiente do condutor;Colisão traseira;Com Vítimas Feridas;Plena Noite;Crescente;Nublado;Múltipla;Reta;Sim;2;0;1;0;0;1;1;2;-23,50343484;-46,56638712;SPRF-SP;DEL01-SP;UOP01-DEL01-SP
573879;11/01/2024;quinta-feira;00:33:00;GO;60;197;GUAPO;Avarias e/ou desgaste excessivo no pneu;Capotamento;Com Vítimas Feridas;Plena Noite;Decrescente;Céu Claro;Dupla;Reta;Não;1;0;1;0;0;0;1;1;-16,8546;-49,5945;SPRF-GO;DEL01-GO;UOP02-DEL01-GO
573880;11/01/2024;quinta-feira;01:40:00;MG;40;500,3;ESMERALDAS;Animais na Pista;Atropelamento de Animal;Com Vítimas Feridas;Plena Noite;Decrescente;Céu Claro;Dupla;"Reta;Declive";Sim;1;0;0;1;0;0;1;1;-19,70073502;-44,17382703;SPRF-MG;DEL02-MG;UOP01-DEL02-MG
573881;09/01/2024;terça-feira;02:45:00;MG;262;483;BOM DESPACHO;Animais na Pista;Atropelamento de Animal;Sem Vítimas;Plena Noite;Decrescente;Chuva;Simples;Reta;Não;2;0;0;0;2;0;0;1;-19,78475619;-45,27534199;SPRF-MG;DEL08-MG;UOP03-DEL08-MG
573883;10/01/2024;quarta-feira;22:20:00;GO;414;304,2;VILA PROPICIO;Velocidade Incompatível;Saída de leito carroçável;Com Vítimas Feridas;Plena Noite;Crescente;Nublado;Simples;Reta;Não;2;0;0;2;0;0;2;1;-15,24488;-48,690133;SPRF-GO;DEL02-GO;UOP01-DEL02-GO
573886;11/01/2024;quinta-feira;05:25:00;MG;50;80,8;UBERLANDIA;Acessar a via sem observar a presença dos outros veículos;Atropelamento de Pedestre;Com Vítimas Feridas;Amanhecer;Crescente;Céu Claro;Dupla;Reta;Sim;2;0;0;1;1;0;1;2;-18,986906;-48,211853;SPRF-MG;DEL15-MG;UOP01-DEL15-MG
573890;11/01/2024;quinta-feira;04:50:00;MT;364;352;SANTO ANTONIO DO LEVERGER;Reação tardia ou ineficiente do condutor;Saída de leito carroçável;Com Vítimas Feridas;Amanhecer;Decrescente;Chuva;Dupla;Reta;Não;2;0;1;0;1;0;1;1;-15,80114637;-55,57413507;SPRF-MT;DEL05-MT;UOP02-DEL05-MT
573891;11/01/2024;quinta-feira;06:30:00;SP;116;269;TABOAO DA SERRA;Trafegar com motocicleta (ou similar) entre as faixas;Colisão lateral mesmo sentido;Com Vítimas Feridas;Pleno dia;Decrescente;Céu Claro;Dupla;Reta;Sim;3;0;1;0;2;0;1;2;-23,61593059;-46,78826044;SPRF-SP;DEL04-SP;UOP01-DEL04-SP
573892;11/01/2024;quinta-feira;05:20:00;SE;101;31,7;CAPELA;Acumulo de areia ou detritos sobre o pavimento;Colisão com objeto;Sem Vítimas;Amanhecer;Crescente;Chuva;Dupla;Reta;Não;1;0;0;0;1;0;0;1;-10,45377004;-36,94004289;SPRF-SE;DEL02-SE;UOP02-DEL02-SE
573895;11/01/2024;quinta-feira;00:00:00;MG;116;507,3;UBAPORANGA;Ultrapassagem Indevida;Colisão lateral mesmo sentido;Com Vítimas Feridas;Plena Noite;Decrescente;Nevoeiro/Neblina;Simples;Curva;Sim;3;0;0;1;1;1;1;2;-19,61953715;-42,10872923;SPRF-MG;DEL06-MG;UOP02-DEL06-MG
573900;11/01/2024;quinta-feira;07:25:00;RS;116;1;PORTO ALEGRE;Manobra de mudança de faixa;Colisão lateral mesmo sentido;Com Vítimas Feridas;Pleno dia;Crescente;Nublado;Dupla;Reta;Não;3;0;1;0;2;0;1;3;-29,9731875;-51,1774783;SPRF-RS;DEL05-RS;UOP03-DEL05-RS
573901;11/01/2024;quinta-feira;06:43:00;SP;116;374;MIRACATU;Reação tardia ou ineficiente do condutor;Atropelamento de Pedestre;Com Vítimas Feridas;Pleno dia;Crescente;Céu Claro;Dupla;Reta;Não;3;0;1;0;2;0;1;2;-24,17696369;-47,34705324;SPRF-SP;DEL04-SP;UOP02-DEL04-SP
573903;11/01/2024;quinta-feira;07:00:00;BA;324;2;FEIRA DE SANTANA;Trafegar com motocicleta (ou similar) entre as faixas;Colisão lateral mesmo sentido;Com Vítimas Feridas;Pleno dia;Decrescente;Céu Claro;Dupla;Reta;Sim;3;0;2;0;1;0;2;2;-12,28359459;-38,94781178;SPRF-BA;DEL02-BA;UOP01-DEL02-BA
573904;11/01/2024;quinta-feira;06:30:00;PB;101;85;BAYEUX;Demais falhas mecânicas ou elétricas;Incêndio;Sem Vítimas;Pleno dia;Crescente;Chuva;Dupla;Reta;Sim;1;0;0;0;1;0;0;1;-7,14538184;-34,91662887;SPRF-PB;DEL01-PB;UOP01-DEL01-PB
573906;11/01/2024;quinta-feira;06:50:00;PR;163;239,3;TOLEDO;Velocidade Incompatível;Colisão traseira;Sem Vítimas;Pleno dia;Crescente;Céu Claro;Dupla;Reta;Não;3;0;0;0;3;0;0;2;-24,717822;-53,711597;SPRF-PR;DEL04-PR;UOP01-DEL04-PR
573907;11/01/2024;quinta-feira;08:00:00;MG;381;834,1;SAO SEBASTIAO DA BELA VISTA;Reação tardia ou ineficiente do condutor;Saída de leito carroçável;Com Vítimas Feridas;Pleno dia;Decrescente;Céu Claro;Dupla;Reta;Não;4;0;2;0;2;0;2;1;-22,14509897;-45,81876904;SPRF-MG;DEL16-MG;UOP01-DEL16-MG
573908;11/01/2024;quinta-feira;07:30:00;SP;381;37;ATIBAIA;Reação tardia ou ineficiente do condutor;Colisão lateral mesmo sentido;Sem Vítimas;Pleno dia;Crescente;Céu Claro;Dupla;Curva;Não;3;0;0;0;3;0;0;2;-23,10506237;-46,56881577;SPRF-SP;DEL03-SP;UOP01-DEL03-SP
573911;11/01/2024;quinta-feira;08:30:00;RS;392;67;PELOTAS;Desrespeitar a preferência no cruzamento;Colisão transversal;Com Vítimas Feridas;Pleno dia;Decrescente;Nublado;Dupla;"Reta;Interseção de Vias;Rotatória";Sim;2;0;0;1;1;0;1;2;-31,75652467;-52,40087986;SPRF-RS;DEL07-RS;UOP01-DEL07-RS
573912;11/01/2024;quinta-feira;07:20:00;PR;476;152,9;ARAUCARIA;Condutor deixou de manter distância do veículo da frente;Colisão traseira;Com Vítimas Feridas;Pleno dia;Decrescente;Céu Claro;Dupla;Reta;Sim;3;0;2;0;1;0;2;2;-25,570036;-49,384193;SPRF-PR;DEL01-PR;UOP06-DEL01-PR
573915;11/01/2024;quinta-feira;08:30:00;SC;470;68,1;INDAIAL;Acessar a via sem observar a presença dos outros veículos;Colisão lateral mesmo sentido;Com Vítimas Feridas;Pleno dia;Decrescente;Céu Claro;Dupla;"Reta;Em Obras";Sim;3;0;2;0;1;0;2;2;-26,87874376;-49,2407012;SPRF-SC;DEL04-SC;UOP01-DEL04-SC
573916;11/01/2024;quinta-feira;08:05:00;GO;60;38;GOIANIA;Reação tardia ou ineficiente do condutor;Engavetamento;Sem Vítimas;Pleno dia;Crescente;Céu Claro;Dupla;Reta;Sim;8;0;0;0;8;0;0;6;-16,72670228;-49,35183786;SPRF-DF;DEL03-DF;UOP01-DEL03-DF
573917;11/01/2024;quinta-feira;08:30:00;RS;101;36;TRES CACHOEIRAS;Acumulo de água sobre o pavimento;Saída de leito carroçável;Com Vítimas Feridas;Pleno dia;Crescente;Chuva;Dupla;Curva;Não;2;0;2;0;0;0;2;1;-29,52220183;-49,99975009;SPRF-RS;DEL03-RS;UOP02-DEL03-RS
573920;11/01/2024;quinta-feira;09:05:00;RS;392;24;RIO GRANDE;Condutor Dormindo;Saída de leito carroçável;Sem Vítimas;Pleno dia;Crescente;Céu Claro;Dupla;Reta;Não;1;0;0;0;1;0;0;1;-32,0858159;-52,23789595;SPRF-RS;DEL07-RS;UOP02-DEL07-RS
573921;03/01/2024;quarta-feira;05:40:00;RJ;101;209,6;CASIMIRO DE ABREU;Condutor Dormindo;Saída de leito carroçável;Com Vítimas Feridas;Amanhecer;Decrescente;Chuva;Dupla;Curva;Não;1;0;1;0;0;0;1;1;-22,48133694;-42,22930101;SPRF-RJ;DEL08-RJ;UOP04-DEL08-RJ
573924;11/01/2024;quinta-feira;09:15:00;SC;101;157;PORTO BELO;Ausência de reação do condutor;Colisão traseira;Com Vítimas Feridas;Pleno dia;Decrescente;Céu Claro;Múltipla;Reta;Sim;3;0;1;0;2;0;1;2;-27,181625;-48,6121179;SPRF-SC;DEL04-SC;UOP03-DEL04-SC
573926;11/01/2024;quinta-feira;09:25:00;ES;101;293,6;CARIACICA;Trafegar com motocicleta (ou similar) entre as faixas;Colisão lateral mesmo sentido;Com Vítimas Feridas;Pleno dia;Decrescente;Céu Claro;Dupla;Reta;Sim;3;0;1;0;2;0;1;3;-20,31526144;-40,39567044;SPRF-ES;DEL01-ES;UOP01-DEL01-ES
573928;11/01/2024;quinta-feira;08:50:00;SC;280;138;RIO NEGRINHO;Manobra de mudança de faixa;Saída de leito carroçável;Com Vítimas Feridas;Pleno dia;Crescente;Céu Claro;Simples;"Declive;Reta;Em Obras";Não;1;0;1;0;0;0;1;1;-26,26237708;-49,59785109;SPRF-SC;DEL06-SC;UOP03-DEL06-SC
573929;11/01/2024;quinta-feira;09:00:00;RO;319;62;PORTO VELHO;Desrespeitar a preferência no cruzamento;Colisão transversal;Com Vítimas Feridas;Pleno dia;Crescente;Nublado;Dupla;Reta;Sim;2;0;1;0;1;0;1;2;-8,766685;-63,884052;SPRF-RO;DEL01-RO;UOP01-DEL01-RO
573931;11/01/2024;quinta-feira;10:00:00;PR;476;121;CURITIBA;Reação tardia ou ineficiente do condutor;Colisão traseira;Com Vítimas Feridas;Pleno dia;Crescente;Céu Claro;Múltipla;Reta;Sim;2;0;1;0;1;0;1;2;-25,379221;-49,197685;SPRF-PR;DEL01-PR;UOP01-DEL01-PR
573932;11/01/2024;quinta-feira;10:50:00;ES;101;395,5;RIO NOVO DO SUL;Acessar a via sem observar a presença dos outros veículos;Queda de ocupante de veículo;Com Vítimas Feridas;Pleno dia;Crescente;Sol;Simples;Reta;Não;2;0;1;1;0;0;2;2;-20,86594262;-40,93257592;SPRF-ES;DEL03-ES;UOP02-DEL03-ES
573933;11/01/2024;quinta-feira;10:45:00;RS;386;423;MONTENEGRO;Velocidade Incompatível;Saída de leito carroçável;Com Vítimas Feridas;Pleno dia;Decrescente;Chuva;Dupla;Curva;Não;2;0;1;0;1;0;1;2;-29,816875;-51,392719;SPRF-RS;DEL04-RS;UOP02-DEL04-RS
573935;11/01/2024;quinta-feira;10:57:00;DF;60;0;BRASILIA;Acessar a via sem observar a presença dos outros veículos;Colisão lateral mesmo sentido;Com Vítimas Feridas;Pleno dia;Decrescente;Céu Claro;Dupla;Curva;Sim;2;0;1;0;1;0;1;2;-15,882499;-48,060212;SPRF-DF;DEL03-DF;UOP01-DEL03-DF
573940;11/01/2024;quinta-feira;11:00:00;TO;153;337;GUARAI;Acesso irregular;Colisão transversal;Com Vítimas Feridas;Pleno dia;Crescente;Nublado;Simples;Reta;Sim;3;0;1;0;1;1;1;3;-8,863007;-48,50835;SPRF-TO;DEL02-TO;UOP02-DEL02-TO
573942;11/01/2024;quinta-feira;11:00:00;RN;304;298;MACAIBA;Reação tardia ou ineficiente do condutor;Colisão traseira;Com Vítimas Feridas;Pleno dia;Crescente;Céu Claro;Dupla;Rotatória;Sim;3;0;1;0;2;0;1;2;-5,8682343;-35,3321791;SPRF-RN;DEL01-RN;UOP02-DEL01-RN
573943;11/01/2024;quinta-feira;09:50:00;MS;267;106,7;NOVA ANDRADINA;Demais falhas mecânicas ou elétricas;Saída de leito carroçável;Com Vítimas Feridas;Pleno dia;Decrescente;Céu Claro;Simples;Reta;Não;5;0;1;0;4;0;1;1;-21,82883084;-53,10089494;SPRF-MS;DEL02-MS;UOP03-DEL02-MS
573944;11/01/2024;quinta-feira;11:10:00;PB;101;75;SANTA RITA;Acumulo de água sobre o pavimento;Saída de leito carroçável;Sem Vítimas;Pleno dia;Decrescente;Chuva;Dupla;Curva;Não;2;0;0;0;2;0;0;2;-7,08342296;-34,97202399;SPRF-PB;DEL01-PB;UOP04-DEL01-PB
573945;11/01/2024;quinta-feira;12:25:00;MG;459;88,3;CONGONHAL;Acessar a via sem observar a presença dos outros veículos;Colisão transversal;Com Vítimas Feridas;Pleno dia;Crescente;Céu Claro;Simples;Reta;Sim;3;0;2;1;0;0;3;2;-22,149559;-46,023994;SPRF-MG;DEL09-MG;UOP01-DEL09-MG
573946;11/01/2024;quinta-feira;11:50:00;PR;277;2,5;PARANAGUA;Conversão proibida;Colisão transversal;Com Vítimas Feridas;Pleno dia;Decrescente;Céu Claro;Simples;Reta;Sim;3;0;2;0;1;0;2;2;-25,544594;-48,559759;SPRF-PR;DEL01-PR;UOP05-DEL01-PR