id;data_inversa;dia_semana;horario;uf;br;km;municipio;causa_acidente;tipo_acidente;classificacao_acidente;fase_dia;sentido_via;condicao_metereologica;tipo_pista;tracado_via;uso_solo;pessoas;mortos;feridos_leves;feridos_graves;ilesos;ignorados;feridos;veiculos;latitude;longitude;regional;delegacia;uop
573948;11/01/2024;quinta-feira;12:00:00;RJ;101;132;CONCEICAO DE MACABU;Demais falhas mecânicas ou elétricas;Incêndio;Com Vítimas Feridas;Pleno dia;Decrescente;Céu Claro;Dupla;Reta;Não;1;0;1;0;0;0;1;1;-22,12299312;-41,70695979;SPRF-RJ;DEL08-RJ;UOP04-DEL08-RJ
573949;11/01/2024;quinta-feira;12:45:00;GO;60;92,4;ANAPOLIS;Acessar a via sem observar a presença dos outros veículos;Colisão transversal;Com Vítimas Feridas;Pleno dia;Crescente;Céu Claro;Dupla;Reta;Sim;3;0;1;2;0;0;3;2;-16,353;-48,9178;SPRF-GO;DEL02-GO;UOP01-DEL02-GO
573950;11/01/2024;quinta-feira;09:00:00;MG;116;527;CARATINGA;Manobra de mudança de faixa;Colisão lateral mesmo sentido;Com Vítimas Feridas;Pleno dia;Decrescente;Céu Claro;Dupla;"Aclive;Reta";Sim;2;0;1;0;1;0;1;2;-19,78510701;-42,13445297;SPRF-MG;DEL06-MG;UOP02-DEL06-MG
573952;11/01/2024;quinta-feira;12:10:00;SP;488;1,3;APARECIDA;Pedestre cruzava a pista fora da faixa;Atropelamento de Pedestre;Com Vítimas Feridas;Pleno dia;Decrescente;Céu Claro;Dupla;Reta;Sim;3;0;1;0;0;2;1;2;-22,8488899;-45,23165703;SPRF-SP;DEL08-SP;UOP01-DEL08-SP
573957;11/01/2024;quinta-feira;12:50:00;MG;50;9,9;ARAGUARI;Transtornos Mentais (exceto suicidio);Saída de leito carroçável;Com Vítimas Feridas;Pleno dia;Crescente;Céu Claro;Dupla;"Reta;Declive";Não;1;0;1;0;0;0;1;1;-18,50601025;-48,04052945;SPRF-MG;DEL15-MG;UOP02-DEL15-MG
573958;11/01/2024;quinta-feira;09:50:00;MT;163;538;DIAMANTINO;Ausência de reação do condutor;Saída de leito carroçável;Com Vítimas Feridas;Pleno dia;Crescente;Chuva;Simples;Curva;Não;1;0;1;0;0;0;1;1;-14,39790283;-56,11054979;SPRF-MT;DEL01-MT;UOP01-DEL01-MT
573960;01/01/2024;segunda-feira;02:00:00;GO;158;239;JATAI;Ausência de reação do condutor;Saída de leito carroçável;Com Vítimas Feridas;Plena Noite;Crescente;Céu Claro;Simples;"Reta;Declive";Não;1;0;0;1;0;0;1;1;-17,63745783;-51,85095077;SPRF-GO;DEL05-GO;UOP01-DEL05-GO
573961;11/01/2024;quinta-feira;12:21:00;PE;101;75,8;RECIFE;Manobra de mudança de faixa;Colisão lateral mesmo sentido;Sem Vítimas;Pleno dia;Crescente;Nublado;Dupla;Reta;Sim;3;0;0;0;2;1;0;3;-8,10973523;-34,94660151;SPRF-PE;DEL01-PE;UOP01-DEL01-PE
573962;11/01/2024;quinta-feira;11:07:00;GO;153;28;PORANGATU;Condutor usando celular;Saída de leito carroçável;Com Vítimas Feridas;Pleno dia;Crescente;Céu Claro;Simples;Reta;Não;1;0;1;0;0;0;1;1;-13,070325;-49,185505;SPRF-GO;DEL07-GO;UOP01-DEL07-GO
573963;11/01/2024;quinta-feira;13:15:00;PR;376;248,7;APUCARANA;Ausência de reação do condutor;Colisão traseira;Com Vítimas Feridas;Pleno dia;Decrescente;Céu Claro;Dupla;Reta;Não;6;0;3;0;3;0;3;2;-23,6077617;-51,40623093;SPRF-PR;DEL07-PR;UOP03-DEL07-PR
573965;11/01/2024;quinta-feira;11:50:00;SP;116;74;APARECIDA;Condutor deixou de manter distância do veículo da frente;Engavetamento;Com Vítimas Feridas;Pleno dia;Crescente;Céu Claro;Dupla;"Em Obras;Reta";Não;5;0;3;0;2;0;3;3;-22,87353809;-45,25320023;SPRF-SP;DEL08-SP;UOP01-DEL08-SP
573966;11/01/2024;quinta-feira;12:30:00;RJ;116;184;NOVA IGUACU;Acesso irregular;Colisão lateral mesmo sentido;Com Vítimas Feridas;Pleno dia;Crescente;Céu Claro;Dupla;Reta;Não;2;0;1;0;0;1;1;2;-22,74647215;-43,44594311;SPRF-RJ;DEL06-RJ;UOP01-DEL06-RJ
573967;11/01/2024;quinta-feira;12:00:00;SC;101;207;SAO JOSE;Trafegar com motocicleta (ou similar) entre as faixas;Queda de ocupante de veículo;Com Vítimas Feridas;Pleno dia;Crescente;Céu Claro;Dupla;Reta;Sim;1;0;1;0;0;0;1;1;-27,60001226;-48,6226467;SPRF-SC;DEL01-SC;UOP01-DEL01-SC
573970;11/01/2024;quinta-feira;12:40:00;RS;290;50,7;GLORINHA;Reação tardia ou ineficiente do condutor;Saída de leito carroçável;Com Vítimas Feridas;Pleno dia;Crescente;Garoa/Chuvisco;Dupla;Reta;Não;1;0;1;0;0;0;1;1;-29,906633;-50,757706;SPRF-RS;DEL03-RS;UOP01-DEL03-RS
573972;11/01/2024;quinta-feira;14:20:00;SP;101;48;UBATUBA;Acessar a via sem observar a presença dos outros veículos;Colisão transversal;Com Vítimas Feridas;Pleno dia;Crescente;Céu Claro;Simples;Rotatória;Sim;2;0;1;0;1;0;1;2;-23,43696329;-45,08768768;SPRF-SP;DEL06-SP;UOP01-DEL06-SP
573974;11/01/2024;quinta-feira;13:15:00;RJ;101;387;RIO DE JANEIRO;Ausência de reação do condutor;Colisão lateral mesmo sentido;Com Vítimas Feridas;Pleno dia;Decrescente;Sol;Dupla;Reta;Sim;2;0;1;0;1;0;1;2;-22,88537839;-43,64965688;SPRF-RJ;DEL03-RJ;UOP01-DEL03-RJ
573984;11/01/2024;quinta-feira;13:28:00;SP;116;470;JACUPIRANGA;Reação tardia ou ineficiente do condutor;Saída de leito carroçável;Com Vítimas Feridas;Pleno dia;Decrescente;Céu Claro;Dupla;Reta;Não;2;0;1;1;0;0;2;1;-24,65403826;-47,95945895;SPRF-SP;DEL05-SP;UOP01-DEL05-SP
573989;11/01/2024;quinta-feira;15:30:00;RJ;116;178;SAO JOAO DE MERITI;Manobra de mudança de faixa;Colisão traseira;Com Vítimas Feridas;Pleno dia;Crescente;Chuva;Dupla;"Interseção de Vias;Reta";Sim;2;0;1;0;1;0;1;2;-22,77496393;-43,40081465;SPRF-RJ;DEL06-RJ;UOP01-DEL06-RJ
573991;11/01/2024;quinta-feira;14:50:00;SP;101;47,8;UBATUBA;Condutor deixou de manter distância do veículo da frente;Colisão lateral mesmo sentido;Com Vítimas Feridas;Pleno dia;Decrescente;Sol;Simples;Rotatória;Sim;3;0;1;0;2;0;1;2;-23,434023;-45,08571267;SPRF-SP;DEL06-SP;UOP01-DEL06-SP
573992;11/01/2024;quinta-feira;10:40:00;RJ;101;323;NITEROI;Demais falhas mecânicas ou elétricas;Tombamento;Com Vítimas Feridas;Pleno dia;Crescente;Céu Claro;Dupla;Reta;Sim;1;0;1;0;0;0;1;1;-22,87684786;-43,11728689;SPRF-RJ;DEL02-RJ;UOP01-DEL02-RJ
573996;01/01/2024;segunda-feira;14:20:00;MG;40;715,9;BARBACENA;Velocidade Incompatível;Colisão com objeto;Com Vítimas Feridas;Pleno dia;Decrescente;Chuva;Dupla;"Declive;Curva";Não;3;0;3;0;0;0;3;1;-21,25161698;-43,67181701;SPRF-MG;DEL05-MG;UOP01-DEL05-MG
573997;11/01/2024;quinta-feira;14:45:00;GO;60;21,4;ALEXANIA;Reação tardia ou ineficiente do condutor;Capotamento;Com Vítimas Feridas;Pleno dia;Crescente;Nublado;Dupla;Reta;Não;1;0;1;0;0;0;1;1;-16,120594;-48,404826;SPRF-DF;DEL03-DF;UOP01-DEL03-DF
574003;11/01/2024;quinta-feira;16:15:00;PB;101;88,6;JOAO PESSOA;Condutor deixou de manter distância do veículo da frente;Colisão traseira;Com Vítimas Feridas;Pleno dia;Decrescente;Sol;Dupla;Reta;Sim;5;0;0;1;4;0;1;3;-7,16470016;-34,89993643;SPRF-PB;DEL01-PB;UOP02-DEL01-PB
574006;11/01/2024;quinta-feira;14:05:00;AL;101;14;NOVO LINO;Chuva;Saída de leito carroçável;Com Vítimas Feridas;Pleno dia;Decrescente;Chuva;Dupla;Curva;Não;1;0;1;0;0;0;1;1;-8,98160808;-35,67369277;SPRF-AL;DEL01-AL;UOP02-DEL01-AL
574008;11/01/2024;quinta-feira;16:55:00;RN;304;293,9;MACAIBA;Pedestre cruzava a pista fora da faixa;Atropelamento de Pedestre;Com Vítimas Feridas;Pleno dia;Crescente;Nublado;Múltipla;"Reta;Em Obras;Desvio Temporário";Não;2;0;1;0;1;0;1;2;-5,86846237;-35,37602795;SPRF-RN;DEL01-RN;UOP02-DEL01-RN
574010;11/01/2024;quinta-feira;17:45:00;ES;101;304,6;VIANA;Ausência de reação do condutor;Colisão traseira;Com Vítimas Feridas;Pleno dia;Crescente;Céu Claro;Dupla;Reta;Sim;2;0;1;0;1;0;1;2;-20,3800645;-40,45431391;SPRF-ES;DEL01-ES;UOP01-DEL01-ES
574013;03/01/2024;quarta-feira;12:30:00;RJ;101;303;SAO GONCALO;Ausência de reação do condutor;Colisão traseira;Com Vítimas Feridas;Pleno dia;Decrescente;Céu Claro;Dupla;Reta;Sim;2;0;1;0;1;0;1;2;-22,7828205;-42,9766681;SPRF-RJ;DEL02-RJ;UOP02-DEL02-RJ
574014;11/01/2024;quinta-feira;17:39:00;TO;153;342;FORTALEZA DO TABOCAO;Avarias e/ou desgaste excessivo no pneu;Queda de ocupante de veículo;Com Vítimas Feridas;Pleno dia;Crescente;Céu Claro;Simples;Reta;Não;2;0;1;1;0;0;2;1;-8,90868999;-48,5092584;SPRF-TO;DEL02-TO;UOP02-DEL02-TO
574018;11/01/2024;quinta-feira;15:45:00;PE;104;64,4;CARUARU;Ausência de reação do condutor;Colisão com objeto;Com Vítimas Feridas;Pleno dia;Crescente;Céu Claro;Dupla;Reta;Sim;2;0;2;0;0;0;2;1;-8,2783;-35,9815;SPRF-PE;DEL02-PE;UOP01-DEL02-PE
574019;11/01/2024;quinta-feira;18:00:00;RJ;116;184;NOVA IGUACU;Condutor deixou de manter distância do veículo da frente;Colisão traseira;Sem Vítimas;Anoitecer;Crescente;Céu Claro;Dupla;Reta;Sim;2;0;0;0;2;0;0;2;-22,74647215;-43,44594311;SPRF-RJ;DEL06-RJ;UOP01-DEL06-RJ
574020;11/01/2024;quinta-feira;18:00:00;SC;101;41;JOINVILLE;Acumulo de água sobre o pavimento;Tombamento;Com Vítimas Feridas;Pleno dia;Crescente;Chuva;Múltipla;Reta;Não;1;0;1;0;0;0;1;1;-26,31578047;-48,87378573;SPRF-SC;DEL03-SC;UOP01-DEL03-SC
574021;11/01/2024;quinta-feira;14:30:00;PR;376;631;SAO JOSE DOS PINHAIS;Acessar a via sem observar a presença dos outros veículos;Colisão lateral mesmo sentido;Sem Vítimas;Pleno dia;Crescente;Céu Claro;Múltipla;Reta;Sim;2;0;0;0;2;0;0;2;-25,70434399;-49,14198595;SPRF-PR;DEL01-PR;UOP04-DEL01-PR
574023;11/01/2024;quinta-feira;17:25:00;RN;406;152,2;CEARA-MIRIM;Acessar a via sem observar a presença dos outros veículos;Colisão transversal;Com Vítimas Feridas;Anoitecer;Decrescente;Céu Claro;Simples;"Reta;Interseção de Vias";Não;2;0;1;0;1;0;1;2;-5,65094554;-35,42341594;SPRF-RN;DEL02-RN;UOP01-DEL02-RN
574024;11/01/2024;quinta-feira;16:55:00;SC;101;323;PESCARIA BRAVA;Chuva;Saída de leito carroçável;Sem Vítimas;Pleno dia;Crescente;Chuva;Dupla;Curva;Não;1;0;0;0;0;1;0;1;-28,42789556;-48,91248313;SPRF-SC;DEL02-SC;UOP01-DEL02-SC
574025;11/01/2024;quinta-feira;17:00:00;SP;116;101,7;PINDAMONHANGABA;Trafegar com motocicleta (ou similar) entre as faixas;Colisão lateral mesmo sentido;Com Vítimas Feridas;Pleno dia;Crescente;Nublado;Dupla;Declive;Não;3;0;1;0;2;0;1;2;-22,99142462;-45,48287272;SPRF-SP;DEL08-SP;UOP01-DEL08-SP
574027;11/01/2024;quinta-feira;16:30:00;RJ;40;77;PETROPOLIS;Reação tardia ou ineficiente do condutor;Colisão com objeto;Com Vítimas Feridas;Pleno dia;Crescente;Garoa/Chuvisco;Dupla;Curva;Não;5;0;3;1;1;0;4;1;-22,48005592;-43,23543994;SPRF-RJ;DEL01-RJ;UOP01-DEL01-RJ
574031;11/01/2024;quinta-feira;15:08:00;AM;319;55;CAREIRO;Condutor Dormindo;Capotamento;Com Vítimas Fatais;Pleno dia;Crescente;Sol;Simples;Reta;Não;6;1;4;0;0;1;4;2;-3,45532333;-60,02054996;SPRF-AM;DEL01-AM;UOP04-DEL01-AM
574032;11/01/2024;quinta-feira;17:16:00;BA;324;618;SALVADOR;Ingestão de álcool pelo condutor;Colisão com objeto;Com Vítimas Feridas;Anoitecer;Decrescente;Céu Claro;Múltipla;Reta;Não;1;0;1;0;0;0;1;1;-12,891109;-38,445374;SPRF-BA;DEL01-BA;UOP01-DEL01-BA
574034;11/01/2024;quinta-feira;16:30:00;RJ;40;104;DUQUE DE CAXIAS;Acumulo de água sobre o pavimento;Saída de leito carroçável;Sem Vítimas;Plena Noite;Crescente;Chuva;Múltipla;Reta;Não;1;0;0;0;1;0;0;1;-22,62897902;-43,28579508;SPRF-RJ;DEL01-RJ;UOP02-DEL01-RJ
574035;11/01/2024;quinta-feira;19:18:00;PI;343;13;PARNAIBA;Animais na Pista;Atropelamento de Animal;Com Vítimas Feridas;Plena Noite;Crescente;Céu Claro;Dupla;Reta;Sim;1;0;1;0;0;0;1;1;-2,919029;-41,754124;SPRF-PI;DEL05-PI;UOP01-DEL05-PI
574038;11/01/2024;quinta-feira;18:00:00;MG;381;868,8;POUSO ALEGRE;Ultrapassagem Indevida;Colisão frontal;Com Vítimas Feridas;Anoitecer;Decrescente;Nublado;Simples;Reta;Não;2;0;1;0;1;0;1;2;-22,42008488;-45,96507626;SPRF-MG;DEL16-MG;UOP01-DEL16-MG
574039;11/01/2024;quinta-feira;19:30:00;SC;101;118;ITAJAI;Reação tardia ou ineficiente do condutor;Tombamento;Com Vítimas Feridas;Plena Noite;Crescente;Chuva;Dupla;Reta;Não;1;0;0;1;0;0;1;1;-26,895859;-48,71903;SPRF-SC;DEL04-SC;UOP04-DEL04-SC
574041;11/01/2024;quinta-feira;14:00:00;MG;116;132,9;PONTO DOS VOLANTES;Ultrapassagem Indevida;Colisão frontal;Com Vítimas Fatais;Pleno dia;Crescente;Céu Claro;Simples;"Aclive;Reta";Não;8;1;2;4;0;1;6;3;-16,715023;-41,499625;SPRF-MG;DEL11-MG;UOP02-DEL11-MG
574044;11/01/2024;quinta-feira;19:36:00;GO;153;509;APARECIDA DE GOIANIA;Ingestão de álcool pelo condutor;Colisão traseira;Com Vítimas Feridas;Plena Noite;Crescente;Céu Claro;Dupla;"Reta;Aclive";Sim;3;0;1;0;2;0;1;2;-16,779994;-49,237021;SPRF-GO;DEL01-GO;UOP03-DEL01-GO
574045;11/01/2024;quinta-feira;17:00:00;MT;70;667;CACERES;Chuva;Saída de leito carroçável;Com Vítimas Feridas;Pleno dia;Crescente;Chuva;Simples;Reta;Não;2;0;1;1;0;0;2;1;-16,0304352;-57,24467585;SPRF-MT;DEL03-MT;UOP02-DEL03-MT
574046;11/01/2024;quinta-feira;14:15:00;RO;435;84;COLORADO DO OESTE;Ultrapassagem Indevida;Colisão lateral mesmo sentido;Com Vítimas Feridas;Pleno dia;Decrescente;Céu Claro;Dupla;Interseção de Vias;Sim;2;0;1;0;1;0;1;2;-13,1173435;-60,52293293;SPRF-RO;DEL04-RO;UOP02-DEL04-RO
574047;11/01/2024;quinta-feira;18:30:00;RO;364;188,2;PIMENTA BUENO;Reação tardia ou ineficiente do condutor;Saída de leito carroçável;Com Vítimas Feridas;Plena Noite;Crescente;Chuva;Simples;Curva;Não;1;0;1;0;0;0;1;1;-11,731346;-61,126001;SPRF-RO;DEL02-RO;UOP02-DEL02-RO
574048;11/01/2024;quinta-feira;18:00:00;RJ;116;137;MAGE;Reação tardia ou ineficiente do condutor;Colisão lateral mesmo sentido;Com Vítimas Feridas;Anoitecer;Decrescente;Chuva;Dupla;Reta;Sim;3;0;2;0;1;0;2;2;-22,64791994;-43,18200799;SPRF-RJ;DEL04-RJ;UOP02-DEL04-RJ
574051;11/01/2024;quinta-feira;16:40:00;RJ;465;5;SEROPEDICA;Transitar no Acostamento;Colisão lateral mesmo sentido;Com Vítimas Feridas;Pleno dia;Decrescente;Chuva;Simples;Reta;Sim;3;0;2;0;1;0;2;2;-22,747673;-43,699196;SPRF-RJ;DEL06-RJ;UOP02-DEL06-RJ
574053;11/01/2024;quinta-feira;19:26:00;RS;116;152,8;CAXIAS DO SUL;Pista Escorregadia;Tombamento;Com Vítimas Fatais;Plena Noite;Crescente;Chuva;Múltipla;Reta;Não;3;1;0;0;1;1;0;3;-29,1829343;-51,16801501;SPRF-RS;DEL05-RS;UOP01-DEL05-RS
574054;11/01/2024;quinta-feira;16:10:00;RJ;101;262;RIO BONITO;Reação tardia ou ineficiente do condutor;Saída de leito carroçável;Sem Vítimas;Pleno dia;Crescente;Céu Claro;Dupla;Reta;Sim;1;0;0;0;1;0;0;1;-22,71367506;-42,62052996;SPRF-RJ;DEL02-RJ;UOP03-DEL02-RJ
574055;11/01/2024;quinta-feira;19:00:00;CE;20;396;CAUCAIA;Animais na Pista;Atropelamento de Animal;Com Vítimas Feridas;Plena Noite;Crescente;Céu Claro;Simples;Reta;Não;5;0;1;0;3;1;1;2;-3,817837;-38,740605;SPRF-CE;DEL01-CE;UOP01-DEL01-CE
574056;11/01/2024;quinta-feira;21:00:00;RJ;116;176;SAO JOAO DE MERITI;Reação tardia ou ineficiente do condutor;Colisão lateral mesmo sentido;Com Vítimas Feridas;Plena Noite;Decrescente;Chuva;Múltipla;Interseção de Vias;Sim;4;0;1;0;3;0;1;3;-22,7839538;-43,38195488;SPRF-RJ;DEL06-RJ;UOP01-DEL06-RJ
574057;11/01/2024;quinta-feira;20:35:00;RS;116;533,3;CAPAO DO LEAO;Ausência de reação do condutor;Atropelamento de Pedestre;Com Vítimas Feridas;Plena Noite;Crescente;Céu Claro;Simples;Reta;Não;2;0;2;0;0;0;2;2;-31,77636406;-52,46074195;SPRF-RS;DEL07-RS;UOP01-DEL07-RS
574058;11/01/2024;quinta-feira;19:40:00;SC;101;210;SAO JOSE;Condutor deixou de manter distância do veículo da frente;Colisão traseira;Sem Vítimas;Plena Noite;Decrescente;Céu Claro;Múltipla;Reta;Sim;2;0;0;0;2;0;0;2;-27,6167305;-48,6457265;SPRF-SC;DEL01-SC;UOP01-DEL01-SC
574060;11/01/2024;quinta-feira;19:55:00;PR;277;614,3;CEU AZUL;Ultrapassagem Indevida;Colisão frontal;Com Vítimas Fatais;Pleno dia;Crescente;Céu Claro;Simples;"Reta;Declive";Não;5;2;0;1;0;2;1;3;-25,067571;-53,658006;SPRF-PR;DEL05-PR;UOP02-DEL05-PR
574061;11/01/2024;quinta-feira;19:00:00;SC;282;54,4;RANCHO QUEIMADO;Velocidade Incompatível;Saída de leito carroçável;Com Vítimas Feridas;Pleno dia;Decrescente;Céu Claro;Simples;Curva;Não;1;0;1;0;0;0;1;1;-27,685799;-48,974514;SPRF-SC;DEL01-SC;UOP03-DEL01-SC
574062;11/01/2024;quinta-feira;21:05:00;SP;101;45,7;UBATUBA;Entrada inopinada do pedestre;Atropelamento de Pedestre;Com Vítimas Feridas;Plena Noite;Decrescente;Chuva;Simples;Reta;Sim;3;0;2;0;1;0;2;2;-23,42080198;-45,07083178;SPRF-SP;DEL06-SP;UOP01-DEL06-SP
574063;11/01/2024;quinta-feira;12:40:00;PI;316;309;PICOS;Ausência de reação do condutor;Colisão traseira;Sem Vítimas;Pleno dia;Decrescente;Céu Claro;Simples;Reta;Sim;2;0;0;0;2;0;0;2;-7,07778744;-41,48370094;SPRF-PI;DEL04-PI;UOP01-DEL04-PI
574064;11/01/2024;quinta-feira;19:45:00;RO;364;352,5;JI-PARANA;Animais na Pista;Atropelamento de Animal;Com Vítimas Feridas;Plena Noite;Crescente;Nublado;Simples;Reta;Não;1;0;1;0;0;0;1;1;-10,83322284;-62,01156957;SPRF-RO;DEL02-RO;UOP01-DEL02-RO
574065;11/01/2024;quinta-feira;21:00:00;PE;101;62,5;RECIFE;Trafegar com motocicleta (ou similar) entre as faixas;Colisão transversal;Com Vítimas Feridas;Plena Noite;Crescente;Chuva;Dupla;Reta;Sim;2;0;1;0;1;0;1;2;-7,99905898;-34,93899295;SPRF-PE;DEL01-PE;UOP02-DEL01-PE
574066;11/01/2024;quinta-feira;13:00:00;PI;135;538;SAO GONCALO DO GURGUEIA;Acumulo de água sobre o pavimento;Saída de leito carroçável;Com Vítimas Fatais;Pleno dia;Crescente;Chuva;Simples;Reta;Não;2;1;1;0;0;0;1;1;-10,02621404;-45,30289676;SPRF-PI;DEL03-PI;UOP02-DEL03-PI
574067;11/01/2024;quinta-feira;18:30:00;PR;153;209,5;PAULO FRONTIN;Reação tardia ou ineficiente do condutor;Colisão traseira;Com Vítimas Feridas;Pleno dia;Crescente;Céu Claro;Simples;Declive;Não;6;0;1;0;4;1;1;3;-26,0488324;-50,82034217;SPRF-PR;DEL03-PR;UOP02-DEL03-PR
574068;11/01/2024;quinta-feira;20:30:00;AL;423;63,8;AGUA BRANCA;Animais na Pista;Atropelamento de Animal;Com Vítimas Fatais;Plena Noite;Decrescente;Céu Claro;Simples;Reta;Não;4;1;1;0;2;0;1;2;-9,29390121;-37,83582496;SPRF-AL;DEL03-AL;UOP02-DEL03-AL
574070;11/01/2024;quinta-feira;22:00:00;SP;101;39;UBATUBA;Conversão proibida;Colisão transversal;Com Vítimas Feridas;Plena Noite;Crescente;Chuva;Simples;"Aclive;Curva";Não;3;0;2;0;1;0;2;2;-23,41370139;-45,02666492;SPRF-SP;DEL06-SP;UOP01-DEL06-SP
574074;11/01/2024;quinta-feira;22:35:00;ES;101;126;SOORETAMA;Condutor deixou de manter distância do veículo da frente;Colisão traseira;Com Vítimas Feridas;Plena Noite;Decrescente;Céu Claro;Dupla;Reta;Não;2;0;1;0;1;0;1;2;-19,193953;-40,0951;SPRF-ES;DEL04-ES;UOP01-DEL04-ES
574075;11/01/2024;quinta-feira;19:00:00;MT;163;843;SINOP;Ausência de reação do condutor;Queda de ocupante de veículo;Com Vítimas Feridas;Plena Noite;Decrescente;Chuva;Simples;Reta;Não;2;0;2;0;0;0;2;1;-11,78122552;-55,47483623;SPRF-MT;DEL06-MT;UOP02-DEL06-MT
574076;11/01/2024;quinta-feira;22:45:00;RN;101;82,8;NATAL;Acessar a via sem observar a presença dos outros veículos;Colisão transversal;Com Vítimas Feridas;Plena Noite;Decrescente;Céu Claro;Dupla;"Em Obras;Reta";Não;4;0;0;2;2;0;2;2;-5,76791511;-35,27456305;SPRF-RN;DEL02-RN;UOP01-DEL02-RN
574077;11/01/2024;quinta-feira;19:40:00;MT;364;175;PEDRA PRETA;Transitar na contramão;Colisão frontal;Com Vítimas Fatais;Plena Noite;Crescente;Nublado;Simples;Reta;Não;8;1;0;2;5;0;2;2;-16,62450703;-54,44905469;SPRF-MT;DEL02-MT;UOP01-DEL02-MT
574078;11/01/2024;quinta-feira;19:10:00;PE;424;67,7;CAETES;Transitar na contramão;Colisão frontal;Com Vítimas Fatais;Plena Noite;Decrescente;Céu Claro;Simples;Reta;Não;2;1;0;0;0;1;0;2;-8,767265;-36,637479;SPRF-PE;DEL03-PE;UOP01-DEL03-PE
574080;11/01/2024;quinta-feira;16:00:00;BA;242;525;OLIVEIRA DOS BREJINHOS;Velocidade Incompatível;Saída de leito carroçável;Com Vítimas Fatais;Pleno dia;Crescente;Céu Claro;Simples;Reta;Não;2;1;0;1;0;0;1;1;-12,28868181;-42,66556593;SPRF-BA;DEL06-BA;UOP01-DEL06-BA
574081;11/01/2024;quinta-feira;22:50:00;BA;110;4;PAULO AFONSO;Animais na Pista;Atropelamento de Animal;Sem Vítimas;Plena Noite;Decrescente;Céu Claro;Simples;Reta;Não;1;0;0;0;0;1;0;1;-9,48807313;-38,21260176;SPRF-BA;DEL07-BA;UOP01-DEL07-BA
574083;11/01/2024;quinta-feira;22:21:00;RJ;465;8,9;SEROPEDICA;Pedestre cruzava a pista fora da faixa;Atropelamento de Pedestre;Com Vítimas Fatais;Plena Noite;Decrescente;Ignorado;Simples;Reta;Não;2;1;0;0;0;1;0;2;-22,767147;-43,678768;SPRF-RJ;DEL06-RJ;UOP02-DEL06-RJ
574084;11/01/2024;quinta-feira;23:40:00;PR;277;27;MORRETES;Ausência de reação do condutor;Colisão lateral mesmo sentido;Sem Vítimas;Plena Noite;Crescente;Chuva;Dupla;Reta;Não;2;0;0;0;2;0;0;2;-25,52935033;-48,72534598;SPRF-PR;DEL01-PR;UOP05-DEL01-PR
574086;11/01/2024;quinta-feira;21:30:00;PE;232;245;ARCOVERDE;Animais na Pista;Atropelamento de Animal;Com Vítimas Feridas;Plena Noite;Crescente;Céu Claro;Simples;Declive;Não;2;0;0;2;0;0;2;1;-8,41869672;-37,00744604;SPRF-PE;DEL04-PE;UOP02-DEL04-PE
574087;11/01/2024;quinta-feira;19:48:00;SC;280;28,8;ARAQUARI;Acessar a via sem observar a presença dos outros veículos;Colisão transversal;Com Vítimas Feridas;Plena Noite;Decrescente;Chuva;Simples;Reta;Sim;2;0;1;0;1;0;1;2;-26,40801439;-48,7494278;SPRF-SC;DEL03-SC;UOP03-DEL03-SC
574088;11/01/2024;quinta-feira;21:15:00;MS;436;7,3;APARECIDA DO TABOADO;Reação tardia ou ineficiente do condutor;Colisão com objeto;Com Vítimas Feridas;Plena Noite;Crescente;Chuva;Simples;Rotatória;Não;1;0;0;1;0;0;1;1;-20,10693842;-51,08721542;SPRF-MS;DEL08-MS;UOP01-DEL08-MS
574089;11/01/2024;quinta-feira;23:15:00;DF;70;9,3;BRASILIA;Reação tardia ou ineficiente do condutor;Colisão traseira;Sem Vítimas;Plena Noite;Crescente;Nublado;Dupla;Reta;Sim;2;0;0;0;2;0;0;2;-15,784615;-48,132023;SPRF-DF;DEL03-DF;UOP02-DEL03-DF
574092;12/01/2024;sexta-feira;00:20:00;SC;101;203,6;SAO JOSE;Mal súbito do condutor;Queda de ocupante de veículo;Com Vítimas Feridas;Plena Noite;Decrescente;Céu Claro;Múltipla;Reta;Sim;1;0;1;0;0;0;1;1;-27,5650044;-48,61460082;SPRF-SC;DEL01-SC;UOP01-DEL01-SC
574093;11/01/2024;quinta-feira;23:30:00;PB;230;37,8;SANTA RITA;Ausência de reação do condutor;Colisão traseira;Com Vítimas Feridas;Plena Noite;Decrescente;Céu Claro;Dupla;"Reta;Declive";Sim;2;0;1;0;0;1;1;2;-7,13601307;-34,96585022;SPRF-PB;DEL01-PB;UOP03-DEL01-PB
574096;12/01/2024;sexta-feira;00:00:00;RS;470;36;SAO JOSE DO OURO;Velocidade Incompatível;Saída de leito carroçável;Com Vítimas Feridas;Plena Noite;Decrescente;Céu Claro;Simples;"Rotatória;Interseção de Vias;Curva";Não;9;0;9;0;0;0;9;1;-27,72669062;-51,45549774;SPRF-RS;DEL08-RS;UOP05-DEL08-RS
574097;12/01/2024;sexta-feira;00:35:00;MG;40;652;CRISTIANO OTONI;Sinalização mal posicionada;Colisão com objeto;Com Vítimas Feridas;Plena Noite;Decrescente;Nublado;Dupla;Curva;Não;1;0;0;1;0;0;1;1;-20,84548058;-43,79784557;SPRF-MG;DEL05-MG;UOP02-DEL05-MG