id;data_inversa;dia_semana;horario;uf;br;km;municipio;causa_acidente;tipo_acidente;classificacao_acidente;fase_dia;sentido_via;condicao_metereologica;tipo_pista;tracado_via;uso_solo;pessoas;mortos;feridos_leves;feridos_graves;ilesos;ignorados;feridos;veiculos;latitude;longitude;regional;delegacia;uop
574365;13/01/2024;sábado;05:50:00;MS;163;663,8;RIO VERDE DE MATO GROSSO;Reação tardia ou ineficiente do condutor;Saída de leito carroçável;Sem Vítimas;Amanhecer;Crescente;Nublado;Simples;Declive;Não;1;0;0;0;1;0;0;1;-19,05900201;-54,79848701;SPRF-MS;DEL06-MS;UOP02-DEL06-MS
574366;13/01/2024;sábado;02:30:00;MS;163;832;SONORA;Ausência de reação do condutor;Saída de leito carroçável;Sem Vítimas;Plena Noite;Decrescente;Nublado;Simples;Reta;Não;1;0;0;0;1;0;0;1;-17,645239;-54,747734;SPRF-MS;DEL06-MS;UOP01-DEL06-MS
574370;12/01/2024;sexta-feira;18:00:00;RS;470;146;NOVA PRATA;Conversão proibida;Colisão transversal;Com Vítimas Feridas;Pleno dia;Decrescente;Céu Claro;Simples;Reta;Não;3;0;1;0;2;0;1;2;-28,70856476;-51,61384342;SPRF-RS;DEL06-RS;UOP02-DEL06-RS
574374;12/01/2024;sexta-feira;21:50:00;RS;470;156;NOVA PRATA;Transitar na contramão;Colisão frontal;Sem Vítimas;Plena Noite;Crescente;Céu Claro;Simples;Reta;Não;2;0;0;0;0;2;0;2;-28,78874508;-51,61532195;SPRF-RS;DEL06-RS;UOP02-DEL06-RS
574376;13/01/2024;sábado;06:30:00;MG;381;529,8;RIO MANSO;Chuva;Saída de leito carroçável;Com Vítimas Feridas;Amanhecer;Decrescente;Chuva;Dupla;"Curva;Declive";Não;1;0;1;0;0;0;1;1;-20,162389;-44,34677;SPRF-MG;DEL04-MG;UOP03-DEL04-MG
574383;13/01/2024;sábado;08:30:00;SP;116;59;GUARATINGUETA;Ausência de reação do condutor;Colisão traseira;Com Vítimas Feridas;Pleno dia;Crescente;Nublado;Dupla;Reta;Sim;4;0;0;1;3;0;1;2;-22,78555649;-45,15339465;SPRF-SP;DEL08-SP;UOP01-DEL08-SP
574384;13/01/2024;sábado;08:11:00;MA;135;10;SAO LUIS;Manobra de mudança de faixa;Colisão lateral mesmo sentido;Sem Vítimas;Pleno dia;Crescente;Chuva;Dupla;"Retorno Regulamentado;Reta";Não;3;0;0;0;2;1;0;2;-2,655912;-44,28629098;SPRF-MA;DEL01-MA;UOP01-DEL01-MA
574385;13/01/2024;sábado;07:00:00;GO;60;399;RIO VERDE;Ingestão de álcool pelo condutor;Saída de leito carroçável;Com Vítimas Feridas;Amanhecer;Decrescente;Nublado;Dupla;Reta;Não;1;0;1;0;0;0;1;1;-17,822361;-51,052772;SPRF-GO;DEL04-GO;UOP02-DEL04-GO
574388;13/01/2024;sábado;10:00:00;SC;280;36,3;GUARAMIRIM;Ultrapassagem Indevida;Saída de leito carroçável;Com Vítimas Feridas;Pleno dia;Crescente;Céu Claro;Simples;"Reta;Em Obras";Sim;3;0;1;0;0;2;1;3;-26,442765;-48,812031;SPRF-SC;DEL03-SC;UOP03-DEL03-SC
574389;13/01/2024;sábado;07:30:00;PI;135;352;BOM JESUS;Condutor deixou de manter distância do veículo da frente;Colisão lateral mesmo sentido;Com Vítimas Feridas;Pleno dia;Crescente;Céu Claro;Dupla;Reta;Sim;2;0;0;1;1;0;1;2;-9,07531116;-44,35476699;SPRF-PI;DEL03-PI;UOP02-DEL03-PI
574392;13/01/2024;sábado;07:50:00;RS;470;155,3;NOVA PRATA;Transitar na contramão;Colisão frontal;Com Vítimas Feridas;Pleno dia;Crescente;Sol;Simples;Retorno Regulamentado;Sim;2;0;2;0;0;0;2;2;-28,7743268;-51,61401629;SPRF-RS;DEL06-RS;UOP02-DEL06-RS
574393;13/01/2024;sábado;09:45:00;SP;116;43,1;CACHOEIRA PAULISTA;Ausência de reação do condutor;Saída de leito carroçável;Com Vítimas Feridas;Pleno dia;Crescente;Nublado;Dupla;"Reta;Declive";Não;1;0;1;0;0;0;1;1;-22,6973511;-45,03013594;SPRF-SP;DEL08-SP;UOP02-DEL08-SP
574394;13/01/2024;sábado;05:00:00;MA;230;568;CAROLINA;Ausência de reação do condutor;Colisão traseira;Com Vítimas Fatais;Amanhecer;Decrescente;Ignorado;Simples;Reta;Não;2;1;0;0;0;1;0;2;-7,35829168;-47,41725485;SPRF-MA;DEL05-MA;UOP01-DEL05-MA
574395;13/01/2024;sábado;10:30:00;DF;20;16,5;BRASILIA;Reação tardia ou ineficiente do condutor;Colisão traseira;Com Vítimas Feridas;Pleno dia;Decrescente;Céu Claro;Dupla;"Reta;Declive";Sim;4;0;2;0;2;0;2;2;-15,625675;-47,725159;SPRF-DF;DEL02-DF;UOP01-DEL02-DF
574398;13/01/2024;sábado;10:00:00;RS;116;252;SAPUCAIA DO SUL;Reação tardia ou ineficiente do condutor;Colisão lateral mesmo sentido;Com Vítimas Feridas;Pleno dia;Decrescente;Céu Claro;Múltipla;"Retorno Regulamentado;Reta;Interseção de Vias";Sim;2;0;1;0;0;1;1;2;-29,80913395;-51,1675292;SPRF-RS;DEL01-RS;UOP02-DEL01-RS
574402;13/01/2024;sábado;11:50:00;RJ;493;66;DUQUE DE CAXIAS;Avarias e/ou desgaste excessivo no pneu;Saída de leito carroçável;Com Vítimas Feridas;Pleno dia;Crescente;Nublado;Dupla;Reta;Não;1;0;1;0;0;0;1;1;-22,672089;-43,285053;SPRF-RJ;DEL01-RJ;UOP03-DEL01-RJ
574403;13/01/2024;sábado;11:35:00;MG;381;491;BETIM;Trafegar com motocicleta (ou similar) entre as faixas;Tombamento;Com Vítimas Feridas;Pleno dia;Decrescente;Céu Claro;Múltipla;Reta;Sim;1;0;0;1;0;0;1;1;-19,96502819;-44,17422195;SPRF-MG;DEL01-MG;UOP03-DEL01-MG
574405;13/01/2024;sábado;11:15:00;SC;101;202,1;SAO JOSE;Manobra de mudança de faixa;Colisão lateral mesmo sentido;Com Vítimas Feridas;Pleno dia;Crescente;Nublado;Múltipla;Reta;Não;2;0;1;0;1;0;1;2;-27,56504751;-48,61505985;SPRF-SC;DEL01-SC;UOP01-DEL01-SC
574408;13/01/2024;sábado;12:05:00;SC;280;58;JARAGUA DO SUL;Acessar a via sem observar a presença dos outros veículos;Colisão lateral mesmo sentido;Com Vítimas Feridas;Pleno dia;Crescente;Chuva;Múltipla;"Interseção de Vias;Rotatória";Sim;3;0;1;0;2;0;1;2;-26,47415593;-49,021211;SPRF-SC;DEL03-SC;UOP03-DEL03-SC
574410;13/01/2024;sábado;12:15:00;RS;386;345,7;LAJEADO;Acessar a via sem observar a presença dos outros veículos;Colisão transversal;Com Vítimas Feridas;Pleno dia;Crescente;Céu Claro;Dupla;"Reta;Em Obras";Sim;2;0;2;0;0;0;2;2;-29,443069;-51,984135;SPRF-RS;DEL04-RS;UOP01-DEL04-RS
574411;13/01/2024;sábado;11:35:00;MG;40;801,5;MATIAS BARBOSA;Reação tardia ou ineficiente do condutor;Colisão com objeto;Com Vítimas Feridas;Pleno dia;Decrescente;Céu Claro;Dupla;Curva;Não;2;0;2;0;0;0;2;1;-21,84198111;-43,37428093;SPRF-MG;DEL05-MG;UOP01-DEL05-MG
574412;13/01/2024;sábado;11:20:00;MG;116;766,2;LEOPOLDINA;Acesso irregular;Colisão transversal;Com Vítimas Feridas;Pleno dia;Crescente;Sol;Simples;Reta;Não;6;0;2;0;4;0;2;2;-21,5197389;-42,6491103;SPRF-MG;DEL07-MG;UOP01-DEL07-MG
574413;13/01/2024;sábado;12:30:00;SP;101;50,9;UBATUBA;Reação tardia ou ineficiente do condutor;Colisão traseira;Com Vítimas Feridas;Pleno dia;Crescente;Chuva;Simples;Reta;Sim;3;0;1;0;2;0;1;3;-23,45018939;-45,07743735;SPRF-SP;DEL06-SP;UOP01-DEL06-SP
574414;13/01/2024;sábado;12:30:00;GO;20;26,2;FORMOSA;Ausência de reação do condutor;Saída de leito carroçável;Com Vítimas Feridas;Pleno dia;Crescente;Nublado;Simples;Aclive;Não;1;0;1;0;0;0;1;1;-15,528576;-47,129608;SPRF-DF;DEL02-DF;UOP02-DEL02-DF
574415;13/01/2024;sábado;12:20:00;MG;40;799,1;JUIZ DE FORA;Reação tardia ou ineficiente do condutor;Colisão traseira;Com Vítimas Feridas;Pleno dia;Decrescente;Céu Claro;Dupla;"Reta;Aclive";Sim;3;0;1;0;2;0;1;3;-21,82857001;-43,37364401;SPRF-MG;DEL05-MG;UOP01-DEL05-MG
574417;13/01/2024;sábado;12:10:00;RS;116;143,8;CAXIAS DO SUL;Reação tardia ou ineficiente do condutor;Saída de leito carroçável;Com Vítimas Feridas;Pleno dia;Decrescente;Céu Claro;Dupla;Reta;Não;3;0;2;0;1;0;2;1;-29,1201739;-51,12260651;SPRF-RS;DEL05-RS;UOP01-DEL05-RS
574418;13/01/2024;sábado;13:00:00;PB;230;18;JOAO PESSOA;Acostamento em desnível;Tombamento;Com Vítimas Feridas;Pleno dia;Decrescente;Céu Claro;Dupla;Reta;Sim;1;0;1;0;0;0;1;1;-7,1198;-34,8453;SPRF-PB;DEL01-PB;UOP01-DEL01-PB
574419;13/01/2024;sábado;12:00:00;MG;365;644;UBERLANDIA;Ingestão de álcool pelo condutor;Tombamento;Sem Vítimas;Pleno dia;Decrescente;Céu Claro;Dupla;"Reta;Declive";Não;1;0;0;0;1;0;0;1;-18,87933743;-48,50290107;SPRF-MG;DEL15-MG;UOP01-DEL15-MG
574422;13/01/2024;sábado;12:40:00;MG;381;456;BELO HORIZONTE;Acesso irregular;Colisão transversal;Com Vítimas Feridas;Pleno dia;Decrescente;Nublado;Dupla;Reta;Sim;3;0;2;0;0;1;2;2;-19,85862954;-43,91292495;SPRF-MG;DEL01-MG;UOP01-DEL01-MG
574424;13/01/2024;sábado;08:30:00;MT;364;53,5;ALTO GARCAS;Velocidade Incompatível;Saída de leito carroçável;Com Vítimas Feridas;Pleno dia;Decrescente;Sol;Múltipla;Aclive;Não;3;0;2;0;1;0;2;1;-16,9750381;-53,51270028;SPRF-MT;DEL02-MT;UOP02-DEL02-MT
574425;13/01/2024;sábado;11:00:00;PR;369;150;LONDRINA;Animais na Pista;Tombamento;Com Vítimas Feridas;Pleno dia;Decrescente;Nublado;Dupla;Reta;Sim;1;0;1;0;0;0;1;1;-23,29283247;-51,16917193;SPRF-PR;DEL07-PR;UOP01-DEL07-PR
574426;13/01/2024;sábado;12:40:00;MS;163;375;NOVA ALVORADA DO SUL;Avarias e/ou desgaste excessivo no pneu;Queda de ocupante de veículo;Com Vítimas Feridas;Pleno dia;Crescente;Céu Claro;Simples;"Reta;Declive";Não;2;0;1;1;0;0;2;1;-21,3846679;-54,4105737;SPRF-MS;DEL02-MS;UOP01-DEL02-MS
574428;13/01/2024;sábado;13:00:00;MG;116;689,3;MURIAE;Chuva;Colisão lateral sentido oposto;Com Vítimas Feridas;Pleno dia;Crescente;Chuva;Simples;Reta;Não;2;0;1;0;1;0;1;2;-21,01024799;-42,36121097;SPRF-MG;DEL07-MG;UOP02-DEL07-MG
574429;13/01/2024;sábado;12:20:00;BA;324;513,3;FEIRA DE SANTANA;Retorno proibido;Colisão transversal;Com Vítimas Feridas;Pleno dia;Decrescente;Sol;Simples;Reta;Não;2;0;1;0;0;1;1;2;-12,23098007;-38,96101401;SPRF-BA;DEL02-BA;UOP01-DEL02-BA
574431;13/01/2024;sábado;14:15:00;BA;116;422,9;FEIRA DE SANTANA;Condutor usando celular;Colisão traseira;Com Vítimas Feridas;Pleno dia;Crescente;Sol;Dupla;Declive;Sim;2;0;1;0;1;0;1;2;-12,22064702;-38,96561131;SPRF-BA;DEL02-BA;UOP01-DEL02-BA
574432;13/01/2024;sábado;11:30:00;BA;407;104;JAGUARARI;Acessar a via sem observar a presença dos outros veículos;Colisão transversal;Com Vítimas Feridas;Pleno dia;Crescente;Céu Claro;Simples;Reta;Não;2;0;0;1;1;0;1;2;-10,26491494;-40,18277092;SPRF-BA;DEL04-BA;UOP01-DEL04-BA
574433;13/01/2024;sábado;13:00:00;MT;364;203;RONDONOPOLIS;Pista Escorregadia;Tombamento;Com Vítimas Feridas;Pleno dia;Decrescente;Chuva;Dupla;Retorno Regulamentado;Sim;1;0;1;0;0;0;1;1;-16,465553;-54,65803;SPRF-MT;DEL02-MT;UOP01-DEL02-MT
574434;12/01/2024;sexta-feira;20:08:00;MA;222;522,3;BURITICUPU;Ausência de reação do condutor;Colisão transversal;Com Vítimas Fatais;Plena Noite;Decrescente;Chuva;Simples;Reta;Sim;2;1;0;0;0;1;0;2;-4,34524716;-46,42464818;SPRF-MA;DEL02-MA;UOP01-DEL02-MA
574435;13/01/2024;sábado;14:00:00;SP;116;76;ROSEIRA;Demais falhas mecânicas ou elétricas;Tombamento;Com Vítimas Feridas;Pleno dia;Decrescente;Nublado;Dupla;Reta;Não;1;0;1;0;0;0;1;1;-22,87747687;-45,27203908;SPRF-SP;DEL08-SP;UOP01-DEL08-SP
574437;13/01/2024;sábado;12:50:00;MA;222;374;SANTA INES;Ingestão de álcool pelo condutor;Tombamento;Com Vítimas Feridas;Pleno dia;Crescente;Chuva;Simples;"Reta;Declive";Não;1;0;0;1;0;0;1;1;-3,774448;-45,458676;SPRF-MA;DEL02-MA;UOP01-DEL02-MA
574438;13/01/2024;sábado;13:40:00;RJ;116;40;TERESOPOLIS;Acessar a via sem observar a presença dos outros veículos;Colisão transversal;Sem Vítimas;Pleno dia;Crescente;Nublado;Simples;Reta;Não;2;0;0;0;2;0;0;2;-22,1378037;-42,78282166;SPRF-RJ;DEL04-RJ;UOP01-DEL04-RJ
574442;13/01/2024;sábado;14:00:00;PR;376;2;APUCARANA;Manobra de mudança de faixa;Colisão transversal;Com Vítimas Feridas;Pleno dia;Crescente;Céu Claro;Simples;"Aclive;Interseção de Vias";Sim;2;0;1;0;1;0;1;2;-23,55938;-51,43662;SPRF-PR;DEL07-PR;UOP03-DEL07-PR
574443;05/01/2024;sexta-feira;19:50:00;PE;428;191,5;PETROLINA;Velocidade Incompatível;Colisão traseira;Com Vítimas Feridas;Plena Noite;Decrescente;Céu Claro;Dupla;Reta;Sim;4;0;2;0;2;0;2;2;-9,37813409;-40,50448157;SPRF-PE;DEL06-PE;UOP01-DEL06-PE
574444;13/01/2024;sábado;14:35:00;CE;222;305,2;TIANGUA;Condutor deixou de manter distância do veículo da frente;Colisão traseira;Com Vítimas Feridas;Pleno dia;Decrescente;Nublado;Simples;"Reta;Declive";Não;4;0;2;0;2;0;2;2;-3,67107564;-40,96050301;SPRF-CE;DEL04-CE;UOP02-DEL04-CE
574445;13/01/2024;sábado;13:45:00;RJ;40;75;PETROPOLIS;Pista Escorregadia;Colisão com objeto;Com Vítimas Feridas;Pleno dia;Crescente;Chuva;Simples;"Curva;Aclive";Não;1;0;1;0;0;0;1;1;-22,46857126;-43,22958698;SPRF-RJ;DEL01-RJ;UOP01-DEL01-RJ
574446;13/01/2024;sábado;13:50:00;PR;116;3;CAMPINA GRANDE DO SUL;Ausência de reação do condutor;Saída de leito carroçável;Com Vítimas Feridas;Pleno dia;Decrescente;Nublado;Dupla;Curva;Não;4;0;0;2;2;0;2;1;-25,074341;-48,588004;SPRF-PR;DEL01-PR;UOP02-DEL01-PR
574447;13/01/2024;sábado;13:35:00;CE;230;79,5;VARZEA ALEGRE;Condutor desrespeitou a iluminação vermelha do semáforo;Colisão transversal;Com Vítimas Feridas;Pleno dia;Crescente;Nublado;Dupla;Reta;Sim;2;0;0;1;1;0;1;2;-6,793059;-39,29127;SPRF-CE;DEL05-CE;UOP01-DEL05-CE
574448;13/01/2024;sábado;13:00:00;RJ;393;152;TRES RIOS;Velocidade Incompatível;Colisão transversal;Sem Vítimas;Pleno dia;Decrescente;Sol;Simples;Curva;Não;2;0;0;0;2;0;0;2;-22,06816216;-43,03290587;SPRF-RJ;DEL05-RJ;UOP01-DEL05-RJ
574449;13/01/2024;sábado;14:50:00;SC;470;151;AGRONOMICA;Manobra de mudança de faixa;Colisão frontal;Com Vítimas Feridas;Pleno dia;Crescente;Céu Claro;Simples;Reta;Não;5;0;1;0;3;1;1;3;-27,260792;-49,719761;SPRF-SC;DEL04-SC;UOP02-DEL04-SC
574450;13/01/2024;sábado;14:06:00;RJ;116;98;GUAPIMIRIM;Chuva;Colisão frontal;Com Vítimas Feridas;Pleno dia;Decrescente;Chuva;Simples;"Curva;Declive";Não;3;0;3;0;0;0;3;2;-22,48285706;-42,99723936;SPRF-RJ;DEL04-RJ;UOP01-DEL04-RJ
574451;13/01/2024;sábado;13:50:00;RS;470;232;CARLOS BARBOSA;Acessar a via sem observar a presença dos outros veículos;Colisão transversal;Com Vítimas Feridas;Pleno dia;Decrescente;Céu Claro;Simples;Reta;Não;2;0;1;0;1;0;1;2;-29,23579206;-51,51193423;SPRF-RS;DEL06-RS;UOP01-DEL06-RS
574452;13/01/2024;sábado;14:45:00;SP;116;193;ARUJA;Ingestão de álcool pelo condutor;Colisão lateral mesmo sentido;Sem Vítimas;Pleno dia;Crescente;Nublado;Dupla;"Curva;Declive";Não;2;0;0;0;2;0;0;2;-23,380407;-46,258509;SPRF-SP;DEL01-SP;UOP01-DEL01-SP
574454;13/01/2024;sábado;07:00:00;RJ;116;202;QUEIMADOS;Reação tardia ou ineficiente do condutor;Saída de leito carroçável;Com Vítimas Feridas;Pleno dia;Crescente;Nublado;Dupla;Reta;Não;1;0;0;1;0;0;1;1;-22,72996588;-43,61317403;SPRF-RJ;DEL06-RJ;UOP02-DEL06-RJ
574455;13/01/2024;sábado;15:45:00;PB;230;16;JOAO PESSOA;Ausência de reação do condutor;Colisão traseira;Com Vítimas Feridas;Pleno dia;Decrescente;Céu Claro;Dupla;Aclive;Sim;3;0;2;0;0;1;2;2;-7,1039;-34,8458;SPRF-PB;DEL01-PB;UOP01-DEL01-PB
574457;13/01/2024;sábado;15:30:00;PR;369;98,9;CORNELIO PROCOPIO;Velocidade Incompatível;Tombamento;Com Vítimas Feridas;Pleno dia;Crescente;Céu Claro;Dupla;Curva;Não;1;0;0;1;0;0;1;1;-23,242334;-50,709134;SPRF-PR;DEL07-PR;UOP05-DEL07-PR
574458;13/01/2024;sábado;15:55:00;RJ;116;291;BARRA MANSA;Reação tardia ou ineficiente do condutor;Queda de ocupante de veículo;Com Vítimas Feridas;Pleno dia;Decrescente;Nublado;Dupla;Reta;Não;2;0;0;1;1;0;1;1;-22,47361016;-44,27458048;SPRF-RJ;DEL07-RJ;UOP02-DEL07-RJ
574459;13/01/2024;sábado;15:10:00;PA;230;128;MARABA;Manobra de mudança de faixa;Colisão lateral sentido oposto;Com Vítimas Feridas;Pleno dia;Decrescente;Céu Claro;Simples;Declive;Sim;2;0;0;1;1;0;1;2;-5,3732012;-49,16779803;SPRF-PA;DEL03-PA;UOP01-DEL03-PA
574460;13/01/2024;sábado;15:50:00;MG;381;452,5;SABARA;Conversão proibida;Colisão transversal;Com Vítimas Feridas;Pleno dia;Crescente;Nublado;Simples;"Aclive;Reta";Sim;2;0;0;1;1;0;1;2;-19,8343974;-43,85920286;SPRF-MG;DEL01-MG;UOP01-DEL01-MG
574461;13/01/2024;sábado;15:50:00;MG;40;783,4;JUIZ DE FORA;Chuva;Colisão com objeto;Com Vítimas Feridas;Pleno dia;Decrescente;Chuva;Dupla;Curva;Não;8;0;3;0;5;0;3;2;-21,72473975;-43,4390831;SPRF-MG;DEL05-MG;UOP01-DEL05-MG
574462;07/01/2024;domingo;20:40:00;AL;423;79;DELMIRO GOUVEIA;Ausência de reação do condutor;Colisão traseira;Com Vítimas Feridas;Plena Noite;Crescente;Céu Claro;Simples;Reta;Não;2;0;1;0;1;0;1;2;-9,32788157;-37,97714253;SPRF-AL;DEL03-AL;UOP02-DEL03-AL
574463;13/01/2024;sábado;14:45:00;MT;163;829,2;SINOP;Acessar a via sem observar a presença dos outros veículos;Colisão transversal;Com Vítimas Feridas;Pleno dia;Decrescente;Céu Claro;Dupla;Rotatória;Sim;2;0;0;1;1;0;1;2;-11,912333;-55,508442;SPRF-MT;DEL06-MT;UOP02-DEL06-MT
574464;13/01/2024;sábado;16:00:00;RS;386;344,3;LAJEADO;Reação tardia ou ineficiente do condutor;Colisão traseira;Com Vítimas Feridas;Pleno dia;Crescente;Céu Claro;Múltipla;Reta;Não;2;0;1;0;1;0;1;2;-29,439268;-51,993633;SPRF-RS;DEL04-RS;UOP01-DEL04-RS
574465;12/01/2024;sexta-feira;04:15:00;MS;267;500,5;JARDIM;Animais na Pista;Atropelamento de Animal;Com Vítimas Feridas;Plena Noite;Crescente;Céu Claro;Simples;Reta;Não;1;0;0;1;0;0;1;1;-21,48958216;-56,31295209;SPRF-MS;DEL05-MS;UOP01-DEL05-MS
574466;13/01/2024;sábado;15:09:00;PE;101;104;CABO DE SANTO AGOSTINHO;Retorno proibido;Colisão transversal;Com Vítimas Feridas;Pleno dia;Crescente;Céu Claro;Dupla;Reta;Sim;2;0;1;0;1;0;1;2;-8,29241321;-35,05598304;SPRF-PE;DEL01-PE;UOP03-DEL01-PE
574468;13/01/2024;sábado;12:00:00;MG;116;757,2;LEOPOLDINA;Chuva;Saída de leito carroçável;Com Vítimas Feridas;Pleno dia;Crescente;Chuva;Simples;Curva;Não;2;0;2;0;0;0;2;1;-21,49867034;-42,59199078;SPRF-MG;DEL07-MG;UOP01-DEL07-MG
574470;13/01/2024;sábado;16:00:00;PB;230;132,9;MASSARANDUBA;Reação tardia ou ineficiente do condutor;Saída de leito carroçável;Com Vítimas Feridas;Pleno dia;Crescente;Nublado;Dupla;Curva;Não;3;0;3;0;0;0;3;1;-7,272648;-35,752306;SPRF-PB;DEL02-PB;UOP01-DEL02-PB
574471;13/01/2024;sábado;16:25:00;PR;277;638;CEU AZUL;Acessar a via sem observar a presença dos outros veículos;Colisão transversal;Com Vítimas Feridas;Pleno dia;Crescente;Sol;Simples;"Interseção de Vias;Reta";Sim;5;0;1;0;4;0;1;2;-25,1578934;-53,85103257;SPRF-PR;DEL05-PR;UOP02-DEL05-PR
574474;13/01/2024;sábado;16:50:00;MG;40;530;CONTAGEM;Condutor deixou de manter distância do veículo da frente;Colisão traseira;Com Vítimas Feridas;Pleno dia;Decrescente;Chuva;Dupla;Reta;Sim;3;0;1;0;2;0;1;2;-19,92064782;-44,0335681;SPRF-MG;DEL01-MG;UOP02-DEL01-MG
574475;13/01/2024;sábado;15:50:00;BA;235;347;JUAZEIRO;Transitar na contramão;Colisão transversal;Com Vítimas Feridas;Pleno dia;Crescente;Céu Claro;Simples;Reta;Sim;4;0;1;3;0;0;4;2;-9,4406722;-40,4938084;SPRF-PE;DEL06-PE;UOP01-DEL06-PE
574478;13/01/2024;sábado;14:19:00;MS;163;456,4;CAMPO GRANDE;Acessar a via sem observar a presença dos outros veículos;Colisão transversal;Com Vítimas Feridas;Pleno dia;Decrescente;Nublado;Simples;"Reta;Interseção de Vias";Não;4;0;0;1;3;0;1;3;-20,67271305;-54,55795016;SPRF-MS;DEL01-MS;UOP01-DEL01-MS
574479;13/01/2024;sábado;16:05:00;RN;226;4;NATAL;Conversão proibida;Colisão transversal;Com Vítimas Feridas;Pleno dia;Crescente;Nublado;Simples;Reta;Sim;3;0;2;0;0;1;2;2;-5,819303;-35,261163;SPRF-RN;DEL01-RN;UOP02-DEL01-RN
574481;13/01/2024;sábado;13:23:00;MT;174;222;PORTO ESPERIDIAO;Reação tardia ou ineficiente do condutor;Saída de leito carroçável;Com Vítimas Feridas;Pleno dia;Decrescente;Céu Claro;Simples;Aclive;Não;3;0;2;0;1;0;2;1;-15,601648;-58,853093;SPRF-MT;DEL04-MT;UOP01-DEL04-MT
574482;13/01/2024;sábado;17:00:00;SP;116;226,8;GUARULHOS;Acumulo de areia ou detritos sobre o pavimento;Queda de ocupante de veículo;Com Vítimas Feridas;Pleno dia;Crescente;Céu Claro;Dupla;Curva;Não;1;0;1;0;0;0;1;1;-23,49102507;-46,54878195;SPRF-SP;DEL01-SP;UOP01-DEL01-SP
574483;13/01/2024;sábado;15:30:00;PR;277;304;PRUDENTOPOLIS;Reação tardia ou ineficiente do condutor;Colisão traseira;Com Vítimas Feridas;Pleno dia;Crescente;Céu Claro;Simples;"Aclive;Reta";Não;5;0;1;0;4;0;1;2;-25,314606;-51,188229;SPRF-PR;DEL08-PR;UOP01-DEL08-PR
574486;13/01/2024;sábado;13:00:00;MG;381;251,4;IPATINGA;Retorno proibido;Colisão transversal;Com Vítimas Feridas;Pleno dia;Decrescente;Céu Claro;Simples;Curva;Sim;4;0;0;2;2;0;2;2;-19,46107917;-42,52694964;SPRF-MG;DEL06-MG;UOP01-DEL06-MG
574487;13/01/2024;sábado;10:15:00;RR;174;298;CARACARAI;Acesso irregular;Colisão frontal;Com Vítimas Fatais;Pleno dia;Crescente;Céu Claro;Simples;Curva;Não;2;1;0;0;1;0;0;2;1,459756;-60,768101;SPRF-RR;DEL01-RR;UOP01-DEL01-RR
574488;13/01/2024;sábado;17:35:00;PR;277;586,4;CASCAVEL;Desrespeitar a preferência no cruzamento;Colisão transversal;Com Vítimas Feridas;Pleno dia;Crescente;Céu Claro;Simples;"Reta;Interseção de Vias";Sim;2;0;1;0;1;0;1;2;-24,96662647;-53,4242177;SPRF-PR;DEL04-PR;UOP01-DEL04-PR
574489;13/01/2024;sábado;17:50:00;RS;470;208;BENTO GONCALVES;Curva acentuada;Capotamento;Sem Vítimas;Pleno dia;Crescente;Céu Claro;Simples;Curva;Não;1;0;0;0;1;0;0;1;-29,10086692;-51,54406862;SPRF-RS;DEL06-RS;UOP01-DEL06-RS
574490;13/01/2024;sábado;17:55:00;PB;101;94;CONDE;Avarias e/ou desgaste excessivo no pneu;Tombamento;Com Vítimas Feridas;Anoitecer;Decrescente;Céu Claro;Simples;Declive;Não;2;0;1;0;1;0;1;1;-7,21483297;-34,9117521;SPRF-PB;DEL01-PB;UOP02-DEL01-PB
574491;13/01/2024;sábado;17:20:00;RS;290;557;ALEGRETE;Reação tardia ou ineficiente do condutor;Colisão traseira;Com Vítimas Feridas;Pleno dia;Crescente;Céu Claro;Simples;Reta;Não;3;0;0;1;2;0;1;3;-29,900185;-55,569252;SPRF-RS;DEL13-RS;UOP02-DEL13-RS
574492;13/01/2024;sábado;17:00:00;BA;324;620;SALVADOR;Acessar a via sem observar a presença dos outros veículos;Colisão frontal;Com Vítimas Feridas;Pleno dia;Crescente;Céu Claro;Múltipla;Reta;Sim;2;0;1;0;1;0;1;2;-12,90482172;-38,45556535;SPRF-BA;DEL01-BA;UOP01-DEL01-BA
574493;13/01/2024;sábado;17:50:00;MG;381;487,5;BETIM;Acumulo de água sobre o pavimento;Colisão com objeto;Com Vítimas Feridas;Plena Noite;Crescente;Chuva;Dupla;"Curva;Declive";Sim;2;0;1;0;1;0;1;1;-19,95586853;-44,14609501;SPRF-MG;DEL01-MG;UOP03-DEL01-MG
574494;13/01/2024;sábado;18:25:00;PB;230;13,8;CABEDELO;Manobra de mudança de faixa;Colisão lateral mesmo sentido;Sem Vítimas;Plena Noite;Crescente;Nublado;Dupla;Reta;Sim;3;0;0;0;3;0;0;2;-7,0772;-34,8494;SPRF-PB;DEL01-PB;UOP01-DEL01-PB
574497;13/01/2024;sábado;17:40:00;SC;101;37,2;JOINVILLE;Acumulo de óleo sobre o pavimento;Colisão traseira;Com Vítimas Feridas;Anoitecer;Decrescente;Chuva;Múltipla;Reta;Não;2;0;1;0;1;0;1;2;-26,25050176;-48,90863867;SPRF-SC;DEL03-SC;UOP01-DEL03-SC