id;data_inversa;dia_semana;horario;uf;br;km;municipio;causa_acidente;tipo_acidente;classificacao_acidente;fase_dia;sentido_via;condicao_metereologica;tipo_pista;tracado_via;uso_solo;pessoas;mortos;feridos_leves;feridos_graves;ilesos;ignorados;feridos;veiculos;latitude;longitude;regional;delegacia;uop
574500;13/01/2024;sábado;15:30:00;SC;470;200,1;PONTE ALTA;Reação tardia ou ineficiente do condutor;Queda de ocupante de veículo;Com Vítimas Feridas;Pleno dia;Crescente;Nublado;Simples;Reta;Não;2;0;2;0;0;0;2;1;-27,305405;-50,136627;SPRF-SC;DEL05-SC;UOP03-DEL05-SC
574501;13/01/2024;sábado;15:30:00;TO;153;552,1;OLIVEIRA DE FATIMA;Reação tardia ou ineficiente do condutor;Saída de leito carroçável;Com Vítimas Feridas;Pleno dia;Decrescente;Céu Claro;Simples;"Reta;Aclive";Não;5;0;2;0;3;0;2;1;-10,665369;-48,9083255;SPRF-TO;DEL01-TO;UOP01-DEL01-TO
574502;13/01/2024;sábado;18:40:00;GO;414;388;CORUMBA DE GOIAS;Ingestão de álcool pelo condutor;Saída de leito carroçável;Com Vítimas Feridas;Anoitecer;Crescente;Céu Claro;Simples;Reta;Não;1;0;1;0;0;0;1;1;-15,88575819;-48,79661256;SPRF-GO;DEL02-GO;UOP01-DEL02-GO
574504;13/01/2024;sábado;18:40:00;SC;101;183,7;BIGUACU;Reação tardia ou ineficiente do condutor;Saída de leito carroçável;Sem Vítimas;Pleno dia;Decrescente;Nublado;Dupla;Reta;Não;1;0;0;0;0;1;0;1;-27,40688892;-48,6285296;SPRF-SC;DEL01-SC;UOP01-DEL01-SC
574505;13/01/2024;sábado;15:20:00;RJ;116;270;BARRA MANSA;Pista Escorregadia;Colisão com objeto;Com Vítimas Feridas;Pleno dia;Crescente;Chuva;Dupla;"Curva;Aclive";Não;5;0;5;0;0;0;5;1;-22,56923335;-44,12024318;SPRF-RJ;DEL07-RJ;UOP02-DEL07-RJ
574506;13/01/2024;sábado;18:30:00;RJ;101;454;MANGARATIBA;Condutor deixou de manter distância do veículo da frente;Colisão traseira;Com Vítimas Feridas;Anoitecer;Crescente;Chuva;Dupla;Reta;Sim;4;0;1;0;3;0;1;3;-23,0340287;-44,15061917;SPRF-RJ;DEL03-RJ;UOP02-DEL03-RJ
574507;13/01/2024;sábado;14:20:00;RJ;116;242;PIRAI;Chuva;Capotamento;Com Vítimas Feridas;Pleno dia;Crescente;Chuva;Dupla;Curva;Sim;2;0;2;0;0;0;2;1;-22,63522537;-43,90258636;SPRF-RJ;DEL07-RJ;UOP01-DEL07-RJ
574508;13/01/2024;sábado;18:40:00;MS;463;108;PONTA PORA;Transitar no Acostamento;Queda de ocupante de veículo;Com Vítimas Feridas;Anoitecer;Crescente;Céu Claro;Simples;Reta;Sim;1;0;1;0;0;0;1;1;-22,58549147;-55,68099082;SPRF-MS;DEL04-MS;UOP03-DEL04-MS
574509;13/01/2024;sábado;18:00:00;RJ;116;97;GUAPIMIRIM;Reação tardia ou ineficiente do condutor;Colisão lateral sentido oposto;Com Vítimas Feridas;Plena Noite;Crescente;Chuva;Simples;"Declive;Curva";Não;3;0;2;0;1;0;2;2;-22,47811419;-42,99603471;SPRF-RJ;DEL04-RJ;UOP01-DEL04-RJ
574510;13/01/2024;sábado;18:40:00;RJ;116;110;GUAPIMIRIM;Ausência de reação do condutor;Colisão com objeto;Com Vítimas Feridas;Plena Noite;Crescente;Chuva;Simples;Reta;Não;2;0;2;0;0;0;2;1;-22,55073275;-42,98968744;SPRF-RJ;DEL04-RJ;UOP02-DEL04-RJ
574511;13/01/2024;sábado;17:30:00;MG;50;80,9;UBERLANDIA;Velocidade Incompatível;Tombamento;Com Vítimas Feridas;Pleno dia;Crescente;Céu Claro;Dupla;Viaduto;Não;2;0;1;0;0;1;1;2;-18,96895108;-48,2149601;SPRF-MG;DEL15-MG;UOP01-DEL15-MG
574514;13/01/2024;sábado;20:20:00;PR;369;128,5;JATAIZINHO;Transitar na contramão;Colisão frontal;Com Vítimas Fatais;Plena Noite;Crescente;Céu Claro;Dupla;Reta;Sim;2;1;0;0;1;0;0;2;-23,26538516;-50,97166479;SPRF-PR;DEL07-PR;UOP01-DEL07-PR
574515;13/01/2024;sábado;18:15:00;RS;101;31;TRES CACHOEIRAS;Reação tardia ou ineficiente do condutor;Tombamento;Com Vítimas Feridas;Pleno dia;Crescente;Nublado;Dupla;Curva;Não;1;0;1;0;0;0;1;1;-29,48566666;-49,97371445;SPRF-RS;DEL03-RS;UOP02-DEL03-RS
574516;13/01/2024;sábado;20:10:00;SC;470;52;BLUMENAU;Ultrapassagem Indevida;Colisão lateral mesmo sentido;Com Vítimas Feridas;Plena Noite;Crescente;Céu Claro;Múltipla;Interseção de Vias;Sim;2;0;1;0;1;0;1;2;-26,862286;-49,093903;SPRF-SC;DEL04-SC;UOP01-DEL04-SC
574518;13/01/2024;sábado;19:30:00;PR;277;35,5;MORRETES;Reação tardia ou ineficiente do condutor;Colisão com objeto;Com Vítimas Feridas;Anoitecer;Decrescente;Garoa/Chuvisco;Dupla;Reta;Não;2;0;1;0;1;0;1;1;-25,573077;-48,833085;SPRF-PR;DEL01-PR;UOP05-DEL01-PR
574519;13/01/2024;sábado;20:30:00;RJ;101;37;CAMPOS DOS GOYTACAZES;Acessar a via sem observar a presença dos outros veículos;Colisão transversal;Com Vítimas Feridas;Pleno dia;Decrescente;Ignorado;Simples;Reta;Não;2;0;0;1;0;1;1;2;-21,52498519;-41,33663155;SPRF-RJ;DEL08-RJ;UOP01-DEL08-RJ
574520;13/01/2024;sábado;17:50:00;RJ;116;234;PIRAI;Chuva;Capotamento;Com Vítimas Feridas;Anoitecer;Decrescente;Chuva;Dupla;Curva;Não;2;0;2;0;0;0;2;1;-22,66632663;-43,84704988;SPRF-RJ;DEL07-RJ;UOP01-DEL07-RJ
574521;13/01/2024;sábado;20:07:00;TO;153;241;COLINAS DO TOCANTINS;Ausência de reação do condutor;Tombamento;Com Vítimas Feridas;Plena Noite;Decrescente;Céu Claro;Simples;Reta;Não;1;0;1;0;0;0;1;1;-8,00311201;-48,46495374;SPRF-TO;DEL02-TO;UOP01-DEL02-TO
574522;13/01/2024;sábado;20:15:00;SC;280;25;ARAQUARI;Acessar a via sem observar a presença dos outros veículos;Colisão transversal;Com Vítimas Feridas;Plena Noite;Decrescente;Céu Claro;Simples;Reta;Sim;2;0;1;0;1;0;1;2;-26,385302;-48,728688;SPRF-SC;DEL03-SC;UOP03-DEL03-SC
574523;13/01/2024;sábado;21:10:00;SP;116;220;GUARULHOS;Reação tardia ou ineficiente do condutor;Colisão traseira;Com Vítimas Feridas;Plena Noite;Crescente;Céu Claro;Múltipla;Reta;Não;2;0;1;0;1;0;1;2;-23,46472809;-46,49793962;SPRF-SP;DEL01-SP;UOP01-DEL01-SP
574524;13/01/2024;sábado;21:30:00;SP;116;218;GUARULHOS;Ausência de reação do condutor;Colisão traseira;Com Vítimas Fatais;Plena Noite;Decrescente;Céu Claro;Múltipla;Reta;Não;2;1;0;0;1;0;0;2;-23,457972;-46,479927;SPRF-SP;DEL01-SP;UOP01-DEL01-SP
574525;13/01/2024;sábado;21:05:00;DF;70;9;BRASILIA;Manobra de mudança de faixa;Colisão traseira;Com Vítimas Feridas;Plena Noite;Decrescente;Céu Claro;Dupla;Reta;Sim;2;0;1;0;1;0;1;2;-15,784615;-48,132023;SPRF-DF;DEL03-DF;UOP02-DEL03-DF
574526;02/01/2024;terça-feira;02:00:00;BA;242;674;CRISTOPOLIS;Chuva;Saída de leito carroçável;Sem Vítimas;Plena Noite;Crescente;Chuva;Simples;Reta;Não;1;0;0;0;1;0;0;1;-12,22874643;-43,92474264;SPRF-BA;DEL10-BA;UOP02-DEL10-BA
574527;13/01/2024;sábado;20:00:00;DF;20;56,9;BRASILIA;Iluminação deficiente;Saída de leito carroçável;Sem Vítimas;Plena Noite;Decrescente;Céu Claro;Dupla;Curva;Não;1;0;0;0;0;1;0;1;-15,583027;-47,367081;SPRF-DF;DEL02-DF;UOP01-DEL02-DF
574528;13/01/2024;sábado;18:55:00;MS;376;165;NOVA ANDRADINA;Demais falhas na via;Tombamento;Com Vítimas Feridas;Plena Noite;Crescente;Céu Claro;Simples;Reta;Não;1;0;1;0;0;0;1;1;-22,32155714;-53,43996496;SPRF-MS;DEL04-MS;UOP04-DEL04-MS
574529;13/01/2024;sábado;13:30:00;MA;226;373,2;GRAJAU;Acessar a via sem observar a presença dos outros veículos;Colisão frontal;Com Vítimas Fatais;Pleno dia;Crescente;Céu Claro;Simples;Reta;Não;6;2;1;0;0;3;1;2;-5,63058;-45,784554;SPRF-MA;DEL03-MA;UOP03-DEL03-MA
574530;13/01/2024;sábado;21:30:00;SC;116;246;LAGES;Acessar a via sem observar a presença dos outros veículos;Colisão lateral mesmo sentido;Com Vítimas Feridas;Plena Noite;Decrescente;Nublado;Simples;"Reta;Interseção de Vias";Sim;2;0;0;1;1;0;1;2;-27,80419942;-50,36509464;SPRF-SC;DEL05-SC;UOP02-DEL05-SC
574532;13/01/2024;sábado;16:28:00;SC;280;103;SAO BENTO DO SUL;Pista Escorregadia;Colisão frontal;Com Vítimas Feridas;Pleno dia;Decrescente;Garoa/Chuvisco;Simples;"Curva;Declive";Não;7;0;4;0;3;0;4;2;-26,35967199;-49,347507;SPRF-SC;DEL06-SC;UOP03-DEL06-SC
574533;13/01/2024;sábado;21:00:00;RJ;101;303;SAO GONCALO;Ausência de reação do condutor;Colisão traseira;Sem Vítimas;Plena Noite;Decrescente;Chuva;Simples;Reta;Sim;4;0;0;0;4;0;0;2;-22,7828205;-42,9766681;SPRF-RJ;DEL02-RJ;UOP02-DEL02-RJ
574534;13/01/2024;sábado;21:30:00;GO;60;62;ABADIANIA;Acessar a via sem observar a presença dos outros veículos;Atropelamento de Pedestre;Com Vítimas Feridas;Pleno dia;Crescente;Céu Claro;Dupla;Reta;Não;2;0;1;0;0;1;1;2;-16,1881;-48,7205;SPRF-GO;DEL02-GO;UOP01-DEL02-GO
574535;13/01/2024;sábado;19:00:00;PB;230;212;SOLEDADE;Velocidade Incompatível;Saída de leito carroçável;Com Vítimas Feridas;Plena Noite;Crescente;Nublado;Simples;"Aclive;Reta";Não;1;0;1;0;0;0;1;1;-7,0754083;-36,341725;SPRF-PB;DEL02-PB;UOP02-DEL02-PB
574536;13/01/2024;sábado;21:20:00;SC;480;124;CHAPECO;Acesso irregular;Atropelamento de Pedestre;Com Vítimas Feridas;Plena Noite;Crescente;Céu Claro;Dupla;"Declive;Reta";Sim;5;0;0;1;4;0;1;2;-27,00359519;-52,64391044;SPRF-SC;DEL07-SC;UOP01-DEL07-SC
574539;13/01/2024;sábado;21:40:00;PR;376;287,2;MAUA DA SERRA;Acessar a via sem observar a presença dos outros veículos;Colisão transversal;Com Vítimas Feridas;Plena Noite;Crescente;Céu Claro;Dupla;Retorno Regulamentado;Não;3;0;2;0;1;0;2;2;-23,87604699;-51,25252962;SPRF-PR;DEL07-PR;UOP02-DEL07-PR
574540;13/01/2024;sábado;22:10:00;SP;116;218;GUARULHOS;Reação tardia ou ineficiente do condutor;Colisão traseira;Com Vítimas Feridas;Plena Noite;Decrescente;Ignorado;Múltipla;Reta;Sim;3;0;2;0;1;0;2;2;-23,457972;-46,479927;SPRF-SP;DEL01-SP;UOP01-DEL01-SP
574541;13/01/2024;sábado;20:30:00;MG;262;433,5;NOVA SERRANA;Chuva;Saída de leito carroçável;Com Vítimas Feridas;Plena Noite;Crescente;Chuva;Dupla;Reta;Sim;1;0;1;0;0;0;1;1;-19,89020759;-44,83338711;SPRF-MG;DEL08-MG;UOP03-DEL08-MG
574542;13/01/2024;sábado;22:23:00;SP;116;218;GUARULHOS;Reação tardia ou ineficiente do condutor;Colisão traseira;Com Vítimas Feridas;Plena Noite;Decrescente;Ignorado;Múltipla;Reta;Sim;3;0;1;0;2;0;1;2;-23,457972;-46,479927;SPRF-SP;DEL01-SP;UOP01-DEL01-SP
574546;13/01/2024;sábado;22:00:00;SP;381;79;SAO PAULO;Ausência de reação do condutor;Tombamento;Com Vítimas Feridas;Plena Noite;Decrescente;Nublado;Múltipla;Reta;Não;2;0;1;1;0;0;2;1;-23,40319901;-46,57564699;SPRF-SP;DEL03-SP;UOP01-DEL03-SP
574547;13/01/2024;sábado;23:13:00;SP;116;218;GUARULHOS;Avarias e/ou desgaste excessivo no pneu;Queda de ocupante de veículo;Com Vítimas Feridas;Plena Noite;Decrescente;Céu Claro;Múltipla;"Aclive;Reta";Não;2;0;1;0;1;0;1;1;-23,457972;-46,479927;SPRF-SP;DEL01-SP;UOP01-DEL01-SP
574549;13/01/2024;sábado;22:10:00;CE;116;46;HORIZONTE;Chuva;Colisão com objeto;Sem Vítimas;Plena Noite;Crescente;Chuva;Dupla;Curva;Não;1;0;0;0;1;0;0;1;-4,1312959;-38,48313475;SPRF-CE;DEL01-CE;UOP02-DEL01-CE
574550;13/01/2024;sábado;22:50:00;SC;282;223,7;LAGES;Pedestre andava na pista;Atropelamento de Pedestre;Com Vítimas Fatais;Plena Noite;Decrescente;Nublado;Simples;Curva;Não;2;1;0;1;0;0;1;2;-27,7987205;-50,3593191;SPRF-SC;DEL05-SC;UOP02-DEL05-SC
574551;13/01/2024;sábado;20:30:00;RJ;101;239;SILVA JARDIM;Demais falhas mecânicas ou elétricas;Colisão traseira;Sem Vítimas;Plena Noite;Crescente;Chuva;Dupla;Reta;Não;2;0;0;0;2;0;0;2;-22,62542413;-42,42802593;SPRF-RJ;DEL02-RJ;UOP03-DEL02-RJ
574552;13/01/2024;sábado;23:00:00;SP;116;272;TABOAO DA SERRA;Manobra de mudança de faixa;Colisão transversal;Com Vítimas Feridas;Plena Noite;Crescente;Nublado;Dupla;Reta;Não;3;0;1;0;1;1;1;3;-23,621691;-46,813288;SPRF-SP;DEL04-SP;UOP01-DEL04-SP
574553;13/01/2024;sábado;21:15:00;GO;153;402,2;PIRENOPOLIS;Acesso irregular;Colisão lateral mesmo sentido;Com Vítimas Feridas;Plena Noite;Decrescente;Céu Claro;Simples;Reta;Não;2;0;1;0;1;0;1;2;-16,040709;-49,079845;SPRF-GO;DEL02-GO;UOP02-DEL02-GO
574554;13/01/2024;sábado;22:40:00;PE;316;26;ARARIPINA;Ingestão de álcool pelo condutor;Colisão transversal;Com Vítimas Feridas;Plena Noite;Crescente;Céu Claro;Simples;Curva;Sim;3;0;2;0;1;0;2;2;-7,60390506;-40,48995414;SPRF-PE;DEL05-PE;UOP02-DEL05-PE
574555;13/01/2024;sábado;23:04:00;RS;470;216;BENTO GONCALVES;Acessar a via sem observar a presença dos outros veículos;Atropelamento de Pedestre;Com Vítimas Feridas;Plena Noite;Decrescente;Céu Claro;Dupla;Curva;Sim;2;0;1;0;0;1;1;2;-29,15887096;-51,53142395;SPRF-RS;DEL06-RS;UOP01-DEL06-RS
574556;13/01/2024;sábado;23:20:00;BA;324;7;FEIRA DE SANTANA;Reação tardia ou ineficiente do condutor;Colisão com objeto;Sem Vítimas;Plena Noite;Crescente;Céu Claro;Dupla;Reta;Sim;1;0;0;0;1;0;0;1;-12,27023127;-38,98773193;SPRF-BA;DEL02-BA;UOP01-DEL02-BA
574557;14/01/2024;domingo;00:20:00;MG;381;557,9;ITAGUARA;Deficiência do Sistema de Iluminação/Sinalização;Colisão traseira;Com Vítimas Feridas;Plena Noite;Decrescente;Chuva;Dupla;"Reta;Aclive";Não;2;0;1;0;0;1;1;2;-20,36904195;-44,46938756;SPRF-MG;DEL04-MG;UOP03-DEL04-MG
574558;13/01/2024;sábado;23:13:00;SP;116;210;GUARULHOS;Acumulo de areia ou detritos sobre o pavimento;Colisão com objeto;Com Vítimas Feridas;Plena Noite;Decrescente;Nublado;Múltipla;Declive;Sim;1;0;1;0;0;0;1;1;-23,42870023;-46,41085991;SPRF-SP;DEL01-SP;UOP01-DEL01-SP
574559;14/01/2024;domingo;00:04:00;PE;101;77,5;RECIFE;Manobra de mudança de faixa;Colisão traseira;Com Vítimas Feridas;Plena Noite;Decrescente;Garoa/Chuvisco;Dupla;Curva;Sim;3;0;1;2;0;0;3;2;-8,126982;-34,94386;SPRF-PE;DEL01-PE;UOP01-DEL01-PE
574560;14/01/2024;domingo;00:28:00;SE;101;33,8;CAPELA;Animais na Pista;Atropelamento de Animal;Com Vítimas Feridas;Plena Noite;Crescente;Céu Claro;Dupla;Curva;Sim;1;0;1;0;0;0;1;1;-10,46953007;-36,94610596;SPRF-SE;DEL02-SE;UOP02-DEL02-SE
574562;14/01/2024;domingo;00:10:00;RS;392;49;RIO GRANDE;Ingestão de álcool pelo condutor;Tombamento;Com Vítimas Feridas;Plena Noite;Decrescente;Céu Claro;Dupla;Reta;Não;1;0;1;0;0;0;1;1;-31,88320305;-52,32070832;SPRF-RS;DEL07-RS;UOP02-DEL07-RS
574564;14/01/2024;domingo;00:10:00;PR;376;617;SAO JOSE DOS PINHAIS;Manobra de mudança de faixa;Colisão com objeto;Com Vítimas Feridas;Plena Noite;Decrescente;Nublado;Dupla;Curva;Sim;2;0;0;1;1;0;1;1;-25,58426494;-49,17618795;SPRF-PR;DEL01-PR;UOP04-DEL01-PR
574565;13/01/2024;sábado;23:30:00;TO;153;297;PRESIDENTE KENNEDY;Chuva;Capotamento;Com Vítimas Feridas;Plena Noite;Crescente;Chuva;Simples;"Reta;Declive";Não;3;0;2;0;1;0;2;1;-8,50685805;-48,48795923;SPRF-TO;DEL02-TO;UOP02-DEL02-TO
574566;14/01/2024;domingo;00:10:00;PR;277;75;SAO JOSE DOS PINHAIS;Velocidade Incompatível;Saída de leito carroçável;Com Vítimas Feridas;Plena Noite;Crescente;Céu Claro;Dupla;Reta;Não;1;0;1;0;0;0;1;1;-25,51327981;-49,12433291;SPRF-PR;DEL01-PR;UOP07-DEL01-PR
574567;13/01/2024;sábado;23:30:00;PI;230;194;OEIRAS;Transitar na contramão;Colisão frontal;Com Vítimas Feridas;Plena Noite;Crescente;Céu Claro;Simples;Reta;Sim;3;0;2;0;1;0;2;2;-6,99465451;-42,10490528;SPRF-PI;DEL04-PI;UOP01-DEL04-PI
574568;13/01/2024;sábado;20:30:00;PR;277;700;SAO MIGUEL DO IGUACU;Ingestão de álcool pelo condutor;Colisão traseira;Com Vítimas Feridas;Plena Noite;Crescente;Céu Claro;Dupla;Reta;Não;2;0;1;1;0;0;2;2;-25,40601241;-54,32821775;SPRF-PR;DEL05-PR;UOP01-DEL05-PR
574569;14/01/2024;domingo;00:03:00;RS;116;237;NOVO HAMBURGO;Ausência de reação do condutor;Colisão traseira;Sem Vítimas;Pleno dia;Decrescente;Céu Claro;Dupla;Reta;Sim;2;0;0;0;2;0;0;2;-29,67839398;-51,1422266;SPRF-RS;DEL01-RS;UOP02-DEL01-RS
574570;14/01/2024;domingo;00:55:00;CE;222;2,4;FORTALEZA;Ingestão de álcool pelo condutor;Colisão traseira;Com Vítimas Feridas;Plena Noite;Crescente;Céu Claro;Dupla;Reta;Não;4;0;1;0;3;0;1;3;-3,73910735;-38,58783066;SPRF-CE;DEL01-CE;UOP01-DEL01-CE
574572;14/01/2024;domingo;00:20:00;MT;163;684;LUCAS DO RIO VERDE;Ausência de reação do condutor;Saída de leito carroçável;Com Vítimas Feridas;Pleno dia;Decrescente;Chuva;Simples;"Declive;Reta";Não;1;0;0;1;0;0;1;1;-13,09713637;-55,94728425;SPRF-MT;DEL06-MT;UOP01-DEL06-MT
574573;14/01/2024;domingo;00:10:00;SP;116;222;GUARULHOS;Reação tardia ou ineficiente do condutor;Colisão traseira;Com Vítimas Feridas;Plena Noite;Decrescente;Nublado;Múltipla;Reta;Sim;4;0;0;2;2;0;2;3;-23,47093408;-46,51631097;SPRF-SP;DEL01-SP;UOP01-DEL01-SP
574574;14/01/2024;domingo;01:30:00;RJ;393;286,4;VOLTA REDONDA;Condutor Dormindo;Colisão com objeto;Sem Vítimas;Plena Noite;Decrescente;Chuva;Dupla;"Reta;Interseção de Vias";Sim;1;0;0;0;0;1;0;1;-22,49133996;-44,06505619;SPRF-RJ;DEL05-RJ;UOP04-DEL05-RJ
574575;14/01/2024;domingo;01:50:00;AL;104;47;BRANQUINHA;Reação tardia ou ineficiente do condutor;Queda de ocupante de veículo;Com Vítimas Feridas;Plena Noite;Crescente;Céu Claro;Simples;Reta;Não;1;0;1;0;0;0;1;1;-9,2457014;-36,00588206;SPRF-AL;DEL01-AL;UOP02-DEL01-AL
574577;14/01/2024;domingo;01:16:00;BA;235;343;JUAZEIRO;Transitar no Acostamento;Atropelamento de Pedestre;Sem Vítimas;Plena Noite;Decrescente;Céu Claro;Simples;Reta;Não;2;0;0;0;0;2;0;2;-9,45896063;-40,45706492;SPRF-PE;DEL06-PE;UOP01-DEL06-PE
574580;14/01/2024;domingo;02:40:00;MG;40;527,3;CONTAGEM;Chuva;Colisão com objeto;Sem Vítimas;Plena Noite;Decrescente;Chuva;Dupla;Aclive;Não;1;0;0;0;1;0;0;1;-19,90883179;-44,04436577;SPRF-MG;DEL01-MG;UOP02-DEL01-MG
574581;14/01/2024;domingo;02:45:00;PR;376;136,7;NOVA ESPERANCA;Ausência de reação do condutor;Saída de leito carroçável;Com Vítimas Fatais;Plena Noite;Decrescente;Céu Claro;Dupla;Reta;Não;5;2;0;3;0;0;3;1;-23,20979042;-52,19209929;SPRF-PR;DEL09-PR;UOP02-DEL09-PR
574583;14/01/2024;domingo;04:00:00;MT;70;4;BARRA DO GARCAS;Reação tardia ou ineficiente do condutor;Queda de ocupante de veículo;Com Vítimas Feridas;Plena Noite;Crescente;Nublado;Dupla;"Declive;Reta";Sim;1;0;0;1;0;0;1;1;-15,87907036;-52,28563311;SPRF-MT;DEL07-MT;UOP01-DEL07-MT
574586;13/01/2024;sábado;19:15:00;RS;NA;NA;ELDORADO DO SUL;Objeto estático sobre o leito carroçável;Colisão com objeto;Sem Vítimas;Pleno dia;Não Informado;Sol;Simples;Reta;Sim;2;0;0;0;2;0;0;1;-30,04758256;-51,315499;SPRF-RS;DEL02-RS;UOP01-DEL02-RS
574587;14/01/2024;domingo;04:45:00;PE;316;54;TRINDADE;Animais na Pista;Atropelamento de Animal;Com Vítimas Fatais;Amanhecer;Crescente;Céu Claro;Simples;Reta;Não;2;1;0;0;0;1;0;2;-7,73669808;-40,29450303;SPRF-PE;DEL05-PE;UOP02-DEL05-PE
574589;14/01/2024;domingo;02:00:00;MS;163;283,8;DOURADOS;Ingestão de álcool pelo condutor;Colisão traseira;Sem Vítimas;Plena Noite;Crescente;Céu Claro;Simples;Reta;Sim;2;0;0;0;2;0;0;2;-22,12044992;-54,59725206;SPRF-MS;DEL04-MS;UOP01-DEL04-MS
574590;14/01/2024;domingo;04:15:00;RS;290;69;GRAVATAI;Ingestão de álcool pelo condutor;Saída de leito carroçável;Sem Vítimas;Plena Noite;Crescente;Céu Claro;Dupla;Reta;Não;1;0;0;0;0;1;0;1;-29,944933;-50,946438;SPRF-RS;DEL03-RS;UOP01-DEL03-RS
574591;14/01/2024;domingo;03:50:00;MS;163;274;DOURADOS;Animais na Pista;Saída de leito carroçável;Sem Vítimas;Plena Noite;Decrescente;Céu Claro;Dupla;"Declive;Reta";Não;1;0;0;0;1;0;0;1;-22,17241744;-54,66344266;SPRF-MS;DEL04-MS;UOP01-DEL04-MS
574592;14/01/2024;domingo;01:30:00;SC;280;206,8;MAFRA;Ingestão de álcool pelo condutor;Colisão com objeto;Com Vítimas Feridas;Plena Noite;Crescente;Céu Claro;Simples;Curva;Não;3;0;3;0;0;0;3;1;-26,1612574;-50,13125904;SPRF-SC;DEL06-SC;UOP01-DEL06-SC
574593;14/01/2024;domingo;05:35:00;PB;101;89;JOAO PESSOA;Ausência de reação do condutor;Colisão com objeto;Sem Vítimas;Pleno dia;Decrescente;Céu Claro;Dupla;Reta;Sim;1;0;0;0;0;1;0;1;-7,1710694;-34,89765372;SPRF-PB;DEL01-PB;UOP02-DEL01-PB
574594;13/01/2024;sábado;20:00:00;RN;304;24;MOSSORO;Ausência de reação do condutor;Saída de leito carroçável;Com Vítimas Feridas;Plena Noite;Crescente;Céu Claro;Simples;Curva;Não;1;0;0;1;0;0;1;1;-5,06488233;-37,33287055;SPRF-RN;DEL04-RN;UOP02-DEL04-RN
574596;13/01/2024;sábado;22:45:00;ES;262;162,1;IBATIBA;Manobra de mudança de faixa;Colisão frontal;Com Vítimas Feridas;Plena Noite;Crescente;Nublado;Simples;Curva;Não;2;0;0;2;0;0;2;2;-20,238419;-41,53684253;SPRF-ES;DEL01-ES;UOP02-DEL01-ES
574598;14/01/2024;domingo;06:00:00;MG;40;787;JUIZ DE FORA;Reação tardia ou ineficiente do condutor;Colisão com objeto;Com Vítimas Feridas;Pleno dia;Decrescente;Céu Claro;Dupla;Curva;Não;1;0;1;0;0;0;1;1;-21,73607735;-43,44262787;SPRF-MG;DEL05-MG;UOP01-DEL05-MG
574600;14/01/2024;domingo;05:00:00;RJ;101;500;ANGRA DOS REIS;Condutor Dormindo;Colisão transversal;Sem Vítimas;Amanhecer;Crescente;Chuva;Simples;Curva;Sim;2;0;0;0;2;0;0;2;-22,91719505;-44,35485495;SPRF-RJ;DEL03-RJ;UOP03-DEL03-RJ
574601;14/01/2024;domingo;06:15:00;RS;470;224;GARIBALDI;Ingestão de álcool pelo condutor;Saída de leito carroçável;Com Vítimas Feridas;Pleno dia;Decrescente;Céu Claro;Simples;Reta;Não;1;0;1;0;0;0;1;1;-29,21351804;-51,51780626;SPRF-RS;DEL06-RS;UOP01-DEL06-RS
574602;14/01/2024;domingo;06:00:00;SC;101;102,5;BALNEARIO PICARRAS;Ausência de reação do condutor;Saída de leito carroçável;Com Vítimas Feridas;Pleno dia;Crescente;Céu Claro;Dupla;Reta;Não;1;0;0;1;0;0;1;1;-26,77383397;-48,68594062;SPRF-SC;DEL03-SC;UOP02-DEL03-SC
574603;14/01/2024;domingo;01:30:00;MG;262;37,3;MANHUACU;Acumulo de areia ou detritos sobre o pavimento;Colisão com objeto;Com Vítimas Feridas;Plena Noite;Decrescente;Nublado;Simples;Curva;Sim;2;0;1;0;1;0;1;1;-20,25748975;-42,03048732;SPRF-MG;DEL06-MG;UOP03-DEL06-MG
574604;14/01/2024;domingo;06:10:00;MG;50;156,8;UBERABA;Ausência de reação do condutor;Saída de leito carroçável;Com Vítimas Feridas;Amanhecer;Decrescente;Céu Claro;Dupla;"Reta;Declive";Não;2;0;1;0;1;0;1;1;-19,61676094;-48,01874384;SPRF-MG;DEL13-MG;UOP01-DEL13-MG
574605;14/01/2024;domingo;06:30:00;RS;470;166;VILA FLORES;Ausência de reação do condutor;Saída de leito carroçável;Sem Vítimas;Amanhecer;Decrescente;Céu Claro;Simples;Curva;Não;1;0;0;0;0;1;0;1;-28,84766792;-51,57122398;SPRF-RS;DEL06-RS;UOP02-DEL06-RS
574608;14/01/2024;domingo;02:45:00;MG;262;480;BOM DESPACHO;Ingestão de álcool pelo condutor;Tombamento;Com Vítimas Feridas;Plena Noite;Decrescente;Chuva;Simples;Reta;Não;1;0;1;0;0;0;1;1;-19,78696514;-45,24828201;SPRF-MG;DEL08-MG;UOP03-DEL08-MG
574611;14/01/2024;domingo;06:25:00;MS;163;444;CAMPO GRANDE;Demais falhas mecânicas ou elétricas;Incêndio;Sem Vítimas;Pleno dia;Decrescente;Céu Claro;Simples;Reta;Não;2;0;0;0;2;0;0;1;-20,77690106;-54,52577118;SPRF-MS;DEL01-MS;UOP01-DEL01-MS
574612;13/01/2024;sábado;20:40:00;RS;116;427;CRISTAL;Pedestre cruzava a pista fora da faixa;Atropelamento de Pedestre;Com Vítimas Feridas;Plena Noite;Decrescente;Céu Claro;Simples;"Aclive;Em Obras;Reta";Sim;2;0;1;0;1;0;1;2;-30,99035;-52,038357;SPRF-RS;DEL02-RS;UOP02-DEL02-RS
574613;14/01/2024;domingo;07:10:00;MG;40;527;CONTAGEM;Chuva;Saída de leito carroçável;Sem Vítimas;Pleno dia;Crescente;Chuva;Dupla;Reta;Sim;1;0;0;0;1;0;0;1;-19,90149502;-44,04938939;SPRF-MG;DEL01-MG;UOP02-DEL01-MG