id;data_inversa;dia_semana;horario;uf;br;km;municipio;causa_acidente;tipo_acidente;classificacao_acidente;fase_dia;sentido_via;condicao_metereologica;tipo_pista;tracado_via;uso_solo;pessoas;mortos;feridos_leves;feridos_graves;ilesos;ignorados;feridos;veiculos;latitude;longitude;regional;delegacia;uop
574614;14/01/2024;domingo;06:30:00;PE;101;49;ABREU E LIMA;Reação tardia ou ineficiente do condutor;Tombamento;Com Vítimas Feridas;Pleno dia;Decrescente;Nublado;Dupla;Reta;Sim;2;0;1;0;1;0;1;2;-7,9005152;-34,90180641;SPRF-PE;DEL01-PE;UOP02-DEL01-PE
574616;14/01/2024;domingo;06:00:00;PR;277;33,5;MORRETES;Reação tardia ou ineficiente do condutor;Atropelamento de Pedestre;Com Vítimas Fatais;Amanhecer;Crescente;Sol;Dupla;Reta;Não;2;1;0;0;1;0;0;2;-25,57062709;-48,81843567;SPRF-PR;DEL01-PR;UOP05-DEL01-PR
574618;13/01/2024;sábado;05:00:00;PE;101;181;PALMARES;Velocidade Incompatível;Queda de ocupante de veículo;Sem Vítimas;Pleno dia;Crescente;Céu Claro;Dupla;Curva;Não;1;0;0;0;0;1;0;1;-8,64421608;-35,5612637;SPRF-PE;DEL01-PE;UOP03-DEL01-PE
574619;14/01/2024;domingo;05:30:00;RS;392;40,5;RIO GRANDE;Condutor Dormindo;Saída de leito carroçável;Sem Vítimas;Amanhecer;Crescente;Céu Claro;Dupla;Reta;Não;4;0;0;0;4;0;0;1;-31,96338187;-52,30321871;SPRF-RS;DEL07-RS;UOP02-DEL07-RS
574620;14/01/2024;domingo;07:00:00;PE;408;89;SAO LOURENCO DA MATA;Manobra de mudança de faixa;Colisão transversal;Com Vítimas Feridas;Pleno dia;Crescente;Céu Claro;Dupla;"Retorno Regulamentado;Reta";Não;3;0;2;1;0;0;3;2;-7,98149086;-35,08112279;SPRF-PE;DEL01-PE;UOP01-DEL01-PE
574622;14/01/2024;domingo;07:00:00;SP;116;127;CACAPAVA;Reação tardia ou ineficiente do condutor;Colisão com objeto;Com Vítimas Feridas;Pleno dia;Crescente;Céu Claro;Dupla;Reta;Sim;1;0;0;1;0;0;1;1;-23,10991026;-45,70246044;SPRF-SP;DEL02-SP;UOP02-DEL02-SP
574624;14/01/2024;domingo;07:20:00;PR;469;13;FOZ DO IGUACU;Ingestão de álcool pelo condutor;Colisão com objeto;Sem Vítimas;Pleno dia;Decrescente;Céu Claro;Simples;Desvio Temporário;Sim;1;0;0;0;0;1;0;1;-25,5754;-54,5489;SPRF-PR;DEL05-PR;UOP04-DEL05-PR
574627;14/01/2024;domingo;06:30:00;RJ;101;181;RIO DAS OSTRAS;Pista Escorregadia;Saída de leito carroçável;Sem Vítimas;Pleno dia;Crescente;Chuva;Simples;Curva;Sim;4;0;0;0;4;0;0;1;-22,41692381;-42,00103036;SPRF-RJ;DEL08-RJ;UOP04-DEL08-RJ
574628;14/01/2024;domingo;06:30:00;ES;262;43;MARECHAL FLORIANO;Velocidade Incompatível;Capotamento;Com Vítimas Feridas;Pleno dia;Crescente;Céu Claro;Simples;Curva;Não;1;0;1;0;0;0;1;1;-20,3844778;-40,66251868;SPRF-ES;DEL01-ES;UOP01-DEL01-ES
574630;06/01/2024;sábado;14:00:00;MG;381;850;POUSO ALEGRE;Velocidade Incompatível;Saída de leito carroçável;Sem Vítimas;Pleno dia;Decrescente;Céu Claro;Dupla;Interseção de Vias;Sim;1;0;0;0;0;1;0;1;-22,24206043;-45,88180488;SPRF-MG;DEL16-MG;UOP01-DEL16-MG
574631;14/01/2024;domingo;09:40:00;MG;40;735;SANTOS DUMONT;Velocidade Incompatível;Queda de ocupante de veículo;Com Vítimas Feridas;Pleno dia;Decrescente;Garoa/Chuvisco;Simples;Curva;Não;1;0;0;1;0;0;1;1;-21,37012696;-43,57558994;SPRF-MG;DEL05-MG;UOP01-DEL05-MG
574634;14/01/2024;domingo;08:40:00;RS;470;155,3;NOVA PRATA;Desrespeitar a preferência no cruzamento;Colisão transversal;Com Vítimas Feridas;Pleno dia;Crescente;Céu Claro;Simples;"Aclive;Reta;Interseção de Vias";Sim;2;0;2;0;0;0;2;2;-28,77420176;-51,61382854;SPRF-RS;DEL06-RS;UOP02-DEL06-RS
574636;14/01/2024;domingo;10:00:00;SC;101;196;BIGUACU;Reação tardia ou ineficiente do condutor;Colisão traseira;Com Vítimas Feridas;Pleno dia;Decrescente;Céu Claro;Dupla;Reta;Sim;3;0;2;0;1;0;2;2;-27,51101091;-48,64322292;SPRF-SC;DEL01-SC;UOP01-DEL01-SC
574640;14/01/2024;domingo;09:40:00;GO;60;4,1;SANTO ANTONIO DO DESCOBERTO;Velocidade Incompatível;Colisão traseira;Com Vítimas Feridas;Pleno dia;Crescente;Nublado;Dupla;Reta;Não;2;0;1;0;1;0;1;2;-16,086271;-48,272363;SPRF-DF;DEL03-DF;UOP01-DEL03-DF
574645;14/01/2024;domingo;11:30:00;PE;101;69;RECIFE;Acessar a via sem observar a presença dos outros veículos;Colisão lateral mesmo sentido;Com Vítimas Feridas;Pleno dia;Crescente;Céu Claro;Múltipla;Interseção de Vias;Sim;2;0;0;1;1;0;1;2;-8,05951606;-34,94581024;SPRF-PE;DEL01-PE;UOP01-DEL01-PE
574646;14/01/2024;domingo;09:40:00;MA;10;296,1;IMPERATRIZ;Reação tardia ou ineficiente do condutor;Capotamento;Com Vítimas Feridas;Pleno dia;Crescente;Céu Claro;Simples;Reta;Não;3;0;2;0;1;0;2;1;-5,148785;-47,54071;SPRF-MA;DEL04-MA;UOP03-DEL04-MA
574647;14/01/2024;domingo;11:30:00;SC;101;135,6;BALNEARIO CAMBORIU;Trafegar com motocicleta (ou similar) entre as faixas;Colisão lateral mesmo sentido;Com Vítimas Feridas;Pleno dia;Decrescente;Sol;Dupla;Reta;Sim;2;0;1;0;1;0;1;2;-27,0050108;-48,62677494;SPRF-SC;DEL04-SC;UOP03-DEL04-SC
574648;14/01/2024;domingo;11:45:00;MG;381;936,1;EXTREMA;Chuva;Colisão com objeto;Com Vítimas Feridas;Pleno dia;Crescente;Chuva;Dupla;"Curva;Declive";Não;2;0;1;0;1;0;1;1;-22,8083612;-46,27793681;SPRF-MG;DEL16-MG;UOP03-DEL16-MG
574649;14/01/2024;domingo;11:30:00;ES;101;52;CONCEICAO DA BARRA;Velocidade Incompatível;Colisão traseira;Com Vítimas Feridas;Pleno dia;Decrescente;Sol;Simples;Reta;Não;2;0;1;0;1;0;1;2;-18,60327989;-39,88710063;SPRF-ES;DEL04-ES;UOP02-DEL04-ES
574650;14/01/2024;domingo;11:30:00;GO;60;431;RIO VERDE;Ausência de reação do condutor;Saída de leito carroçável;Com Vítimas Fatais;Pleno dia;Crescente;Nublado;Dupla;Reta;Não;4;2;1;0;0;1;1;2;-17,8266;-51,3385;SPRF-GO;DEL04-GO;UOP02-DEL04-GO
574651;14/01/2024;domingo;12:15:00;PR;116;106;CURITIBA;Demais falhas mecânicas ou elétricas;Incêndio;Sem Vítimas;Pleno dia;Crescente;Céu Claro;Dupla;Reta;Não;1;0;0;0;1;0;0;1;-25,56830653;-49,17799791;SPRF-PR;DEL01-PR;UOP07-DEL01-PR
574652;14/01/2024;domingo;08:30:00;SC;282;246,3;SAO JOSE DO CERRITO;Reação tardia ou ineficiente do condutor;Colisão com objeto;Com Vítimas Feridas;Pleno dia;Decrescente;Céu Claro;Simples;Curva;Não;2;0;1;0;1;0;1;1;-27,72642471;-50,53047895;SPRF-SC;DEL05-SC;UOP02-DEL05-SC
574654;14/01/2024;domingo;12:00:00;GO;70;12,5;AGUAS LINDAS DE GOIAS;Chuva;Colisão traseira;Com Vítimas Feridas;Pleno dia;Crescente;Chuva;Dupla;Reta;Sim;2;0;1;0;1;0;1;2;-15,74037077;-48,3103523;SPRF-DF;DEL03-DF;UOP02-DEL03-DF
574656;14/01/2024;domingo;12:55:00;MG;40;476,6;SETE LAGOAS;Avarias e/ou desgaste excessivo no pneu;Saída de leito carroçável;Com Vítimas Feridas;Pleno dia;Decrescente;Nublado;Dupla;"Aclive;Reta";Não;7;0;3;2;2;0;5;1;-19,51855;-44,26731;SPRF-MG;DEL02-MG;UOP01-DEL02-MG
574657;14/01/2024;domingo;12:40:00;PR;277;80;CURITIBA;Condutor deixou de manter distância do veículo da frente;Colisão traseira;Com Vítimas Feridas;Pleno dia;Crescente;Sol;Dupla;Reta;Sim;3;0;2;0;1;0;2;2;-25,46772242;-49,21418488;SPRF-PR;DEL01-PR;UOP07-DEL01-PR
574659;14/01/2024;domingo;10:20:00;MS;163;10,3;MUNDO NOVO;Condutor deixou de manter distância do veículo da frente;Colisão traseira;Com Vítimas Feridas;Pleno dia;Crescente;Céu Claro;Simples;"Reta;Aclive";Não;2;0;0;1;1;0;1;2;-23,97757201;-54,3310675;SPRF-MS;DEL09-MS;UOP02-DEL09-MS
574661;14/01/2024;domingo;13:12:00;ES;101;90;JAGUARE;Acessar a via sem observar a presença dos outros veículos;Colisão transversal;Com Vítimas Feridas;Pleno dia;Decrescente;Céu Claro;Simples;Reta;Não;3;0;0;1;2;0;1;2;-18,89806708;-39,95602283;SPRF-ES;DEL04-ES;UOP02-DEL04-ES
574662;14/01/2024;domingo;11:46:00;PR;376;667;GUARATUBA;Demais falhas mecânicas ou elétricas;Incêndio;Sem Vítimas;Pleno dia;Decrescente;Céu Claro;Simples;"Aclive;Curva";Não;1;0;0;0;1;0;0;1;-25,86649659;-48,94666822;SPRF-PR;DEL01-PR;UOP04-DEL01-PR
574663;14/01/2024;domingo;13:00:00;SC;280;168;MAFRA;Reação tardia ou ineficiente do condutor;Colisão traseira;Com Vítimas Feridas;Pleno dia;Crescente;Céu Claro;Simples;"Aclive;Curva";Não;3;0;1;0;2;0;1;2;-26,1600847;-49,81588937;SPRF-SC;DEL06-SC;UOP01-DEL06-SC
574664;14/01/2024;domingo;13:20:00;ES;101;18,5;JOAO NEIVA;Ausência de reação do condutor;Colisão com objeto;Com Vítimas Feridas;Pleno dia;Crescente;Sol;Múltipla;Curva;Não;1;0;1;0;0;0;1;1;-19,7579;-40,3788;SPRF-ES;DEL02-ES;UOP01-DEL02-ES
574665;14/01/2024;domingo;13:15:00;PE;101;43,8;IGARASSU;Reação tardia ou ineficiente do condutor;Tombamento;Com Vítimas Feridas;Pleno dia;Decrescente;Céu Claro;Múltipla;Reta;Sim;2;0;2;0;0;0;2;1;-7,860515;-34,907874;SPRF-PE;DEL01-PE;UOP02-DEL01-PE
574666;14/01/2024;domingo;11:50:00;MS;163;80,9;ITAQUIRAI;Reação tardia ou ineficiente do condutor;Tombamento;Com Vítimas Feridas;Pleno dia;Decrescente;Céu Claro;Simples;Reta;Não;2;0;2;0;0;0;2;1;-23,45800218;-54,1957354;SPRF-MS;DEL09-MS;UOP01-DEL09-MS
574667;14/01/2024;domingo;13:30:00;MG;381;940,5;EXTREMA;Velocidade Incompatível;Saída de leito carroçável;Com Vítimas Feridas;Pleno dia;Crescente;Chuva;Dupla;Curva;Sim;1;0;1;0;0;0;1;1;-22,82526603;-46,31210111;SPRF-MG;DEL16-MG;UOP03-DEL16-MG
574669;14/01/2024;domingo;13:40:00;MG;381;652;SANTO ANTONIO DO AMPARO;Velocidade Incompatível;Colisão com objeto;Com Vítimas Feridas;Pleno dia;Crescente;Chuva;Dupla;"Curva;Declive";Não;4;0;4;0;0;0;4;1;-20,98384831;-44,94479972;SPRF-MG;DEL04-MG;UOP02-DEL04-MG
574670;14/01/2024;domingo;14:05:00;PB;101;85;BAYEUX;Condutor deixou de manter distância do veículo da frente;Colisão traseira;Com Vítimas Feridas;Pleno dia;Crescente;Céu Claro;Dupla;Reta;Sim;2;0;0;1;1;0;1;2;-7,14538184;-34,91662887;SPRF-PB;DEL01-PB;UOP01-DEL01-PB
574671;14/01/2024;domingo;12:35:00;MG;40;705,5;BARBACENA;Chuva;Colisão com objeto;Com Vítimas Feridas;Pleno dia;Decrescente;Chuva;Dupla;Curva;Sim;1;0;1;0;0;0;1;1;-21,24057651;-43,72321118;SPRF-MG;DEL05-MG;UOP02-DEL05-MG
574673;14/01/2024;domingo;13:33:00;MG;365;651,8;UBERLANDIA;Velocidade Incompatível;Saída de leito carroçável;Com Vítimas Feridas;Pleno dia;Decrescente;Chuva;Dupla;"Reta;Declive";Não;2;0;2;0;0;0;2;1;-18,866519;-48,574108;SPRF-MG;DEL15-MG;UOP01-DEL15-MG
574674;14/01/2024;domingo;13:00:00;BA;330;845;IPIAU;Demais falhas mecânicas ou elétricas;Incêndio;Sem Vítimas;Pleno dia;Crescente;Céu Claro;Simples;Reta;Não;1;0;0;0;1;0;0;1;-14,15993086;-39,69261383;SPRF-BA;DEL03-BA;UOP01-DEL03-BA
574676;14/01/2024;domingo;15:05:00;PB;101;85;JOAO PESSOA;Reação tardia ou ineficiente do condutor;Colisão traseira;Com Vítimas Feridas;Pleno dia;Decrescente;Céu Claro;Dupla;"Aclive;Reta";Sim;4;0;2;0;2;0;2;2;-7,14538184;-34,91662887;SPRF-PB;DEL01-PB;UOP01-DEL01-PB
574677;14/01/2024;domingo;14:13:00;RS;116;224;DOIS IRMAOS;Manobra de mudança de faixa;Colisão lateral mesmo sentido;Com Vítimas Feridas;Pleno dia;Decrescente;Céu Claro;Dupla;"Declive;Rotatória";Sim;4;0;0;1;0;3;1;3;-29,58913214;-51,10670328;SPRF-RS;DEL01-RS;UOP02-DEL01-RS
574678;14/01/2024;domingo;13:50:00;SP;116;85;PINDAMONHANGABA;Demais falhas mecânicas ou elétricas;Queda de ocupante de veículo;Com Vítimas Feridas;Pleno dia;Crescente;Céu Claro;Dupla;Reta;Não;2;0;2;0;0;0;2;1;-22,92211829;-45,34450085;SPRF-SP;DEL08-SP;UOP01-DEL08-SP
574679;14/01/2024;domingo;15:30:00;MG;381;917,4;CAMANDUCAIA;Velocidade Incompatível;Colisão com objeto;Com Vítimas Feridas;Pleno dia;Decrescente;Chuva;Dupla;Curva;Sim;1;0;1;0;0;0;1;1;-22,76700121;-46,17875277;SPRF-MG;DEL16-MG;UOP03-DEL16-MG
574680;14/01/2024;domingo;13:50:00;SC;101;120,5;ITAJAI;Avarias e/ou desgaste excessivo no pneu;Tombamento;Com Vítimas Feridas;Pleno dia;Crescente;Céu Claro;Dupla;Reta;Sim;2;0;2;0;0;0;2;1;-26,912758;-48,711998;SPRF-SC;DEL04-SC;UOP04-DEL04-SC
574685;14/01/2024;domingo;15:00:00;GO;50;107;CRISTALINA;Demais falhas mecânicas ou elétricas;Saída de leito carroçável;Com Vítimas Feridas;Pleno dia;Crescente;Céu Claro;Dupla;Reta;Não;5;0;1;0;4;0;1;1;-16,9309;-47,7117;SPRF-DF;DEL01-DF;UOP02-DEL01-DF
574687;14/01/2024;domingo;15:00:00;SC;282;22,4;SANTO AMARO DA IMPERATRIZ;Condutor deixou de manter distância do veículo da frente;Colisão traseira;Sem Vítimas;Pleno dia;Crescente;Céu Claro;Simples;Reta;Sim;2;0;0;0;2;0;0;2;-27,688507;-48,72739;SPRF-SC;DEL01-SC;UOP02-DEL01-SC
574689;14/01/2024;domingo;15:50:00;PE;101;69,2;RECIFE;Acessar a via sem observar a presença dos outros veículos;Colisão transversal;Com Vítimas Feridas;Pleno dia;Crescente;Nublado;Dupla;Reta;Sim;3;0;1;0;0;2;1;3;-8,05951606;-34,94581024;SPRF-PE;DEL01-PE;UOP01-DEL01-PE
574690;14/01/2024;domingo;16:00:00;RJ;101;416;MANGARATIBA;Acumulo de água sobre o pavimento;Queda de ocupante de veículo;Com Vítimas Feridas;Pleno dia;Crescente;Nublado;Simples;Curva;Não;2;0;1;1;0;0;2;1;-22,91403619;-43,90122414;SPRF-RJ;DEL03-RJ;UOP02-DEL03-RJ
574691;14/01/2024;domingo;09:00:00;BA;101;823,5;PRADO;Condutor Dormindo;Colisão frontal;Com Vítimas Feridas;Pleno dia;Crescente;Céu Claro;Simples;"Aclive;Reta";Não;3;0;0;1;2;0;1;2;-17,30552601;-39,6329521;SPRF-BA;DEL09-BA;UOP02-DEL09-BA
574692;14/01/2024;domingo;11:20:00;AP;210;104;PORTO GRANDE;Ausência de reação do condutor;Engavetamento;Com Vítimas Feridas;Pleno dia;Crescente;Chuva;Simples;Reta;Não;6;0;1;0;1;4;1;3;0,6985633;-51,39692189;SPRF-AP;DEL01-AP;UOP01-DEL01-AP
574693;14/01/2024;domingo;11:20:00;MS;267;554,3;CARACOL;Ausência de reação do condutor;Colisão traseira;Com Vítimas Feridas;Pleno dia;Decrescente;Céu Claro;Simples;Reta;Não;5;0;1;0;4;0;1;2;-21,680994;-56,762057;SPRF-MS;DEL05-MS;UOP01-DEL05-MS
574695;14/01/2024;domingo;12:00:00;AP;156;265;MACAPA;Pista Escorregadia;Saída de leito carroçável;Sem Vítimas;Pleno dia;Crescente;Garoa/Chuvisco;Simples;"Declive;Reta";Não;5;0;0;0;5;0;0;1;0,23311551;-51,1530304;SPRF-AP;DEL01-AP;UOP01-DEL01-AP
574696;14/01/2024;domingo;16:15:00;RN;101;103;PARNAMIRIM;Manobra de mudança de faixa;Colisão lateral mesmo sentido;Com Vítimas Feridas;Pleno dia;Decrescente;Céu Claro;Dupla;Reta;Sim;4;0;1;0;3;0;1;2;-5,89034022;-35,24894996;SPRF-RN;DEL01-RN;UOP01-DEL01-RN
574698;14/01/2024;domingo;17:00:00;ES;262;161;IBATIBA;Animais na Pista;Atropelamento de Animal;Com Vítimas Feridas;Pleno dia;Crescente;Céu Claro;Simples;Reta;Não;2;0;2;0;0;0;2;1;-20,23640217;-41,52254154;SPRF-ES;DEL01-ES;UOP02-DEL01-ES
574700;14/01/2024;domingo;16:50:00;BA;101;525;BUERAREMA;Animais na Pista;Atropelamento de Animal;Com Vítimas Feridas;Pleno dia;Crescente;Céu Claro;Simples;Reta;Não;2;0;2;0;0;0;2;1;-14,961086;-39,309188;SPRF-BA;DEL05-BA;UOP01-DEL05-BA
574701;14/01/2024;domingo;17:30:00;SC;280;30,5;ARAQUARI;Ingestão de álcool pelo condutor;Colisão traseira;Com Vítimas Feridas;Pleno dia;Crescente;Céu Claro;Simples;Reta;Sim;2;0;0;1;1;0;1;2;-26,4141523;-48,76209493;SPRF-SC;DEL03-SC;UOP03-DEL03-SC
574702;14/01/2024;domingo;16:20:00;MS;163;782;COXIM;Ausência de reação do condutor;Saída de leito carroçável;Com Vítimas Fatais;Pleno dia;Decrescente;Céu Claro;Simples;Reta;Não;1;1;0;0;0;0;0;1;-18,07765703;-54,69252582;SPRF-MS;DEL06-MS;UOP01-DEL06-MS
574703;14/01/2024;domingo;14:30:00;GO;60;380;RIO VERDE;Chuva;Saída de leito carroçável;Com Vítimas Feridas;Pleno dia;Decrescente;Chuva;Dupla;"Curva;Retorno Regulamentado";Não;3;0;3;0;0;0;3;1;-17,7646;-50,8822;SPRF-GO;DEL04-GO;UOP02-DEL04-GO
574704;14/01/2024;domingo;17:45:00;MG;381;491;BETIM;Velocidade Incompatível;Colisão com objeto;Com Vítimas Feridas;Pleno dia;Decrescente;Sol;Dupla;Declive;Sim;2;0;1;0;1;0;1;2;-19,97018187;-44,18210416;SPRF-MG;DEL01-MG;UOP03-DEL01-MG
574705;14/01/2024;domingo;13:30:00;GO;60;380;RIO VERDE;Chuva;Saída de leito carroçável;Com Vítimas Feridas;Pleno dia;Decrescente;Chuva;Dupla;Declive;Sim;7;0;3;0;4;0;3;1;-17,7646;-50,8822;SPRF-GO;DEL04-GO;UOP02-DEL04-GO
574706;14/01/2024;domingo;14:45:00;MG;116;504,4;INHAPIM;Ausência de reação do condutor;Colisão com objeto;Com Vítimas Fatais;Pleno dia;Crescente;Céu Claro;Simples;Curva;Não;1;1;0;0;0;0;0;1;-19,594446;-42,11241304;SPRF-MG;DEL06-MG;UOP02-DEL06-MG
574707;14/01/2024;domingo;17:45:00;SP;116;196;ARUJA;Reação tardia ou ineficiente do condutor;Engavetamento;Sem Vítimas;Anoitecer;Crescente;Nublado;Múltipla;"Declive;Reta";Sim;3;0;0;0;3;0;0;3;-23,39265978;-46,2844631;SPRF-SP;DEL01-SP;UOP01-DEL01-SP
574708;14/01/2024;domingo;17:45:00;BA;324;518;FEIRA DE SANTANA;Ingestão de álcool pelo condutor;Colisão traseira;Com Vítimas Feridas;Pleno dia;Decrescente;Céu Claro;Simples;Reta;Sim;2;0;0;1;1;0;1;2;-12,258195;-38,932182;SPRF-BA;DEL02-BA;UOP01-DEL02-BA
574710;14/01/2024;domingo;17:49:00;SC;101;145;ITAPEMA;Acessar a via sem observar a presença dos outros veículos;Colisão lateral mesmo sentido;Sem Vítimas;Pleno dia;Decrescente;Céu Claro;Dupla;Reta;Sim;2;0;0;0;2;0;0;2;-27,08139206;-48,60130993;SPRF-SC;DEL04-SC;UOP03-DEL04-SC
574711;14/01/2024;domingo;15:00:00;BA;110;49;JEREMOABO;Reação tardia ou ineficiente do condutor;Capotamento;Com Vítimas Feridas;Pleno dia;Crescente;Céu Claro;Simples;"Reta;Declive";Não;4;0;3;1;0;0;4;1;-9,88612197;-38,26936156;SPRF-BA;DEL07-BA;UOP01-DEL07-BA
574712;14/01/2024;domingo;18:00:00;PR;277;598,9;CASCAVEL;Velocidade Incompatível;Colisão traseira;Com Vítimas Feridas;Pleno dia;Decrescente;Céu Claro;Dupla;Reta;Sim;4;0;1;0;3;0;1;2;-24,99599861;-53,51520034;SPRF-PR;DEL04-PR;UOP01-DEL04-PR
574713;14/01/2024;domingo;15:40:00;PR;277;311;GUARAPUAVA;Manobra de mudança de faixa;Colisão traseira;Sem Vítimas;Pleno dia;Crescente;Céu Claro;Simples;Reta;Não;5;0;0;0;5;0;0;2;-25,31576601;-51,18861896;SPRF-PR;DEL08-PR;UOP01-DEL08-PR
574714;14/01/2024;domingo;16:30:00;BA;324;622;SALVADOR;Objeto estático sobre o leito carroçável;Eventos atípicos;Com Vítimas Feridas;Pleno dia;Crescente;Céu Claro;Múltipla;Reta;Sim;2;0;1;0;1;0;1;1;-12,91888605;-38,46502095;SPRF-BA;DEL01-BA;UOP01-DEL01-BA
574715;14/01/2024;domingo;17:50:00;SP;381;60;MAIRIPORA;Condutor deixou de manter distância do veículo da frente;Colisão traseira;Sem Vítimas;Anoitecer;Crescente;Céu Claro;Dupla;"Curva;Declive";Não;2;0;0;0;2;0;0;2;-23,28957673;-46,58729853;SPRF-SP;DEL03-SP;UOP01-DEL03-SP
574716;14/01/2024;domingo;18:20:00;PR;277;67;SAO JOSE DOS PINHAIS;Manobra de mudança de faixa;Colisão lateral mesmo sentido;Com Vítimas Feridas;Pleno dia;Crescente;Céu Claro;Dupla;Reta;Sim;3;0;2;0;0;1;2;2;-25,54511074;-49,05291088;SPRF-PR;DEL01-PR;UOP01-DEL01-PR
574719;14/01/2024;domingo;18:50:00;MG;354;755;ITAMONTE;Ingestão de álcool pelo condutor;Colisão com objeto;Com Vítimas Feridas;Anoitecer;Decrescente;Nublado;Simples;"Reta;Declive";Sim;3;0;2;0;1;0;2;2;-22,30998016;-44,85245881;SPRF-MG;DEL17-MG;UOP01-DEL17-MG
574720;14/01/2024;domingo;18:20:00;SC;101;187,2;BIGUACU;Acessar a via sem observar a presença dos outros veículos;Colisão lateral mesmo sentido;Sem Vítimas;Pleno dia;Crescente;Céu Claro;Dupla;Reta;Não;3;0;0;0;3;0;0;2;-27,44307116;-48,62848475;SPRF-SC;DEL01-SC;UOP01-DEL01-SC
574721;14/01/2024;domingo;18:00:00;MG;40;618,7;CONGONHAS;Velocidade Incompatível;Colisão traseira;Sem Vítimas;Anoitecer;Decrescente;Chuva;Simples;Reta;Não;2;0;0;0;2;0;0;2;-20,572474;-43,81231;SPRF-MG;DEL05-MG;UOP02-DEL05-MG
574722;14/01/2024;domingo;18:58:00;GO;40;96,4;CRISTALINA;Condutor deixou de manter distância do veículo da frente;Colisão traseira;Sem Vítimas;Anoitecer;Decrescente;Garoa/Chuvisco;Simples;"Aclive;Reta";Sim;3;0;0;0;3;0;0;2;-16,75463957;-47,60416746;SPRF-DF;DEL01-DF;UOP02-DEL01-DF
574725;14/01/2024;domingo;18:30:00;SC;101;223;PALHOCA;Trafegar com motocicleta (ou similar) entre as faixas;Colisão traseira;Com Vítimas Feridas;Anoitecer;Decrescente;Céu Claro;Dupla;Reta;Não;4;0;2;0;2;0;2;3;-27,71552634;-48,64881251;SPRF-SC;DEL01-SC;UOP02-DEL01-SC
574727;14/01/2024;domingo;19:05:00;RS;386;356,6;ESTRELA;Ingestão de álcool pelo condutor;Saída de leito carroçável;Sem Vítimas;Plena Noite;Decrescente;Chuva;Dupla;"Declive;Curva";Não;2;0;0;0;2;0;0;1;-29,53022606;-51,92323208;SPRF-RS;DEL04-RS;UOP01-DEL04-RS
574728;14/01/2024;domingo;19:10:00;SC;101;193,2;BIGUACU;Objeto estático sobre o leito carroçável;Colisão com objeto;Com Vítimas Feridas;Anoitecer;Decrescente;Nublado;Dupla;Reta;Sim;1;0;1;0;0;0;1;1;-27,489574;-48,655914;SPRF-SC;DEL01-SC;UOP01-DEL01-SC
574729;14/01/2024;domingo;17:45:00;SC;101;111;NAVEGANTES;Ausência de reação do condutor;Colisão com objeto;Com Vítimas Feridas;Anoitecer;Crescente;Nublado;Simples;Ponte;Não;1;0;0;1;0;0;1;1;-26,83955734;-48,71418074;SPRF-SC;DEL04-SC;UOP04-DEL04-SC
574730;14/01/2024;domingo;16:40:00;RS;287;288;SAO PEDRO DO SUL;Chuva;Saída de leito carroçável;Com Vítimas Feridas;Pleno dia;Decrescente;Chuva;Simples;Reta;Não;4;0;4;0;0;0;4;1;-29,63466141;-54,25130702;SPRF-RS;DEL09-RS;UOP01-DEL09-RS
574732;14/01/2024;domingo;19:30:00;SC;101;206;SAO JOSE;Ausência de reação do condutor;Colisão traseira;Com Vítimas Feridas;Plena Noite;Crescente;Céu Claro;Múltipla;Reta;Sim;2;0;1;0;0;1;1;2;-27,59193546;-48,61824557;SPRF-SC;DEL01-SC;UOP01-DEL01-SC
574733;14/01/2024;domingo;17:50:00;PI;230;192;OEIRAS;Acessar a via sem observar a presença dos outros veículos;Colisão lateral mesmo sentido;Com Vítimas Feridas;Pleno dia;Crescente;Céu Claro;Simples;Reta;Não;3;0;2;0;1;0;2;2;-6,9864;-42,089097;SPRF-PI;DEL04-PI;UOP01-DEL04-PI
574734;14/01/2024;domingo;15:53:00;RS;290;627,2;ALEGRETE;Reação tardia ou ineficiente do condutor;Colisão lateral mesmo sentido;Sem Vítimas;Pleno dia;Decrescente;Garoa/Chuvisco;Simples;"Ponte;Reta";Não;7;0;0;0;7;0;0;2;-29,999084;-56,187976;SPRF-RS;DEL13-RS;UOP02-DEL13-RS
574735;14/01/2024;domingo;18:00:00;SC;470;55,3;BLUMENAU;Ingestão de álcool pelo condutor;Colisão traseira;Sem Vítimas;Pleno dia;Decrescente;Céu Claro;Simples;Curva;Sim;3;0;0;0;3;0;0;2;-26,875601;-49,117992;SPRF-SC;DEL04-SC;UOP01-DEL04-SC
574736;14/01/2024;domingo;19:55:00;PI;343;2,8;TERESINA;Conversão proibida;Colisão transversal;Com Vítimas Feridas;Plena Noite;Crescente;Céu Claro;Dupla;Rotatória;Sim;2;0;0;1;1;0;1;2;-5,089569;-42,802288;SPRF-PI;DEL01-PI;UOP01-DEL01-PI
574737;14/01/2024;domingo;12:41:00;RJ;116;195;QUEIMADOS;Manobra de mudança de faixa;Colisão traseira;Com Vítimas Feridas;Pleno dia;Decrescente;Céu Claro;Dupla;Reta;Não;6;0;3;0;3;0;3;3;-22,73573614;-43,54749701;SPRF-RJ;DEL06-RJ;UOP01-DEL06-RJ
574738;14/01/2024;domingo;17:30:00;SC;116;30,1;ITAIOPOLIS;Demais falhas mecânicas ou elétricas;Saída de leito carroçável;Com Vítimas Feridas;Pleno dia;Decrescente;Céu Claro;Simples;Reta;Não;1;0;1;0;0;0;1;1;-26,31187517;-49,96286886;SPRF-SC;DEL06-SC;UOP01-DEL06-SC