id;data_inversa;dia_semana;horario;uf;br;km;municipio;causa_acidente;tipo_acidente;classificacao_acidente;fase_dia;sentido_via;condicao_metereologica;tipo_pista;tracado_via;uso_solo;pessoas;mortos;feridos_leves;feridos_graves;ilesos;ignorados;feridos;veiculos;latitude;longitude;regional;delegacia;uop
574740;14/01/2024;domingo;14:30:00;MG;40;581;ITABIRITO;Carga excessiva e/ou mal acondicionada;Colisão com objeto;Sem Vítimas;Pleno dia;Crescente;Nublado;Simples;Reta;Não;2;0;0;0;2;0;0;1;-20,30234388;-43,93887077;SPRF-MG;DEL01-MG;UOP02-DEL01-MG
574741;14/01/2024;domingo;20:00:00;RS;392;350,8;SANTA MARIA;Reação tardia ou ineficiente do condutor;Saída de leito carroçável;Sem Vítimas;Plena Noite;Crescente;Nublado;Simples;Reta;Sim;1;0;0;0;1;0;0;1;-29,73416938;-53,79905105;SPRF-RS;DEL09-RS;UOP01-DEL09-RS
574742;14/01/2024;domingo;20:20:00;PE;101;57;RECIFE;Ausência de reação do condutor;Colisão traseira;Com Vítimas Feridas;Plena Noite;Decrescente;Céu Claro;Dupla;Reta;Sim;2;0;0;1;0;1;1;2;-7,9647239;-34,9163932;SPRF-PE;DEL01-PE;UOP02-DEL01-PE
574743;14/01/2024;domingo;20:00:00;ES;101;50;CONCEICAO DA BARRA;Desrespeitar a preferência no cruzamento;Colisão transversal;Com Vítimas Feridas;Plena Noite;Crescente;Nublado;Simples;Reta;Não;3;0;2;0;1;0;2;2;-18,58588752;-39,89233239;SPRF-ES;DEL04-ES;UOP02-DEL04-ES
574744;14/01/2024;domingo;20:00:00;MA;10;255;IMPERATRIZ;Condutor deixou de manter distância do veículo da frente;Colisão traseira;Com Vítimas Feridas;Plena Noite;Decrescente;Céu Claro;Simples;Reta;Sim;2;0;1;0;1;0;1;2;-5,508798;-47,471718;SPRF-MA;DEL04-MA;UOP01-DEL04-MA
574746;14/01/2024;domingo;18:35:00;SP;381;66,5;MAIRIPORA;Condutor deixou de manter distância do veículo da frente;Colisão traseira;Com Vítimas Feridas;Anoitecer;Crescente;Céu Claro;Múltipla;Reta;Não;4;0;3;0;1;0;3;3;-23,32451103;-46,58021504;SPRF-SP;DEL03-SP;UOP01-DEL03-SP
574747;14/01/2024;domingo;19:43:00;RJ;393;284;VOLTA REDONDA;Acesso irregular;Colisão lateral mesmo sentido;Com Vítimas Feridas;Plena Noite;Crescente;Céu Claro;Simples;Reta;Sim;2;0;1;0;1;0;1;2;-22,49398899;-44,06697214;SPRF-RJ;DEL05-RJ;UOP04-DEL05-RJ
574748;14/01/2024;domingo;20:35:00;PE;101;56;RECIFE;Iluminação deficiente;Colisão transversal;Com Vítimas Feridas;Plena Noite;Decrescente;Céu Claro;Dupla;"Reta;Retorno Regulamentado";Sim;2;0;1;0;1;0;1;2;-7,96309;-34,914923;SPRF-PE;DEL01-PE;UOP02-DEL01-PE
574749;14/01/2024;domingo;19:20:00;RJ;101;316;SAO GONCALO;Avarias e/ou desgaste excessivo no pneu;Queda de ocupante de veículo;Com Vítimas Feridas;Plena Noite;Crescente;Céu Claro;Dupla;Reta;Não;1;0;1;0;0;0;1;1;-22,82835879;-43,09208739;SPRF-RJ;DEL02-RJ;UOP02-DEL02-RJ
574750;14/01/2024;domingo;19:00:00;RO;364;16;VILHENA;Desrespeitar a preferência no cruzamento;Colisão transversal;Com Vítimas Feridas;Plena Noite;Crescente;Céu Claro;Simples;Interseção de Vias;Sim;3;0;1;0;0;2;1;3;-12,73437947;-60,15696986;SPRF-RO;DEL04-RO;UOP01-DEL04-RO
574752;14/01/2024;domingo;19:45:00;BA;324;574;SAO SEBASTIAO DO PASSE;Ingestão de álcool pelo condutor;Colisão traseira;Sem Vítimas;Plena Noite;Decrescente;Céu Claro;Dupla;Reta;Sim;2;0;0;0;2;0;0;2;-12,56758892;-38,55238794;SPRF-BA;DEL01-BA;UOP01-DEL01-BA
574753;14/01/2024;domingo;19:55:00;PB;230;112;INGA;Objeto estático sobre o leito carroçável;Colisão com objeto;Sem Vítimas;Plena Noite;Crescente;Céu Claro;Dupla;Curva;Não;7;0;0;0;6;1;0;3;-7,2117;-35,5822;SPRF-PB;DEL01-PB;UOP03-DEL01-PB
574754;14/01/2024;domingo;20:50:00;PB;101;113;ALHANDRA;Velocidade Incompatível;Saída de leito carroçável;Sem Vítimas;Plena Noite;Crescente;Nublado;Dupla;"Declive;Reta";Não;1;0;0;0;0;1;0;1;-7,37852293;-34,95673822;SPRF-PB;DEL01-PB;UOP02-DEL01-PB
574755;14/01/2024;domingo;20:15:00;SC;282;485;FAXINAL DOS GUEDES;Ingestão de álcool pelo condutor;Colisão traseira;Sem Vítimas;Plena Noite;Decrescente;Chuva;Simples;Reta;Não;2;0;0;0;2;0;0;2;-26,857132;-52,245258;SPRF-SC;DEL07-SC;UOP01-DEL07-SC
574759;14/01/2024;domingo;20:45:00;ES;101;289,7;CARIACICA;Ingestão de álcool pelo condutor;Capotamento;Com Vítimas Feridas;Plena Noite;Crescente;Céu Claro;Dupla;"Reta;Aclive";Sim;2;0;0;1;1;0;1;1;-20,28927747;-40,39181575;SPRF-ES;DEL01-ES;UOP01-DEL01-ES
574761;14/01/2024;domingo;21:10:00;MG;381;509;IGARAPE;Ausência de reação do condutor;Colisão traseira;Com Vítimas Feridas;Plena Noite;Decrescente;Céu Claro;Dupla;Reta;Não;5;0;1;0;4;0;1;2;-20,07008;-44,298819;SPRF-MG;DEL01-MG;UOP03-DEL01-MG
574762;14/01/2024;domingo;20:50:00;PR;277;712;SANTA TEREZINHA DE ITAIPU;Reação tardia ou ineficiente do condutor;Saída de leito carroçável;Sem Vítimas;Pleno dia;Decrescente;Nublado;Dupla;"Retorno Regulamentado;Reta";Não;5;0;0;0;5;0;0;1;-25,45780735;-54,43119986;SPRF-PR;DEL05-PR;UOP01-DEL05-PR
574763;14/01/2024;domingo;05:40:00;PA;163;970;SANTAREM;Acessar a via sem observar a presença dos outros veículos;Atropelamento de Pedestre;Com Vítimas Feridas;Amanhecer;Crescente;Céu Claro;Simples;Curva;Não;2;0;0;1;0;1;1;2;-2,65771572;-54,83456847;SPRF-PA;DEL05-PA;UOP01-DEL05-PA
574764;14/01/2024;domingo;21:05:00;SC;101;224,9;PALHOCA;Reação tardia ou ineficiente do condutor;Colisão lateral mesmo sentido;Com Vítimas Feridas;Plena Noite;Decrescente;Céu Claro;Múltipla;"Reta;Aclive";Sim;2;0;0;1;0;1;1;2;-27,72384789;-48,64386769;SPRF-SC;DEL01-SC;UOP02-DEL01-SC
574767;14/01/2024;domingo;20:30:00;SP;381;5;VARGEM;Avarias e/ou desgaste excessivo no pneu;Tombamento;Com Vítimas Feridas;Plena Noite;Crescente;Céu Claro;Dupla;Curva;Não;2;0;2;0;0;0;2;1;-22,88993723;-46,41305958;SPRF-SP;DEL03-SP;UOP02-DEL03-SP
574768;14/01/2024;domingo;20:27:00;RO;435;92,2;CEREJEIRAS;Trafegar com motocicleta (ou similar) entre as faixas;Colisão com objeto;Com Vítimas Fatais;Plena Noite;Crescente;Nublado;Simples;Interseção de Vias;Não;1;1;0;0;0;0;0;1;-13,18492412;-60,79214501;SPRF-RO;DEL04-RO;UOP02-DEL04-RO
574769;14/01/2024;domingo;20:00:00;SC;282;48,7;AGUAS MORNAS;Ultrapassagem Indevida;Colisão frontal;Com Vítimas Feridas;Plena Noite;Crescente;Céu Claro;Simples;Curva;Não;4;0;2;0;2;0;2;3;-27,714352;-48,938072;SPRF-SC;DEL01-SC;UOP03-DEL01-SC
574770;14/01/2024;domingo;17:30:00;PI;135;503,5;MONTE ALEGRE DO PIAUI;Acessar a via sem observar a presença dos outros veículos;Colisão transversal;Com Vítimas Feridas;Pleno dia;Decrescente;Nublado;Simples;"Interseção de Vias;Reta";Sim;2;0;0;1;0;1;1;2;-9,74598295;-45,292864;SPRF-PI;DEL03-PI;UOP02-DEL03-PI
574771;14/01/2024;domingo;22:15:00;MG;381;478;CONTAGEM;Velocidade Incompatível;Tombamento;Com Vítimas Feridas;Plena Noite;Crescente;Nublado;Dupla;"Reta;Declive";Sim;1;0;1;0;0;0;1;1;-19,95826094;-44,05921101;SPRF-MG;DEL01-MG;UOP03-DEL01-MG
574772;14/01/2024;domingo;22:10:00;SP;116;230;SAO PAULO;Reação tardia ou ineficiente do condutor;Engavetamento;Com Vítimas Feridas;Plena Noite;Crescente;Nublado;Múltipla;Reta;Sim;3;0;1;0;2;0;1;3;-23,52251783;-46,5855702;SPRF-SP;DEL01-SP;UOP01-DEL01-SP
574774;14/01/2024;domingo;10:00:00;MT;174;429;NOVA LACERDA;Ausência de reação do condutor;Saída de leito carroçável;Sem Vítimas;Pleno dia;Crescente;Céu Claro;Simples;Reta;Não;1;0;0;0;0;1;0;1;-14,14879294;-59,70531278;SPRF-MT;DEL04-MT;UOP02-DEL04-MT
574777;14/01/2024;domingo;22:30:00;RJ;116;180;SAO JOAO DE MERITI;Demais falhas mecânicas ou elétricas;Tombamento;Com Vítimas Feridas;Plena Noite;Crescente;Céu Claro;Dupla;Reta;Sim;2;0;2;0;0;0;2;1;-22,7651616;-43,4154728;SPRF-RJ;DEL06-RJ;UOP01-DEL06-RJ
574779;14/01/2024;domingo;21:45:00;DF;80;17;BRASILIA;Ingestão de álcool pelo condutor;Colisão lateral sentido oposto;Com Vítimas Feridas;Plena Noite;Crescente;Céu Claro;Simples;Reta;Não;2;0;1;0;1;0;1;2;-15,692071;-48,205139;SPRF-DF;DEL03-DF;UOP02-DEL03-DF
574781;14/01/2024;domingo;20:30:00;MG;153;246;FRONTEIRA;Chuva;Colisão lateral sentido oposto;Com Vítimas Feridas;Plena Noite;Decrescente;Chuva;Simples;"Aclive;Reta";Sim;6;0;1;0;5;0;1;2;-20,29847332;-49,20614844;SPRF-MG;DEL13-MG;UOP02-DEL13-MG
574782;14/01/2024;domingo;22:25:00;RS;285;286;PASSO FUNDO;Reação tardia ou ineficiente do condutor;Saída de leito carroçável;Sem Vítimas;Plena Noite;Decrescente;Céu Claro;Dupla;Reta;Sim;1;0;0;0;1;0;0;1;-28,243645;-52,309055;SPRF-RS;DEL08-RS;UOP03-DEL08-RS
574783;14/01/2024;domingo;20:35:00;MT;70;733;CACERES;Acessar a via sem observar a presença dos outros veículos;Colisão transversal;Com Vítimas Feridas;Plena Noite;Decrescente;Nublado;Simples;Reta;Sim;2;0;1;0;1;0;1;2;-16,14718607;-57,643994;SPRF-MT;DEL03-MT;UOP01-DEL03-MT
574784;14/01/2024;domingo;22:40:00;SC;470;40;GASPAR;Ausência de reação do condutor;Tombamento;Com Vítimas Feridas;Plena Noite;Crescente;Céu Claro;Simples;Reta;Não;1;0;1;0;0;0;1;1;-26,889574;-48,99094;SPRF-SC;DEL04-SC;UOP01-DEL04-SC
574786;14/01/2024;domingo;19:30:00;MS;262;304;CAMPO GRANDE;Condutor deixou de manter distância do veículo da frente;Colisão traseira;Sem Vítimas;Plena Noite;Crescente;Céu Claro;Simples;Reta;Não;4;0;0;0;4;0;0;2;-20,49082996;-54,32964696;SPRF-MS;DEL01-MS;UOP01-DEL01-MS
574787;14/01/2024;domingo;23:20:00;SP;116;219;GUARULHOS;Ausência de reação do condutor;Colisão traseira;Sem Vítimas;Plena Noite;Decrescente;Céu Claro;Múltipla;Reta;Sim;2;0;0;0;2;0;0;2;-23,46143954;-46,48885316;SPRF-SP;DEL01-SP;UOP01-DEL01-SP
574788;14/01/2024;domingo;23:40:00;SC;101;43;JOINVILLE;Transitar na contramão;Colisão lateral sentido oposto;Com Vítimas Feridas;Plena Noite;Crescente;Céu Claro;Dupla;Reta;Sim;2;0;1;0;1;0;1;2;-26,33175597;-48,86200011;SPRF-SC;DEL03-SC;UOP01-DEL03-SC
574789;14/01/2024;domingo;19:40:00;MS;163;664;RIO VERDE DE MATO GROSSO;Manobra de mudança de faixa;Colisão lateral mesmo sentido;Sem Vítimas;Plena Noite;Crescente;Céu Claro;Simples;Aclive;Não;6;0;0;0;6;0;0;2;-19,05216201;-54,80459701;SPRF-MS;DEL06-MS;UOP02-DEL06-MS
574790;14/01/2024;domingo;23:50:00;BA;324;616;SALVADOR;Reação tardia ou ineficiente do condutor;Colisão traseira;Com Vítimas Feridas;Plena Noite;Decrescente;Céu Claro;Múltipla;Reta;Sim;2;0;1;0;0;1;1;2;-12,891327;-38,444902;SPRF-BA;DEL01-BA;UOP01-DEL01-BA
574793;14/01/2024;domingo;23:40:00;PR;277;676,2;MEDIANEIRA;Reação tardia ou ineficiente do condutor;Saída de leito carroçável;Com Vítimas Fatais;Plena Noite;Crescente;Céu Claro;Dupla;Reta;Não;1;1;0;0;0;0;0;1;-25,304531;-54,134547;SPRF-PR;DEL05-PR;UOP01-DEL05-PR
574794;14/01/2024;domingo;23:30:00;RJ;116;187;NOVA IGUACU;Ausência de reação do condutor;Queda de ocupante de veículo;Com Vítimas Feridas;Plena Noite;Crescente;Céu Claro;Dupla;Reta;Sim;2;0;2;0;0;0;2;1;-22,73883756;-43,47245197;SPRF-RJ;DEL06-RJ;UOP01-DEL06-RJ
574796;14/01/2024;domingo;23:50:00;BA;101;474;URUCUCA;Reação tardia ou ineficiente do condutor;Saída de leito carroçável;Com Vítimas Feridas;Plena Noite;Crescente;Céu Claro;Simples;Interseção de Vias;Não;5;0;5;0;0;0;5;1;-14,56588983;-39,33508873;SPRF-BA;DEL05-BA;UOP01-DEL05-BA
574797;14/01/2024;domingo;22:00:00;MG;262;133;RIO CASCA;Transitar na contramão;Colisão frontal;Com Vítimas Fatais;Plena Noite;Crescente;Céu Claro;Simples;Curva;Não;3;1;0;0;2;0;0;2;-20,12927598;-42,69390431;SPRF-MG;DEL03-MG;UOP03-DEL03-MG
574799;14/01/2024;domingo;21:00:00;RS;468;124,7;TIRADENTES DO SUL;Reação tardia ou ineficiente do condutor;Colisão traseira;Com Vítimas Feridas;Plena Noite;Crescente;Chuva;Simples;Reta;Sim;3;0;2;0;1;0;2;2;-27,40082304;-54,065281;SPRF-RS;DEL08-RS;UOP02-DEL08-RS
574800;15/01/2024;segunda-feira;01:30:00;RS;392;26;RIO GRANDE;Condutor deixou de manter distância do veículo da frente;Colisão traseira;Com Vítimas Feridas;Plena Noite;Decrescente;Céu Claro;Dupla;Reta;Sim;2;0;1;0;0;1;1;2;-32,07835445;-52,25665029;SPRF-RS;DEL07-RS;UOP02-DEL07-RS
574801;14/01/2024;domingo;20:30:00;PB;230;406;POMBAL;Ingestão de álcool pelo condutor;Colisão transversal;Com Vítimas Feridas;Plena Noite;Decrescente;Céu Claro;Simples;Reta;Sim;2;0;0;1;1;0;1;2;-6,7842;-37,7987;SPRF-PB;DEL03-PB;UOP02-DEL03-PB
574803;14/01/2024;domingo;21:30:00;CE;222;144;IRAUCUBA;Transitar na contramão;Colisão frontal;Com Vítimas Fatais;Plena Noite;Crescente;Céu Claro;Simples;Reta;Sim;4;1;3;0;0;0;3;2;-3,7603063;-39,73895318;SPRF-CE;DEL04-CE;UOP03-DEL04-CE
574804;15/01/2024;segunda-feira;02:00:00;CE;116;437,5;BARRO;Ausência de reação do condutor;Colisão lateral mesmo sentido;Com Vítimas Fatais;Plena Noite;Crescente;Céu Claro;Simples;Reta;Não;3;1;0;1;0;1;1;2;-7,00595261;-38,75255698;SPRF-CE;DEL05-CE;UOP03-DEL05-CE
574806;15/01/2024;segunda-feira;01:00:00;PA;10;7,1;DOM ELISEU;Manobra de mudança de faixa;Colisão frontal;Com Vítimas Feridas;Plena Noite;Decrescente;Céu Claro;Simples;"Reta;Aclive";Não;2;0;2;0;0;0;2;2;-4,38439306;-47,53529121;SPRF-PA;DEL02-PA;UOP02-DEL02-PA
574807;15/01/2024;segunda-feira;02:25:00;MG;262;456,4;NOVA SERRANA;Condutor Dormindo;Saída de leito carroçável;Com Vítimas Feridas;Plena Noite;Crescente;Nublado;Simples;Reta;Não;2;0;1;0;1;0;1;1;-19,82527364;-45,07729053;SPRF-MG;DEL08-MG;UOP03-DEL08-MG
574808;14/01/2024;domingo;19:30:00;MT;70;522;VARZEA GRANDE;Acessar a via sem observar a presença dos outros veículos;Colisão transversal;Com Vítimas Feridas;Plena Noite;Decrescente;Céu Claro;Simples;Reta;Sim;3;0;0;2;1;0;2;2;-15,66320547;-56,18513346;SPRF-MT;DEL01-MT;UOP02-DEL01-MT
574809;15/01/2024;segunda-feira;03:59:00;PI;343;313;ALTOS;Reação tardia ou ineficiente do condutor;Colisão traseira;Com Vítimas Feridas;Amanhecer;Crescente;Céu Claro;Simples;"Aclive;Reta";Não;2;0;1;0;1;0;1;2;-5,046057;-42,509869;SPRF-PI;DEL01-PI;UOP01-DEL01-PI
574810;15/01/2024;segunda-feira;05:00:00;MG;262;448;NOVA SERRANA;Acessar a via sem observar a presença dos outros veículos;Colisão traseira;Sem Vítimas;Plena Noite;Decrescente;Nublado;Simples;Reta;Não;6;0;0;0;5;1;0;2;-19,85573124;-45,01750946;SPRF-MG;DEL08-MG;UOP03-DEL08-MG
574812;15/01/2024;segunda-feira;04:50:00;PR;369;157;LONDRINA;Condutor Dormindo;Tombamento;Com Vítimas Feridas;Plena Noite;Crescente;Nublado;Dupla;"Reta;Interseção de Vias";Sim;1;0;1;0;0;0;1;1;-23,2872019;-51,2261365;SPRF-PR;DEL07-PR;UOP01-DEL07-PR
574813;15/01/2024;segunda-feira;05:40:00;MG;381;447;SANTA LUZIA;Condutor Dormindo;Saída de leito carroçável;Com Vítimas Feridas;Amanhecer;Decrescente;Garoa/Chuvisco;Simples;"Aclive;Curva";Sim;5;0;1;0;4;0;1;1;-19,83447607;-43,85011601;SPRF-MG;DEL01-MG;UOP01-DEL01-MG
574815;15/01/2024;segunda-feira;05:14:00;PR;376;619;SAO JOSE DOS PINHAIS;Acessar a via sem observar a presença dos outros veículos;Colisão transversal;Com Vítimas Feridas;Amanhecer;Crescente;Céu Claro;Simples;Reta;Sim;2;0;1;0;1;0;1;2;-25,60925907;-49,17205834;SPRF-PR;DEL01-PR;UOP04-DEL01-PR
574816;15/01/2024;segunda-feira;05:44:00;PB;230;49;SANTA RITA;Ausência de reação do condutor;Saída de leito carroçável;Com Vítimas Feridas;Pleno dia;Decrescente;Céu Claro;Dupla;Reta;Não;2;0;1;0;0;1;1;2;-7,1803;-35,0485;SPRF-PB;DEL01-PB;UOP03-DEL01-PB
574818;14/01/2024;domingo;20:25:00;PI;135;231;COLONIA DO GURGUEIA;Animais na Pista;Atropelamento de Animal;Com Vítimas Fatais;Plena Noite;Crescente;Nublado;Simples;Reta;Não;1;1;0;0;0;0;0;1;-8,21441401;-43,79529186;SPRF-PI;DEL03-PI;UOP02-DEL03-PI
574821;15/01/2024;segunda-feira;05:30:00;SP;116;51;LORENA;Curva acentuada;Colisão com objeto;Sem Vítimas;Amanhecer;Crescente;Céu Claro;Dupla;Reta;Não;2;0;0;0;2;0;0;1;-22,74157511;-45,09206392;SPRF-SP;DEL08-SP;UOP02-DEL08-SP
574822;04/01/2024;quinta-feira;13:30:00;GO;40;6;VALPARAISO DE GOIAS;Ausência de reação do condutor;Queda de ocupante de veículo;Sem Vítimas;Pleno dia;Crescente;Nublado;Dupla;Reta;Não;1;0;0;0;1;0;0;1;-16,100814;-47,977351;SPRF-DF;DEL01-DF;UOP01-DEL01-DF
574824;14/01/2024;domingo;23:15:00;SC;101;446,3;SANTA ROSA DO SUL;Reação tardia ou ineficiente do condutor;Saída de leito carroçável;Sem Vítimas;Plena Noite;Crescente;Ignorado;Dupla;Reta;Não;1;0;0;0;1;0;0;1;-29,14529081;-49,72240128;SPRF-SC;DEL02-SC;UOP02-DEL02-SC
574826;15/01/2024;segunda-feira;06:40:00;MG;116;276,3;TEOFILO OTONI;Acesso irregular;Colisão lateral mesmo sentido;Com Vítimas Feridas;Pleno dia;Crescente;Céu Claro;Simples;Reta;Sim;2;0;1;0;1;0;1;2;-17,85105696;-41,51454492;SPRF-MG;DEL11-MG;UOP01-DEL11-MG
574827;15/01/2024;segunda-feira;00:45:00;SP;116;508;CAJATI;Reação tardia ou ineficiente do condutor;Saída de leito carroçável;Sem Vítimas;Plena Noite;Crescente;Céu Claro;Simples;Reta;Não;1;0;0;0;0;1;0;1;-24,81333299;-48,21310484;SPRF-SP;DEL05-SP;UOP02-DEL05-SP
574828;15/01/2024;segunda-feira;07:00:00;PR;376;600;CURITIBA;Manobra de mudança de faixa;Colisão lateral mesmo sentido;Com Vítimas Feridas;Pleno dia;Decrescente;Céu Claro;Dupla;Reta;Não;3;0;2;0;1;0;2;2;-25,53195602;-49,32205901;SPRF-PR;DEL01-PR;UOP06-DEL01-PR
574829;15/01/2024;segunda-feira;06:20:00;PE;316;61;TRINDADE;Acesso irregular;Colisão traseira;Sem Vítimas;Pleno dia;Decrescente;Céu Claro;Simples;Reta;Não;3;0;0;0;2;1;0;2;-7,77549362;-40,25174282;SPRF-PE;DEL05-PE;UOP02-DEL05-PE
574831;14/01/2024;domingo;17:40:00;BA;101;857,8;TEIXEIRA DE FREITAS;Demais falhas mecânicas ou elétricas;Incêndio;Com Vítimas Feridas;Pleno dia;Decrescente;Céu Claro;Simples;"Aclive;Reta";Não;1;0;1;0;0;0;1;1;-17,57759187;-39,73659523;SPRF-BA;DEL09-BA;UOP02-DEL09-BA
574832;15/01/2024;segunda-feira;07:50:00;TO;10;455;PALMAS;Ausência de reação do condutor;Colisão traseira;Com Vítimas Feridas;Pleno dia;Crescente;Chuva;Dupla;"Declive;Reta";Sim;2;0;1;0;1;0;1;2;-10,29138835;-48,29737902;SPRF-TO;DEL01-TO;UOP03-DEL01-TO
574833;15/01/2024;segunda-feira;07:30:00;SC;101;119;ITAJAI;Manobra de mudança de faixa;Colisão lateral mesmo sentido;Com Vítimas Feridas;Pleno dia;Decrescente;Sol;Múltipla;Reta;Não;2;0;1;0;1;0;1;2;-26,9043179;-48,71555481;SPRF-SC;DEL04-SC;UOP04-DEL04-SC
574834;15/01/2024;segunda-feira;07:30:00;SC;101;191,9;BIGUACU;Avarias e/ou desgaste excessivo no pneu;Queda de ocupante de veículo;Com Vítimas Feridas;Pleno dia;Crescente;Céu Claro;Dupla;Reta;Não;2;0;2;0;0;0;2;1;-27,47730273;-48,64127329;SPRF-SC;DEL01-SC;UOP01-DEL01-SC
574835;14/01/2024;domingo;21:30:00;BA;101;875,5;TEIXEIRA DE FREITAS;Animais na Pista;Atropelamento de Animal;Com Vítimas Feridas;Plena Noite;Crescente;Céu Claro;Simples;Reta;Sim;2;0;2;0;0;0;2;1;-17,52804858;-39,70955662;SPRF-BA;DEL09-BA;UOP02-DEL09-BA
574837;15/01/2024;segunda-feira;07:20:00;MG;381;488;BETIM;Manobra de mudança de faixa;Colisão lateral mesmo sentido;Com Vítimas Feridas;Pleno dia;Decrescente;Chuva;Dupla;"Aclive;Reta";Sim;2;0;1;0;1;0;1;2;-19,9598656;-44,15489715;SPRF-MG;DEL01-MG;UOP03-DEL01-MG
574838;15/01/2024;segunda-feira;04:00:00;MG;40;34;PARACATU;Ausência de reação do condutor;Saída de leito carroçável;Com Vítimas Feridas;Plena Noite;Decrescente;Céu Claro;Simples;"Curva;Declive";Não;1;0;1;0;0;0;1;1;-17,18867389;-46,92301984;SPRF-MG;DEL14-MG;UOP01-DEL14-MG
574839;15/01/2024;segunda-feira;07:00:00;MG;40;42;PARACATU;Acessar a via sem observar a presença dos outros veículos;Colisão transversal;Com Vítimas Feridas;Pleno dia;Decrescente;Céu Claro;Simples;"Retorno Regulamentado;Interseção de Vias";Sim;2;0;0;2;0;0;2;2;-17,2188441;-46,8666753;SPRF-MG;DEL14-MG;UOP01-DEL14-MG
574840;15/01/2024;segunda-feira;08:09:00;MG;381;542;ITATIAIUCU;Velocidade Incompatível;Saída de leito carroçável;Com Vítimas Feridas;Pleno dia;Crescente;Céu Claro;Dupla;"Aclive;Curva";Não;2;0;2;0;0;0;2;1;-20,23811999;-44,41188812;SPRF-MG;DEL04-MG;UOP03-DEL04-MG
574841;14/01/2024;domingo;23:30:00;RJ;101;390;RIO DE JANEIRO;Ingestão de álcool pelo condutor;Colisão com objeto;Sem Vítimas;Plena Noite;Decrescente;Céu Claro;Dupla;"Curva;Viaduto";Não;1;0;0;0;1;0;0;1;-22,89346927;-43,67542992;SPRF-RJ;DEL03-RJ;UOP01-DEL03-RJ
574842;15/01/2024;segunda-feira;08:15:00;MG;365;624,6;UBERLANDIA;Pista esburacada;Tombamento;Com Vítimas Feridas;Pleno dia;Crescente;Céu Claro;Dupla;Reta;Sim;1;0;0;1;0;0;1;1;-18,90926042;-48,30970645;SPRF-MG;DEL15-MG;UOP01-DEL15-MG
574844;15/01/2024;segunda-feira;05:20:00;RO;364;18;VILHENA;Ultrapassagem Indevida;Saída de leito carroçável;Sem Vítimas;Pleno dia;Decrescente;Céu Claro;Simples;Reta;Não;1;0;0;0;1;0;0;1;-12,72972661;-60,17479789;SPRF-RO;DEL04-RO;UOP01-DEL04-RO
574845;15/01/2024;segunda-feira;08:00:00;BA;116;426,1;FEIRA DE SANTANA;Reação tardia ou ineficiente do condutor;Colisão transversal;Com Vítimas Feridas;Pleno dia;Decrescente;Céu Claro;Simples;Reta;Sim;2;0;0;1;1;0;1;2;-12,2695;-38,99;SPRF-BA;DEL02-BA;UOP01-DEL02-BA
574846;15/01/2024;segunda-feira;08:50:00;RN;101;97;NATAL;Condutor deixou de manter distância do veículo da frente;Colisão lateral mesmo sentido;Com Vítimas Feridas;Pleno dia;Crescente;Céu Claro;Dupla;"Reta;Declive";Sim;4;0;2;0;2;0;2;2;-5,86567888;-35,21651625;SPRF-RN;DEL01-RN;UOP01-DEL01-RN
574847;15/01/2024;segunda-feira;07:25:00;ES;101;37,5;CONCEICAO DA BARRA;Desrespeitar a preferência no cruzamento;Colisão transversal;Com Vítimas Feridas;Pleno dia;Crescente;Céu Claro;Simples;"Interseção de Vias;Reta";Não;2;0;1;0;0;1;1;2;-18,47332967;-39,92661186;SPRF-ES;DEL04-ES;UOP02-DEL04-ES
574851;15/01/2024;segunda-feira;05:50:00;PE;116;29;SALGUEIRO;Ultrapassagem Indevida;Saída de leito carroçável;Com Vítimas Feridas;Amanhecer;Crescente;Céu Claro;Simples;"Reta;Ponte";Não;3;0;2;1;0;0;3;1;-8,095521;-39,124843;SPRF-PE;DEL05-PE;UOP01-DEL05-PE
574852;15/01/2024;segunda-feira;09:15:00;RJ;40;108;DUQUE DE CAXIAS;Reação tardia ou ineficiente do condutor;Colisão traseira;Com Vítimas Feridas;Pleno dia;Decrescente;Chuva;Dupla;Reta;Sim;2;0;0;1;1;0;1;2;-22,66476979;-43,28495144;SPRF-RJ;DEL01-RJ;UOP02-DEL01-RJ
574854;15/01/2024;segunda-feira;06:00:00;RJ;116;148;DUQUE DE CAXIAS;Manobra de mudança de faixa;Colisão lateral mesmo sentido;Com Vítimas Feridas;Pleno dia;Crescente;Sol;Dupla;"Reta;Aclive;Viaduto";Sim;2;0;1;0;1;0;1;2;-22,6723488;-43,28215398;SPRF-RJ;DEL01-RJ;UOP02-DEL01-RJ
574862;15/01/2024;segunda-feira;08:50:00;GO;60;31;ALEXANIA;Acessar a via sem observar a presença dos outros veículos;Colisão transversal;Com Vítimas Feridas;Pleno dia;Decrescente;Céu Claro;Dupla;"Retorno Regulamentado;Reta";Sim;2;0;1;0;1;0;1;2;-16,09179454;-48,49476814;SPRF-DF;DEL03-DF;UOP01-DEL03-DF