id;data_inversa;dia_semana;horario;uf;br;km;municipio;causa_acidente;tipo_acidente;classificacao_acidente;fase_dia;sentido_via;condicao_metereologica;tipo_pista;tracado_via;uso_solo;pessoas;mortos;feridos_leves;feridos_graves;ilesos;ignorados;feridos;veiculos;latitude;longitude;regional;delegacia;uop
574866;15/01/2024;segunda-feira;08:20:00;SC;101;83,5;BARRA VELHA;Reação tardia ou ineficiente do condutor;Colisão traseira;Com Vítimas Feridas;Pleno dia;Crescente;Nublado;Dupla;Reta;Sim;2;0;1;0;1;0;1;2;-26,61864896;-48,71859312;SPRF-SC;DEL03-SC;UOP02-DEL03-SC
574867;15/01/2024;segunda-feira;10:45:00;PR;277;729,2;FOZ DO IGUACU;Transitar na contramão;Colisão frontal;Com Vítimas Feridas;Pleno dia;Crescente;Céu Claro;Simples;"Retorno Regulamentado;Curva;Viaduto";Sim;4;0;1;0;2;1;1;3;-25,50749887;-54,58379896;SPRF-PR;DEL05-PR;UOP03-DEL05-PR
574870;15/01/2024;segunda-feira;09:55:00;MG;381;705;LAVRAS;Reação tardia ou ineficiente do condutor;Colisão com objeto;Com Vítimas Feridas;Pleno dia;Crescente;Chuva;Dupla;Curva;Não;2;0;2;0;0;0;2;1;-21,34965018;-45,17946289;SPRF-MG;DEL04-MG;UOP02-DEL04-MG
574871;15/01/2024;segunda-feira;07:35:00;MG;116;507,5;UBAPORANGA;Acessar a via sem observar a presença dos outros veículos;Colisão transversal;Com Vítimas Feridas;Pleno dia;Decrescente;Nublado;Simples;Reta;Sim;2;0;1;0;1;0;1;2;-19,61953715;-42,10872923;SPRF-MG;DEL06-MG;UOP02-DEL06-MG
574872;15/01/2024;segunda-feira;04:30:00;ES;262;99,6;VENDA NOVA DO IMIGRANTE;Condutor Dormindo;Colisão com objeto;Com Vítimas Feridas;Amanhecer;Crescente;Céu Claro;Simples;Declive;Não;1;0;0;1;0;0;1;1;-20,35052264;-41,09312126;SPRF-ES;DEL01-ES;UOP02-DEL01-ES
574874;15/01/2024;segunda-feira;11:00:00;PR;369;140;IBIPORA;Mal súbito do condutor;Colisão lateral mesmo sentido;Com Vítimas Feridas;Pleno dia;Decrescente;Céu Claro;Simples;Curva;Sim;3;0;1;0;2;0;1;3;-23,273568;-51,05318;SPRF-PR;DEL07-PR;UOP01-DEL07-PR
574876;15/01/2024;segunda-feira;09:50:00;MS;163;538;JARAGUARI;Ausência de reação do condutor;Engavetamento;Com Vítimas Feridas;Pleno dia;Decrescente;Nublado;Simples;"Reta;Aclive";Não;7;0;1;0;5;1;1;3;-20,00703107;-54,39790883;SPRF-MS;DEL01-MS;UOP02-DEL01-MS
574877;13/01/2024;sábado;21:40:00;ES;262;20;VIANA;Velocidade Incompatível;Capotamento;Sem Vítimas;Plena Noite;Decrescente;Céu Claro;Simples;Reta;Não;1;0;0;0;0;1;0;1;-20,38569081;-40,49680586;SPRF-ES;DEL01-ES;UOP01-DEL01-ES
574879;15/01/2024;segunda-feira;09:30:00;SP;101;41,8;UBATUBA;Manobra de mudança de faixa;Colisão lateral mesmo sentido;Com Vítimas Feridas;Pleno dia;Decrescente;Céu Claro;Simples;Reta;Não;3;0;2;0;1;0;2;2;-23,41597789;-45,03645658;SPRF-SP;DEL06-SP;UOP01-DEL06-SP
574884;15/01/2024;segunda-feira;11:20:00;PR;277;669,8;MEDIANEIRA;Reação tardia ou ineficiente do condutor;Colisão com objeto;Com Vítimas Feridas;Pleno dia;Crescente;Chuva;Dupla;Reta;Sim;2;0;1;0;1;0;1;1;-25,27562214;-54,0709859;SPRF-PR;DEL05-PR;UOP02-DEL05-PR
574885;15/01/2024;segunda-feira;11:58:00;SC;282;106;ALFREDO WAGNER;Acessar a via sem observar a presença dos outros veículos;Colisão transversal;Com Vítimas Feridas;Pleno dia;Crescente;Céu Claro;Simples;Reta;Não;2;0;1;0;1;0;1;2;-27,697609;-49,344734;SPRF-SC;DEL01-SC;UOP03-DEL01-SC
574886;15/01/2024;segunda-feira;11:00:00;RJ;356;167;SAO JOAO DA BARRA;Ausência de reação do condutor;Colisão lateral mesmo sentido;Com Vítimas Feridas;Pleno dia;Decrescente;Céu Claro;Simples;Reta;Não;2;0;1;0;1;0;1;2;-21,71855602;-41,10127604;SPRF-RJ;DEL08-RJ;UOP02-DEL08-RJ
574887;15/01/2024;segunda-feira;09:00:00;RJ;116;264;VOLTA REDONDA;Reação tardia ou ineficiente do condutor;Capotamento;Com Vítimas Feridas;Pleno dia;Decrescente;Sol;Múltipla;"Aclive;Curva";Não;4;0;3;0;1;0;3;1;-22,55695223;-44,12658691;SPRF-RJ;DEL07-RJ;UOP02-DEL07-RJ
574892;15/01/2024;segunda-feira;12:30:00;PR;163;182,9;LINDOESTE;Demais falhas mecânicas ou elétricas;Saída de leito carroçável;Sem Vítimas;Pleno dia;Decrescente;Garoa/Chuvisco;Dupla;Curva;Não;1;0;0;0;1;0;0;1;-25,15864601;-53,59746064;SPRF-PR;DEL05-PR;UOP05-DEL05-PR
574893;15/01/2024;segunda-feira;13:00:00;RS;116;263;CANOAS;Condutor desrespeitou a iluminação vermelha do semáforo;Colisão transversal;Com Vítimas Feridas;Pleno dia;Crescente;Céu Claro;Múltipla;Interseção de Vias;Sim;3;0;1;1;1;0;2;2;-29,90545398;-51,17674031;SPRF-RS;DEL01-RS;UOP01-DEL01-RS
574900;02/01/2024;terça-feira;17:25:00;RS;386;351,5;ESTRELA;Condutor deixou de manter distância do veículo da frente;Colisão traseira;Com Vítimas Feridas;Pleno dia;Decrescente;Garoa/Chuvisco;Dupla;Curva;Sim;8;0;5;0;3;0;5;2;-29,48978627;-51,95234401;SPRF-RS;DEL04-RS;UOP01-DEL04-RS
574904;05/01/2024;sexta-feira;09:30:00;GO;153;516,5;APARECIDA DE GOIANIA;Reação tardia ou ineficiente do condutor;Saída de leito carroçável;Com Vítimas Feridas;Pleno dia;Crescente;Nublado;Dupla;Declive;Sim;2;0;1;0;1;0;1;1;-16,8504;-49,2473;SPRF-GO;DEL01-GO;UOP03-DEL01-GO
574905;15/01/2024;segunda-feira;11:10:00;RN;304;47,7;MOSSORO;Problema com o freio;Tombamento;Com Vítimas Feridas;Pleno dia;Crescente;Céu Claro;Dupla;Reta;Sim;1;0;1;0;0;0;1;1;-5,22597224;-37,33086797;SPRF-RN;DEL04-RN;UOP01-DEL04-RN
574907;15/01/2024;segunda-feira;13:40:00;RJ;116;313,8;RESENDE;Acumulo de água sobre o pavimento;Colisão com objeto;Com Vítimas Feridas;Pleno dia;Decrescente;Chuva;Dupla;Reta;Não;4;0;3;0;1;0;3;1;-22,45998766;-44,46237202;SPRF-RJ;DEL07-RJ;UOP02-DEL07-RJ
574908;15/01/2024;segunda-feira;07:45:00;SC;280;235,2;CANOINHAS;Manobra de mudança de faixa;Colisão lateral sentido oposto;Sem Vítimas;Pleno dia;Crescente;Céu Claro;Simples;Reta;Não;2;0;0;0;2;0;0;2;-26,19206283;-50,41295701;SPRF-SC;DEL06-SC;UOP04-DEL06-SC
574909;15/01/2024;segunda-feira;15:00:00;CE;20;404;CAUCAIA;Ausência de reação do condutor;Colisão transversal;Com Vítimas Feridas;Pleno dia;Crescente;Céu Claro;Simples;Reta;Não;5;0;0;1;4;0;1;2;-3,77821762;-38,68607924;SPRF-CE;DEL01-CE;UOP01-DEL01-CE
574911;15/01/2024;segunda-feira;15:00:00;SC;101;189,6;BIGUACU;Reação tardia ou ineficiente do condutor;Saída de leito carroçável;Com Vítimas Feridas;Pleno dia;Crescente;Céu Claro;Dupla;Curva;Não;2;0;2;0;0;0;2;1;-27,459393;-48,638914;SPRF-SC;DEL01-SC;UOP01-DEL01-SC
574912;12/01/2024;sexta-feira;08:54:00;RS;285;324,9;PASSO FUNDO;Condutor deixou de manter distância do veículo da frente;Colisão traseira;Sem Vítimas;Pleno dia;Decrescente;Céu Claro;Simples;Reta;Não;3;0;0;0;2;1;0;3;-28,269268;-52,659126;SPRF-RS;DEL08-RS;UOP03-DEL08-RS
574914;15/01/2024;segunda-feira;10:53:00;MG;381;710,2;NEPOMUCENO;Reação tardia ou ineficiente do condutor;Colisão com objeto;Com Vítimas Feridas;Pleno dia;Crescente;Céu Claro;Dupla;"Curva;Declive";Não;3;0;1;0;2;0;1;1;-21,38614615;-45,1948603;SPRF-MG;DEL04-MG;UOP02-DEL04-MG
574918;15/01/2024;segunda-feira;15:12:00;RN;101;85;NATAL;Reação tardia ou ineficiente do condutor;Colisão lateral mesmo sentido;Sem Vítimas;Pleno dia;Crescente;Sol;Dupla;"Em Obras;Reta";Sim;2;0;0;0;2;0;0;2;-5,777664;-35,24937;SPRF-RN;DEL02-RN;UOP01-DEL02-RN
574920;15/01/2024;segunda-feira;15:05:00;SC;101;206;SAO JOSE;Trafegar com motocicleta (ou similar) entre as faixas;Colisão lateral mesmo sentido;Com Vítimas Feridas;Pleno dia;Crescente;Céu Claro;Múltipla;Reta;Sim;2;0;0;1;1;0;1;2;-27,60327979;-48,63201818;SPRF-SC;DEL01-SC;UOP01-DEL01-SC
574921;15/01/2024;segunda-feira;15:10:00;MG;262;196;JOAO MONLEVADE;Pista esburacada;Tombamento;Com Vítimas Feridas;Pleno dia;Crescente;Nublado;Simples;Curva;Não;1;0;1;0;0;0;1;1;-19,86091;-43,11725;SPRF-MG;DEL03-MG;UOP01-DEL03-MG
574922;15/01/2024;segunda-feira;15:20:00;SC;101;35,1;JOINVILLE;Ausência de reação do condutor;Colisão traseira;Sem Vítimas;Pleno dia;Decrescente;Chuva;Dupla;"Reta;Declive";Não;3;0;0;0;1;2;0;3;-26,26570955;-48,89945984;SPRF-SC;DEL03-SC;UOP01-DEL03-SC
574923;15/01/2024;segunda-feira;15:30:00;PR;163;227,3;CASCAVEL;Manobra de mudança de faixa;Saída de leito carroçável;Com Vítimas Feridas;Pleno dia;Decrescente;Céu Claro;Dupla;Reta;Sim;1;0;0;1;0;0;1;1;-24,897235;-53,533793;SPRF-PR;DEL04-PR;UOP01-DEL04-PR
574924;15/01/2024;segunda-feira;15:50:00;ES;101;230;FUNDAO;Acessar a via sem observar a presença dos outros veículos;Colisão transversal;Com Vítimas Feridas;Pleno dia;Crescente;Céu Claro;Simples;Reta;Não;2;0;1;0;1;0;1;2;-19,93558165;-40,40603211;SPRF-ES;DEL02-ES;UOP01-DEL02-ES
574925;15/01/2024;segunda-feira;15:40:00;RS;386;442;CANOAS;Conversão proibida;Colisão transversal;Com Vítimas Feridas;Pleno dia;Crescente;Céu Claro;Simples;Reta;Não;2;0;0;1;1;0;1;2;-29,885923;-51,223259;SPRF-RS;DEL01-RS;UOP01-DEL01-RS
574926;15/01/2024;segunda-feira;16:00:00;RN;101;93,5;NATAL;Manobra de mudança de faixa;Tombamento;Com Vítimas Feridas;Pleno dia;Crescente;Céu Claro;Múltipla;Viaduto;Sim;2;0;2;0;0;0;2;1;-5,82309126;-35,20879637;SPRF-RN;DEL01-RN;UOP01-DEL01-RN
574929;15/01/2024;segunda-feira;15:50:00;MG;365;621,9;UBERLANDIA;Condutor deixou de manter distância do veículo da frente;Colisão lateral mesmo sentido;Com Vítimas Feridas;Pleno dia;Decrescente;Sol;Dupla;Reta;Sim;3;0;3;0;0;0;3;2;-18,899923;-48,273839;SPRF-MG;DEL15-MG;UOP01-DEL15-MG
574930;15/01/2024;segunda-feira;16:00:00;RN;101;97;NATAL;Manobra de mudança de faixa;Colisão transversal;Com Vítimas Feridas;Pleno dia;Decrescente;Céu Claro;Dupla;Reta;Sim;3;0;1;0;2;0;1;2;-5,8483995;-35,20713687;SPRF-RN;DEL01-RN;UOP01-DEL01-RN
574931;15/01/2024;segunda-feira;15:56:00;RS;116;218,5;MORRO REUTER;Ausência de reação do condutor;Saída de leito carroçável;Com Vítimas Fatais;Pleno dia;Crescente;Céu Claro;Simples;"Curva;Declive";Não;2;1;0;0;0;1;0;2;-29,55121993;-51,08906202;SPRF-RS;DEL05-RS;UOP02-DEL05-RS
574932;15/01/2024;segunda-feira;16:40:00;SP;116;0;GUARULHOS;Reação tardia ou ineficiente do condutor;Tombamento;Com Vítimas Feridas;Pleno dia;Crescente;Céu Claro;Dupla;Reta;Não;2;0;2;0;0;0;2;2;-23,463257;-46,53373;SPRF-SP;DEL01-SP;UOP01-DEL01-SP
574933;15/01/2024;segunda-feira;14:00:00;RJ;101;392,5;RIO DE JANEIRO;Acesso irregular;Colisão frontal;Com Vítimas Feridas;Pleno dia;Crescente;Céu Claro;Simples;Retorno Regulamentado;Sim;2;0;1;0;1;0;1;2;-22,89265625;-43,6945091;SPRF-RJ;DEL03-RJ;UOP01-DEL03-RJ
574934;15/01/2024;segunda-feira;16:30:00;SC;101;135;BALNEARIO CAMBORIU;Objeto estático sobre o leito carroçável;Colisão com objeto;Com Vítimas Feridas;Pleno dia;Crescente;Céu Claro;Múltipla;Reta;Sim;1;0;1;0;0;0;1;1;-27,0050108;-48,62677494;SPRF-SC;DEL04-SC;UOP03-DEL04-SC
574936;15/01/2024;segunda-feira;11:30:00;SC;101;357;SANGAO;Condutor deixou de manter distância do veículo da frente;Engavetamento;Com Vítimas Feridas;Pleno dia;Decrescente;Céu Claro;Dupla;Reta;Não;3;0;0;1;2;0;1;3;-28,635168;-49,09467;SPRF-SC;DEL02-SC;UOP01-DEL02-SC
574938;15/01/2024;segunda-feira;17:00:00;RN;101;83;NATAL;Demais falhas mecânicas ou elétricas;Colisão traseira;Com Vítimas Feridas;Pleno dia;Decrescente;Céu Claro;Dupla;Viaduto;Sim;2;0;0;2;0;0;2;2;-5,7710445;-35,26616981;SPRF-RN;DEL02-RN;UOP01-DEL02-RN
574940;15/01/2024;segunda-feira;16:05:00;PR;277;216;SANTA TEREZINHA DE ITAIPU;Avarias e/ou desgaste excessivo no pneu;Tombamento;Com Vítimas Feridas;Pleno dia;Decrescente;Nublado;Simples;Reta;Sim;2;0;2;0;0;0;2;1;-25,46846453;-54,45692913;SPRF-PR;DEL08-PR;UOP02-DEL08-PR
574941;15/01/2024;segunda-feira;11:35:00;SC;282;1;FLORIANOPOLIS;Pedestre andava na pista;Atropelamento de Pedestre;Com Vítimas Feridas;Pleno dia;Crescente;Céu Claro;Múltipla;Reta;Sim;2;0;0;1;0;1;1;2;-27,602955;-48,580509;SPRF-SC;DEL01-SC;UOP01-DEL01-SC
574942;15/01/2024;segunda-feira;15:50:00;PR;376;471,9;TIBAGI;Velocidade Incompatível;Saída de leito carroçável;Sem Vítimas;Pleno dia;Decrescente;Céu Claro;Dupla;Reta;Não;3;0;0;0;3;0;0;1;-24,9558572;-50,39227746;SPRF-PR;DEL03-PR;UOP01-DEL03-PR
574943;15/01/2024;segunda-feira;17:10:00;ES;101;1,5;SERRA;Demais falhas mecânicas ou elétricas;Tombamento;Com Vítimas Feridas;Pleno dia;Crescente;Céu Claro;Dupla;Reta;Não;2;0;2;0;0;0;2;1;-20,129093;-40,308125;SPRF-ES;DEL02-ES;UOP01-DEL02-ES
574946;15/01/2024;segunda-feira;17:35:00;CE;116;17;ITAITINGA;Avarias e/ou desgaste excessivo no pneu;Queda de ocupante de veículo;Com Vítimas Feridas;Pleno dia;Crescente;Céu Claro;Múltipla;Reta;Sim;2;0;2;0;0;0;2;1;-3,89617918;-38,50336042;SPRF-CE;DEL01-CE;UOP02-DEL01-CE
574947;15/01/2024;segunda-feira;16:40:00;MG;381;340,8;BELA VISTA DE MINAS;Transitar na contramão;Colisão frontal;Com Vítimas Fatais;Pleno dia;Crescente;Nublado;Simples;Curva;Não;3;1;0;1;0;1;1;3;-19,84087497;-43,09635354;SPRF-MG;DEL03-MG;UOP01-DEL03-MG
574948;15/01/2024;segunda-feira;16:40:00;RS;285;670,8;SAO BORJA;Ausência de reação do condutor;Colisão traseira;Com Vítimas Feridas;Pleno dia;Crescente;Céu Claro;Simples;"Em Obras;Reta";Não;2;0;0;1;1;0;1;2;-28,669565;-55,95982;SPRF-RS;DEL12-RS;UOP01-DEL12-RS
574951;15/01/2024;segunda-feira;15:00:00;MG;381;642,3;SANTO ANTONIO DO AMPARO;Reação tardia ou ineficiente do condutor;Capotamento;Com Vítimas Feridas;Pleno dia;Crescente;Nublado;Dupla;Curva;Não;2;0;1;0;1;0;1;1;-20,91634314;-44,86629397;SPRF-MG;DEL04-MG;UOP01-DEL04-MG
574952;15/01/2024;segunda-feira;17:40:00;SC;470;70;INDAIAL;Reação tardia ou ineficiente do condutor;Colisão traseira;Com Vítimas Feridas;Pleno dia;Crescente;Nublado;Simples;Reta;Sim;2;0;2;0;0;0;2;2;-26,88942757;-49,25466503;SPRF-SC;DEL04-SC;UOP01-DEL04-SC
574953;15/01/2024;segunda-feira;13:44:00;SC;470;138;RIO DO SUL;Reação tardia ou ineficiente do condutor;Colisão traseira;Com Vítimas Feridas;Pleno dia;Decrescente;Chuva;Simples;Reta;Sim;2;0;1;0;1;0;1;2;-27,207214;-49,648476;SPRF-SC;DEL04-SC;UOP02-DEL04-SC
574954;05/01/2024;sexta-feira;10:10:00;SC;101;142;ITAPEMA;Afundamento ou ondulação no pavimento;Colisão com objeto;Com Vítimas Feridas;Pleno dia;Crescente;Chuva;Dupla;Declive;Sim;2;0;2;0;0;0;2;1;-27,056089;-48,599449;SPRF-SC;DEL04-SC;UOP03-DEL04-SC
574955;15/01/2024;segunda-feira;18:15:00;RN;101;103,8;PARNAMIRIM;Manobra de mudança de faixa;Colisão lateral mesmo sentido;Com Vítimas Feridas;Plena Noite;Crescente;Céu Claro;Múltipla;Reta;Não;1;0;1;0;0;0;1;1;-5,89034022;-35,24894996;SPRF-RN;DEL01-RN;UOP01-DEL01-RN
574956;15/01/2024;segunda-feira;18:15:00;RN;101;103;PARNAMIRIM;Condutor deixou de manter distância do veículo da frente;Colisão lateral mesmo sentido;Com Vítimas Feridas;Plena Noite;Crescente;Céu Claro;Dupla;Reta;Sim;2;0;2;0;0;0;2;2;-5,89034022;-35,24894996;SPRF-RN;DEL01-RN;UOP01-DEL01-RN
574957;15/01/2024;segunda-feira;16:00:00;MT;163;55,9;RONDONOPOLIS;Acumulo de água sobre o pavimento;Saída de leito carroçável;Com Vítimas Feridas;Pleno dia;Crescente;Chuva;Dupla;Declive;Não;2;0;1;0;1;0;1;1;-17,03023299;-54,76417913;SPRF-MT;DEL02-MT;UOP03-DEL02-MT
574958;15/01/2024;segunda-feira;18:25:00;SC;280;48,5;GUARAMIRIM;Retorno proibido;Colisão transversal;Com Vítimas Feridas;Pleno dia;Decrescente;Nublado;Simples;"Reta;Aclive;Em Obras";Sim;3;0;2;0;1;0;2;2;-26,45506795;-48,92766502;SPRF-SC;DEL03-SC;UOP03-DEL03-SC
574959;15/01/2024;segunda-feira;18:00:00;RS;392;347;SANTA MARIA;Acessar a via sem observar a presença dos outros veículos;Colisão transversal;Com Vítimas Feridas;Pleno dia;Crescente;Sol;Simples;"Reta;Interseção de Vias";Sim;2;0;1;0;1;0;1;2;-29,76067988;-53,78700256;SPRF-RS;DEL09-RS;UOP01-DEL09-RS
574960;15/01/2024;segunda-feira;15:30:00;RJ;356;27;ITAPERUNA;Condutor Dormindo;Saída de leito carroçável;Com Vítimas Feridas;Pleno dia;Decrescente;Céu Claro;Simples;Declive;Não;4;0;4;0;0;0;4;1;-21,18163338;-41,94541519;SPRF-RJ;DEL08-RJ;UOP03-DEL08-RJ
574961;15/01/2024;segunda-feira;12:50:00;RJ;101;330;RIO DE JANEIRO;Manobra de mudança de faixa;Tombamento;Com Vítimas Feridas;Pleno dia;Decrescente;Céu Claro;Dupla;Reta;Sim;1;0;1;0;0;0;1;1;-22,8684989;-43,18548699;SPRF-RJ;DEL02-RJ;UOP01-DEL02-RJ
574965;15/01/2024;segunda-feira;16:30:00;MG;381;924;CAMANDUCAIA;Chuva;Colisão com objeto;Com Vítimas Feridas;Pleno dia;Decrescente;Chuva;Dupla;Curva;Não;1;0;1;0;0;0;1;1;-22,77050246;-46,23490598;SPRF-MG;DEL16-MG;UOP03-DEL16-MG
574967;15/01/2024;segunda-feira;18:30:00;GO;40;12,9;LUZIANIA;Acessar a via sem observar a presença dos outros veículos;Colisão transversal;Com Vítimas Feridas;Plena Noite;Crescente;Céu Claro;Dupla;Reta;Sim;2;0;0;1;1;0;1;2;-16,145123;-47,945382;SPRF-DF;DEL01-DF;UOP01-DEL01-DF
574968;15/01/2024;segunda-feira;18:25:00;SC;101;120,7;ITAJAI;Condutor deixou de manter distância do veículo da frente;Colisão traseira;Com Vítimas Feridas;Anoitecer;Crescente;Céu Claro;Simples;Viaduto;Não;2;0;1;0;1;0;1;2;-26,912758;-48,711998;SPRF-SC;DEL04-SC;UOP04-DEL04-SC
574970;15/01/2024;segunda-feira;18:15:00;RS;285;512,6;VITORIA DAS MISSOES;Desrespeitar a preferência no cruzamento;Colisão transversal;Com Vítimas Feridas;Pleno dia;Decrescente;Sol;Simples;"Declive;Reta";Não;2;0;0;1;1;0;1;2;-28,403116;-54,413624;SPRF-RS;DEL10-RS;UOP01-DEL10-RS
574973;15/01/2024;segunda-feira;18:25:00;RJ;356;165;SAO JOAO DA BARRA;Condutor deixou de manter distância do veículo da frente;Colisão traseira;Com Vítimas Feridas;Plena Noite;Decrescente;Céu Claro;Simples;Reta;Não;3;0;1;0;2;0;1;2;-21,71855602;-41,10127604;SPRF-RJ;DEL08-RJ;UOP02-DEL08-RJ
574975;15/01/2024;segunda-feira;18:50:00;RS;293;169;HULHA NEGRA;Demais falhas mecânicas ou elétricas;Incêndio;Sem Vítimas;Pleno dia;Decrescente;Céu Claro;Simples;"Reta;Declive";Não;2;0;0;0;2;0;0;1;-31,34749768;-53,95004479;SPRF-RS;DEL11-RS;UOP03-DEL11-RS
574978;15/01/2024;segunda-feira;11:50:00;MA;222;209,9;ITAPECURU MIRIM;Acesso irregular;Colisão transversal;Com Vítimas Feridas;Pleno dia;Crescente;Céu Claro;Simples;Reta;Não;2;0;0;1;1;0;1;2;-3,39040253;-44,3639195;SPRF-MA;DEL01-MA;UOP02-DEL01-MA
574979;15/01/2024;segunda-feira;18:50:00;BA;324;530;FEIRA DE SANTANA;Afundamento ou ondulação no pavimento;Tombamento;Com Vítimas Feridas;Plena Noite;Decrescente;Céu Claro;Múltipla;Reta;Não;2;0;2;0;0;0;2;1;-12,33704025;-38,8496536;SPRF-BA;DEL01-BA;UOP03-DEL01-BA
574980;15/01/2024;segunda-feira;19:33:00;SP;116;321;JUQUITIBA;Pedestre cruzava a pista fora da faixa;Atropelamento de Pedestre;Com Vítimas Fatais;Plena Noite;Decrescente;Ignorado;Dupla;Reta;Sim;6;1;0;1;3;1;1;2;-23,934612;-47,01729;SPRF-SP;DEL04-SP;UOP03-DEL04-SP
574981;15/01/2024;segunda-feira;20:15:00;ES;101;361,4;ANCHIETA;Iluminação deficiente;Queda de ocupante de veículo;Com Vítimas Feridas;Plena Noite;Decrescente;Céu Claro;Simples;Reta;Não;1;0;1;0;0;0;1;1;-20,71074392;-40,72242606;SPRF-ES;DEL03-ES;UOP01-DEL03-ES
574982;15/01/2024;segunda-feira;20:20:00;RS;116;147,9;CAXIAS DO SUL;Manobra de mudança de faixa;Tombamento;Com Vítimas Feridas;Plena Noite;Crescente;Céu Claro;Dupla;Reta;Sim;1;0;1;0;0;0;1;1;-29,14908014;-51,1429969;SPRF-RS;DEL05-RS;UOP01-DEL05-RS
574983;15/01/2024;segunda-feira;20:35:00;PR;116;160;QUITANDINHA;Reação tardia ou ineficiente do condutor;Saída de leito carroçável;Com Vítimas Feridas;Plena Noite;Crescente;Nublado;Simples;Reta;Não;1;0;1;0;0;0;1;1;-25,8644568;-49,39181797;SPRF-PR;DEL01-PR;UOP03-DEL01-PR
574985;15/01/2024;segunda-feira;20:35:00;DF;80;24;BRASILIA;Animais na Pista;Atropelamento de Animal;Com Vítimas Feridas;Plena Noite;Crescente;Céu Claro;Simples;Reta;Não;2;0;2;0;0;0;2;1;-15,630569;-48,199944;SPRF-DF;DEL03-DF;UOP02-DEL03-DF
574986;15/01/2024;segunda-feira;21:15:00;ES;101;147;LINHARES;Condutor desrespeitou a iluminação vermelha do semáforo;Colisão transversal;Com Vítimas Feridas;Plena Noite;Crescente;Céu Claro;Dupla;"Reta;Interseção de Vias";Sim;4;0;4;0;0;0;4;2;-19,37887202;-40,06657892;SPRF-ES;DEL04-ES;UOP01-DEL04-ES
574987;15/01/2024;segunda-feira;21:20:00;RN;304;103;PARNAMIRIM;Acessar a via sem observar a presença dos outros veículos;Colisão transversal;Com Vítimas Feridas;Plena Noite;Crescente;Céu Claro;Dupla;Reta;Sim;2;0;2;0;0;0;2;2;-5,891197;-35,252482;SPRF-RN;DEL04-RN;UOP01-DEL04-RN
574988;15/01/2024;segunda-feira;21:20:00;SP;116;227;GUARULHOS;Iluminação deficiente;Colisão com objeto;Com Vítimas Feridas;Plena Noite;Decrescente;Nublado;Dupla;"Reta;Em Obras";Sim;2;0;1;0;0;1;1;2;-23,49659264;-46,55648754;SPRF-SP;DEL01-SP;UOP01-DEL01-SP
574990;15/01/2024;segunda-feira;20:45:00;RN;226;174,5;CURRAIS NOVOS;Conversão proibida;Colisão lateral mesmo sentido;Com Vítimas Feridas;Plena Noite;Decrescente;Céu Claro;Simples;Reta;Sim;3;0;3;0;0;0;3;2;-6,2581793;-36,50117297;SPRF-RN;DEL03-RN;UOP02-DEL03-RN
574991;15/01/2024;segunda-feira;21:00:00;RJ;101;60,2;CAMPOS DOS GOYTACAZES;Ausência de reação do condutor;Colisão traseira;Com Vítimas Feridas;Plena Noite;Crescente;Céu Claro;Simples;Reta;Sim;2;0;0;1;1;0;1;2;-21,72048414;-41,31448591;SPRF-RJ;DEL08-RJ;UOP01-DEL08-RJ
574992;15/01/2024;segunda-feira;22:35:00;SC;101;207;SAO JOSE;Reação tardia ou ineficiente do condutor;Colisão traseira;Com Vítimas Feridas;Plena Noite;Crescente;Céu Claro;Dupla;Reta;Sim;2;0;1;0;1;0;1;2;-27,60001226;-48,6226467;SPRF-SC;DEL01-SC;UOP01-DEL01-SC
574995;15/01/2024;segunda-feira;19:00:00;RS;290;107;ELDORADO DO SUL;Acessar a via sem observar a presença dos outros veículos;Colisão transversal;Com Vítimas Feridas;Pleno dia;Crescente;Céu Claro;Simples;Reta;Sim;2;0;1;0;1;0;1;2;-30,001852;-51,304264;SPRF-RS;DEL02-RS;UOP01-DEL02-RS
574996;15/01/2024;segunda-feira;22:37:00;SC;101;199,5;SAO JOSE;Transitar na contramão;Colisão frontal;Com Vítimas Feridas;Plena Noite;Crescente;Céu Claro;Dupla;Reta;Sim;4;0;0;2;0;2;2;4;-27,53413705;-48,63003205;SPRF-SC;DEL01-SC;UOP01-DEL01-SC
574999;15/01/2024;segunda-feira;22:30:00;SC;101;43,8;JOINVILLE;Desrespeitar a preferência no cruzamento;Colisão frontal;Com Vítimas Feridas;Plena Noite;Crescente;Céu Claro;Simples;Interseção de Vias;Sim;2;0;1;0;1;0;1;2;-26,33806365;-48,85951102;SPRF-SC;DEL03-SC;UOP01-DEL03-SC
575000;15/01/2024;segunda-feira;19:16:00;AC;317;312;BRASILEIA;Pedestre andava na pista;Atropelamento de Pedestre;Com Vítimas Feridas;Plena Noite;Crescente;Nublado;Simples;Reta;Não;4;0;2;2;0;0;4;2;-10,94235686;-68,85206483;SPRF-AC;DEL01-AC;UOP02-DEL01-AC