id;data_inversa;dia_semana;horario;uf;br;km;municipio;causa_acidente;tipo_acidente;classificacao_acidente;fase_dia;sentido_via;condicao_metereologica;tipo_pista;tracado_via;uso_solo;pessoas;mortos;feridos_leves;feridos_graves;ilesos;ignorados;feridos;veiculos;latitude;longitude;regional;delegacia;uop
575420;18/01/2024;quinta-feira;06:30:00;DF;40;3;BRASILIA;Manobra de mudança de faixa;Colisão lateral mesmo sentido;Com Vítimas Feridas;Pleno dia;Decrescente;Céu Claro;Dupla;"Reta;Viaduto";Sim;2;0;1;0;1;0;1;2;-16,003145;-47,983944;SPRF-DF;DEL01-DF;UOP01-DEL01-DF
575424;18/01/2024;quinta-feira;07:00:00;SC;101;212;PALHOCA;Chuva;Queda de ocupante de veículo;Com Vítimas Feridas;Pleno dia;Crescente;Chuva;Dupla;Reta;Sim;1;0;1;0;0;0;1;1;-27,62996929;-48,65903871;SPRF-SC;DEL01-SC;UOP02-DEL01-SC
575425;18/01/2024;quinta-feira;07:05:00;GO;50;282,9;CATALAO;Acessar a via sem observar a presença dos outros veículos;Colisão transversal;Com Vítimas Feridas;Amanhecer;Crescente;Nublado;Simples;Interseção de Vias;Sim;2;0;2;0;0;0;2;2;-18,1965;-47,9567;SPRF-GO;DEL06-GO;UOP01-DEL06-GO
575426;18/01/2024;quinta-feira;03:00:00;MG;365;678;MONTE ALEGRE DE MINAS;Demais falhas mecânicas ou elétricas;Incêndio;Sem Vítimas;Plena Noite;Crescente;Céu Claro;Dupla;Reta;Não;1;0;0;0;1;0;0;1;-18,8509065;-48,80033095;SPRF-MG;DEL15-MG;UOP01-DEL15-MG
575428;18/01/2024;quinta-feira;06:15:00;MG;356;268,3;MURIAE;Acessar a via sem observar a presença dos outros veículos;Colisão transversal;Com Vítimas Feridas;Pleno dia;Crescente;Céu Claro;Simples;Reta;Sim;2;0;0;1;1;0;1;2;-21,12690881;-42,34244401;SPRF-MG;DEL07-MG;UOP02-DEL07-MG
575429;18/01/2024;quinta-feira;06:40:00;PR;376;176,3;MARINGA;Reação tardia ou ineficiente do condutor;Colisão traseira;Com Vítimas Feridas;Pleno dia;Crescente;Sol;Dupla;"Reta;Interseção de Vias";Sim;3;0;1;0;2;0;1;2;-23,41127178;-51,93679333;SPRF-PR;DEL09-PR;UOP01-DEL09-PR
575430;18/01/2024;quinta-feira;07:40:00;PB;230;27;JOAO PESSOA;Condutor deixou de manter distância do veículo da frente;Colisão traseira;Com Vítimas Feridas;Pleno dia;Crescente;Céu Claro;Dupla;Viaduto;Sim;3;0;1;0;1;1;1;2;-7,16518642;-34,89498854;SPRF-PB;DEL01-PB;UOP01-DEL01-PB
575432;11/01/2024;quinta-feira;19:20:00;BA;324;618;SALVADOR;Ingestão de álcool pelo condutor;Colisão lateral mesmo sentido;Sem Vítimas;Plena Noite;Decrescente;Céu Claro;Dupla;Reta;Não;2;0;0;0;2;0;0;2;-12,891109;-38,445374;SPRF-BA;DEL01-BA;UOP01-DEL01-BA
575434;18/01/2024;quinta-feira;06:50:00;RS;470;210,3;BENTO GONCALVES;Avarias e/ou desgaste excessivo no pneu;Colisão frontal;Com Vítimas Feridas;Pleno dia;Crescente;Chuva;Simples;"Declive;Curva";Não;3;0;3;0;0;0;3;2;-29,11647449;-51,54258383;SPRF-RS;DEL06-RS;UOP01-DEL06-RS
575435;18/01/2024;quinta-feira;07:30:00;SP;116;285;ITAPECERICA DA SERRA;Condutor deixou de manter distância do veículo da frente;Colisão lateral mesmo sentido;Com Vítimas Feridas;Pleno dia;Decrescente;Nublado;Dupla;Reta;Não;2;0;1;0;1;0;1;2;-23,70407794;-46,87249709;SPRF-SP;DEL04-SP;UOP01-DEL04-SP
575438;18/01/2024;quinta-feira;06:30:00;AL;101;81;RIO LARGO;Ultrapassagem Indevida;Colisão traseira;Com Vítimas Feridas;Pleno dia;Crescente;Céu Claro;Dupla;Curva;Não;2;0;1;0;1;0;1;2;-9,44701176;-35,851915;SPRF-AL;DEL01-AL;UOP01-DEL01-AL
575439;18/01/2024;quinta-feira;07:45:00;PE;101;71,6;RECIFE;Condutor deixou de manter distância do veículo da frente;Colisão com objeto;Com Vítimas Feridas;Pleno dia;Decrescente;Céu Claro;Dupla;Reta;Não;3;0;2;0;0;1;2;2;-8,07663102;-34,94277871;SPRF-PE;DEL01-PE;UOP01-DEL01-PE
575440;18/01/2024;quinta-feira;08:00:00;BA;116;422;FEIRA DE SANTANA;Desrespeitar a preferência no cruzamento;Colisão transversal;Com Vítimas Feridas;Pleno dia;Crescente;Céu Claro;Múltipla;Rotatória;Sim;2;0;1;0;1;0;1;2;-12,22064702;-38,96561131;SPRF-BA;DEL02-BA;UOP01-DEL02-BA
575442;18/01/2024;quinta-feira;07:00:00;CE;116;8;FORTALEZA;Ausência de reação do condutor;Colisão traseira;Com Vítimas Feridas;Pleno dia;Decrescente;Céu Claro;Múltipla;"Interseção de Vias;Reta";Sim;3;0;2;0;1;0;2;2;-3,826957;-38,504339;SPRF-CE;DEL01-CE;UOP02-DEL01-CE
575444;18/01/2024;quinta-feira;07:38:00;MG;146;482,2;POCOS DE CALDAS;Frear bruscamente;Colisão traseira;Com Vítimas Feridas;Pleno dia;Crescente;Céu Claro;Simples;"Aclive;Reta";Não;3;0;1;0;2;0;1;2;-21,77360565;-46,42586768;SPRF-MG;DEL09-MG;UOP01-DEL09-MG
575445;17/01/2024;quarta-feira;13:20:00;ES;101;50;SAO MATEUS;Avarias e/ou desgaste excessivo no pneu;Tombamento;Com Vítimas Feridas;Pleno dia;Crescente;Céu Claro;Simples;Reta;Não;3;0;0;2;0;1;2;2;-18,58588752;-39,89233239;SPRF-ES;DEL04-ES;UOP02-DEL04-ES
575446;18/01/2024;quinta-feira;07:30:00;GO;153;201;URUACU;Acessar a via sem observar a presença dos outros veículos;Colisão transversal;Sem Vítimas;Amanhecer;Crescente;Sol;Simples;"Reta;Interseção de Vias;Rotatória";Sim;2;0;0;0;2;0;0;2;-14,519629;-49,154972;SPRF-GO;DEL07-GO;UOP02-DEL07-GO
575447;18/01/2024;quinta-feira;08:15:00;MG;40;546,3;NOVA LIMA;Demais falhas mecânicas ou elétricas;Queda de ocupante de veículo;Com Vítimas Feridas;Pleno dia;Crescente;Céu Claro;Dupla;"Reta;Aclive";Não;2;0;2;0;0;0;2;1;-20,01408092;-43,96898031;SPRF-MG;DEL01-MG;UOP02-DEL01-MG
575448;18/01/2024;quinta-feira;07:50:00;SC;101;40,9;JOINVILLE;Manobra de mudança de faixa;Colisão lateral mesmo sentido;Com Vítimas Feridas;Pleno dia;Crescente;Nublado;Dupla;"Aclive;Reta";Não;2;0;1;0;1;0;1;2;-26,28215489;-48,88973081;SPRF-SC;DEL03-SC;UOP01-DEL03-SC
575451;18/01/2024;quinta-feira;08:20:00;MG;40;503,9;ESMERALDAS;Acessar a via sem observar a presença dos outros veículos;Colisão lateral mesmo sentido;Com Vítimas Feridas;Pleno dia;Crescente;Céu Claro;Múltipla;"Reta;Aclive";Sim;2;0;0;1;1;0;1;2;-19,72821042;-44,15353775;SPRF-MG;DEL02-MG;UOP01-DEL02-MG
575453;18/01/2024;quinta-feira;08:00:00;MG;381;484;BETIM;Reação tardia ou ineficiente do condutor;Colisão traseira;Com Vítimas Feridas;Pleno dia;Decrescente;Céu Claro;Dupla;Reta;Sim;3;0;1;0;2;0;1;2;-19,95531717;-44,11722196;SPRF-MG;DEL01-MG;UOP03-DEL01-MG
575454;18/01/2024;quinta-feira;08:00:00;MG;116;702,8;MURIAE;Acumulo de óleo sobre o pavimento;Tombamento;Com Vítimas Feridas;Pleno dia;Crescente;Céu Claro;Simples;Reta;Sim;2;0;2;0;0;0;2;1;-21,12805961;-42,38319397;SPRF-MG;DEL07-MG;UOP02-DEL07-MG
575456;18/01/2024;quinta-feira;09:00:00;PB;230;19;JOAO PESSOA;Condutor deixou de manter distância do veículo da frente;Colisão lateral mesmo sentido;Com Vítimas Feridas;Pleno dia;Crescente;Céu Claro;Dupla;Curva;Sim;2;0;1;0;1;0;1;2;-7,1281;-34,8466;SPRF-PB;DEL01-PB;UOP01-DEL01-PB
575457;18/01/2024;quinta-feira;09:00:00;PB;230;18;JOAO PESSOA;Velocidade Incompatível;Engavetamento;Sem Vítimas;Pleno dia;Decrescente;Céu Claro;Dupla;Reta;Não;3;0;0;0;3;0;0;3;-7,1198;-34,8453;SPRF-PB;DEL01-PB;UOP01-DEL01-PB
575458;17/01/2024;quarta-feira;18:30:00;SP;116;286;ITAPECERICA DA SERRA;Velocidade Incompatível;Queda de ocupante de veículo;Com Vítimas Feridas;Pleno dia;Decrescente;Garoa/Chuvisco;Dupla;Reta;Não;1;0;1;0;0;0;1;1;-23,70925128;-46,87588966;SPRF-SP;DEL04-SP;UOP01-DEL04-SP
575459;18/01/2024;quinta-feira;07:05:00;MS;163;225;CAARAPO;Acessar a via sem observar a presença dos outros veículos;Colisão transversal;Com Vítimas Feridas;Amanhecer;Decrescente;Céu Claro;Simples;"Interseção de Vias;Reta";Sim;2;0;1;0;1;0;1;2;-22,500217;-54,864506;SPRF-MS;DEL04-MS;UOP02-DEL04-MS
575460;18/01/2024;quinta-feira;07:06:00;MG;116;414,3;GOVERNADOR VALADARES;Condutor deixou de manter distância do veículo da frente;Colisão traseira;Com Vítimas Feridas;Pleno dia;Decrescente;Céu Claro;Simples;Reta;Sim;3;0;1;0;2;0;1;2;-18,88452345;-41,94854736;SPRF-MG;DEL06-MG;UOP01-DEL06-MG
575461;18/01/2024;quinta-feira;09:00:00;SC;101;211,7;PALHOCA;Objeto estático sobre o leito carroçável;Colisão com objeto;Com Vítimas Feridas;Pleno dia;Decrescente;Chuva;Múltipla;"Declive;Reta";Sim;2;0;0;1;0;1;1;2;-27,62329313;-48,65245588;SPRF-SC;DEL01-SC;UOP02-DEL01-SC
575462;18/01/2024;quinta-feira;08:50:00;SP;116;221;GUARULHOS;Reação tardia ou ineficiente do condutor;Colisão traseira;Com Vítimas Feridas;Pleno dia;Decrescente;Céu Claro;Múltipla;Reta;Sim;3;0;1;0;2;0;1;3;-23,46802395;-46,50704901;SPRF-SP;DEL01-SP;UOP01-DEL01-SP
575463;18/01/2024;quinta-feira;09:00:00;SP;101;49;UBATUBA;Reação tardia ou ineficiente do condutor;Colisão transversal;Com Vítimas Feridas;Pleno dia;Crescente;Céu Claro;Dupla;Reta;Sim;5;0;1;0;4;0;1;2;-23,44410908;-45,08375708;SPRF-SP;DEL06-SP;UOP01-DEL06-SP
575465;18/01/2024;quinta-feira;09:20:00;ES;101;269;SERRA;Pista Escorregadia;Tombamento;Com Vítimas Feridas;Pleno dia;Crescente;Céu Claro;Múltipla;Reta;Sim;1;0;1;0;0;0;1;1;-20,21740496;-40,26990578;SPRF-ES;DEL02-ES;UOP01-DEL02-ES
575467;18/01/2024;quinta-feira;08:55:00;PR;116;126;FAZENDA RIO GRANDE;Reação tardia ou ineficiente do condutor;Colisão lateral mesmo sentido;Com Vítimas Feridas;Pleno dia;Decrescente;Nublado;Dupla;Reta;Sim;4;0;1;1;2;0;2;4;-25,60389895;-49,31824423;SPRF-PR;DEL01-PR;UOP03-DEL01-PR
575468;18/01/2024;quinta-feira;09:30:00;RS;116;239;NOVO HAMBURGO;Acessar a via sem observar a presença dos outros veículos;Colisão lateral mesmo sentido;Com Vítimas Feridas;Pleno dia;Crescente;Nublado;Múltipla;"Reta;Interseção de Vias;Aclive";Sim;5;0;2;0;3;0;2;2;-29,69062623;-51,14312351;SPRF-RS;DEL01-RS;UOP02-DEL01-RS
575469;18/01/2024;quinta-feira;07:45:00;RS;285;182;CAPAO BONITO DO SUL;Ausência de reação do condutor;Colisão com objeto;Com Vítimas Feridas;Pleno dia;Crescente;Chuva;Simples;Curva;Não;1;0;0;1;0;0;1;1;-28,290833;-51,422482;SPRF-RS;DEL08-RS;UOP05-DEL08-RS
575472;18/01/2024;quinta-feira;08:30:00;ES;101;101;JAGUARE;Ausência de reação do condutor;Colisão lateral mesmo sentido;Com Vítimas Feridas;Pleno dia;Crescente;Céu Claro;Simples;Reta;Não;2;0;1;0;1;0;1;2;-18,98833904;-39,99933491;SPRF-ES;DEL04-ES;UOP02-DEL04-ES
575473;18/01/2024;quinta-feira;08:20:00;RJ;101;298;SAO GONCALO;Estacionar ou parar em local proibido;Colisão lateral mesmo sentido;Com Vítimas Feridas;Pleno dia;Crescente;Céu Claro;Múltipla;Reta;Sim;3;0;2;0;1;0;2;2;-22,7714;-42,92896;SPRF-RJ;DEL02-RJ;UOP02-DEL02-RJ
575475;18/01/2024;quinta-feira;09:35:00;ES;101;269;SERRA;Entrada inopinada do pedestre;Atropelamento de Pedestre;Com Vítimas Feridas;Pleno dia;Decrescente;Céu Claro;Dupla;Reta;Sim;2;0;1;0;0;1;1;2;-20,21740496;-40,26990578;SPRF-ES;DEL02-ES;UOP01-DEL02-ES
575476;18/01/2024;quinta-feira;08:40:00;SC;116;1,8;MAFRA;Acessar a via sem observar a presença dos outros veículos;Colisão lateral mesmo sentido;Com Vítimas Feridas;Pleno dia;Decrescente;Nublado;Simples;"Reta;Interseção de Vias";Sim;2;0;1;0;1;0;1;2;-26,1170929;-49,78694917;SPRF-SC;DEL06-SC;UOP01-DEL06-SC
575477;18/01/2024;quinta-feira;11:00:00;SP;101;45;UBATUBA;Retorno proibido;Colisão transversal;Com Vítimas Feridas;Pleno dia;Decrescente;Nublado;Simples;Reta;Sim;3;0;1;0;2;0;1;2;-23,41779396;-45,06788408;SPRF-SP;DEL06-SP;UOP01-DEL06-SP
575479;18/01/2024;quinta-feira;09:50:00;SP;116;136,1;SAO JOSE DOS CAMPOS;Avarias e/ou desgaste excessivo no pneu;Tombamento;Com Vítimas Feridas;Pleno dia;Crescente;Céu Claro;Dupla;Reta;Não;2;0;2;0;0;0;2;1;-23,14874471;-45,77863714;SPRF-SP;DEL02-SP;UOP01-DEL02-SP
575480;18/01/2024;quinta-feira;09:50:00;PR;277;104;CAMPO LARGO;Acessar a via sem observar a presença dos outros veículos;Colisão lateral mesmo sentido;Com Vítimas Feridas;Pleno dia;Decrescente;Nublado;Dupla;"Aclive;Reta";Não;2;0;1;0;1;0;1;2;-25,43419637;-49,40987349;SPRF-PR;DEL01-PR;UOP06-DEL01-PR
575481;18/01/2024;quinta-feira;09:55:00;SP;116;272;TABOAO DA SERRA;Ausência de reação do condutor;Colisão lateral mesmo sentido;Com Vítimas Feridas;Pleno dia;Decrescente;Céu Claro;Dupla;Reta;Não;1;0;1;0;0;0;1;1;-23,621691;-46,813288;SPRF-SP;DEL04-SP;UOP01-DEL04-SP
575485;14/01/2024;domingo;21:10:00;RJ;101;310;SAO GONCALO;Reação tardia ou ineficiente do condutor;Colisão com objeto;Com Vítimas Feridas;Plena Noite;Decrescente;Céu Claro;Dupla;Reta;Sim;1;0;1;0;0;0;1;1;-22,79717023;-43,04404993;SPRF-RJ;DEL02-RJ;UOP02-DEL02-RJ
575486;18/01/2024;quinta-feira;12:05:00;ES;262;111,9;VENDA NOVA DO IMIGRANTE;Acessar a via sem observar a presença dos outros veículos;Colisão traseira;Com Vítimas Feridas;Pleno dia;Crescente;Céu Claro;Simples;Reta;Não;2;0;1;0;1;0;1;2;-20,33710625;-41,19042567;SPRF-ES;DEL01-ES;UOP02-DEL01-ES
575487;18/01/2024;quinta-feira;12:00:00;MG;381;512;IGARAPE;Reação tardia ou ineficiente do condutor;Colisão traseira;Com Vítimas Feridas;Pleno dia;Crescente;Céu Claro;Dupla;Reta;Não;2;0;1;0;1;0;1;2;-20,08463223;-44,3099407;SPRF-MG;DEL01-MG;UOP03-DEL01-MG
575489;18/01/2024;quinta-feira;11:45:00;MG;153;93,5;PRATA;Demais falhas mecânicas ou elétricas;Saída de leito carroçável;Com Vítimas Feridas;Pleno dia;Decrescente;Nublado;Simples;"Reta;Declive";Não;3;0;3;0;0;0;3;1;-19,16917702;-48,95473704;SPRF-MG;DEL15-MG;UOP03-DEL15-MG
575491;18/01/2024;quinta-feira;11:30:00;RJ;101;508;ANGRA DOS REIS;Reação tardia ou ineficiente do condutor;Colisão lateral mesmo sentido;Com Vítimas Feridas;Pleno dia;Crescente;Nublado;Simples;Curva;Não;2;0;1;0;1;0;1;2;-22,94163902;-44,42239099;SPRF-RJ;DEL03-RJ;UOP03-DEL03-RJ
575494;18/01/2024;quinta-feira;07:15:00;RS;116;154,3;CAXIAS DO SUL;Trafegar com motocicleta (ou similar) entre as faixas;Colisão transversal;Com Vítimas Feridas;Pleno dia;Decrescente;Chuva;Simples;"Reta;Interseção de Vias";Sim;2;0;1;0;0;1;1;2;-29,19074818;-51,18073734;SPRF-RS;DEL05-RS;UOP01-DEL05-RS
575496;18/01/2024;quinta-feira;13:10:00;MG;381;491;BETIM;Ausência de reação do condutor;Colisão traseira;Com Vítimas Feridas;Pleno dia;Decrescente;Sol;Dupla;Reta;Sim;3;0;1;0;2;0;1;2;-19,97018187;-44,18210416;SPRF-MG;DEL01-MG;UOP03-DEL01-MG
575497;18/01/2024;quinta-feira;10:30:00;MT;70;268;PRIMAVERA DO LESTE;Ultrapassagem Indevida;Colisão frontal;Com Vítimas Feridas;Pleno dia;Crescente;Céu Claro;Simples;Reta;Não;3;0;0;1;1;1;1;3;-15,53676818;-54,19777526;SPRF-MT;DEL05-MT;UOP01-DEL05-MT
575499;18/01/2024;quinta-feira;12:20:00;MG;116;746;LEOPOLDINA;Acessar a via sem observar a presença dos outros veículos;Colisão transversal;Com Vítimas Feridas;Pleno dia;Crescente;Céu Claro;Simples;Reta;Não;3;0;1;0;2;0;1;2;-21,42936921;-42,51466513;SPRF-MG;DEL07-MG;UOP01-DEL07-MG
575500;18/01/2024;quinta-feira;12:50:00;SC;282;6;SAO JOSE;Chuva;Capotamento;Com Vítimas Feridas;Pleno dia;Decrescente;Chuva;Múltipla;Curva;Sim;2;0;1;0;1;0;1;1;-27,5855132;-48,6177206;SPRF-SC;DEL01-SC;UOP01-DEL01-SC
575504;18/01/2024;quinta-feira;10:10:00;RJ;116;185;NOVA IGUACU;Reação tardia ou ineficiente do condutor;Colisão lateral mesmo sentido;Com Vítimas Feridas;Pleno dia;Decrescente;Céu Claro;Dupla;Reta;Não;3;0;2;0;1;0;2;2;-22,74151051;-43,45351823;SPRF-RJ;DEL06-RJ;UOP01-DEL06-RJ
575505;18/01/2024;quinta-feira;13:46:00;PI;343;335,8;TERESINA;Transitar na contramão;Saída de leito carroçável;Com Vítimas Fatais;Pleno dia;Decrescente;Céu Claro;Dupla;Reta;Não;2;1;0;1;0;0;1;2;-5,061626;-42,696655;SPRF-PI;DEL01-PI;UOP01-DEL01-PI
575506;18/01/2024;quinta-feira;12:15:00;SC;282;67,8;RANCHO QUEIMADO;Avarias e/ou desgaste excessivo no pneu;Saída de leito carroçável;Sem Vítimas;Pleno dia;Crescente;Chuva;Simples;"Curva;Declive";Não;1;0;0;0;1;0;0;1;-27,695963;-49,0695;SPRF-SC;DEL01-SC;UOP03-DEL01-SC
575508;18/01/2024;quinta-feira;13:30:00;PR;369;156;LONDRINA;Acessar a via sem observar a presença dos outros veículos;Colisão lateral mesmo sentido;Com Vítimas Feridas;Pleno dia;Decrescente;Nublado;Dupla;Reta;Sim;2;0;1;0;1;0;1;2;-23,29440916;-51,2113899;SPRF-PR;DEL07-PR;UOP01-DEL07-PR
575509;18/01/2024;quinta-feira;14:50:00;SC;101;197,8;BIGUACU;Reação tardia ou ineficiente do condutor;Colisão traseira;Com Vítimas Feridas;Pleno dia;Crescente;Chuva;Dupla;Reta;Sim;5;0;2;0;3;0;2;3;-27,51844497;-48,63848496;SPRF-SC;DEL01-SC;UOP01-DEL01-SC
575510;18/01/2024;quinta-feira;10:30:00;MT;163;751;SORRISO;Manobra de mudança de faixa;Colisão lateral mesmo sentido;Com Vítimas Feridas;Pleno dia;Crescente;Nublado;Dupla;Reta;Sim;2;0;1;0;1;0;1;2;-12,56074948;-55,71964329;SPRF-MT;DEL06-MT;UOP01-DEL06-MT
575512;18/01/2024;quinta-feira;14:00:00;SC;101;155;PORTO BELO;Condutor deixou de manter distância do veículo da frente;Colisão traseira;Com Vítimas Feridas;Pleno dia;Decrescente;Chuva;Dupla;Reta;Sim;3;0;1;0;2;0;1;2;-27,16292;-48,61129;SPRF-SC;DEL04-SC;UOP03-DEL04-SC
575513;14/01/2024;domingo;14:30:00;SC;101;216;PALHOCA;Acessar a via sem observar a presença dos outros veículos;Colisão lateral mesmo sentido;Com Vítimas Feridas;Pleno dia;Decrescente;Céu Claro;Dupla;Reta;Sim;2;0;1;0;1;0;1;2;-27,65981409;-48,67747798;SPRF-SC;DEL01-SC;UOP02-DEL01-SC
575514;13/01/2024;sábado;10:30:00;RS;116;230;DOIS IRMAOS;Manobra de mudança de faixa;Colisão traseira;Com Vítimas Feridas;Pleno dia;Crescente;Céu Claro;Múltipla;"Interseção de Vias;Reta";Sim;2;0;1;0;0;1;1;2;-29,61898268;-51,12174511;SPRF-RS;DEL01-RS;UOP02-DEL01-RS
575515;18/01/2024;quinta-feira;14:15:00;SC;101;156,5;PORTO BELO;Mal súbito do condutor;Tombamento;Com Vítimas Feridas;Pleno dia;Decrescente;Chuva;Dupla;Reta;Sim;1;0;1;0;0;0;1;1;-27,172272;-48,61170204;SPRF-SC;DEL04-SC;UOP03-DEL04-SC
575516;18/01/2024;quinta-feira;13:40:00;MS;262;228;RIBAS DO RIO PARDO;Acessar a via sem observar a presença dos outros veículos;Colisão transversal;Com Vítimas Feridas;Pleno dia;Crescente;Sol;Simples;Reta;Não;3;0;1;0;2;0;1;2;-20,474371;-53,653177;SPRF-MS;DEL07-MS;UOP02-DEL07-MS
575518;18/01/2024;quinta-feira;14:50:00;RS;392;43,9;RIO GRANDE;Manobra de mudança de faixa;Colisão traseira;Com Vítimas Feridas;Pleno dia;Crescente;Nublado;Dupla;Reta;Não;2;0;1;0;1;0;1;2;-31,93715696;-52,31137473;SPRF-RS;DEL07-RS;UOP02-DEL07-RS
575523;18/01/2024;quinta-feira;15:20:00;PR;376;620;SAO JOSE DOS PINHAIS;Desrespeitar a preferência no cruzamento;Colisão frontal;Com Vítimas Feridas;Pleno dia;Crescente;Chuva;Múltipla;Reta;Sim;3;0;2;0;1;0;2;2;-25,6170364;-49,1701285;SPRF-PR;DEL01-PR;UOP04-DEL01-PR
575525;18/01/2024;quinta-feira;16:05:00;SC;282;1;FLORIANOPOLIS;Chuva;Tombamento;Com Vítimas Feridas;Pleno dia;Crescente;Chuva;Múltipla;Reta;Sim;4;0;1;0;1;2;1;3;-27,6025048;-48,57994437;SPRF-SC;DEL01-SC;UOP01-DEL01-SC
575526;18/01/2024;quinta-feira;16:30:00;MG;365;614;UBERLANDIA;Acessar a via sem observar a presença dos outros veículos;Colisão lateral mesmo sentido;Com Vítimas Feridas;Pleno dia;Crescente;Céu Claro;Dupla;"Interseção de Vias;Reta";Não;3;0;2;0;1;0;2;2;-18,911966;-48,220377;SPRF-MG;DEL15-MG;UOP01-DEL15-MG
575530;18/01/2024;quinta-feira;16:50:00;PB;230;25;JOAO PESSOA;Manobra de mudança de faixa;Colisão transversal;Com Vítimas Feridas;Pleno dia;Crescente;Sol;Múltipla;"Curva;Declive;Viaduto;Interseção de Vias";Sim;2;0;1;0;1;0;1;2;-7,1707;-34,8684;SPRF-PB;DEL01-PB;UOP01-DEL01-PB
575531;18/01/2024;quinta-feira;17:15:00;SC;101;112;ITAJAI;Reação tardia ou ineficiente do condutor;Colisão lateral mesmo sentido;Com Vítimas Feridas;Pleno dia;Decrescente;Céu Claro;Múltipla;Reta;Não;2;0;1;0;0;1;1;2;-26,84589005;-48,72131295;SPRF-SC;DEL04-SC;UOP04-DEL04-SC
575533;18/01/2024;quinta-feira;17:45:00;PR;277;3;PARANAGUA;Demais falhas mecânicas ou elétricas;Incêndio;Sem Vítimas;Pleno dia;Decrescente;Chuva;Simples;Reta;Sim;1;0;0;0;1;0;0;1;-25,53627498;-48,55530024;SPRF-PR;DEL01-PR;UOP05-DEL01-PR
575536;18/01/2024;quinta-feira;17:17:00;GO;153;116;SANTA TEREZA DE GOIAS;Ausência de reação do condutor;Colisão traseira;Com Vítimas Feridas;Pleno dia;Decrescente;Céu Claro;Simples;Aclive;Não;9;0;1;0;8;0;1;2;-13,787714;-49,034008;SPRF-GO;DEL07-GO;UOP01-DEL07-GO
575538;07/01/2024;domingo;02:30:00;RS;392;20;RIO GRANDE;Transitar no Acostamento;Atropelamento de Pedestre;Com Vítimas Feridas;Plena Noite;Decrescente;Céu Claro;Dupla;Reta;Não;3;0;1;0;0;2;1;2;-32,08573295;-52,19690099;SPRF-RS;DEL07-RS;UOP02-DEL07-RS
575539;18/01/2024;quinta-feira;15:00:00;BA;324;617;SALVADOR;Manobra de mudança de faixa;Colisão lateral mesmo sentido;Com Vítimas Feridas;Pleno dia;Decrescente;Sol;Múltipla;Reta;Não;2;0;1;0;0;1;1;2;-12,8930132;-38,4468424;SPRF-BA;DEL01-BA;UOP01-DEL01-BA
575540;18/01/2024;quinta-feira;16:30:00;ES;101;366,2;ANCHIETA;Acessar a via sem observar a presença dos outros veículos;Colisão transversal;Com Vítimas Feridas;Pleno dia;Crescente;Céu Claro;Simples;Reta;Não;3;0;1;0;1;1;1;2;-20,73590976;-40,7597842;SPRF-ES;DEL03-ES;UOP01-DEL03-ES
575544;18/01/2024;quinta-feira;17:45:00;DF;20;19;BRASILIA;Manobra de mudança de faixa;Colisão lateral mesmo sentido;Com Vítimas Feridas;Pleno dia;Crescente;Nublado;Dupla;Reta;Sim;2;0;1;0;1;0;1;2;-15,61127816;-47,6987958;SPRF-DF;DEL02-DF;UOP01-DEL02-DF
575545;18/01/2024;quinta-feira;18:00:00;RS;470;262;SALVADOR DO SUL;Acesso irregular;Colisão traseira;Com Vítimas Feridas;Pleno dia;Crescente;Céu Claro;Simples;Reta;Sim;2;0;0;1;1;0;1;2;-29,47670316;-51,48819737;SPRF-RS;DEL06-RS;UOP01-DEL06-RS
575547;18/01/2024;quinta-feira;15:45:00;RJ;101;563;PARATY;Ausência de reação do condutor;Capotamento;Com Vítimas Feridas;Pleno dia;Crescente;Chuva;Simples;"Declive;Curva";Não;1;0;1;0;0;0;1;1;-23,13693615;-44,70218804;SPRF-RJ;DEL03-RJ;UOP04-DEL03-RJ
575548;18/01/2024;quinta-feira;18:10:00;SP;116;217;GUARULHOS;Reação tardia ou ineficiente do condutor;Colisão traseira;Com Vítimas Feridas;Anoitecer;Crescente;Nublado;Múltipla;Reta;Sim;2;0;1;0;1;0;1;2;-23,45423824;-46,47119028;SPRF-SP;DEL01-SP;UOP01-DEL01-SP
575550;18/01/2024;quinta-feira;18:15:00;RS;290;94;PORTO ALEGRE;Acumulo de óleo sobre o pavimento;Tombamento;Com Vítimas Feridas;Pleno dia;Decrescente;Céu Claro;Dupla;Curva;Não;2;0;2;0;0;0;2;1;-29,97392377;-51,19768381;SPRF-RS;DEL01-RS;UOP01-DEL01-RS
575551;18/01/2024;quinta-feira;17:10:00;SP;381;61;MAIRIPORA;Avarias e/ou desgaste excessivo no pneu;Colisão com objeto;Com Vítimas Feridas;Pleno dia;Decrescente;Chuva;Dupla;Curva;Não;1;0;1;0;0;0;1;1;-23,29011611;-46,5800681;SPRF-SP;DEL03-SP;UOP01-DEL03-SP
575553;18/01/2024;quinta-feira;17:30:00;SP;116;521;CAJATI;Chuva;Saída de leito carroçável;Com Vítimas Feridas;Pleno dia;Crescente;Chuva;Simples;"Curva;Aclive";Não;2;0;2;0;0;0;2;1;-24,92563316;-48,26567292;SPRF-SP;DEL05-SP;UOP02-DEL05-SP