id;data_inversa;dia_semana;horario;uf;br;km;municipio;causa_acidente;tipo_acidente;classificacao_acidente;fase_dia;sentido_via;condicao_metereologica;tipo_pista;tracado_via;uso_solo;pessoas;mortos;feridos_leves;feridos_graves;ilesos;ignorados;feridos;veiculos;latitude;longitude;regional;delegacia;uop
575554;18/01/2024;quinta-feira;18:10:00;PR;376;651;TIJUCAS DO SUL;Chuva;Colisão com objeto;Com Vítimas Feridas;Pleno dia;Crescente;Chuva;Dupla;Curva;Não;1;0;1;0;0;0;1;1;-25,845243;-49,078578;SPRF-PR;DEL01-PR;UOP04-DEL01-PR
575555;18/01/2024;quinta-feira;15:15:00;MT;364;305,2;JACIARA;Reação tardia ou ineficiente do condutor;Saída de leito carroçável;Com Vítimas Feridas;Pleno dia;Decrescente;Chuva;Dupla;Reta;Não;2;0;2;0;0;0;2;1;-15,82596627;-55,1950521;SPRF-MT;DEL05-MT;UOP02-DEL05-MT
575556;18/01/2024;quinta-feira;16:20:00;GO;153;645,4;MORRINHOS;Avarias e/ou desgaste excessivo no pneu;Saída de leito carroçável;Com Vítimas Feridas;Pleno dia;Crescente;Nublado;Dupla;Reta;Não;1;0;0;1;0;0;1;1;-17,9234;-49,2421;SPRF-GO;DEL03-GO;UOP01-DEL03-GO
575558;18/01/2024;quinta-feira;17:30:00;SC;116;233,4;CORREIA PINTO;Velocidade Incompatível;Colisão frontal;Com Vítimas Fatais;Pleno dia;Crescente;Chuva;Simples;"Aclive;Curva";Não;7;2;0;5;0;0;5;2;-27,70146389;-50,33480644;SPRF-SC;DEL05-SC;UOP01-DEL05-SC
575560;18/01/2024;quinta-feira;17:40:00;PE;232;64;POMBOS;Mal súbito do condutor;Capotamento;Com Vítimas Fatais;Anoitecer;Crescente;Céu Claro;Dupla;"Aclive;Reta";Não;3;2;0;0;0;1;0;2;-8,16152271;-35,43959107;SPRF-PE;DEL02-PE;UOP02-DEL02PE
575561;18/01/2024;quinta-feira;18:32:00;RN;101;107;PARNAMIRIM;Pedestre cruzava a pista fora da faixa;Atropelamento de Pedestre;Com Vítimas Feridas;Plena Noite;Crescente;Céu Claro;Dupla;Reta;Sim;3;0;1;0;2;0;1;3;-5,91920796;-35,26412409;SPRF-RN;DEL01-RN;UOP01-DEL01-RN
575562;18/01/2024;quinta-feira;18:35:00;PB;230;158,7;CAMPINA GRANDE;Acessar a via sem observar a presença dos outros veículos;Colisão transversal;Com Vítimas Feridas;Plena Noite;Crescente;Céu Claro;Simples;Interseção de Vias;Sim;7;0;5;1;0;1;6;3;-7,2582;-35,9267;SPRF-PB;DEL02-PB;UOP01-DEL02-PB
575563;18/01/2024;quinta-feira;18:06:00;MA;135;16;SAO LUIS;Condutor desrespeitou a iluminação vermelha do semáforo;Colisão transversal;Com Vítimas Feridas;Plena Noite;Crescente;Céu Claro;Simples;"Rotatória;Reta";Não;2;0;1;0;1;0;1;2;-2,555374;-44,356824;SPRF-MA;DEL01-MA;UOP01-DEL01-MA
575564;18/01/2024;quinta-feira;17:50:00;DF;20;11,2;BRASILIA;Manobra de mudança de faixa;Colisão traseira;Com Vítimas Feridas;Anoitecer;Crescente;Céu Claro;Dupla;Reta;Sim;3;0;1;0;2;0;1;2;-15,64654;-47,766422;SPRF-DF;DEL02-DF;UOP01-DEL02-DF
575565;18/01/2024;quinta-feira;16:40:00;PE;104;30;TORITAMA;Problema na suspensão;Queda de ocupante de veículo;Com Vítimas Feridas;Pleno dia;Decrescente;Céu Claro;Simples;Reta;Não;1;0;1;0;0;0;1;1;-8,0137;-36,0565;SPRF-PE;DEL02-PE;UOP01-DEL02-PE
575566;18/01/2024;quinta-feira;19:05:00;PR;277;2;FOZ DO IGUACU;Ultrapassagem Indevida;Colisão lateral mesmo sentido;Com Vítimas Feridas;Pleno dia;Crescente;Céu Claro;Dupla;Retorno Regulamentado;Sim;2;0;0;1;1;0;1;2;-25,49486321;-54,58325386;SPRF-PR;DEL05-PR;UOP03-DEL05-PR
575567;18/01/2024;quinta-feira;18:30:00;SC;480;127,4;CHAPECO;Acumulo de água sobre o pavimento;Saída de leito carroçável;Sem Vítimas;Anoitecer;Decrescente;Chuva;Dupla;Reta;Não;1;0;0;0;1;0;0;1;-27,02885905;-52,63380035;SPRF-SC;DEL07-SC;UOP01-DEL07-SC
575569;18/01/2024;quinta-feira;18:30:00;BA;116;7;VITORIA DA CONQUISTA;Velocidade Incompatível;Colisão transversal;Com Vítimas Feridas;Anoitecer;Crescente;Céu Claro;Simples;"Reta;Declive";Sim;2;0;1;1;0;0;2;2;-14,837276;-40,887873;SPRF-BA;DEL08-BA;UOP01-DEL08-BA
575571;18/01/2024;quinta-feira;19:15:00;SP;101;51,9;UBATUBA;Acessar a via sem observar a presença dos outros veículos;Colisão transversal;Com Vítimas Feridas;Plena Noite;Crescente;Céu Claro;Simples;Reta;Sim;3;0;2;0;0;1;2;3;-23,46247575;-45,0648129;SPRF-SP;DEL06-SP;UOP01-DEL06-SP
575572;18/01/2024;quinta-feira;18:15:00;AL;316;269;SATUBA;Ingestão de álcool pelo condutor;Colisão frontal;Com Vítimas Feridas;Plena Noite;Crescente;Céu Claro;Simples;Reta;Sim;4;0;1;1;2;0;2;2;-9,57589005;-35,83163597;SPRF-AL;DEL02-AL;UOP01-DEL02-AL
575573;18/01/2024;quinta-feira;08:15:00;MG;116;415,2;GOVERNADOR VALADARES;Pista esburacada;Queda de ocupante de veículo;Com Vítimas Feridas;Pleno dia;Decrescente;Céu Claro;Simples;Reta;Sim;2;0;1;0;0;1;1;2;-18,88401297;-41,94924399;SPRF-MG;DEL06-MG;UOP01-DEL06-MG
575575;18/01/2024;quinta-feira;18:00:00;PR;277;662,5;MATELANDIA;Velocidade Incompatível;Saída de leito carroçável;Com Vítimas Feridas;Anoitecer;Crescente;Garoa/Chuvisco;Dupla;Reta;Não;2;0;1;0;0;1;1;2;-25,25121745;-54,00913508;SPRF-PR;DEL05-PR;UOP02-DEL05-PR
575576;18/01/2024;quinta-feira;06:45:00;RJ;101;297;ITABORAI;Trafegar com motocicleta (ou similar) entre as faixas;Colisão traseira;Com Vítimas Feridas;Pleno dia;Decrescente;Sol;Dupla;Reta;Sim;1;0;1;0;0;0;1;1;-22,76942037;-42,91873581;SPRF-RJ;DEL02-RJ;UOP02-DEL02-RJ
575577;18/01/2024;quinta-feira;20:15:00;SC;280;27;ARAQUARI;Acessar a via sem observar a presença dos outros veículos;Colisão transversal;Com Vítimas Feridas;Plena Noite;Crescente;Chuva;Simples;Reta;Sim;2;0;1;0;1;0;1;2;-26,39685622;-48,74021969;SPRF-SC;DEL03-SC;UOP03-DEL03-SC
575578;18/01/2024;quinta-feira;20:20:00;SP;116;222;GUARULHOS;Entrada inopinada do pedestre;Atropelamento de Pedestre;Com Vítimas Fatais;Plena Noite;Crescente;Nublado;Múltipla;Reta;Sim;2;1;0;0;1;0;0;2;-23,47093408;-46,51631097;SPRF-SP;DEL01-SP;UOP01-DEL01-SP
575579;18/01/2024;quinta-feira;19:40:00;PR;277;97,5;CURITIBA;Demais falhas mecânicas ou elétricas;Colisão com objeto;Com Vítimas Feridas;Plena Noite;Crescente;Nublado;Dupla;Reta;Sim;3;0;1;1;1;0;2;2;-25,54577186;-49,29537197;SPRF-PR;DEL01-PR;UOP06-DEL01-PR
575580;18/01/2024;quinta-feira;12:00:00;BA;116;17,9;VITORIA DA CONQUISTA;Reação tardia ou ineficiente do condutor;Queda de ocupante de veículo;Com Vítimas Feridas;Pleno dia;Crescente;Céu Claro;Simples;Reta;Não;1;0;1;0;0;0;1;1;-14,851;-40,8485;SPRF-BA;DEL08-BA;UOP01-DEL08-BA
575583;18/01/2024;quinta-feira;19:50:00;RJ;116;53,9;TERESOPOLIS;Ingestão de álcool pelo condutor;Tombamento;Com Vítimas Feridas;Plena Noite;Crescente;Céu Claro;Simples;Reta;Não;1;0;0;1;0;0;1;1;-22,20141446;-42,87189678;SPRF-RJ;DEL04-RJ;UOP01-DEL04-RJ
575584;18/01/2024;quinta-feira;18:30:00;MG;381;484;BETIM;Trafegar com motocicleta (ou similar) entre as faixas;Queda de ocupante de veículo;Com Vítimas Feridas;Anoitecer;Crescente;Céu Claro;Dupla;Reta;Sim;1;0;1;0;0;0;1;1;-19,95531717;-44,11722196;SPRF-MG;DEL01-MG;UOP03-DEL01-MG
575585;18/01/2024;quinta-feira;19:30:00;RJ;493;19;MAGE;Transitar no Acostamento;Colisão frontal;Com Vítimas Feridas;Plena Noite;Crescente;Céu Claro;Simples;Reta;Sim;2;0;1;0;0;1;1;2;-22,6663848;-43,02770248;SPRF-RJ;DEL04-RJ;UOP02-DEL04-RJ
575586;18/01/2024;quinta-feira;21:20:00;SC;101;205;SAO JOSE;Manobra de mudança de faixa;Queda de ocupante de veículo;Com Vítimas Feridas;Plena Noite;Crescente;Chuva;Múltipla;Reta;Sim;3;0;1;0;2;0;1;2;-27,59193546;-48,61824557;SPRF-SC;DEL01-SC;UOP01-DEL01-SC
575589;18/01/2024;quinta-feira;18:30:00;BA;242;455;IBITIARA;Reação tardia ou ineficiente do condutor;Saída de leito carroçável;Com Vítimas Feridas;Plena Noite;Decrescente;Nublado;Simples;Reta;Não;2;0;2;0;0;0;2;1;-12,4221814;-42,10158502;SPRF-BA;DEL06-BA;UOP01-DEL06-BA
575591;18/01/2024;quinta-feira;20:40:00;PE;316;58,4;TRINDADE;Acessar a via sem observar a presença dos outros veículos;Colisão transversal;Com Vítimas Feridas;Plena Noite;Decrescente;Céu Claro;Simples;"Declive;Reta";Sim;4;0;4;0;0;0;4;2;-7,75370631;-40,26496546;SPRF-PE;DEL05-PE;UOP02-DEL05-PE
575592;18/01/2024;quinta-feira;21:45:00;SC;101;131;BALNEARIO CAMBORIU;Acessar a via sem observar a presença dos outros veículos;Colisão transversal;Com Vítimas Feridas;Plena Noite;Decrescente;Garoa/Chuvisco;Simples;Reta;Sim;3;0;1;1;1;0;2;2;-26,99064209;-48,66310912;SPRF-SC;DEL04-SC;UOP03-DEL04-SC
575593;18/01/2024;quinta-feira;16:50:00;MG;116;744,5;LEOPOLDINA;Acessar a via sem observar a presença dos outros veículos;Colisão transversal;Com Vítimas Feridas;Pleno dia;Crescente;Sol;Simples;"Reta;Interseção de Vias";Não;6;0;6;0;0;0;6;2;-21,42227206;-42,50880191;SPRF-MG;DEL07-MG;UOP01-DEL07-MG
575594;18/01/2024;quinta-feira;22:05:00;RN;304;45,5;MOSSORO;Ingestão de álcool pelo condutor;Tombamento;Com Vítimas Feridas;Plena Noite;Decrescente;Céu Claro;Dupla;Reta;Sim;1;0;1;0;0;0;1;1;-5,2250698;-37,3490001;SPRF-RN;DEL04-RN;UOP01-DEL04-RN
575597;18/01/2024;quinta-feira;21:00:00;MG;381;542;ITATIAIUCU;Manobra de mudança de faixa;Saída de leito carroçável;Com Vítimas Feridas;Plena Noite;Decrescente;Nublado;Dupla;"Reta;Declive";Não;2;0;2;0;0;0;2;1;-20,26492509;-44,42256682;SPRF-MG;DEL04-MG;UOP03-DEL04-MG
575598;18/01/2024;quinta-feira;22:20:00;BA;324;535;CONCEICAO DO JACUIPE;Ausência de reação do condutor;Colisão traseira;Com Vítimas Feridas;Plena Noite;Decrescente;Céu Claro;Dupla;"Reta;Em Obras";Sim;3;0;2;0;0;1;2;2;-12,35775097;-38,82802597;SPRF-BA;DEL01-BA;UOP03-DEL01-BA
575599;18/01/2024;quinta-feira;18:30:00;MT;158;640;NOVA XAVANTINA;Manobra de mudança de faixa;Colisão frontal;Com Vítimas Fatais;Anoitecer;Crescente;Céu Claro;Simples;"Reta;Interseção de Vias";Sim;2;1;0;0;1;0;0;2;-14,56012504;-52,36408741;SPRF-MT;DEL07-MT;UOP02-DEL07-MT
575600;18/01/2024;quinta-feira;23:00:00;RJ;101;241,7;SILVA JARDIM;Entrada inopinada do pedestre;Atropelamento de Pedestre;Com Vítimas Fatais;Plena Noite;Crescente;Nublado;Dupla;Reta;Não;3;1;0;0;2;0;0;2;-22,635015;-42,452019;SPRF-RJ;DEL02-RJ;UOP03-DEL02-RJ
575601;18/01/2024;quinta-feira;21:30:00;PE;101;23,3;ITAPISSUMA;Ingestão de álcool pelo condutor;Tombamento;Com Vítimas Feridas;Plena Noite;Decrescente;Vento;Múltipla;Aclive;Não;1;0;1;0;0;0;1;1;-7,68357776;-34,92410458;SPRF-PE;DEL01-PE;UOP02-DEL01-PE
575602;18/01/2024;quinta-feira;22:30:00;PR;116;2;CAMPINA GRANDE DO SUL;Ausência de reação do condutor;Colisão frontal;Com Vítimas Feridas;Plena Noite;Crescente;Nublado;Dupla;Reta;Sim;2;0;1;0;1;0;1;2;-25,3562;-49,0677;SPRF-PR;DEL01-PR;UOP02-DEL01-PR
575603;18/01/2024;quinta-feira;10:30:00;MA;135;17;SAO LUIS;Ausência de reação do condutor;Colisão transversal;Com Vítimas Feridas;Pleno dia;Decrescente;Céu Claro;Simples;"Reta;Retorno Regulamentado";Não;2;0;2;0;0;0;2;2;-2,70991888;-44,31583218;SPRF-MA;DEL01-MA;UOP01-DEL01-MA
575604;18/01/2024;quinta-feira;23:45:00;MG;40;356,5;FELIXLANDIA;Ingestão de álcool pelo condutor;Colisão lateral sentido oposto;Sem Vítimas;Plena Noite;Crescente;Céu Claro;Dupla;"Interseção de Vias;Retorno Regulamentado";Sim;2;0;0;0;0;2;0;2;-18,73084;-44,87724;SPRF-MG;DEL02-MG;UOP01-DEL02-MG
575605;18/01/2024;quinta-feira;22:30:00;AP;156;820;OIAPOQUE;Acessar a via sem observar a presença dos outros veículos;Colisão lateral sentido oposto;Com Vítimas Feridas;Plena Noite;Crescente;Céu Claro;Simples;Reta;Sim;2;0;0;1;1;0;1;2;3,83878842;-51,81774523;SPRF-AP;DEL01-AP;UOP03-DEL01-AP
575606;18/01/2024;quinta-feira;22:30:00;ES;393;9;CACHOEIRO DE ITAPEMIRIM;Velocidade Incompatível;Tombamento;Com Vítimas Feridas;Plena Noite;Crescente;Céu Claro;Simples;"Curva;Declive";Não;1;0;0;1;0;0;1;1;-20,83805215;-41,2306509;SPRF-ES;DEL03-ES;UOP02-DEL03-ES
575607;19/01/2024;sexta-feira;00:26:00;RN;101;84;SAO GONCALO DO AMARANTE;Condutor deixou de manter distância do veículo da frente;Colisão traseira;Sem Vítimas;Plena Noite;Decrescente;Céu Claro;Dupla;Reta;Sim;2;0;0;0;1;1;0;2;-5,774175;-35,2578;SPRF-RN;DEL02-RN;UOP01-DEL02-RN
575608;03/01/2024;quarta-feira;07:35:00;MG;262;48,7;MANHUACU;Ultrapassagem Indevida;Colisão frontal;Com Vítimas Feridas;Pleno dia;Decrescente;Chuva;Simples;Reta;Não;2;0;1;0;1;0;1;2;-20,25373412;-42,12287611;SPRF-MG;DEL06-MG;UOP03-DEL06-MG
575609;18/01/2024;quinta-feira;22:20:00;PR;163;141,3;CAPITAO LEONIDAS MARQUES;Demais falhas na via;Saída de leito carroçável;Com Vítimas Feridas;Pleno dia;Decrescente;Chuva;Dupla;Reta;Não;1;0;1;0;0;0;1;1;-25,49094155;-53,59476776;SPRF-PR;DEL05-PR;UOP05-DEL05-PR
575611;19/01/2024;sexta-feira;00:10:00;PR;376;457;TIBAGI;Ausência de reação do condutor;Capotamento;Com Vítimas Feridas;Plena Noite;Decrescente;Garoa/Chuvisco;Simples;Reta;Não;2;0;2;0;0;0;2;1;-24,98482569;-50,36932593;SPRF-PR;DEL03-PR;UOP01-DEL03-PR
575612;18/01/2024;quinta-feira;17:40:00;SC;282;129,7;BOM RETIRO;Ausência de reação do condutor;Colisão lateral mesmo sentido;Com Vítimas Feridas;Pleno dia;Crescente;Nublado;Simples;Reta;Não;5;0;1;0;2;2;1;3;-27,80146268;-49,50259209;SPRF-SC;DEL05-SC;UOP01-DEL05-SC
575613;18/01/2024;quinta-feira;18:30:00;MG;251;201;CACHOEIRA DE PAJEU;Ausência de reação do condutor;Saída de leito carroçável;Com Vítimas Feridas;Anoitecer;Decrescente;Céu Claro;Simples;"Declive;Curva";Não;1;0;1;0;0;0;1;1;-15,87111259;-41,47373199;SPRF-MG;DEL12-MG;UOP02-DEL12-MG
575616;19/01/2024;sexta-feira;03:00:00;SP;116;212;GUARULHOS;Acesso irregular;Capotamento;Com Vítimas Feridas;Plena Noite;Decrescente;Chuva;Múltipla;Reta;Sim;2;0;2;0;0;0;2;1;-23,43608315;-46,42805094;SPRF-SP;DEL01-SP;UOP01-DEL01-SP
575620;19/01/2024;sexta-feira;02:00:00;RJ;40;18,5;TRES RIOS;Transitar na contramão;Colisão frontal;Com Vítimas Feridas;Plena Noite;Crescente;Nublado;Dupla;"Curva;Declive";Não;2;0;1;0;1;0;1;2;-22,09282704;-43,17077482;SPRF-RJ;DEL05-RJ;UOP02-DEL05-RJ
575621;19/01/2024;sexta-feira;03:50:00;GO;40;90;CRISTALINA;Condutor Dormindo;Saída de leito carroçável;Sem Vítimas;Plena Noite;Decrescente;Céu Claro;Simples;Reta;Não;1;0;0;0;1;0;0;1;-16,723808;-47,643627;SPRF-DF;DEL01-DF;UOP02-DEL01-DF
575622;19/01/2024;sexta-feira;04:30:00;SC;282;217;LAGES;Ingestão de álcool pelo condutor;Colisão com objeto;Com Vítimas Feridas;Plena Noite;Decrescente;Garoa/Chuvisco;Dupla;Reta;Não;2;0;1;0;1;0;1;1;-27,79778034;-50,29564619;SPRF-SC;DEL05-SC;UOP01-DEL05-SC
575625;18/01/2024;quinta-feira;20:15:00;SC;101;298,1;LAGUNA;Entrada inopinada do pedestre;Atropelamento de Pedestre;Com Vítimas Feridas;Plena Noite;Decrescente;Nublado;Dupla;Reta;Sim;2;0;0;1;1;0;1;2;-28,32102597;-48,72829906;SPRF-SC;DEL02-SC;UOP03-DEL02-SC
575626;19/01/2024;sexta-feira;05:30:00;RJ;101;477;ANGRA DOS REIS;Reação tardia ou ineficiente do condutor;Capotamento;Sem Vítimas;Amanhecer;Decrescente;Céu Claro;Simples;Curva;Não;1;0;0;0;0;1;0;1;-22,99820396;-44,26554599;SPRF-RJ;DEL03-RJ;UOP03-DEL03-RJ
575627;19/01/2024;sexta-feira;06:00:00;RN;304;269;SAO PEDRO;Manobra de mudança de faixa;Colisão frontal;Com Vítimas Feridas;Pleno dia;Decrescente;Céu Claro;Simples;Reta;Não;6;0;6;0;0;0;6;2;-5,86980581;-35,58704096;SPRF-RN;DEL01-RN;UOP02-DEL01-RN
575628;19/01/2024;sexta-feira;05:25:00;GO;20;30;FORMOSA;Ausência de reação do condutor;Saída de leito carroçável;Com Vítimas Feridas;Anoitecer;Crescente;Céu Claro;Dupla;Retorno Regulamentado;Sim;3;0;2;0;1;0;2;1;-15,498156;-47,109814;SPRF-DF;DEL02-DF;UOP02-DEL02-DF
575629;18/01/2024;quinta-feira;15:50:00;RJ;40;94;DUQUE DE CAXIAS;Pista Escorregadia;Saída de leito carroçável;Sem Vítimas;Pleno dia;Crescente;Nublado;Dupla;"Declive;Curva";Não;2;0;0;0;2;0;0;1;-22,55763285;-43,26574352;SPRF-RJ;DEL01-RJ;UOP01-DEL01-RJ
575630;19/01/2024;sexta-feira;05:30:00;MG;40;532,8;BELO HORIZONTE;Demais falhas mecânicas ou elétricas;Incêndio;Sem Vítimas;Pleno dia;Crescente;Céu Claro;Dupla;"Aclive;Reta";Não;1;0;0;0;1;0;0;1;-19,92372561;-44,01700789;SPRF-MG;DEL01-MG;UOP02-DEL01-MG
575632;19/01/2024;sexta-feira;06:35:00;PR;116;120;CURITIBA;Reação tardia ou ineficiente do condutor;Tombamento;Com Vítimas Feridas;Pleno dia;Decrescente;Nublado;Dupla;Reta;Sim;1;0;1;0;0;0;1;1;-25,592398;-49,315495;SPRF-PR;DEL01-PR;UOP03-DEL01-PR
575633;19/01/2024;sexta-feira;07:20:00;SC;470;55,8;BLUMENAU;Conversão proibida;Colisão lateral mesmo sentido;Com Vítimas Feridas;Pleno dia;Crescente;Céu Claro;Simples;Reta;Sim;4;0;1;0;3;0;1;2;-26,87645921;-49,12591338;SPRF-SC;DEL04-SC;UOP01-DEL04-SC
575636;19/01/2024;sexta-feira;06:45:00;ES;101;289;CARIACICA;Reação tardia ou ineficiente do condutor;Colisão traseira;Com Vítimas Feridas;Pleno dia;Decrescente;Sol;Dupla;Reta;Não;2;0;0;1;1;0;1;2;-20,28029304;-40,39302931;SPRF-ES;DEL01-ES;UOP01-DEL01-ES
575637;19/01/2024;sexta-feira;06:40:00;MG;40;556;NOVA LIMA;Avarias e/ou desgaste excessivo no pneu;Tombamento;Com Vítimas Feridas;Pleno dia;Crescente;Céu Claro;Dupla;Reta;Sim;2;0;1;0;1;0;1;1;-20,09356202;-43,97554136;SPRF-MG;DEL01-MG;UOP02-DEL01-MG
575643;19/01/2024;sexta-feira;08:30:00;SP;116;439;REGISTRO;Acumulo de óleo sobre o pavimento;Tombamento;Com Vítimas Feridas;Pleno dia;Decrescente;Nublado;Simples;Curva;Sim;1;0;1;0;0;0;1;1;-24,45863497;-47,81421661;SPRF-SP;DEL05-SP;UOP01-DEL05-SP
575644;19/01/2024;sexta-feira;06:45:00;MG;381;686,3;LAVRAS;Reação tardia ou ineficiente do condutor;Colisão com objeto;Com Vítimas Feridas;Pleno dia;Crescente;Ignorado;Dupla;Curva;Não;2;0;2;0;0;0;2;1;-21,20030689;-45,11944438;SPRF-MG;DEL04-MG;UOP02-DEL04-MG
575646;19/01/2024;sexta-feira;08:50:00;GO;60;390;RIO VERDE;Reação tardia ou ineficiente do condutor;Colisão com objeto;Sem Vítimas;Pleno dia;Decrescente;Céu Claro;Dupla;Reta;Sim;1;0;0;0;1;0;0;1;-17,823;-50,9515;SPRF-GO;DEL04-GO;UOP02-DEL04-GO
575647;19/01/2024;sexta-feira;08:40:00;MG;50;71;UBERLANDIA;Ausência de reação do condutor;Colisão traseira;Com Vítimas Feridas;Pleno dia;Decrescente;Céu Claro;Dupla;Reta;Sim;2;0;1;0;1;0;1;2;-18,89749635;-48,24472189;SPRF-MG;DEL15-MG;UOP01-DEL15-MG
575648;19/01/2024;sexta-feira;08:00:00;PR;369;184,7;ARAPONGAS;Ultrapassagem Indevida;Colisão lateral mesmo sentido;Com Vítimas Feridas;Pleno dia;Decrescente;Nublado;Simples;Reta;Sim;2;0;1;0;1;0;1;2;-23,4061672;-51,4282854;SPRF-PR;DEL07-PR;UOP03-DEL07-PR
575650;19/01/2024;sexta-feira;07:50:00;RO;319;60;PORTO VELHO;Reação tardia ou ineficiente do condutor;Colisão traseira;Com Vítimas Feridas;Pleno dia;Crescente;Céu Claro;Dupla;Reta;Sim;2;0;1;0;1;0;1;2;-8,766685;-63,884052;SPRF-RO;DEL01-RO;UOP01-DEL01-RO
575651;19/01/2024;sexta-feira;08:40:00;SP;116;439;REGISTRO;Pista Escorregadia;Queda de ocupante de veículo;Com Vítimas Feridas;Pleno dia;Decrescente;Nublado;Simples;"Aclive;Curva";Sim;1;0;1;0;0;0;1;1;-24,45842012;-47,81421661;SPRF-SP;DEL05-SP;UOP01-DEL05-SP
575652;19/01/2024;sexta-feira;08:50:00;SP;116;439;REGISTRO;Acumulo de óleo sobre o pavimento;Tombamento;Com Vítimas Feridas;Pleno dia;Decrescente;Nublado;Simples;Curva;Sim;1;0;1;0;0;0;1;1;-24,45859591;-47,81421661;SPRF-SP;DEL05-SP;UOP01-DEL05-SP
575657;12/01/2024;sexta-feira;21:00:00;GO;60;462,4;JATAI;Reação tardia ou ineficiente do condutor;Tombamento;Com Vítimas Feridas;Plena Noite;Decrescente;Nublado;Dupla;"Declive;Curva";Não;1;0;0;1;0;0;1;1;-17,8742;-51,6338;SPRF-GO;DEL05-GO;UOP01-DEL05-GO
575659;19/01/2024;sexta-feira;08:30:00;SC;101;327;CAPIVARI DE BAIXO;Condutor deixou de manter distância do veículo da frente;Colisão traseira;Com Vítimas Feridas;Pleno dia;Crescente;Céu Claro;Dupla;Reta;Sim;3;0;2;0;1;0;2;2;-28,43023306;-48,95205197;SPRF-SC;DEL02-SC;UOP01-DEL02-SC
575661;19/01/2024;sexta-feira;03:20:00;SC;101;143;ITAPEMA;Manobra de mudança de faixa;Colisão com objeto;Sem Vítimas;Pleno dia;Crescente;Nublado;Dupla;Reta;Sim;1;0;0;0;1;0;0;1;-27,06436;-48,59599405;SPRF-SC;DEL04-SC;UOP03-DEL04-SC
575662;19/01/2024;sexta-feira;08:40:00;RJ;101;196;CASIMIRO DE ABREU;Ausência de reação do condutor;Colisão com objeto;Com Vítimas Feridas;Pleno dia;Decrescente;Chuva;Dupla;Curva;Não;1;0;1;0;0;0;1;1;-22,49207101;-42,10926701;SPRF-RJ;DEL08-RJ;UOP04-DEL08-RJ
575663;19/01/2024;sexta-feira;09:50:00;RJ;116;170;RIO DE JANEIRO;Ausência de reação do condutor;Colisão traseira;Com Vítimas Feridas;Pleno dia;Crescente;Nublado;Múltipla;"Aclive;Reta";Sim;3;0;2;0;1;0;2;2;-22,81113183;-43,3336729;SPRF-RJ;DEL06-RJ;UOP01-DEL06-RJ
575665;19/01/2024;sexta-feira;10:00:00;SP;153;64;SAO JOSE DO RIO PRETO;Demais falhas mecânicas ou elétricas;Tombamento;Com Vítimas Feridas;Pleno dia;Crescente;Céu Claro;Dupla;Reta;Não;1;0;1;0;0;0;1;1;-20,82919401;-49,36046325;SPRF-SP;DEL09-SP;UOP01-DEL09-SP
575667;19/01/2024;sexta-feira;10:00:00;SC;101;185,1;BIGUACU;Manobra de mudança de faixa;Colisão lateral mesmo sentido;Com Vítimas Feridas;Pleno dia;Decrescente;Céu Claro;Dupla;Retorno Regulamentado;Sim;2;0;1;0;1;0;1;2;-27,42536698;-48,62465876;SPRF-SC;DEL01-SC;UOP01-DEL01-SC
575668;14/01/2024;domingo;03:00:00;PE;232;409;SERRA TALHADA;Ausência de reação do condutor;Tombamento;Com Vítimas Feridas;Plena Noite;Decrescente;Céu Claro;Simples;Reta;Não;1;0;0;1;0;0;1;1;-7,981944;-38,289467;SPRF-PE;DEL04-PE;UOP01-DEL04-PE
575671;19/01/2024;sexta-feira;09:20:00;MG;262;35,1;MANHUACU;Ausência de reação do condutor;Atropelamento de Pedestre;Com Vítimas Feridas;Pleno dia;Decrescente;Céu Claro;Simples;Interseção de Vias;Sim;2;0;1;0;1;0;1;2;-20,2592562;-42,01698194;SPRF-MG;DEL06-MG;UOP03-DEL06-MG
575675;19/01/2024;sexta-feira;10:10:00;TO;153;674;GURUPI;Ingestão de álcool pelo condutor;Saída de leito carroçável;Sem Vítimas;Pleno dia;Crescente;Nublado;Dupla;"Reta;Retorno Regulamentado";Sim;1;0;0;0;1;0;0;1;-11,74596399;-49,08518001;SPRF-TO;DEL01-TO;UOP02-DEL01-TO
575676;19/01/2024;sexta-feira;11:00:00;RJ;101;324;NITEROI;Reação tardia ou ineficiente do condutor;Colisão lateral mesmo sentido;Sem Vítimas;Pleno dia;Decrescente;Nublado;Simples;"Reta;Ponte";Sim;3;0;0;0;3;0;0;2;-22,87381074;-43,12640997;SPRF-RJ;DEL02-RJ;UOP01-DEL02-RJ
575681;19/01/2024;sexta-feira;11:00:00;SC;101;227,2;PALHOCA;Reação tardia ou ineficiente do condutor;Colisão traseira;Com Vítimas Feridas;Pleno dia;Decrescente;Céu Claro;Dupla;Reta;Não;3;0;2;0;1;0;2;2;-27,7509149;-48,63460277;SPRF-SC;DEL01-SC;UOP02-DEL01-SC
575684;19/01/2024;sexta-feira;10:40:00;RJ;101;229;SILVA JARDIM;Ausência de reação do condutor;Saída de leito carroçável;Com Vítimas Feridas;Pleno dia;Crescente;Nublado;Dupla;Curva;Não;1;0;1;0;0;0;1;1;-22,5666;-42,373958;SPRF-RJ;DEL02-RJ;UOP03-DEL02-RJ