id;data_inversa;dia_semana;horario;uf;br;km;municipio;causa_acidente;tipo_acidente;classificacao_acidente;fase_dia;sentido_via;condicao_metereologica;tipo_pista;tracado_via;uso_solo;pessoas;mortos;feridos_leves;feridos_graves;ilesos;ignorados;feridos;veiculos;latitude;longitude;regional;delegacia;uop
575685;19/01/2024;sexta-feira;11:20:00;RJ;40;109;DUQUE DE CAXIAS;Ausência de reação do condutor;Colisão traseira;Com Vítimas Feridas;Pleno dia;Decrescente;Céu Claro;Múltipla;Reta;Sim;6;0;2;0;4;0;2;2;-22,67374628;-43,28638368;SPRF-RJ;DEL01-RJ;UOP02-DEL01-RJ
575687;11/01/2024;quinta-feira;22:30:00;MS;163;256;DOURADOS;Ausência de reação do condutor;Queda de ocupante de veículo;Com Vítimas Feridas;Plena Noite;Decrescente;Céu Claro;Dupla;Rotatória;Sim;1;0;0;1;0;0;1;1;-22,258688;-54,804028;SPRF-MS;DEL04-MS;UOP01-DEL04-MS
575688;19/01/2024;sexta-feira;12:16:00;PR;376;407,5;TIBAGI;Velocidade Incompatível;Colisão com objeto;Com Vítimas Feridas;Pleno dia;Decrescente;Nublado;Dupla;"Declive;Curva";Não;3;0;2;0;1;0;2;1;-24,60274493;-50,66420853;SPRF-PR;DEL03-PR;UOP02-DEL03-PR
575689;19/01/2024;sexta-feira;11:15:00;MS;163;23;MUNDO NOVO;Acessar a via sem observar a presença dos outros veículos;Colisão transversal;Com Vítimas Feridas;Pleno dia;Decrescente;Nublado;Simples;Reta;Não;3;0;0;1;2;0;1;2;-23,90417813;-54,30157316;SPRF-MS;DEL09-MS;UOP02-DEL09-MS
575690;19/01/2024;sexta-feira;11:20:00;SP;116;59,4;GUARATINGUETA;Transitar no Acostamento;Colisão lateral mesmo sentido;Com Vítimas Feridas;Pleno dia;Decrescente;Nublado;Dupla;Reta;Não;2;0;1;0;1;0;1;2;-22,78555649;-45,15339465;SPRF-SP;DEL08-SP;UOP01-DEL08-SP
575692;19/01/2024;sexta-feira;11:00:00;BA;101;41;ESPLANADA;Animais na Pista;Capotamento;Com Vítimas Feridas;Pleno dia;Crescente;Céu Claro;Simples;Declive;Não;2;0;2;0;0;0;2;1;-11,86585201;-37,99130917;SPRF-SE;DEL02-SE;UOP03-DEL02-SE
575693;18/01/2024;quinta-feira;20:00:00;SC;280;269,5;IRINEOPOLIS;Reação tardia ou ineficiente do condutor;Colisão com objeto;Com Vítimas Fatais;Plena Noite;Crescente;Chuva;Simples;Reta;Não;1;1;0;0;0;0;0;1;-26,26284242;-50,72452068;SPRF-SC;DEL06-SC;UOP04-DEL06-SC
575694;19/01/2024;sexta-feira;12:35:00;MG;381;482,9;BETIM;Acumulo de óleo sobre o pavimento;Tombamento;Com Vítimas Feridas;Pleno dia;Crescente;Céu Claro;Múltipla;"Declive;Curva";Sim;1;0;1;0;0;0;1;1;-19,95755123;-44,07873999;SPRF-MG;DEL01-MG;UOP03-DEL01-MG
575695;19/01/2024;sexta-feira;11:40:00;MA;10;259;IMPERATRIZ;Acessar a via sem observar a presença dos outros veículos;Colisão transversal;Com Vítimas Feridas;Pleno dia;Decrescente;Céu Claro;Simples;"Reta;Interseção de Vias";Sim;2;0;2;0;0;0;2;2;-5,472474;-47,472221;SPRF-MA;DEL04-MA;UOP01-DEL04-MA
575698;19/01/2024;sexta-feira;11:25:00;RO;319;64;PORTO VELHO;Manobra de mudança de faixa;Colisão lateral mesmo sentido;Com Vítimas Feridas;Pleno dia;Decrescente;Céu Claro;Dupla;Reta;Sim;2;0;1;0;1;0;1;2;-8,766685;-63,884052;SPRF-RO;DEL01-RO;UOP01-DEL01-RO
575699;19/01/2024;sexta-feira;12:20:00;RS;470;214;BENTO GONCALVES;Reação tardia ou ineficiente do condutor;Saída de leito carroçável;Sem Vítimas;Pleno dia;Crescente;Céu Claro;Simples;Curva;Não;1;0;0;0;0;1;0;1;-29,14408811;-51,53555411;SPRF-RS;DEL06-RS;UOP01-DEL06-RS
575702;19/01/2024;sexta-feira;13:00:00;SC;101;135;BALNEARIO CAMBORIU;Reação tardia ou ineficiente do condutor;Colisão frontal;Com Vítimas Feridas;Pleno dia;Decrescente;Céu Claro;Dupla;Reta;Sim;2;0;1;0;1;0;1;2;-27,0050108;-48,62677494;SPRF-SC;DEL04-SC;UOP03-DEL04-SC
575704;11/01/2024;quinta-feira;20:41:00;CE;304;41;ARACATI;Avarias e/ou desgaste excessivo no pneu;Tombamento;Com Vítimas Feridas;Plena Noite;Decrescente;Céu Claro;Simples;Reta;Não;2;0;2;0;0;0;2;1;-4,57958432;-37,84253999;SPRF-CE;DEL03-CE;UOP03-DEL03-CE
575709;19/01/2024;sexta-feira;12:40:00;SE;101;149;ESTANCIA;Condutor deixou de manter distância do veículo da frente;Colisão traseira;Com Vítimas Feridas;Pleno dia;Decrescente;Céu Claro;Simples;Reta;Sim;5;0;1;0;4;0;1;2;-11,24076315;-37,43120873;SPRF-SE;DEL02-SE;UOP01-DEL02-SE
575710;19/01/2024;sexta-feira;13:30:00;CE;116;3;FORTALEZA;Condutor deixou de manter distância do veículo da frente;Colisão traseira;Com Vítimas Feridas;Pleno dia;Crescente;Sol;Múltipla;Reta;Sim;2;0;1;0;0;1;1;2;-3,77866493;-38,51490171;SPRF-CE;DEL01-CE;UOP02-DEL01-CE
575716;19/01/2024;sexta-feira;13:40:00;RJ;101;482;ANGRA DOS REIS;Acessar a via sem observar a presença dos outros veículos;Colisão transversal;Com Vítimas Feridas;Pleno dia;Decrescente;Nublado;Dupla;"Interseção de Vias;Reta";Sim;2;0;1;0;1;0;1;2;-23,00453;-44,29746;SPRF-RJ;DEL03-RJ;UOP03-DEL03-RJ
575717;19/01/2024;sexta-feira;11:00:00;SC;282;59;IRANI;Desrespeitar a preferência no cruzamento;Colisão transversal;Com Vítimas Feridas;Pleno dia;Crescente;Nublado;Simples;"Interseção de Vias;Rotatória";Não;6;0;2;2;2;0;4;2;-26,96947494;-51,85476923;SPRF-SC;DEL01-SC;UOP03-DEL01-SC
575718;19/01/2024;sexta-feira;11:37:00;SC;282;212,2;LAGES;Acessar a via sem observar a presença dos outros veículos;Colisão transversal;Com Vítimas Feridas;Pleno dia;Decrescente;Nublado;Simples;"Interseção de Vias;Declive";Não;3;0;1;1;1;0;2;2;-27,782257;-50,251381;SPRF-SC;DEL05-SC;UOP01-DEL05-SC
575721;19/01/2024;sexta-feira;14:30:00;MG;146;462,3;BOTELHOS;Acessar a via sem observar a presença dos outros veículos;Colisão transversal;Com Vítimas Feridas;Pleno dia;Crescente;Céu Claro;Simples;"Reta;Interseção de Vias";Não;3;0;2;0;1;0;2;2;-21,63214323;-46,40747738;SPRF-MG;DEL09-MG;UOP01-DEL09-MG
575723;19/01/2024;sexta-feira;13:50:00;RN;304;43,1;MOSSORO;Reação tardia ou ineficiente do condutor;Colisão com objeto;Com Vítimas Feridas;Pleno dia;Crescente;Céu Claro;Múltipla;Reta;Sim;3;0;2;1;0;0;3;1;-5,21815835;-37,36500124;SPRF-RN;DEL04-RN;UOP01-DEL04-RN
575724;19/01/2024;sexta-feira;13:30:00;SE;101;2;PROPRIA;Acessar a via sem observar a presença dos outros veículos;Colisão lateral mesmo sentido;Com Vítimas Feridas;Pleno dia;Crescente;Céu Claro;Dupla;Interseção de Vias;Não;2;0;1;0;1;0;1;2;-10,22260924;-36,83049779;SPRF-SE;DEL02-SE;UOP02-DEL02-SE
575726;19/01/2024;sexta-feira;14:35:00;SC;101;2,3;ARARANGUA;Condutor deixou de manter distância do veículo da frente;Colisão traseira;Sem Vítimas;Pleno dia;Decrescente;Céu Claro;Simples;Interseção de Vias;Sim;2;0;0;0;2;0;0;2;-28,93981019;-49,49769974;SPRF-SC;DEL02-SC;UOP02-DEL02-SC
575727;19/01/2024;sexta-feira;14:18:00;MG;116;415,5;GOVERNADOR VALADARES;Acessar a via sem observar a presença dos outros veículos;Colisão transversal;Com Vítimas Feridas;Pleno dia;Crescente;Céu Claro;Simples;"Reta;Interseção de Vias";Sim;2;0;1;0;1;0;1;2;-18,88401297;-41,94924399;SPRF-MG;DEL06-MG;UOP01-DEL06-MG
575728;19/01/2024;sexta-feira;14:20:00;CE;116;314,9;JAGUARIBE;Demais falhas mecânicas ou elétricas;Eventos atípicos;Com Vítimas Feridas;Pleno dia;Decrescente;Céu Claro;Simples;Reta;Não;3;0;0;1;1;1;1;3;-5,94449716;-38,63265038;SPRF-CE;DEL05-CE;UOP02-DEL05-CE
575730;19/01/2024;sexta-feira;15:15:00;PR;116;97,9;SAO JOSE DOS PINHAIS;Manobra de mudança de faixa;Tombamento;Com Vítimas Feridas;Pleno dia;Crescente;Céu Claro;Dupla;Reta;Sim;1;0;1;0;0;0;1;1;-25,51973222;-49,13431573;SPRF-PR;DEL01-PR;UOP07-DEL01-PR
575731;19/01/2024;sexta-feira;15:40:00;SC;101;135;BALNEARIO CAMBORIU;Ausência de reação do condutor;Colisão traseira;Com Vítimas Feridas;Pleno dia;Crescente;Céu Claro;Múltipla;Reta;Sim;2;0;0;1;1;0;1;2;-27,0050108;-48,62677494;SPRF-SC;DEL04-SC;UOP03-DEL04-SC
575734;19/01/2024;sexta-feira;15:20:00;RN;101;96;NATAL;Manobra de mudança de faixa;Colisão lateral mesmo sentido;Com Vítimas Feridas;Pleno dia;Decrescente;Céu Claro;Múltipla;Reta;Sim;2;0;1;0;1;0;1;2;-5,84949622;-35,20890752;SPRF-RN;DEL01-RN;UOP01-DEL01-RN
575735;19/01/2024;sexta-feira;12:30:00;PI;343;142;PIRACURUCA;Ausência de reação do condutor;Colisão lateral mesmo sentido;Com Vítimas Feridas;Pleno dia;Decrescente;Céu Claro;Simples;"Ponte;Reta";Sim;2;0;2;0;0;0;2;2;-3,937132;-41,717117;SPRF-PI;DEL02-PI;UOP01-DEL02-PI
575736;19/01/2024;sexta-feira;08:00:00;RJ;101;477;ANGRA DOS REIS;Transitar na contramão;Colisão transversal;Com Vítimas Feridas;Pleno dia;Crescente;Nublado;Simples;Reta;Sim;2;0;1;0;1;0;1;2;-22,99923676;-44,2684865;SPRF-RJ;DEL03-RJ;UOP03-DEL03-RJ
575737;19/01/2024;sexta-feira;15:30:00;CE;116;1;FORTALEZA;Trafegar com motocicleta (ou similar) entre as faixas;Colisão lateral mesmo sentido;Com Vítimas Feridas;Pleno dia;Decrescente;Céu Claro;Múltipla;Reta;Sim;2;0;1;0;1;0;1;2;-3,76159894;-38,51900662;SPRF-CE;DEL01-CE;UOP02-DEL01-CE
575738;19/01/2024;sexta-feira;13:50:00;BA;242;625;MUQUEM DE SAO FRANCISCO;Reação tardia ou ineficiente do condutor;Saída de leito carroçável;Com Vítimas Feridas;Pleno dia;Decrescente;Céu Claro;Simples;Reta;Não;2;0;1;0;1;0;1;1;-12,14229431;-43,36896604;SPRF-BA;DEL10-BA;UOP02-DEL10-BA
575740;19/01/2024;sexta-feira;15:50:00;RS;290;95;PORTO ALEGRE;Manobra de mudança de faixa;Colisão lateral mesmo sentido;Com Vítimas Feridas;Pleno dia;Crescente;Sol;Dupla;Reta;Sim;2;0;1;0;1;0;1;2;-29,982832;-51,201572;SPRF-RS;DEL01-RS;UOP01-DEL01-RS
575743;19/01/2024;sexta-feira;12:20:00;AL;316;87,7;SANTANA DO IPANEMA;Ausência de reação do condutor;Colisão traseira;Com Vítimas Feridas;Pleno dia;Crescente;Céu Claro;Simples;"Aclive;Reta";Não;3;0;1;0;2;0;1;2;-9,37623216;-37,22677605;SPRF-AL;DEL03-AL;UOP02-DEL03-AL
575744;19/01/2024;sexta-feira;16:00:00;SC;101;144;ITAPEMA;Manobra de mudança de faixa;Colisão lateral mesmo sentido;Com Vítimas Feridas;Pleno dia;Decrescente;Céu Claro;Dupla;Reta;Sim;3;0;2;0;1;0;2;2;-27,0732659;-48,59672716;SPRF-SC;DEL04-SC;UOP03-DEL04-SC
575746;19/01/2024;sexta-feira;14:15:00;RO;364;889;PORTO VELHO;Reação tardia ou ineficiente do condutor;Saída de leito carroçável;Com Vítimas Feridas;Pleno dia;Decrescente;Chuva;Dupla;Reta;Não;2;0;2;0;0;0;2;1;-9,66381975;-65,03158008;SPRF-RO;DEL01-RO;UOP02-DEL01-RO
575747;19/01/2024;sexta-feira;16:00:00;PE;232;409;SERRA TALHADA;Acessar a via sem observar a presença dos outros veículos;Colisão lateral mesmo sentido;Com Vítimas Feridas;Pleno dia;Decrescente;Céu Claro;Dupla;Reta;Sim;2;0;1;0;0;1;1;2;-7,981944;-38,289467;SPRF-PE;DEL04-PE;UOP01-DEL04-PE
575748;19/01/2024;sexta-feira;16:30:00;RJ;101;306;SAO GONCALO;Condutor deixou de manter distância do veículo da frente;Colisão traseira;Sem Vítimas;Pleno dia;Crescente;Céu Claro;Dupla;Reta;Sim;2;0;0;0;2;0;0;2;-22,78913759;-43,00550909;SPRF-RJ;DEL02-RJ;UOP02-DEL02-RJ
575749;19/01/2024;sexta-feira;14:00:00;RO;364;340;JI-PARANA;Transitar no Acostamento;Colisão lateral mesmo sentido;Com Vítimas Feridas;Pleno dia;Crescente;Garoa/Chuvisco;Múltipla;Reta;Sim;2;0;1;0;1;0;1;2;-10,898802;-61,93046;SPRF-RO;DEL02-RO;UOP01-DEL02-RO
575750;19/01/2024;sexta-feira;15:25:00;PR;369;460,3;CORBELIA;Avarias e/ou desgaste excessivo no pneu;Saída de leito carroçável;Com Vítimas Feridas;Pleno dia;Crescente;Chuva;Simples;"Aclive;Reta";Não;1;0;1;0;0;0;1;1;-24,61552;-53,20431;SPRF-PR;DEL04-PR;UOP03-DEL04-PR
575751;19/01/2024;sexta-feira;13:00:00;PR;153;475;PORTO VITORIA;Avarias e/ou desgaste excessivo no pneu;Colisão frontal;Com Vítimas Fatais;Pleno dia;Crescente;Chuva;Simples;Curva;Não;6;1;2;2;1;0;4;3;-26,325266;-51,232945;SPRF-PR;DEL02-PR;UOP03-DEL02-PR
575754;19/01/2024;sexta-feira;16:18:00;DF;70;19;BRASILIA;Reação tardia ou ineficiente do condutor;Saída de leito carroçável;Com Vítimas Feridas;Pleno dia;Decrescente;Céu Claro;Dupla;"Curva;Aclive";Sim;1;0;1;0;0;0;1;1;-15,788868;-48,220242;SPRF-DF;DEL03-DF;UOP02-DEL03-DF
575757;19/01/2024;sexta-feira;08:00:00;GO;70;329;JUSSARA;Ingestão de álcool pelo condutor;Saída de leito carroçável;Com Vítimas Fatais;Pleno dia;Decrescente;Céu Claro;Simples;Curva;Não;2;1;0;1;0;0;1;1;-15,87542011;-50,95746886;SPRF-GO;DEL04-GO;UOP02-DEL04-GO
575758;19/01/2024;sexta-feira;17:00:00;PE;232;9;JABOATAO DOS GUARARAPES;Ultrapassagem Indevida;Colisão lateral mesmo sentido;Com Vítimas Feridas;Anoitecer;Crescente;Nublado;Dupla;Aclive;Sim;2;0;1;0;1;0;1;2;-8,084801;-35,000255;SPRF-PE;DEL01-PE;UOP01-DEL01-PE
575759;19/01/2024;sexta-feira;17:20:00;SC;101;2,5;GARUVA;Ausência de reação do condutor;Saída de leito carroçável;Com Vítimas Feridas;Pleno dia;Crescente;Chuva;Dupla;"Curva;Declive";Não;2;0;2;0;0;0;2;1;-26,00788699;-48,86529922;SPRF-SC;DEL03-SC;UOP01-DEL03-SC
575760;19/01/2024;sexta-feira;15:00:00;PR;376;504;PONTA GROSSA;Ausência de reação do condutor;Queda de ocupante de veículo;Com Vítimas Feridas;Pleno dia;Decrescente;Céu Claro;Dupla;Reta;Sim;2;0;1;0;1;0;1;2;-25,23024416;-50,04503118;SPRF-PR;DEL03-PR;UOP04-DEL03-PR
575761;19/01/2024;sexta-feira;17:45:00;SP;116;227;GUARULHOS;Ausência de reação do condutor;Tombamento;Com Vítimas Feridas;Anoitecer;Decrescente;Chuva;Múltipla;Reta;Sim;1;0;1;0;0;0;1;1;-23,49659264;-46,55648754;SPRF-SP;DEL01-SP;UOP01-DEL01-SP
575762;19/01/2024;sexta-feira;17:35:00;RS;116;147,9;CAXIAS DO SUL;Trafegar com motocicleta (ou similar) entre as faixas;Colisão traseira;Com Vítimas Feridas;Pleno dia;Decrescente;Sol;Simples;Reta;Não;3;0;1;0;1;1;1;3;-29,14908014;-51,1429969;SPRF-RS;DEL05-RS;UOP01-DEL05-RS
575763;19/01/2024;sexta-feira;16:50:00;PR;376;4;MANDAGUARI;Condutor desrespeitou a iluminação vermelha do semáforo;Colisão transversal;Sem Vítimas;Pleno dia;Crescente;Nublado;Simples;"Reta;Interseção de Vias";Sim;3;0;0;0;2;1;0;3;-23,51739425;-51,6827023;SPRF-PR;DEL09-PR;UOP01-DEL09-PR
575764;19/01/2024;sexta-feira;18:00:00;SC;101;159;PORTO BELO;Ausência de reação do condutor;Saída de leito carroçável;Sem Vítimas;Anoitecer;Crescente;Céu Claro;Dupla;Reta;Sim;1;0;0;0;0;1;0;1;-27,1998778;-48,61534236;SPRF-SC;DEL04-SC;UOP03-DEL04-SC
575765;19/01/2024;sexta-feira;17:50:00;BA;367;23,2;PORTO SEGURO;Ausência de reação do condutor;Colisão traseira;Com Vítimas Feridas;Pleno dia;Crescente;Sol;Simples;Reta;Sim;3;0;2;0;1;0;2;2;-16,43517732;-39,07201198;SPRF-BA;DEL09-BA;UOP03-DEL09-BA
575766;19/01/2024;sexta-feira;15:40:00;AC;364;139;RIO BRANCO;Manobra de mudança de faixa;Colisão lateral mesmo sentido;Sem Vítimas;Pleno dia;Decrescente;Garoa/Chuvisco;Dupla;Rotatória;Sim;2;0;0;0;2;0;0;2;-9,95306335;-67,86231279;SPRF-AC;DEL01-AC;UOP01-DEL01-AC
575767;19/01/2024;sexta-feira;18:10:00;SC;101;114,9;ITAJAI;Condutor deixou de manter distância do veículo da frente;Colisão traseira;Com Vítimas Feridas;Pleno dia;Decrescente;Céu Claro;Múltipla;Reta;Não;2;0;0;1;1;0;1;2;-26,87064015;-48,72954134;SPRF-SC;DEL04-SC;UOP04-DEL04-SC
575769;19/01/2024;sexta-feira;17:40:00;ES;101;296;CARIACICA;Reação tardia ou ineficiente do condutor;Colisão traseira;Com Vítimas Feridas;Pleno dia;Crescente;Céu Claro;Dupla;"Curva;Aclive;Viaduto";Sim;5;0;2;0;3;0;2;4;-20,34029997;-40,40405712;SPRF-ES;DEL01-ES;UOP01-DEL01-ES
575770;19/01/2024;sexta-feira;16:57:00;SC;101;213;PALHOCA;Trafegar com motocicleta (ou similar) entre as faixas;Colisão traseira;Com Vítimas Feridas;Pleno dia;Decrescente;Céu Claro;Múltipla;Reta;Sim;2;0;1;0;1;0;1;2;-27,63697369;-48,66514142;SPRF-SC;DEL01-SC;UOP02-DEL01-SC
575771;19/01/2024;sexta-feira;15:00:00;BA;101;135;TEODORO SAMPAIO;Acesso irregular;Colisão lateral sentido oposto;Com Vítimas Fatais;Pleno dia;Crescente;Céu Claro;Simples;Reta;Não;4;1;1;0;2;0;1;2;-12,25795073;-38,64659211;SPRF-BA;DEL01-BA;UOP04-DEL01-BA
575773;19/01/2024;sexta-feira;18:20:00;GO;60;388;RIO VERDE;Condutor deixou de manter distância do veículo da frente;Colisão lateral mesmo sentido;Com Vítimas Feridas;Anoitecer;Decrescente;Nublado;Dupla;Reta;Não;2;0;1;0;1;0;1;2;-17,8151;-50,9343;SPRF-GO;DEL04-GO;UOP02-DEL04-GO
575774;19/01/2024;sexta-feira;18:15:00;RJ;101;331;RIO DE JANEIRO;Ausência de reação do condutor;Colisão traseira;Com Vítimas Feridas;Pleno dia;Crescente;Céu Claro;Dupla;Reta;Sim;2;0;1;0;1;0;1;2;-22,867662;-43,195337;SPRF-RJ;DEL02-RJ;UOP01-DEL02-RJ
575775;19/01/2024;sexta-feira;16:30:00;RJ;40;7;COMENDADOR LEVY GASPARIAN;Avarias e/ou desgaste excessivo no pneu;Colisão com objeto;Com Vítimas Feridas;Pleno dia;Decrescente;Céu Claro;Dupla;Curva;Não;1;0;1;0;0;0;1;1;-22,03172956;-43,2244336;SPRF-RJ;DEL05-RJ;UOP02-DEL05-RJ
575777;19/01/2024;sexta-feira;18:30:00;SE;235;48;ITABAIANA;Ingestão de álcool pelo condutor;Colisão lateral sentido oposto;Com Vítimas Feridas;Plena Noite;Crescente;Céu Claro;Simples;"Aclive;Reta";Sim;4;0;1;0;3;0;1;2;-10,724387;-37,41708;SPRF-SE;DEL01-SE;UOP02-DEL01-SE
575778;19/01/2024;sexta-feira;13:40:00;BA;116;141,5;CANUDOS;Falta de acostamento;Saída de leito carroçável;Com Vítimas Feridas;Pleno dia;Crescente;Céu Claro;Simples;Reta;Não;4;0;1;0;3;0;1;1;-9,84042301;-39,16240591;SPRF-BA;DEL07-BA;UOP01-DEL07-BA
575779;19/01/2024;sexta-feira;17:23:00;PE;101;61;RECIFE;Trafegar com motocicleta (ou similar) entre as faixas;Colisão lateral mesmo sentido;Sem Vítimas;Pleno dia;Decrescente;Céu Claro;Múltipla;Reta;Sim;2;0;0;0;1;1;0;2;-7,99097103;-34,93598295;SPRF-PE;DEL01-PE;UOP02-DEL01-PE
575780;19/01/2024;sexta-feira;18:30:00;PR;369;151,1;LONDRINA;Avarias e/ou desgaste excessivo no pneu;Tombamento;Com Vítimas Feridas;Pleno dia;Decrescente;Nublado;Dupla;"Aclive;Viaduto";Sim;2;0;1;1;0;0;2;1;-23,292873;-51,172987;SPRF-PR;DEL07-PR;UOP01-DEL07-PR
575781;19/01/2024;sexta-feira;18:18:00;SC;101;209,2;SAO JOSE;Manobra de mudança de faixa;Colisão lateral mesmo sentido;Com Vítimas Feridas;Pleno dia;Crescente;Céu Claro;Múltipla;Reta;Sim;2;0;1;0;1;0;1;2;-27,61110895;-48,64028335;SPRF-SC;DEL01-SC;UOP01-DEL01-SC
575782;19/01/2024;sexta-feira;17:00:00;RJ;40;112;DUQUE DE CAXIAS;Ausência de reação do condutor;Colisão lateral mesmo sentido;Com Vítimas Feridas;Pleno dia;Decrescente;Céu Claro;Múltipla;"Reta;Declive";Sim;4;0;1;0;3;0;1;4;-22,7004454;-43,29014851;SPRF-RJ;DEL01-RJ;UOP02-DEL01-RJ
575783;19/01/2024;sexta-feira;14:15:00;RS;287;280;SAO PEDRO DO SUL;Ausência de reação do condutor;Colisão traseira;Sem Vítimas;Pleno dia;Crescente;Céu Claro;Simples;Reta;Não;5;0;0;0;4;1;0;3;-29,6410317;-54,17002483;SPRF-RS;DEL09-RS;UOP01-DEL09-RS
575784;19/01/2024;sexta-feira;17:18:00;RJ;493;1;ITABORAI;Acessar a via sem observar a presença dos outros veículos;Colisão transversal;Com Vítimas Feridas;Pleno dia;Crescente;Céu Claro;Simples;Reta;Sim;2;0;1;0;1;0;1;2;-22,76398788;-42,92731895;SPRF-RJ;DEL02-RJ;UOP02-DEL02-RJ
575785;19/01/2024;sexta-feira;18:00:00;PR;153;1,8;IMBITUVA;Velocidade Incompatível;Colisão transversal;Com Vítimas Feridas;Anoitecer;Crescente;Céu Claro;Simples;"Aclive;Reta";Não;2;0;0;1;1;0;1;2;-25,196452;-50,598649;SPRF-PR;DEL03-PR;UOP01-DEL03-PR
575786;19/01/2024;sexta-feira;18:00:00;BA;116;419;FEIRA DE SANTANA;Demais falhas mecânicas ou elétricas;Incêndio;Sem Vítimas;Plena Noite;Crescente;Céu Claro;Dupla;Reta;Sim;1;0;0;0;1;0;0;1;-12,194529;-38,965336;SPRF-BA;DEL02-BA;UOP01-DEL02-BA
575787;19/01/2024;sexta-feira;18:55:00;SE;101;132;ESTANCIA;Condutor deixou de manter distância do veículo da frente;Colisão traseira;Com Vítimas Feridas;Plena Noite;Decrescente;Céu Claro;Dupla;Reta;Não;6;0;1;0;5;0;1;2;-11,11494293;-37,37630816;SPRF-SE;DEL02-SE;UOP01-DEL02-SE
575788;19/01/2024;sexta-feira;19:00:00;SC;101;66,3;ARAQUARI;Reação tardia ou ineficiente do condutor;Tombamento;Com Vítimas Feridas;Anoitecer;Decrescente;Nublado;Dupla;Curva;Não;1;0;1;0;0;0;1;1;-26,4825074;-48,7354213;SPRF-SC;DEL03-SC;UOP02-DEL03-SC
575789;19/01/2024;sexta-feira;18:30:00;PB;230;26;JOAO PESSOA;Reação tardia ou ineficiente do condutor;Colisão traseira;Com Vítimas Feridas;Plena Noite;Crescente;Céu Claro;Dupla;"Declive;Reta";Sim;3;0;1;1;1;0;2;2;-7,1693;-34,8782;SPRF-PB;DEL01-PB;UOP01-DEL01-PB
575791;19/01/2024;sexta-feira;20:00:00;CE;116;5,5;FORTALEZA;Acessar a via sem observar a presença dos outros veículos;Colisão lateral mesmo sentido;Com Vítimas Feridas;Plena Noite;Decrescente;Céu Claro;Dupla;Reta;Sim;2;0;2;0;0;0;2;2;-3,79467116;-38,50772734;SPRF-CE;DEL01-CE;UOP02-DEL01-CE
575792;19/01/2024;sexta-feira;19:20:00;SC;282;3,5;FLORIANOPOLIS;Manobra de mudança de faixa;Colisão traseira;Com Vítimas Feridas;Plena Noite;Crescente;Céu Claro;Dupla;Reta;Não;3;0;2;0;1;0;2;2;-27,600384;-48,599705;SPRF-SC;DEL01-SC;UOP01-DEL01-SC
575793;19/01/2024;sexta-feira;18:50:00;MT;163;1037;MATUPA;Ingestão de álcool pelo condutor;Colisão lateral sentido oposto;Com Vítimas Feridas;Plena Noite;Decrescente;Ignorado;Simples;Reta;Sim;3;0;1;0;2;0;1;2;-10,19802782;-54,9553299;SPRF-MT;DEL06-MT;UOP03-DEL06-MT
575794;19/01/2024;sexta-feira;19:00:00;BA;116;827,1;VITORIA DA CONQUISTA;Conversão proibida;Colisão transversal;Com Vítimas Feridas;Plena Noite;Decrescente;Céu Claro;Simples;"Interseção de Vias;Reta";Não;2;0;1;0;1;0;1;2;-14,88843658;-40,86084414;SPRF-BA;DEL08-BA;UOP01-DEL08-BA
575796;19/01/2024;sexta-feira;16:30:00;BA;116;619;JAGUAQUARA;Frear bruscamente;Queda de ocupante de veículo;Com Vítimas Feridas;Pleno dia;Decrescente;Sol;Simples;"Aclive;Reta";Não;1;0;1;0;0;0;1;1;-13,35700606;-40,01713362;SPRF-BA;DEL03-BA;UOP01-DEL03-BA
575799;19/01/2024;sexta-feira;20:00:00;SC;101;204,3;SAO JOSE;Condutor deixou de manter distância do veículo da frente;Colisão traseira;Com Vítimas Feridas;Plena Noite;Decrescente;Nublado;Múltipla;Reta;Sim;2;0;1;0;1;0;1;2;-27,57413014;-48,61363083;SPRF-SC;DEL01-SC;UOP01-DEL01-SC
575800;19/01/2024;sexta-feira;17:40:00;SC;470;300;CAMPOS NOVOS;Condutor Dormindo;Saída de leito carroçável;Com Vítimas Feridas;Pleno dia;Crescente;Céu Claro;Simples;Reta;Não;1;0;0;1;0;0;1;1;-27,372538;-51,046467;SPRF-SC;DEL07-SC;UOP06-DEL07-SC
575801;19/01/2024;sexta-feira;19:41:00;SC;101;412,9;ARARANGUA;Pedestre andava na pista;Atropelamento de Pedestre;Com Vítimas Fatais;Plena Noite;Crescente;Nublado;Dupla;Curva;Sim;2;1;0;0;1;0;0;2;-28,95317942;-49,53117371;SPRF-SC;DEL02-SC;UOP02-DEL02-SC
575803;19/01/2024;sexta-feira;18:30:00;SC;280;56,2;GUARAMIRIM;Condutor deixou de manter distância do veículo da frente;Colisão traseira;Com Vítimas Feridas;Plena Noite;Crescente;Nublado;Dupla;"Reta;Em Obras";Não;3;0;1;0;2;0;1;2;-26,47947677;-49,00298702;SPRF-SC;DEL03-SC;UOP03-DEL03-SC