id;data_inversa;dia_semana;horario;uf;br;km;municipio;causa_acidente;tipo_acidente;classificacao_acidente;fase_dia;sentido_via;condicao_metereologica;tipo_pista;tracado_via;uso_solo;pessoas;mortos;feridos_leves;feridos_graves;ilesos;ignorados;feridos;veiculos;latitude;longitude;regional;delegacia;uop
576037;20/01/2024;sábado;20:20:00;BA;116;420;FEIRA DE SANTANA;Ausência de reação do condutor;Saída de leito carroçável;Com Vítimas Feridas;Plena Noite;Decrescente;Céu Claro;Dupla;Reta;Sim;2;0;1;1;0;0;2;1;-12,21023;-38,96547;SPRF-BA;DEL02-BA;UOP01-DEL02-BA
576038;20/01/2024;sábado;18:15:00;BA;101;422;MARAU;Manobra de mudança de faixa;Colisão lateral sentido oposto;Com Vítimas Feridas;Anoitecer;Crescente;Nublado;Simples;Reta;Não;2;0;0;1;1;0;1;2;-14,256476;-39,323089;SPRF-BA;DEL05-BA;UOP03-DEL05-BA
576039;20/01/2024;sábado;19:45:00;DF;70;11;BRASILIA;Reação tardia ou ineficiente do condutor;Saída de leito carroçável;Com Vítimas Feridas;Plena Noite;Crescente;Céu Claro;Dupla;Reta;Sim;1;0;1;0;0;0;1;1;-15,789762;-48,148727;SPRF-DF;DEL03-DF;UOP02-DEL03-DF
576041;20/01/2024;sábado;19:26:00;ES;101;420,1;CACHOEIRO DE ITAPEMIRIM;Acessar a via sem observar a presença dos outros veículos;Colisão transversal;Com Vítimas Feridas;Plena Noite;Crescente;Nublado;Simples;Reta;Não;2;0;1;0;1;0;1;2;-20,9657538;-41,10735825;SPRF-ES;DEL03-ES;UOP02-DEL03-ES
576042;20/01/2024;sábado;20:30:00;ES;101;150;LINHARES;Ausência de reação do condutor;Tombamento;Com Vítimas Feridas;Plena Noite;Decrescente;Céu Claro;Dupla;Reta;Sim;1;0;1;0;0;0;1;1;-19,40436634;-40,06078896;SPRF-ES;DEL04-ES;UOP01-DEL04-ES
576043;20/01/2024;sábado;20:30:00;MG;381;353;JOAO MONLEVADE;Pista esburacada;Queda de ocupante de veículo;Com Vítimas Feridas;Plena Noite;Decrescente;Céu Claro;Simples;Curva;Não;2;0;2;0;0;0;2;1;-19,83894801;-43,18248641;SPRF-MG;DEL03-MG;UOP01-DEL03-MG
576044;20/01/2024;sábado;19:20:00;RJ;40;117;DUQUE DE CAXIAS;Ausência de reação do condutor;Colisão frontal;Com Vítimas Feridas;Plena Noite;Decrescente;Nublado;Simples;Reta;Sim;1;0;0;1;0;0;1;1;-22,745676;-43,2881;SPRF-RJ;DEL01-RJ;UOP02-DEL01-RJ
576045;20/01/2024;sábado;20:50:00;RN;101;81,7;SAO GONCALO DO AMARANTE;Estacionar ou parar em local proibido;Colisão traseira;Com Vítimas Feridas;Plena Noite;Crescente;Céu Claro;Dupla;Reta;Sim;2;0;0;1;1;0;1;2;-5,7654172;-35,28162718;SPRF-RN;DEL02-RN;UOP01-DEL02-RN
576046;20/01/2024;sábado;18:35:00;PR;376;165;MARINGA;Avarias e/ou desgaste excessivo no pneu;Queda de ocupante de veículo;Com Vítimas Feridas;Pleno dia;Crescente;Céu Claro;Dupla;Declive;Não;2;0;1;1;0;0;2;1;-23,39038641;-52,01421918;SPRF-PR;DEL09-PR;UOP01-DEL09-PR
576047;20/01/2024;sábado;20:30:00;SP;101;52;UBATUBA;Manobra de mudança de faixa;Colisão transversal;Com Vítimas Feridas;Plena Noite;Crescente;Chuva;Simples;Reta;Sim;2;0;1;0;1;0;1;2;-23,4623355;-45,06476561;SPRF-SP;DEL06-SP;UOP01-DEL06-SP
576048;20/01/2024;sábado;15:20:00;PE;428;190;PETROLINA;Ingestão de álcool pelo condutor;Queda de ocupante de veículo;Com Vítimas Feridas;Pleno dia;Decrescente;Céu Claro;Dupla;Reta;Sim;1;0;1;0;0;0;1;1;-9,38335465;-40,51620483;SPRF-PE;DEL06-PE;UOP01-DEL06-PE
576050;20/01/2024;sábado;21:10:00;SP;101;44,3;UBATUBA;Acessar a via sem observar a presença dos outros veículos;Colisão transversal;Com Vítimas Feridas;Plena Noite;Decrescente;Nublado;Simples;Reta;Sim;3;0;1;0;2;0;1;2;-23,41014346;-45,06455371;SPRF-SP;DEL06-SP;UOP01-DEL06-SP
576051;20/01/2024;sábado;20:10:00;PR;153;353,9;REBOUCAS;Reação tardia ou ineficiente do condutor;Saída de leito carroçável;Com Vítimas Feridas;Plena Noite;Crescente;Céu Claro;Simples;Reta;Não;1;0;0;1;0;0;1;1;-25,62594193;-50,719173;SPRF-PR;DEL08-PR;UOP02-DEL08-PR
576052;20/01/2024;sábado;21:30:00;SP;381;70,5;MAIRIPORA;Reação tardia ou ineficiente do condutor;Colisão com objeto;Sem Vítimas;Plena Noite;Crescente;Chuva;Dupla;"Aclive;Curva";Não;3;0;0;0;3;0;0;1;-23,34959;-46,55326;SPRF-SP;DEL03-SP;UOP01-DEL03-SP
576053;20/01/2024;sábado;21:10:00;RS;116;264;CANOAS;Ausência de reação do condutor;Colisão traseira;Com Vítimas Feridas;Plena Noite;Crescente;Garoa/Chuvisco;Dupla;Reta;Sim;4;0;2;0;2;0;2;2;-29,91331571;-51,17772281;SPRF-RS;DEL01-RS;UOP01-DEL01-RS
576054;20/01/2024;sábado;20:15:00;PR;163;142;CAPITAO LEONIDAS MARQUES;Ingestão de álcool pelo condutor;Colisão com objeto;Sem Vítimas;Plena Noite;Decrescente;Céu Claro;Dupla;Reta;Não;1;0;0;0;1;0;0;1;-25,48284277;-53,59229524;SPRF-PR;DEL05-PR;UOP05-DEL05-PR
576055;20/01/2024;sábado;20:15:00;RO;319;63;PORTO VELHO;Ingestão de álcool pelo condutor;Colisão traseira;Com Vítimas Feridas;Pleno dia;Crescente;Garoa/Chuvisco;Dupla;Reta;Sim;3;0;2;0;1;0;2;2;-8,766685;-63,884052;SPRF-RO;DEL01-RO;UOP01-DEL01-RO
576056;20/01/2024;sábado;21:00:00;SC;101;336,7;TUBARAO;Ingestão de álcool pelo condutor;Colisão com objeto;Sem Vítimas;Plena Noite;Crescente;Chuva;Múltipla;Curva;Sim;1;0;0;0;1;0;0;1;-28,49304529;-49,0414238;SPRF-SC;DEL02-SC;UOP01-DEL02-SC
576058;20/01/2024;sábado;19:30:00;TO;230;91;SAO BENTO DO TOCANTINS;Reação tardia ou ineficiente do condutor;Colisão frontal;Com Vítimas Feridas;Plena Noite;Crescente;Céu Claro;Simples;Reta;Sim;7;0;2;3;2;0;5;2;-6,03546808;-47,92978989;SPRF-TO;DEL02-TO;UOP03-DEL02-TO
576059;20/01/2024;sábado;21:20:00;GO;153;528,6;HIDROLANDIA;Condutor Dormindo;Saída de leito carroçável;Com Vítimas Fatais;Plena Noite;Crescente;Nublado;Dupla;Reta;Não;1;1;0;0;0;0;0;1;-16,9533;-49,2437;SPRF-GO;DEL01-GO;UOP03-DEL01-GO
576060;20/01/2024;sábado;19:00:00;CE;20;50,6;TAUA;Manobra de mudança de faixa;Colisão frontal;Com Vítimas Fatais;Plena Noite;Decrescente;Céu Claro;Simples;Reta;Não;2;1;1;0;0;0;1;2;-6,19560485;-40,50816524;SPRF-CE;DEL02-CE;UOP02-DEL02-CE
576061;20/01/2024;sábado;21:45:00;RS;392;660,1;CERRO LARGO;Ingestão de álcool pelo condutor;Saída de leito carroçável;Com Vítimas Feridas;Plena Noite;Crescente;Nublado;Simples;Curva;Não;1;0;1;0;0;0;1;1;-28,12093073;-54,71766472;SPRF-RS;DEL10-RS;UOP01-DEL10-RS
576062;20/01/2024;sábado;14:40:00;MG;116;639,5;FERVEDOURO;Mal súbito do condutor;Colisão frontal;Com Vítimas Feridas;Pleno dia;Decrescente;Céu Claro;Simples;Curva;Não;5;0;4;1;0;0;5;2;-20,64111391;-42,24462304;SPRF-MG;DEL07-MG;UOP02-DEL07-MG
576063;20/01/2024;sábado;21:40:00;MG;381;484,1;BETIM;Ingestão de álcool pelo condutor;Colisão com objeto;Com Vítimas Feridas;Plena Noite;Crescente;Nublado;Múltipla;"Curva;Declive";Não;1;0;1;0;0;0;1;1;-19,9590637;-44,0904276;SPRF-MG;DEL01-MG;UOP03-DEL01-MG
576064;20/01/2024;sábado;20:20:00;PR;277;655,1;MATELANDIA;Reação tardia ou ineficiente do condutor;Queda de ocupante de veículo;Com Vítimas Feridas;Plena Noite;Crescente;Céu Claro;Simples;Reta;Não;1;0;0;1;0;0;1;1;-25,2307921;-53,95278694;SPRF-PR;DEL05-PR;UOP02-DEL05-PR
576065;20/01/2024;sábado;22:25:00;SE;235;11;NOSSA SENHORA DO SOCORRO;Ingestão de álcool pelo condutor;Colisão traseira;Sem Vítimas;Plena Noite;Crescente;Céu Claro;Simples;Reta;Não;2;0;0;0;2;0;0;2;-10,877883;-37,156052;SPRF-SE;DEL01-SE;UOP01-DEL01-SE
576066;20/01/2024;sábado;22:10:00;ES;262;80,4;DOMINGOS MARTINS;Avarias e/ou desgaste excessivo no pneu;Colisão frontal;Com Vítimas Fatais;Plena Noite;Crescente;Chuva;Simples;"Declive;Curva";Não;6;1;3;2;0;0;5;2;-20,40386535;-40,97556717;SPRF-ES;DEL01-ES;UOP02-DEL01-ES
576068;20/01/2024;sábado;21:40:00;RJ;493;4;ITABORAI;Reação tardia ou ineficiente do condutor;Queda de ocupante de veículo;Com Vítimas Feridas;Plena Noite;Crescente;Céu Claro;Dupla;Reta;Não;1;0;1;0;0;0;1;1;-22,74828913;-42,9500441;SPRF-RJ;DEL02-RJ;UOP02-DEL02-RJ
576069;20/01/2024;sábado;21:30:00;MG;50;109;UBERABA;Reação tardia ou ineficiente do condutor;Saída de leito carroçável;Com Vítimas Feridas;Plena Noite;Crescente;Chuva;Dupla;Curva;Não;2;0;2;0;0;0;2;1;-19,21477497;-48,1473349;SPRF-MG;DEL13-MG;UOP01-DEL13-MG
576070;20/01/2024;sábado;21:30:00;RS;287;381;SANTIAGO;Demais falhas mecânicas ou elétricas;Incêndio;Sem Vítimas;Plena Noite;Decrescente;Céu Claro;Simples;Curva;Não;1;0;0;0;1;0;0;1;-29,29550312;-54,7706532;SPRF-RS;DEL12-RS;UOP02-DEL12-RS
576072;20/01/2024;sábado;22:50:00;CE;116;7;FORTALEZA;Acessar a via sem observar a presença dos outros veículos;Colisão lateral mesmo sentido;Com Vítimas Feridas;Plena Noite;Crescente;Céu Claro;Dupla;Reta;Não;3;0;2;0;1;0;2;2;-3,81361038;-38,50122213;SPRF-CE;DEL01-CE;UOP02-DEL01-CE
576073;20/01/2024;sábado;20:55:00;RJ;465;15;NOVA IGUACU;Acesso irregular;Colisão frontal;Com Vítimas Feridas;Plena Noite;Decrescente;Nublado;Simples;"Ponte;Curva";Não;2;0;1;0;1;0;1;2;-22,810925;-43,631504;SPRF-RJ;DEL06-RJ;UOP02-DEL06-RJ
576075;20/01/2024;sábado;22:00:00;SC;101;163,1;TIJUCAS;Deficiência do Sistema de Iluminação/Sinalização;Colisão traseira;Com Vítimas Feridas;Plena Noite;Crescente;Céu Claro;Dupla;Reta;Sim;2;0;1;1;0;0;2;2;-27,23461699;-48,63039809;SPRF-SC;DEL04-SC;UOP03-DEL04-SC
576077;20/01/2024;sábado;21:30:00;PR;153;36;ANDIRA;Conversão proibida;Colisão transversal;Com Vítimas Feridas;Plena Noite;Decrescente;Chuva;Simples;Reta;Sim;3;0;1;0;0;2;1;3;-23,04301892;-50,22946537;SPRF-PR;DEL07-PR;UOP04-DEL07-PR
576079;20/01/2024;sábado;20:45:00;RR;401;23;CANTA;Condutor Dormindo;Saída de leito carroçável;Sem Vítimas;Plena Noite;Crescente;Céu Claro;Simples;Curva;Não;1;0;0;0;0;1;0;1;2,87970998;-60,52007675;SPRF-RR;DEL01-RR;UOP01-DEL01-RR
576080;20/01/2024;sábado;23:30:00;MG;459;89,9;CONGONHAL;Velocidade Incompatível;Colisão frontal;Com Vítimas Feridas;Plena Noite;Crescente;Chuva;Simples;"Declive;Curva";Não;6;0;2;4;0;0;6;2;-22,14895359;-46,01900339;SPRF-MG;DEL09-MG;UOP01-DEL09-MG
576081;20/01/2024;sábado;21:15:00;SC;282;407,7;CATANDUVAS;Chuva;Saída de leito carroçável;Com Vítimas Feridas;Plena Noite;Crescente;Nublado;Simples;"Curva;Declive";Não;2;0;2;0;0;0;2;1;-27,083517;-51,662014;SPRF-SC;DEL07-SC;UOP05-DEL07-SC
576082;20/01/2024;sábado;23:20:00;RJ;101;407;ITAGUAI;Ingestão de álcool pelo condutor;Colisão traseira;Com Vítimas Feridas;Plena Noite;Crescente;Nublado;Dupla;Reta;Sim;3;0;0;1;1;1;1;3;-22,87672058;-43,81631971;SPRF-RJ;DEL03-RJ;UOP01-DEL03-RJ
576083;20/01/2024;sábado;23:46:00;SP;381;59,1;MAIRIPORA;Reação tardia ou ineficiente do condutor;Colisão traseira;Sem Vítimas;Plena Noite;Decrescente;Garoa/Chuvisco;Múltipla;Curva;Não;4;0;0;0;4;0;0;2;-23,28270705;-46,58787791;SPRF-SP;DEL03-SP;UOP01-DEL03-SP
576085;21/01/2024;domingo;00:45:00;SC;101;191;BIGUACU;Demais falhas mecânicas ou elétricas;Tombamento;Com Vítimas Feridas;Plena Noite;Crescente;Garoa/Chuvisco;Múltipla;Curva;Sim;2;0;1;0;1;0;1;1;-27,47730273;-48,64127329;SPRF-SC;DEL01-SC;UOP01-DEL01-SC
576086;21/01/2024;domingo;00:45:00;PR;277;7;PARANAGUA;Reação tardia ou ineficiente do condutor;Colisão com objeto;Sem Vítimas;Plena Noite;Crescente;Chuva;Dupla;"Curva;Declive;Viaduto";Não;1;0;0;0;0;1;0;1;-25,56040382;-48,58332932;SPRF-PR;DEL01-PR;UOP05-DEL01-PR
576087;21/01/2024;domingo;01:30:00;SC;101;216;PALHOCA;Acumulo de areia ou detritos sobre o pavimento;Tombamento;Com Vítimas Feridas;Plena Noite;Decrescente;Garoa/Chuvisco;Simples;Interseção de Vias;Sim;1;0;0;1;0;0;1;1;-27,65981409;-48,67747798;SPRF-SC;DEL01-SC;UOP02-DEL01-SC
576088;21/01/2024;domingo;01:50:00;MG;40;436;PARAOPEBA;Ingestão de álcool pelo condutor;Saída de leito carroçável;Com Vítimas Feridas;Plena Noite;Decrescente;Céu Claro;Dupla;Reta;Não;2;0;1;1;0;0;2;1;-19,22540708;-44,44298306;SPRF-MG;DEL02-MG;UOP01-DEL02-MG
576089;21/01/2024;domingo;00:15:00;SC;101;401,5;MARACAJA;Ausência de reação do condutor;Tombamento;Com Vítimas Feridas;Plena Noite;Crescente;Garoa/Chuvisco;Dupla;Reta;Não;2;0;1;0;1;0;1;1;-28,85594274;-49,44019434;SPRF-SC;DEL02-SC;UOP02-DEL02-SC
576090;21/01/2024;domingo;00:40:00;PB;101;9,6;MAMANGUAPE;Transitar na contramão;Colisão frontal;Com Vítimas Feridas;Plena Noite;Decrescente;Nublado;Dupla;Reta;Não;3;0;0;2;1;0;2;2;-6,578412;-35,14419;SPRF-PB;DEL01-PB;UOP04-DEL01-PB
576091;21/01/2024;domingo;02:00:00;DF;40;5;BRASILIA;Reação tardia ou ineficiente do condutor;Saída de leito carroçável;Com Vítimas Feridas;Plena Noite;Crescente;Garoa/Chuvisco;Dupla;Reta;Sim;1;0;1;0;0;0;1;1;-16,020903;-47,980541;SPRF-DF;DEL01-DF;UOP01-DEL01-DF
576094;21/01/2024;domingo;02:30:00;ES;259;83;BAIXO GUANDU;Ausência de reação do condutor;Saída de leito carroçável;Com Vítimas Feridas;Plena Noite;Decrescente;Chuva;Simples;Reta;Não;4;0;4;0;0;0;4;1;-19,51149932;-40,85998524;SPRF-ES;DEL02-ES;UOP01-DEL02-ES
576095;20/01/2024;sábado;23:11:00;MS;163;486,7;CAMPO GRANDE;Manobra de mudança de faixa;Colisão frontal;Com Vítimas Fatais;Plena Noite;Crescente;Nublado;Simples;Reta;Sim;5;1;1;3;0;0;4;2;-20,42493093;-54,54550758;SPRF-MS;DEL01-MS;UOP02-DEL01-MS
576096;21/01/2024;domingo;01:45:00;PR;116;116;CURITIBA;Ausência de reação do condutor;Colisão traseira;Sem Vítimas;Plena Noite;Crescente;Nublado;Dupla;Reta;Sim;2;0;0;0;2;0;0;2;-25,551487;-49,305096;SPRF-PR;DEL01-PR;UOP03-DEL01-PR
576097;21/01/2024;domingo;02:00:00;SC;101;333,3;TUBARAO;Acessar a via sem observar a presença dos outros veículos;Colisão transversal;Sem Vítimas;Plena Noite;Decrescente;Chuva;Simples;"Interseção de Vias;Viaduto";Sim;3;0;0;0;3;0;0;2;-28,46630107;-48,99653096;SPRF-SC;DEL02-SC;UOP01-DEL02-SC
576098;21/01/2024;domingo;00:20:00;MS;163;374,7;NOVA ALVORADA DO SUL;Velocidade Incompatível;Capotamento;Com Vítimas Feridas;Plena Noite;Decrescente;Nublado;Simples;Reta;Não;3;0;1;1;1;0;2;1;-21,39332793;-54,40779977;SPRF-MS;DEL02-MS;UOP01-DEL02-MS
576099;20/01/2024;sábado;23:30:00;MT;163;1056;MATUPA;Ausência de reação do condutor;Tombamento;Sem Vítimas;Plena Noite;Decrescente;Nevoeiro/Neblina;Simples;Reta;Não;1;0;0;0;1;0;0;1;-10,16007133;-54,93469767;SPRF-MT;DEL06-MT;UOP03-DEL06-MT
576101;21/01/2024;domingo;01:10:00;RJ;356;175;SAO JOAO DA BARRA;Acessar a via sem observar a presença dos outros veículos;Colisão transversal;Com Vítimas Feridas;Plena Noite;Crescente;Céu Claro;Simples;Interseção de Vias;Não;3;0;1;1;1;0;2;2;-21,700266;-41,0569;SPRF-RJ;DEL08-RJ;UOP02-DEL08-RJ
576102;21/01/2024;domingo;02:45:00;SC;101;205;SAO JOSE;Ingestão de álcool pelo condutor;Queda de ocupante de veículo;Com Vítimas Feridas;Plena Noite;Crescente;Garoa/Chuvisco;Dupla;Reta;Sim;1;0;1;0;0;0;1;1;-27,58313237;-48,61532885;SPRF-SC;DEL01-SC;UOP01-DEL01-SC
576104;21/01/2024;domingo;01:38:00;PB;230;156,7;CAMPINA GRANDE;Ausência de reação do condutor;Colisão com objeto;Com Vítimas Feridas;Plena Noite;Crescente;Céu Claro;Simples;"Reta;Desvio Temporário";Sim;1;0;0;1;0;0;1;1;-7,264;-35,9199;SPRF-PB;DEL02-PB;UOP01-DEL02-PB
576105;21/01/2024;domingo;01:00:00;PI;316;100,9;BARRO DURO;Animais na Pista;Atropelamento de Animal;Com Vítimas Feridas;Plena Noite;Decrescente;Nublado;Simples;Reta;Não;2;0;0;2;0;0;2;1;-5,83728946;-42,48844504;SPRF-PI;DEL04-PI;UOP02-DEL04-PI
576106;21/01/2024;domingo;03:15:00;RS;290;85;PORTO ALEGRE;Manobra de mudança de faixa;Colisão traseira;Sem Vítimas;Plena Noite;Decrescente;Nublado;Múltipla;Reta;Não;3;0;0;0;3;0;0;2;-29,9656054;-51,10067368;SPRF-RS;DEL01-RS;UOP01-DEL01-RS
576107;21/01/2024;domingo;03:00:00;PB;230;503;CAJAZEIRAS;Ingestão de álcool pelo condutor;Saída de leito carroçável;Sem Vítimas;Amanhecer;Crescente;Céu Claro;Simples;Reta;Não;1;0;0;0;1;0;0;1;-6,8962;-38,534;SPRF-PB;DEL03-PB;UOP03-DEL03-PB
576108;21/01/2024;domingo;02:50:00;GO;153;356;JARAGUA;Ingestão de álcool pelo condutor;Saída de leito carroçável;Com Vítimas Feridas;Plena Noite;Crescente;Céu Claro;Simples;"Interseção de Vias;Rotatória;Reta";Sim;1;0;1;0;0;0;1;1;-15,716531;-49,329445;SPRF-GO;DEL02-GO;UOP02-DEL02-GO
576110;21/01/2024;domingo;03:50:00;PR;277;584;CASCAVEL;Neblina;Colisão com objeto;Sem Vítimas;Plena Noite;Crescente;Nevoeiro/Neblina;Múltipla;Interseção de Vias;Não;1;0;0;0;1;0;0;1;-24,96408637;-53,40667371;SPRF-PR;DEL04-PR;UOP01-DEL04-PR
576111;21/01/2024;domingo;03:20:00;BA;101;709,7;EUNAPOLIS;Acesso irregular;Colisão lateral sentido oposto;Com Vítimas Feridas;Plena Noite;Decrescente;Céu Claro;Simples;Reta;Não;3;0;0;1;0;2;1;3;-16,48013692;-39,58194883;SPRF-BA;DEL09-BA;UOP01-DEL09-BA
576112;21/01/2024;domingo;03:20:00;PI;343;175,6;PIRIPIRI;Animais na Pista;Atropelamento de Animal;Com Vítimas Fatais;Plena Noite;Decrescente;Céu Claro;Simples;Reta;Não;2;1;0;0;1;0;0;2;-4,202044;-41,781467;SPRF-PI;DEL02-PI;UOP01-DEL02-PI
576113;21/01/2024;domingo;03:55:00;DF;60;22;BRASILIA;Ausência de reação do condutor;Saída de leito carroçável;Sem Vítimas;Plena Noite;Crescente;Nublado;Dupla;Reta;Não;1;0;0;0;1;0;0;1;-15,984106;-48,215378;SPRF-DF;DEL03-DF;UOP01-DEL03-DF
576115;21/01/2024;domingo;03:40:00;RJ;393;236;VASSOURAS;Conversão proibida;Colisão frontal;Com Vítimas Feridas;Plena Noite;Decrescente;Chuva;Simples;Reta;Não;3;0;2;1;0;0;3;2;-22,418015;-43,681941;SPRF-RJ;DEL05-RJ;UOP03-DEL05-RJ
576117;21/01/2024;domingo;03:20:00;MS;163;366,3;NOVA ALVORADA DO SUL;Ausência de reação do condutor;Saída de leito carroçável;Sem Vítimas;Amanhecer;Decrescente;Ignorado;Simples;Reta;Sim;1;0;0;0;0;1;0;1;-21,45560311;-54,3798887;SPRF-MS;DEL02-MS;UOP01-DEL02-MS
576118;21/01/2024;domingo;01:00:00;MG;459;82,1;CONGONHAL;Transitar no Acostamento;Colisão com objeto;Sem Vítimas;Plena Noite;Crescente;Chuva;Simples;"Aclive;Reta";Não;1;0;0;0;0;1;0;1;-22,157645;-46,09524;SPRF-MG;DEL09-MG;UOP01-DEL09-MG
576119;21/01/2024;domingo;04:00:00;PR;277;660,2;MATELANDIA;Condutor Dormindo;Colisão com objeto;Com Vítimas Feridas;Plena Noite;Decrescente;Céu Claro;Dupla;Curva;Não;1;0;1;0;0;0;1;1;-25,25136237;-53,99027796;SPRF-PR;DEL05-PR;UOP02-DEL05-PR
576121;21/01/2024;domingo;03:50:00;RO;364;710;PORTO VELHO;Ausência de reação do condutor;Colisão com objeto;Sem Vítimas;Plena Noite;Crescente;Chuva;Múltipla;Reta;Sim;1;0;0;0;0;1;0;1;-8,78732583;-63,8553822;SPRF-RO;DEL01-RO;UOP01-DEL01-RO
576122;21/01/2024;domingo;05:10:00;BA;116;859,5;VITORIA DA CONQUISTA;Ausência de reação do condutor;Saída de leito carroçável;Com Vítimas Feridas;Amanhecer;Decrescente;Céu Claro;Simples;Reta;Não;2;0;1;1;0;0;2;1;-15,124317;-41,034905;SPRF-BA;DEL08-BA;UOP01-DEL08-BA
576125;21/01/2024;domingo;05:28:00;CE;116;310,1;JAGUARIBE;Acessar a via sem observar a presença dos outros veículos;Colisão transversal;Com Vítimas Feridas;Pleno dia;Crescente;Céu Claro;Simples;Reta;Sim;2;0;1;0;1;0;1;2;-5,90307287;-38,62314223;SPRF-CE;DEL05-CE;UOP02-DEL05-CE
576126;21/01/2024;domingo;04:10:00;SC;101;290,8;IMBITUBA;Reação tardia ou ineficiente do condutor;Colisão traseira;Sem Vítimas;Plena Noite;Decrescente;Nublado;Dupla;Reta;Não;2;0;0;0;2;0;0;2;-28,26202477;-48,70403355;SPRF-SC;DEL02-SC;UOP03-DEL02-SC
576127;21/01/2024;domingo;04:50:00;PR;277;713;SANTA TEREZINHA DE ITAIPU;Retorno proibido;Saída de leito carroçável;Sem Vítimas;Plena Noite;Decrescente;Céu Claro;Dupla;"Retorno Regulamentado;Reta";Sim;1;0;0;0;1;0;0;1;-25,46144154;-54,44010119;SPRF-PR;DEL05-PR;UOP01-DEL05-PR
576128;21/01/2024;domingo;06:12:00;SP;116;224;GUARULHOS;Reação tardia ou ineficiente do condutor;Capotamento;Com Vítimas Feridas;Amanhecer;Crescente;Céu Claro;Múltipla;Reta;Sim;1;0;1;0;0;0;1;1;-23,48071896;-46,53271603;SPRF-SP;DEL01-SP;UOP01-DEL01-SP
576129;21/01/2024;domingo;05:00:00;RS;116;364;SENTINELA DO SUL;Ingestão de álcool pelo condutor;Saída de leito carroçável;Sem Vítimas;Amanhecer;Decrescente;Céu Claro;Simples;Desvio Temporário;Não;2;0;0;0;2;0;0;1;-30,65662083;-51,56347647;SPRF-RS;DEL02-RS;UOP02-DEL02-RS
576130;21/01/2024;domingo;05:30:00;PR;369;478;CORBELIA;Ingestão de álcool pelo condutor;Colisão com objeto;Com Vítimas Feridas;Amanhecer;Decrescente;Nevoeiro/Neblina;Simples;Reta;Não;1;0;1;0;0;0;1;1;-24,74351113;-53,26941401;SPRF-PR;DEL04-PR;UOP03-DEL04-PR
576131;21/01/2024;domingo;05:43:00;RN;406;103,3;JOAO CAMARA;Pedestre andava na pista;Atropelamento de Pedestre;Com Vítimas Fatais;Amanhecer;Decrescente;Nublado;Simples;Curva;Sim;2;1;0;0;0;1;0;2;-5,538434;-35,812181;SPRF-RN;DEL02-RN;UOP01-DEL02-RN
576132;21/01/2024;domingo;06:00:00;PR;163;216;CASCAVEL;Reação tardia ou ineficiente do condutor;Saída de leito carroçável;Com Vítimas Feridas;Amanhecer;Decrescente;Céu Claro;Dupla;"Reta;Aclive";Não;2;0;1;0;1;0;1;1;-24,9955871;-53,55699127;SPRF-PR;DEL04-PR;UOP01-DEL04-PR
576133;21/01/2024;domingo;05:00:00;MG;40;507,5;RIBEIRAO DAS NEVES;Reação tardia ou ineficiente do condutor;Saída de leito carroçável;Com Vítimas Feridas;Amanhecer;Crescente;Céu Claro;Dupla;Reta;Sim;1;0;0;1;0;0;1;1;-19,75431705;-44,14152606;SPRF-MG;DEL02-MG;UOP01-DEL02-MG
576134;21/01/2024;domingo;01:20:00;RS;472;578;URUGUAIANA;Ausência de reação do condutor;Saída de leito carroçável;Sem Vítimas;Plena Noite;Crescente;Céu Claro;Simples;Reta;Sim;2;0;0;0;0;2;0;2;-29,7671399;-57,018372;SPRF-RS;DEL13-RS;UOP01-DEL13-RS
576135;21/01/2024;domingo;05:50:00;MA;316;551,6;CAXIAS;Ingestão de álcool pelo condutor;Queda de ocupante de veículo;Com Vítimas Feridas;Amanhecer;Decrescente;Céu Claro;Dupla;Curva;Sim;2;0;2;0;0;0;2;1;-4,886332;-43,353386;SPRF-MA;DEL03-MA;UOP02-DEL03-MA
576136;21/01/2024;domingo;05:50:00;CE;116;200,9;LIMOEIRO DO NORTE;Condutor deixou de manter distância do veículo da frente;Colisão traseira;Com Vítimas Fatais;Pleno dia;Crescente;Céu Claro;Simples;Reta;Não;2;1;0;0;0;1;0;2;-5,18070673;-38,18925503;SPRF-CE;DEL03-CE;UOP01-DEL03-CE
576137;20/01/2024;sábado;22:00:00;RJ;116;317;ITATIAIA;Condutor deixou de manter distância do veículo da frente;Colisão traseira;Com Vítimas Feridas;Plena Noite;Crescente;Nublado;Dupla;Reta;Não;3;0;1;0;2;0;1;2;-22,46708478;-44,50067002;SPRF-RJ;DEL07-RJ;UOP02-DEL07-RJ
576138;21/01/2024;domingo;06:00:00;RS;448;1;ESTEIO;Ausência de reação do condutor;Colisão com objeto;Sem Vítimas;Amanhecer;Crescente;Céu Claro;Dupla;Reta;Sim;1;0;0;0;1;0;0;1;-29,836086;-51,182426;SPRF-RS;DEL01-RS;UOP02-DEL01-RS
576142;21/01/2024;domingo;04:45:00;BA;324;567;SAO SEBASTIAO DO PASSE;Demais falhas na via;Saída de leito carroçável;Com Vítimas Feridas;Amanhecer;Crescente;Céu Claro;Dupla;Reta;Não;2;0;2;0;0;0;2;1;-12,529901;-38,603207;SPRF-BA;DEL01-BA;UOP01-DEL01-BA