id;data_inversa;dia_semana;horario;uf;br;km;municipio;causa_acidente;tipo_acidente;classificacao_acidente;fase_dia;sentido_via;condicao_metereologica;tipo_pista;tracado_via;uso_solo;pessoas;mortos;feridos_leves;feridos_graves;ilesos;ignorados;feridos;veiculos;latitude;longitude;regional;delegacia;uop
576825;24/01/2024;quarta-feira;14:15:00;MG;40;757,1;EWBANK DA CAMARA;Velocidade Incompatível;Saída de leito carroçável;Com Vítimas Feridas;Pleno dia;Decrescente;Chuva;Simples;Curva;Não;3;0;1;0;2;0;1;1;-21,50323045;-43,53179519;SPRF-MG;DEL05-MG;UOP01-DEL05-MG
576828;24/01/2024;quarta-feira;11:00:00;PR;376;657;TIJUCAS DO SUL;Ausência de reação do condutor;Saída de leito carroçável;Com Vítimas Feridas;Pleno dia;Crescente;Garoa/Chuvisco;Dupla;Curva;Não;4;0;4;0;0;0;4;1;-25,85232468;-49,03032776;SPRF-PR;DEL01-PR;UOP04-DEL01-PR
576829;24/01/2024;quarta-feira;13:40:00;PR;153;462,6;PORTO VITORIA;Acessar a via sem observar a presença dos outros veículos;Colisão transversal;Com Vítimas Feridas;Pleno dia;Crescente;Chuva;Simples;"Aclive;Reta";Não;4;0;0;1;2;1;1;3;-26,25100541;-51,16238889;SPRF-PR;DEL02-PR;UOP03-DEL02-PR
576830;24/01/2024;quarta-feira;14:30:00;PB;230;117,3;INGA;Ausência de reação do condutor;Colisão com objeto;Com Vítimas Feridas;Pleno dia;Decrescente;Sol;Dupla;"Retorno Regulamentado;Reta";Não;2;0;1;0;1;0;1;2;-7,241158;-35,622272;SPRF-PB;DEL02-PB;UOP01-DEL02-PB
576831;24/01/2024;quarta-feira;14:00:00;SP;116;398;MIRACATU;Acumulo de água sobre o pavimento;Saída de leito carroçável;Com Vítimas Feridas;Pleno dia;Decrescente;Chuva;Dupla;Reta;Não;2;0;2;0;0;0;2;1;-24,30085222;-47,48456072;SPRF-SP;DEL04-SP;UOP02-DEL04-SP
576833;24/01/2024;quarta-feira;14:15:00;RJ;101;452,2;MANGARATIBA;Ausência de reação do condutor;Colisão com objeto;Com Vítimas Fatais;Pleno dia;Crescente;Nublado;Simples;"Reta;Em Obras";Não;1;1;0;0;0;0;0;1;-23,03179764;-44,13196391;SPRF-RJ;DEL03-RJ;UOP02-DEL03-RJ
576834;24/01/2024;quarta-feira;15:00:00;SP;116;283,5;EMBU DAS ARTES;Acessar a via sem observar a presença dos outros veículos;Colisão transversal;Com Vítimas Feridas;Pleno dia;Crescente;Nublado;Dupla;Reta;Sim;2;0;2;0;0;0;2;2;-23,69297005;-46,86352786;SPRF-SP;DEL04-SP;UOP01-DEL04-SP
576835;24/01/2024;quarta-feira;07:40:00;MG;116;416;GOVERNADOR VALADARES;Acessar a via sem observar a presença dos outros veículos;Colisão transversal;Com Vítimas Feridas;Pleno dia;Crescente;Nublado;Simples;Reta;Sim;3;0;1;0;1;1;1;3;-18,89215187;-41,94699543;SPRF-MG;DEL06-MG;UOP01-DEL06-MG
576836;24/01/2024;quarta-feira;15:45:00;SE;235;0;ARACAJU;Manobra de mudança de faixa;Colisão lateral mesmo sentido;Com Vítimas Feridas;Pleno dia;Crescente;Nublado;Dupla;Curva;Sim;2;0;1;0;1;0;1;2;-10,9087;-37,0855;SPRF-SE;DEL01-SE;UOP01-DEL01-SE
576838;24/01/2024;quarta-feira;16:00:00;SC;101;289;IMBITUBA;Reação tardia ou ineficiente do condutor;Colisão traseira;Sem Vítimas;Pleno dia;Crescente;Chuva;Múltipla;"Reta;Aclive";Não;2;0;0;0;2;0;0;2;-28,27974902;-48,70121777;SPRF-SC;DEL02-SC;UOP03-DEL02-SC
576839;24/01/2024;quarta-feira;16:15:00;SC;101;175;BIGUACU;Pista Escorregadia;Saída de leito carroçável;Com Vítimas Feridas;Pleno dia;Decrescente;Céu Claro;Dupla;Curva;Não;4;0;2;0;2;0;2;1;-27,33963303;-48,62734885;SPRF-SC;DEL01-SC;UOP01-DEL01-SC
576842;24/01/2024;quarta-feira;15:00:00;RJ;101;318;SAO GONCALO;Manobra de mudança de faixa;Colisão lateral sentido oposto;Com Vítimas Feridas;Pleno dia;Decrescente;Chuva;Dupla;Reta;Não;2;0;1;0;1;0;1;2;-22,84562994;-43,09841211;SPRF-RJ;DEL02-RJ;UOP02-DEL02-RJ
576845;24/01/2024;quarta-feira;16:20:00;RS;290;94,9;PORTO ALEGRE;Demais falhas mecânicas ou elétricas;Colisão traseira;Com Vítimas Feridas;Pleno dia;Crescente;Nublado;Múltipla;Reta;Não;4;0;3;1;0;0;4;2;-29,973856;-51,197853;SPRF-RS;DEL01-RS;UOP01-DEL01-RS
576846;24/01/2024;quarta-feira;16:15:00;SP;116;476,5;JACUPIRANGA;Ultrapassagem Indevida;Colisão lateral mesmo sentido;Com Vítimas Feridas;Pleno dia;Decrescente;Chuva;Simples;Reta;Sim;2;0;1;0;1;0;1;2;-24,6928255;-47,99567352;SPRF-SP;DEL05-SP;UOP01-DEL05-SP
576847;24/01/2024;quarta-feira;12:30:00;SC;101;437;SOMBRIO;Avarias e/ou desgaste excessivo no pneu;Saída de leito carroçável;Com Vítimas Feridas;Pleno dia;Crescente;Garoa/Chuvisco;Dupla;"Declive;Curva";Não;2;0;2;0;0;0;2;1;-29,122587;-49,64502;SPRF-SC;DEL02-SC;UOP02-DEL02-SC
576850;24/01/2024;quarta-feira;12:30:00;MG;365;305,7;JOAO PINHEIRO;Acumulo de água sobre o pavimento;Saída de leito carroçável;Com Vítimas Feridas;Pleno dia;Decrescente;Chuva;Simples;Reta;Não;5;0;3;1;1;0;4;1;-18,17906961;-45,80321109;SPRF-MG;DEL10-MG;UOP01-DEL10-MG
576851;24/01/2024;quarta-feira;15:05:00;RS;116;150,4;CAXIAS DO SUL;Pedestre cruzava a pista fora da faixa;Atropelamento de Pedestre;Com Vítimas Feridas;Pleno dia;Decrescente;Chuva;Múltipla;Reta;Sim;3;0;2;0;0;1;2;2;-29,168428;-51,158337;SPRF-RS;DEL05-RS;UOP01-DEL05-RS
576852;24/01/2024;quarta-feira;15:10:00;BA;101;647;BELMONTE;Condutor Dormindo;Colisão com objeto;Com Vítimas Feridas;Pleno dia;Crescente;Nublado;Simples;"Aclive;Reta";Não;3;0;3;0;0;0;3;1;-15,847465;-39,521933;SPRF-BA;DEL05-BA;UOP02-DEL05-BA
576853;24/01/2024;quarta-feira;17:00:00;MG;116;628,5;ORIZANIA;Chuva;Queda de ocupante de veículo;Com Vítimas Feridas;Pleno dia;Crescente;Chuva;Simples;Reta;Não;2;0;2;0;0;0;2;1;-20,56556999;-42,20675484;SPRF-MG;DEL07-MG;UOP02-DEL07-MG
576855;22/01/2024;segunda-feira;06:40:00;PE;407;124;PETROLINA;Entrada inopinada do pedestre;Colisão traseira;Com Vítimas Feridas;Pleno dia;Decrescente;Céu Claro;Dupla;Rotatória;Sim;2;0;1;0;1;0;1;2;-9,36929881;-40,54137139;SPRF-PE;DEL06-PE;UOP01-DEL06-PE
576856;24/01/2024;quarta-feira;17:30:00;MG;381;874;POUSO ALEGRE;Chuva;Saída de leito carroçável;Com Vítimas Feridas;Pleno dia;Crescente;Chuva;Dupla;Reta;Não;1;0;1;0;0;0;1;1;-22,450796;-46,000139;SPRF-MG;DEL16-MG;UOP01-DEL16-MG
576858;24/01/2024;quarta-feira;17:10:00;MG;40;532;BELO HORIZONTE;Ausência de reação do condutor;Colisão traseira;Com Vítimas Feridas;Pleno dia;Crescente;Nublado;Dupla;"Declive;Reta";Sim;3;0;2;0;1;0;2;2;-19,92372561;-44,01700789;SPRF-MG;DEL01-MG;UOP02-DEL01-MG
576859;24/01/2024;quarta-feira;17:10:00;GO;153;345,9;JARAGUA;Demais falhas mecânicas ou elétricas;Queda de ocupante de veículo;Com Vítimas Feridas;Pleno dia;Decrescente;Nublado;Simples;Reta;Não;1;0;1;0;0;0;1;1;-15,631001;-49,380325;SPRF-GO;DEL02-GO;UOP02-DEL02-GO
576860;24/01/2024;quarta-feira;17:50:00;GO;40;12;LUZIANIA;Pedestre cruzava a pista fora da faixa;Atropelamento de Pedestre;Com Vítimas Feridas;Pleno dia;Decrescente;Nublado;Dupla;Reta;Sim;2;0;1;1;0;0;2;2;-16,145123;-47,945382;SPRF-DF;DEL01-DF;UOP01-DEL01-DF
576864;24/01/2024;quarta-feira;18:45:00;SC;101;202;SAO JOSE;Acessar a via sem observar a presença dos outros veículos;Colisão lateral mesmo sentido;Com Vítimas Feridas;Anoitecer;Decrescente;Céu Claro;Múltipla;Reta;Sim;2;0;1;0;1;0;1;2;-27,55711595;-48,61897889;SPRF-SC;DEL01-SC;UOP01-DEL01-SC
576866;24/01/2024;quarta-feira;18:00:00;RS;293;31;MORRO REDONDO;Desrespeitar a preferência no cruzamento;Colisão transversal;Com Vítimas Feridas;Pleno dia;Crescente;Céu Claro;Simples;Interseção de Vias;Não;6;0;3;0;3;0;3;2;-31,72946105;-52,63335899;SPRF-RS;DEL07-RS;UOP01-DEL07-RS
576868;24/01/2024;quarta-feira;18:00:00;PE;232;146;SAO CAITANO;Ingestão de álcool pelo condutor;Colisão traseira;Com Vítimas Feridas;Plena Noite;Decrescente;Nublado;Dupla;Reta;Sim;2;0;0;1;1;0;1;2;-8,33218974;-36,12904312;SPRF-PE;DEL03-PE;UOP02-DEL03-PE
576871;24/01/2024;quarta-feira;19:30:00;SP;116;215;GUARULHOS;Reação tardia ou ineficiente do condutor;Colisão traseira;Com Vítimas Feridas;Plena Noite;Decrescente;Nublado;Múltipla;"Reta;Declive";Sim;2;0;1;0;1;0;1;2;-23,44695693;-46,45394103;SPRF-SP;DEL01-SP;UOP01-DEL01-SP
576872;24/01/2024;quarta-feira;18:30:00;MG;381;482,1;BETIM;Velocidade Incompatível;Colisão traseira;Com Vítimas Feridas;Plena Noite;Crescente;Nublado;Múltipla;Reta;Sim;2;0;1;0;1;0;1;2;-19,9589226;-44,0717616;SPRF-MG;DEL01-MG;UOP03-DEL01-MG
576873;24/01/2024;quarta-feira;18:00:00;PR;277;108;CAMPO LARGO;Pedestre cruzava a pista fora da faixa;Atropelamento de Pedestre;Com Vítimas Feridas;Anoitecer;Crescente;Céu Claro;Dupla;Reta;Não;2;0;0;2;0;0;2;2;-25,435065;-49,440644;SPRF-PR;DEL03-PR;UOP03-DEL03-PR
576874;08/01/2024;segunda-feira;08:30:00;MA;10;269;IMPERATRIZ;Demais falhas na via;Saída de leito carroçável;Com Vítimas Feridas;Pleno dia;Decrescente;Céu Claro;Simples;Reta;Não;2;0;2;0;0;0;2;1;-5,382404;-47,476055;SPRF-MA;DEL04-MA;UOP01-DEL04-MA
576875;24/01/2024;quarta-feira;18:55:00;PR;369;57,7;BANDEIRANTES;Reação tardia ou ineficiente do condutor;Colisão traseira;Com Vítimas Feridas;Anoitecer;Crescente;Nublado;Simples;Reta;Sim;2;0;0;1;1;0;1;2;-23,11938105;-50,37727654;SPRF-PR;DEL07-PR;UOP05-DEL07-PR
576876;24/01/2024;quarta-feira;19:00:00;RS;290;721;URUGUAIANA;Ausência de reação do condutor;Colisão traseira;Com Vítimas Feridas;Pleno dia;Decrescente;Céu Claro;Dupla;"Rotatória;Reta;Interseção de Vias";Sim;4;0;1;0;3;0;1;2;-29,76077922;-57,05978036;SPRF-RS;DEL13-RS;UOP01-DEL13-RS
576877;24/01/2024;quarta-feira;17:50:00;AC;364;115;RIO BRANCO;Animais na Pista;Queda de ocupante de veículo;Com Vítimas Feridas;Anoitecer;Decrescente;Nublado;Simples;Reta;Não;2;0;2;0;0;0;2;1;-10,01315317;-67,7102;SPRF-AC;DEL01-AC;UOP01-DEL01-AC
576878;24/01/2024;quarta-feira;19:30:00;PR;376;180;PONTA GROSSA;Acessar a via sem observar a presença dos outros veículos;Colisão lateral mesmo sentido;Com Vítimas Feridas;Plena Noite;Crescente;Ignorado;Simples;Reta;Sim;2;0;1;0;1;0;1;2;-25,04162912;-50,24118125;SPRF-PR;DEL09-PR;UOP01-DEL09-PR
576882;24/01/2024;quarta-feira;16:00:00;RS;290;143;ELDORADO DO SUL;Ausência de reação do condutor;Saída de leito carroçável;Com Vítimas Feridas;Pleno dia;Crescente;Chuva;Simples;Reta;Sim;1;0;1;0;0;0;1;1;-30,093309;-51,637798;SPRF-RS;DEL02-RS;UOP01-DEL02-RS
576883;24/01/2024;quarta-feira;20:10:00;RS;285;292;PASSO FUNDO;Acessar a via sem observar a presença dos outros veículos;Colisão transversal;Com Vítimas Feridas;Plena Noite;Crescente;Céu Claro;Dupla;"Rotatória;Reta;Interseção de Vias";Sim;3;0;1;0;2;0;1;2;-28,239017;-52,365276;SPRF-RS;DEL08-RS;UOP03-DEL08-RS
576885;24/01/2024;quarta-feira;20:00:00;MA;316;512;CODO;Animais na Pista;Atropelamento de Animal;Com Vítimas Feridas;Plena Noite;Crescente;Céu Claro;Simples;Reta;Não;1;0;1;0;0;0;1;1;-4,75043;-43,664165;SPRF-MA;DEL03-MA;UOP02-DEL03-MA
576887;24/01/2024;quarta-feira;17:50:00;BA;324;612;SIMOES FILHO;Frear bruscamente;Queda de ocupante de veículo;Com Vítimas Feridas;Anoitecer;Crescente;Céu Claro;Dupla;Reta;Sim;1;0;1;0;0;0;1;1;-12,84664721;-38,41741648;SPRF-BA;DEL01-BA;UOP01-DEL01-BA
576888;24/01/2024;quarta-feira;18:52:00;RO;364;84;VILHENA;Velocidade Incompatível;Saída de leito carroçável;Com Vítimas Feridas;Anoitecer;Crescente;Chuva;Simples;Curva;Não;2;0;1;0;1;0;1;1;-12,41146228;-60,60665927;SPRF-RO;DEL04-RO;UOP01-DEL04-RO
576890;24/01/2024;quarta-feira;21:45:00;RN;101;99;NATAL;Manobra de mudança de faixa;Colisão lateral mesmo sentido;Com Vítimas Feridas;Plena Noite;Crescente;Céu Claro;Simples;Reta;Sim;2;0;1;0;1;0;1;2;-5,87359183;-35,22063023;SPRF-RN;DEL01-RN;UOP01-DEL01-RN
576892;24/01/2024;quarta-feira;21:50:00;GO;60;388;RIO VERDE;Conversão proibida;Queda de ocupante de veículo;Com Vítimas Feridas;Plena Noite;Crescente;Nublado;Simples;Reta;Sim;2;0;1;0;0;1;1;2;-17,8151;-50,9343;SPRF-GO;DEL04-GO;UOP02-DEL04-GO
576893;24/01/2024;quarta-feira;20:00:00;AL;101;188,5;JUNQUEIRO;Ingestão de álcool pelo condutor;Colisão lateral sentido oposto;Com Vítimas Feridas;Plena Noite;Crescente;Céu Claro;Simples;Reta;Sim;2;0;0;1;1;0;1;2;-9,90809784;-36,46933335;SPRF-AL;DEL02-AL;UOP02-DEL02-AL
576894;24/01/2024;quarta-feira;20:00:00;DF;20;24;BRASILIA;Velocidade Incompatível;Saída de leito carroçável;Com Vítimas Feridas;Plena Noite;Crescente;Chuva;Dupla;Reta;Sim;3;0;1;1;1;0;2;1;-15,59459995;-47,65838027;SPRF-DF;DEL02-DF;UOP01-DEL02-DF
576895;24/01/2024;quarta-feira;20:00:00;PR;369;110,8;URAI;Sistema de drenagem ineficiente;Saída de leito carroçável;Com Vítimas Fatais;Plena Noite;Crescente;Chuva;Dupla;Curva;Não;3;1;0;2;0;0;2;1;-23,272251;-50,813965;SPRF-PR;DEL07-PR;UOP05-DEL07-PR
576899;24/01/2024;quarta-feira;19:00:00;GO;70;5;AGUAS LINDAS DE GOIAS;Reação tardia ou ineficiente do condutor;Colisão traseira;Com Vítimas Feridas;Plena Noite;Crescente;Chuva;Múltipla;Reta;Sim;3;0;1;1;1;0;2;2;-15,75683677;-48,25464732;SPRF-DF;DEL03-DF;UOP02-DEL03-DF
576901;24/01/2024;quarta-feira;18:20:00;MT;364;270,8;JACIARA;Ausência de reação do condutor;Colisão traseira;Com Vítimas Feridas;Plena Noite;Decrescente;Céu Claro;Dupla;"Reta;Declive";Sim;2;0;0;1;0;1;1;2;-15,9689785;-54,94463002;SPRF-MT;DEL05-MT;UOP02-DEL05-MT
576903;24/01/2024;quarta-feira;23:30:00;MA;316;514;CAXIAS;Animais na Pista;Atropelamento de Animal;Com Vítimas Feridas;Plena Noite;Crescente;Nublado;Simples;Reta;Sim;2;0;1;1;0;0;2;1;-4,759171;-43,648354;SPRF-MA;DEL03-MA;UOP02-DEL03-MA
576904;24/01/2024;quarta-feira;20:00:00;PE;232;182,7;BELO JARDIM;Ultrapassagem Indevida;Colisão frontal;Com Vítimas Feridas;Plena Noite;Crescente;Céu Claro;Simples;Reta;Não;4;0;1;3;0;0;4;2;-8,34804728;-36,44664994;SPRF-PE;DEL03-PE;UOP02-DEL03-PE
576906;24/01/2024;quarta-feira;23:45:00;SP;381;0,5;VARGEM;Objeto estático sobre o leito carroçável;Colisão traseira;Com Vítimas Feridas;Plena Noite;Decrescente;Nublado;Múltipla;Curva;Sim;7;0;2;0;5;0;2;2;-22,878674;-46,372143;SPRF-SP;DEL03-SP;UOP02-DEL03-SP
576912;25/01/2024;quinta-feira;02:10:00;PB;101;48,3;RIO TINTO;Condutor Dormindo;Colisão traseira;Com Vítimas Feridas;Plena Noite;Decrescente;Céu Claro;Dupla;Reta;Não;2;0;1;0;1;0;1;2;-6,90679485;-35,11705672;SPRF-PB;DEL01-PB;UOP04-DEL01-PB
576913;25/01/2024;quinta-feira;01:20:00;MA;316;602,2;TIMON;Animais na Pista;Atropelamento de Animal;Com Vítimas Feridas;Plena Noite;Decrescente;Nublado;Simples;Reta;Sim;2;0;1;1;0;0;2;1;-5,034047;-42,939167;SPRF-MA;DEL03-MA;UOP02-DEL03-MA
576914;25/01/2024;quinta-feira;00:44:00;MT;364;286;JACIARA;Reação tardia ou ineficiente do condutor;Saída de leito carroçável;Sem Vítimas;Plena Noite;Decrescente;Nublado;Dupla;Reta;Não;1;0;0;0;0;1;0;1;-15,90151807;-55,056197;SPRF-MT;DEL05-MT;UOP02-DEL05-MT
576916;25/01/2024;quinta-feira;01:35:00;MG;365;515,1;MONTE CARMELO;Ingestão de álcool pelo condutor;Queda de ocupante de veículo;Com Vítimas Feridas;Plena Noite;Crescente;Nevoeiro/Neblina;Simples;Reta;Não;1;0;0;1;0;0;1;1;-18,9145672;-47,35877801;SPRF-MG;DEL10-MG;UOP01-DEL10-MG
576917;25/01/2024;quinta-feira;04:20:00;PR;369;352;CAMPO MOURAO;Demais falhas mecânicas ou elétricas;Incêndio;Sem Vítimas;Plena Noite;Crescente;Céu Claro;Simples;Reta;Não;2;0;0;0;2;0;0;1;-24,14142769;-52,45147705;SPRF-PR;DEL09-PR;UOP03-DEL09-PR
576918;25/01/2024;quinta-feira;05:07:00;SP;116;282;EMBU DAS ARTES;Reação tardia ou ineficiente do condutor;Colisão com objeto;Com Vítimas Feridas;Amanhecer;Crescente;Céu Claro;Simples;Curva;Sim;2;0;2;0;0;0;2;1;-23,68570216;-46,85970975;SPRF-SP;DEL04-SP;UOP01-DEL04-SP
576919;25/01/2024;quinta-feira;05:45:00;MG;40;511;RIBEIRAO DAS NEVES;Acessar a via sem observar a presença dos outros veículos;Colisão lateral mesmo sentido;Com Vítimas Feridas;Amanhecer;Crescente;Céu Claro;Dupla;Reta;Sim;2;0;1;0;1;0;1;2;-19,78164295;-44,11733194;SPRF-MG;DEL01-MG;UOP02-DEL01-MG
576920;24/01/2024;quarta-feira;11:40:00;PI;230;286;FLORIANO;Reação tardia ou ineficiente do condutor;Saída de leito carroçável;Sem Vítimas;Pleno dia;Crescente;Nublado;Simples;Reta;Não;1;0;0;0;0;1;0;1;-6,88885835;-42,83426629;SPRF-PI;DEL03-PI;UOP01-DEL03-PI
576921;25/01/2024;quinta-feira;05:20:00;PE;232;405,6;SERRA TALHADA;Ausência de reação do condutor;Colisão traseira;Com Vítimas Feridas;Amanhecer;Crescente;Céu Claro;Simples;Reta;Não;2;0;1;1;0;0;2;2;-7,98895584;-38,25355016;SPRF-PE;DEL04-PE;UOP01-DEL04-PE
576923;25/01/2024;quinta-feira;03:30:00;GO;80;44;PADRE BERNARDO;Animais na Pista;Atropelamento de Animal;Com Vítimas Feridas;Amanhecer;Crescente;Céu Claro;Simples;Reta;Sim;2;0;0;1;1;0;1;1;-15,18501;-48,284472;SPRF-DF;DEL03-DF;UOP02-DEL03-DF
576925;24/01/2024;quarta-feira;20:30:00;CE;20;172;BOA VIAGEM;Ausência de reação do condutor;Colisão com objeto;Com Vítimas Feridas;Plena Noite;Decrescente;Céu Claro;Simples;"Reta;Aclive";Não;2;0;2;0;0;0;2;1;-5,32044231;-39,9240477;SPRF-CE;DEL02-CE;UOP02-DEL02-CE
576928;25/01/2024;quinta-feira;06:40:00;BA;101;267;SANTO ANTONIO DE JESUS;Ausência de reação do condutor;Saída de leito carroçável;Com Vítimas Feridas;Amanhecer;Decrescente;Chuva;Simples;"Reta;Declive";Não;3;0;2;0;0;1;2;2;-13,10710514;-39,28471362;SPRF-BA;DEL01-BA;UOP02-DEL01-BA
576930;13/01/2024;sábado;19:40:00;PR;277;722;FOZ DO IGUACU;Velocidade Incompatível;Colisão traseira;Com Vítimas Feridas;Anoitecer;Crescente;Céu Claro;Dupla;Reta;Sim;3;0;1;0;0;2;1;3;-25,49494908;-54,52095097;SPRF-PR;DEL05-PR;UOP03-DEL05-PR
576931;25/01/2024;quinta-feira;07:05:00;SC;101;133,8;BALNEARIO CAMBORIU;Desrespeitar a preferência no cruzamento;Colisão transversal;Com Vítimas Feridas;Pleno dia;Crescente;Céu Claro;Múltipla;Interseção de Vias;Sim;2;0;1;0;1;0;1;2;-26,99982308;-48,64615202;SPRF-SC;DEL04-SC;UOP03-DEL04-SC
576932;25/01/2024;quinta-feira;07:55:00;RN;101;78,9;SAO GONCALO DO AMARANTE;Acumulo de água sobre o pavimento;Saída de leito carroçável;Com Vítimas Feridas;Pleno dia;Crescente;Chuva;Dupla;"Em Obras;Reta";Sim;3;0;1;0;2;0;1;1;-5,74460142;-35,28990984;SPRF-RN;DEL02-RN;UOP01-DEL02-RN
576934;25/01/2024;quinta-feira;06:10:00;PE;101;62,1;RECIFE;Pista Escorregadia;Tombamento;Com Vítimas Feridas;Pleno dia;Crescente;Chuva;Múltipla;Reta;Sim;2;0;1;1;0;0;2;1;-7,99905898;-34,93899295;SPRF-PE;DEL01-PE;UOP02-DEL01-PE
576935;25/01/2024;quinta-feira;08:20:00;RS;392;117,1;CANGUCU;Desrespeitar a preferência no cruzamento;Colisão transversal;Com Vítimas Feridas;Pleno dia;Crescente;Nublado;Simples;Interseção de Vias;Sim;3;0;1;1;1;0;2;2;-31,41369338;-52,67628308;SPRF-RS;DEL07-RS;UOP01-DEL07-RS
576936;25/01/2024;quinta-feira;05:00:00;GO;364;73;CACHOEIRA ALTA;Ausência de reação do condutor;Colisão traseira;Sem Vítimas;Amanhecer;Decrescente;Céu Claro;Simples;"Reta;Declive;Em Obras";Não;18;0;0;0;18;0;0;2;-18,63662;-51,017155;SPRF-GO;DEL05-GO;UOP02-DEL05-GO
576937;25/01/2024;quinta-feira;08:05:00;PB;230;157,7;CAMPINA GRANDE;Desrespeitar a preferência no cruzamento;Colisão transversal;Com Vítimas Feridas;Pleno dia;Decrescente;Céu Claro;Simples;"Retorno Regulamentado;Reta;Interseção de Vias";Sim;3;0;2;0;1;0;2;2;-7,264;-35,9199;SPRF-PB;DEL02-PB;UOP01-DEL02-PB
576938;25/01/2024;quinta-feira;08:15:00;PB;230;187,3;POCINHOS;Manobra de mudança de faixa;Colisão transversal;Com Vítimas Feridas;Pleno dia;Crescente;Céu Claro;Simples;Reta;Não;3;0;1;0;1;1;1;2;-7,1463;-36,1293;SPRF-PB;DEL02-PB;UOP02-DEL02-PB
576939;25/01/2024;quinta-feira;06:30:00;SC;282;63,8;RANCHO QUEIMADO;Velocidade Incompatível;Saída de leito carroçável;Com Vítimas Feridas;Pleno dia;Decrescente;Garoa/Chuvisco;Simples;Curva;Não;4;0;2;1;0;1;3;2;-27,695372;-49,042824;SPRF-SC;DEL01-SC;UOP03-DEL01-SC
576941;25/01/2024;quinta-feira;07:50:00;PR;116;67;CAMPINA GRANDE DO SUL;Reação tardia ou ineficiente do condutor;Saída de leito carroçável;Com Vítimas Feridas;Pleno dia;Crescente;Chuva;Dupla;"Declive;Curva";Não;1;0;1;0;0;0;1;1;-25,31910128;-49,02100146;SPRF-PR;DEL01-PR;UOP02-DEL01-PR
576942;25/01/2024;quinta-feira;06:20:00;SP;116;126;CACAPAVA;Velocidade Incompatível;Colisão com objeto;Sem Vítimas;Pleno dia;Crescente;Céu Claro;Dupla;"Aclive;Reta";Sim;1;0;0;0;0;1;0;1;-23,10433057;-45,69425762;SPRF-SP;DEL02-SP;UOP02-DEL02-SP
576943;01/01/2024;segunda-feira;10:50:00;MG;262;380;MATEUS LEME;Velocidade Incompatível;Saída de leito carroçável;Com Vítimas Feridas;Pleno dia;Decrescente;Chuva;Dupla;"Curva;Declive";Não;1;0;1;0;0;0;1;1;-19,940622;-44,386969;SPRF-MG;DEL01-MG;UOP03-DEL01-MG
576944;25/01/2024;quinta-feira;08:50:00;RS;290;92;PORTO ALEGRE;Acessar a via sem observar a presença dos outros veículos;Colisão transversal;Sem Vítimas;Pleno dia;Decrescente;Céu Claro;Múltipla;Reta;Sim;2;0;0;0;2;0;0;2;-29,96965779;-51,16972446;SPRF-RS;DEL01-RS;UOP01-DEL01-RS
576946;24/01/2024;quarta-feira;18:15:00;RJ;40;77;PETROPOLIS;Chuva;Capotamento;Com Vítimas Feridas;Anoitecer;Crescente;Chuva;Simples;"Curva;Declive";Não;1;0;1;0;0;0;1;1;-22,48005592;-43,23543994;SPRF-RJ;DEL01-RJ;UOP01-DEL01-RJ
576948;25/01/2024;quinta-feira;09:41:00;PE;428;189;PETROLINA;Semáforo com defeito;Colisão transversal;Com Vítimas Feridas;Pleno dia;Decrescente;Chuva;Múltipla;Interseção de Vias;Sim;2;0;1;0;1;0;1;2;-9,37197508;-40,48679585;SPRF-PE;DEL06-PE;UOP01-DEL06-PE
576949;25/01/2024;quinta-feira;08:45:00;PR;116;119;CURITIBA;Pista Escorregadia;Queda de ocupante de veículo;Com Vítimas Feridas;Pleno dia;Decrescente;Garoa/Chuvisco;Dupla;Reta;Sim;2;0;2;0;0;0;2;1;-25,54456009;-49,30146002;SPRF-PR;DEL01-PR;UOP03-DEL01-PR
576950;25/01/2024;quinta-feira;07:20:00;MT;70;2,8;BARRA DO GARCAS;Ausência de reação do condutor;Colisão com objeto;Sem Vítimas;Pleno dia;Decrescente;Nublado;Dupla;Declive;Não;1;0;0;0;1;0;0;1;-15,88749699;-52,26810568;SPRF-MT;DEL07-MT;UOP01-DEL07-MT
576951;25/01/2024;quinta-feira;09:50:00;PR;116;46;CAMPINA GRANDE DO SUL;Chuva;Saída de leito carroçável;Com Vítimas Feridas;Pleno dia;Decrescente;Chuva;Dupla;Curva;Não;3;0;1;0;2;0;1;1;-25,20185401;-48,8962139;SPRF-PR;DEL01-PR;UOP02-DEL01-PR
576953;25/01/2024;quinta-feira;10:12:00;SC;280;20;ARAQUARI;Acessar a via sem observar a presença dos outros veículos;Colisão transversal;Com Vítimas Feridas;Pleno dia;Decrescente;Nublado;Simples;Reta;Sim;2;0;1;0;1;0;1;2;-26,36990477;-48,68224301;SPRF-SC;DEL03-SC;UOP03-DEL03-SC
576954;25/01/2024;quinta-feira;07:20:00;RS;116;128,9;SAO MARCOS;Transitar na contramão;Colisão frontal;Com Vítimas Feridas;Amanhecer;Crescente;Céu Claro;Simples;Curva;Não;3;0;1;1;0;1;2;3;-29,03715763;-51,10426784;SPRF-RS;DEL05-RS;UOP01-DEL05-RS