id;data_inversa;dia_semana;horario;uf;br;km;municipio;causa_acidente;tipo_acidente;classificacao_acidente;fase_dia;sentido_via;condicao_metereologica;tipo_pista;tracado_via;uso_solo;pessoas;mortos;feridos_leves;feridos_graves;ilesos;ignorados;feridos;veiculos;latitude;longitude;regional;delegacia;uop
576959;25/01/2024;quinta-feira;10:20:00;SP;116;269;TABOAO DA SERRA;Reação tardia ou ineficiente do condutor;Tombamento;Com Vítimas Feridas;Pleno dia;Crescente;Chuva;Dupla;Retorno Regulamentado;Sim;2;0;1;0;1;0;1;2;-23,61593059;-46,78826044;SPRF-SP;DEL04-SP;UOP01-DEL04-SP
576960;25/01/2024;quinta-feira;09:55:00;GO;153;502;GOIANIA;Estacionar ou parar em local proibido;Colisão traseira;Com Vítimas Feridas;Pleno dia;Crescente;Céu Claro;Dupla;Reta;Sim;2;0;1;0;1;0;1;2;-16,7287;-49,2424;SPRF-GO;DEL01-GO;UOP01-DEL01-GO
576962;25/01/2024;quinta-feira;09:00:00;PA;316;31;SANTA IZABEL DO PARA;Ausência de reação do condutor;Saída de leito carroçável;Com Vítimas Feridas;Pleno dia;Crescente;Sol;Dupla;Reta;Não;2;0;1;1;0;0;2;1;-1,3025866;-48,1965672;SPRF-PA;DEL01-PA;UOP01-DEL01-PA
576964;25/01/2024;quinta-feira;08:00:00;RJ;101;332;RIO DE JANEIRO;Ausência de reação do condutor;Colisão traseira;Com Vítimas Feridas;Pleno dia;Crescente;Nublado;Múltipla;Reta;Não;3;0;2;0;1;0;2;2;-22,87133305;-43,20407695;SPRF-RJ;DEL02-RJ;UOP01-DEL02-RJ
576972;25/01/2024;quinta-feira;11:20:00;SP;116;509;CAJATI;Reação tardia ou ineficiente do condutor;Saída de leito carroçável;Com Vítimas Feridas;Pleno dia;Crescente;Chuva;Simples;Curva;Não;2;0;1;0;1;0;1;1;-24,82178987;-48,21419034;SPRF-SP;DEL05-SP;UOP02-DEL05-SP
576974;25/01/2024;quinta-feira;11:40:00;PB;230;71,5;SOBRADO;Chuva;Saída de leito carroçável;Com Vítimas Fatais;Pleno dia;Crescente;Chuva;Dupla;Reta;Não;2;1;0;0;0;1;0;2;-7,19065555;-35,24581432;SPRF-PB;DEL01-PB;UOP03-DEL01-PB
576975;25/01/2024;quinta-feira;11:20:00;RO;364;340;JI-PARANA;Condutor desrespeitou a iluminação vermelha do semáforo;Colisão transversal;Com Vítimas Feridas;Pleno dia;Crescente;Sol;Dupla;Reta;Não;2;0;2;0;0;0;2;2;-10,88987987;-61,93126772;SPRF-RO;DEL02-RO;UOP01-DEL02-RO
576976;25/01/2024;quinta-feira;08:15:00;RJ;116;186;NOVA IGUACU;Trafegar com motocicleta (ou similar) entre as faixas;Colisão lateral mesmo sentido;Com Vítimas Feridas;Pleno dia;Decrescente;Céu Claro;Dupla;Reta;Sim;3;0;2;0;0;1;2;3;-22,73942686;-43,46778274;SPRF-RJ;DEL06-RJ;UOP01-DEL06-RJ
576979;25/01/2024;quinta-feira;12:15:00;PR;163;283;MARECHAL CANDIDO RONDON;Condutor deixou de manter distância do veículo da frente;Queda de ocupante de veículo;Com Vítimas Feridas;Pleno dia;Crescente;Nublado;Simples;"Reta;Declive";Sim;2;0;2;0;0;0;2;2;-24,57864514;-53,99236214;SPRF-PR;DEL06-PR;UOP02-DEL06-PR
576980;11/01/2024;quinta-feira;17:25:00;MG;50;176;UBERABA;Entrada inopinada do pedestre;Atropelamento de Pedestre;Com Vítimas Feridas;Pleno dia;Crescente;Céu Claro;Dupla;Aclive;Sim;3;0;0;1;1;1;1;2;-19,779273;-47,957921;SPRF-MG;DEL13-MG;UOP01-DEL13-MG
576985;25/01/2024;quinta-feira;12:45:00;SC;282;363,9;ERVAL VELHO;Mal súbito do condutor;Saída de leito carroçável;Com Vítimas Feridas;Pleno dia;Crescente;Garoa/Chuvisco;Simples;"Aclive;Reta";Não;2;0;2;0;0;0;2;1;-27,302458;-51,390484;SPRF-SC;DEL07-SC;UOP05-DEL07-SC
576986;25/01/2024;quinta-feira;12:05:00;SP;116;117,1;TAUBATE;Reação tardia ou ineficiente do condutor;Colisão lateral mesmo sentido;Com Vítimas Feridas;Pleno dia;Decrescente;Nublado;Dupla;Reta;Sim;2;0;1;0;1;0;1;2;-23,0582298;-45,6176951;SPRF-SP;DEL02-SP;UOP02-DEL02-SP
576987;25/01/2024;quinta-feira;11:50:00;MG;40;264;SAO GONCALO DO ABAETE;Chuva;Saída de leito carroçável;Com Vítimas Feridas;Pleno dia;Decrescente;Chuva;Simples;Reta;Não;6;0;4;1;1;0;5;1;-18,14870194;-45,31944594;SPRF-MG;DEL14-MG;UOP02-DEL14-MG
576989;25/01/2024;quinta-feira;13:00:00;SP;116;95,2;PINDAMONHANGABA;Ausência de reação do condutor;Tombamento;Com Vítimas Feridas;Pleno dia;Decrescente;Céu Claro;Dupla;Reta;Não;2;0;2;0;0;0;2;1;-22,96514512;-45,43013094;SPRF-SP;DEL08-SP;UOP01-DEL08-SP
576992;25/01/2024;quinta-feira;13:30:00;SP;116;394;MIRACATU;Avarias e/ou desgaste excessivo no pneu;Saída de leito carroçável;Com Vítimas Feridas;Pleno dia;Crescente;Garoa/Chuvisco;Dupla;Reta;Sim;1;0;1;0;0;0;1;1;-24,28717454;-47,45143994;SPRF-SP;DEL04-SP;UOP02-DEL04-SP
576994;25/01/2024;quinta-feira;12:55:00;SP;116;6,7;QUELUZ;Reação tardia ou ineficiente do condutor;Colisão traseira;Com Vítimas Feridas;Pleno dia;Crescente;Céu Claro;Dupla;Curva;Não;3;0;2;0;1;0;2;2;-22,53158181;-44,75374706;SPRF-SP;DEL08-SP;UOP02-DEL08-SP
576997;25/01/2024;quinta-feira;13:00:00;RS;116;257;ESTEIO;Retorno proibido;Colisão transversal;Com Vítimas Feridas;Pleno dia;Decrescente;Céu Claro;Dupla;Reta;Sim;4;0;2;1;1;0;3;2;-29,85262195;-51,17968329;SPRF-RS;DEL01-RS;UOP02-DEL01-RS
576998;25/01/2024;quinta-feira;13:57:00;DF;60;27;BRASILIA;Acumulo de água sobre o pavimento;Saída de leito carroçável;Com Vítimas Feridas;Pleno dia;Crescente;Chuva;Dupla;Curva;Sim;4;0;3;0;1;0;3;1;-16,017551;-48,249252;SPRF-DF;DEL03-DF;UOP01-DEL03-DF
577002;25/01/2024;quinta-feira;14:05:00;SC;101;275,6;IMBITUBA;Animais na Pista;Tombamento;Com Vítimas Feridas;Pleno dia;Crescente;Céu Claro;Simples;Reta;Sim;1;0;1;0;0;0;1;1;-28,138086;-48,69218292;SPRF-SC;DEL02-SC;UOP03-DEL02-SC
577003;25/01/2024;quinta-feira;09:30:00;RJ;101;517;ANGRA DOS REIS;Manobra de mudança de faixa;Colisão lateral mesmo sentido;Com Vítimas Feridas;Pleno dia;Crescente;Nublado;Simples;Curva;Não;3;0;2;0;1;0;2;2;-22,99712334;-44,44431803;SPRF-RJ;DEL03-RJ;UOP03-DEL03-RJ
577005;25/01/2024;quinta-feira;13:30:00;SP;116;561;BARRA DO TURVO;Reação tardia ou ineficiente do condutor;Saída de leito carroçável;Com Vítimas Fatais;Pleno dia;Decrescente;Chuva;Dupla;"Curva;Aclive";Não;7;1;4;0;1;1;4;2;-25,02045097;-48,51586004;SPRF-SP;DEL05-SP;UOP02-DEL05-SP
577007;25/01/2024;quinta-feira;14:30:00;PR;376;249;APUCARANA;Acumulo de água sobre o pavimento;Saída de leito carroçável;Com Vítimas Feridas;Pleno dia;Crescente;Chuva;Dupla;Reta;Não;2;0;1;0;1;0;1;1;-23,62524965;-51,37962593;SPRF-PR;DEL07-PR;UOP03-DEL07-PR
577009;25/01/2024;quinta-feira;14:20:00;PE;101;88;JABOATAO DOS GUARARAPES;Condutor deixou de manter distância do veículo da frente;Colisão traseira;Com Vítimas Feridas;Pleno dia;Crescente;Nublado;Dupla;Reta;Não;2;0;1;0;1;0;1;2;-8,19971387;-34,9785382;SPRF-PE;DEL01-PE;UOP01-DEL01-PE
577012;25/01/2024;quinta-feira;15:00:00;RS;290;129;ELDORADO DO SUL;Reação tardia ou ineficiente do condutor;Engavetamento;Com Vítimas Feridas;Pleno dia;Decrescente;Céu Claro;Simples;Reta;Não;4;0;1;1;2;0;2;3;-30,057785;-51,500351;SPRF-RS;DEL02-RS;UOP01-DEL02-RS
577014;25/01/2024;quinta-feira;14:10:00;PA;316;38,4;SANTA IZABEL DO PARA;Ausência de reação do condutor;Saída de leito carroçável;Com Vítimas Feridas;Pleno dia;Crescente;Chuva;Dupla;Reta;Não;2;0;2;0;0;0;2;1;-1,28327779;-48,13995604;SPRF-PA;DEL01-PA;UOP01-DEL01-PA
577016;25/01/2024;quinta-feira;15:10:00;PR;376;676;GUARATUBA;Avarias e/ou desgaste excessivo no pneu;Tombamento;Com Vítimas Feridas;Pleno dia;Crescente;Nublado;Dupla;Reta;Não;2;0;2;0;0;0;2;1;-25,9253011;-48,91465313;SPRF-PR;DEL01-PR;UOP04-DEL01-PR
577018;25/01/2024;quinta-feira;15:00:00;PE;316;78;OURICURI;Reação tardia ou ineficiente do condutor;Saída de leito carroçável;Com Vítimas Feridas;Pleno dia;Decrescente;Céu Claro;Simples;"Reta;Declive";Não;3;0;1;0;2;0;1;1;-7,85014392;-40,12241694;SPRF-PE;DEL05-PE;UOP02-DEL05-PE
577021;25/01/2024;quinta-feira;15:30:00;MG;116;786;LEOPOLDINA;Reação tardia ou ineficiente do condutor;Saída de leito carroçável;Com Vítimas Feridas;Pleno dia;Decrescente;Céu Claro;Simples;Curva;Não;1;0;1;0;0;0;1;1;-21,6472779;-42,71645409;SPRF-MG;DEL07-MG;UOP01-DEL07-MG
577022;25/01/2024;quinta-feira;14:40:00;PR;369;159,9;CAMBE;Condutor deixou de manter distância do veículo da frente;Colisão traseira;Sem Vítimas;Pleno dia;Crescente;Chuva;Dupla;Reta;Não;2;0;0;0;2;0;0;2;-23,282958;-51,24849021;SPRF-PR;DEL07-PR;UOP01-DEL07-PR
577023;25/01/2024;quinta-feira;16:00:00;SP;116;282;EMBU DAS ARTES;Trafegar com motocicleta (ou similar) entre as faixas;Colisão lateral mesmo sentido;Com Vítimas Feridas;Pleno dia;Decrescente;Chuva;Dupla;Reta;Não;2;0;2;0;0;0;2;2;-23,68570216;-46,85970975;SPRF-SP;DEL04-SP;UOP01-DEL04-SP
577025;25/01/2024;quinta-feira;14:00:00;CE;116;372,9;ICO;Acessar a via sem observar a presença dos outros veículos;Colisão transversal;Com Vítimas Feridas;Pleno dia;Crescente;Sol;Simples;Reta;Sim;2;0;1;0;1;0;1;2;-6,37861604;-38,80975697;SPRF-CE;DEL05-CE;UOP01-DEL05-CE
577027;25/01/2024;quinta-feira;16:00:00;ES;101;270,8;SERRA;Reação tardia ou ineficiente do condutor;Tombamento;Com Vítimas Feridas;Pleno dia;Crescente;Nublado;Múltipla;"Curva;Aclive;Viaduto";Sim;1;0;1;0;0;0;1;1;-20,22662056;-40,27075088;SPRF-ES;DEL02-ES;UOP01-DEL02-ES
577028;25/01/2024;quinta-feira;16:40:00;SC;101;199;SAO JOSE;Problema com o freio;Colisão traseira;Com Vítimas Feridas;Pleno dia;Crescente;Nublado;Múltipla;Reta;Sim;2;0;0;1;1;0;1;2;-27,53413705;-48,63003205;SPRF-SC;DEL01-SC;UOP01-DEL01-SC
577030;20/01/2024;sábado;01:50:00;RS;158;326;SANTA MARIA;Reação tardia ou ineficiente do condutor;Saída de leito carroçável;Com Vítimas Feridas;Plena Noite;Crescente;Céu Claro;Dupla;"Viaduto;Declive;Reta";Sim;2;0;2;0;0;0;2;1;-29,714945;-53,81083;SPRF-RS;DEL09-RS;UOP01-DEL09-RS
577031;25/01/2024;quinta-feira;15:20:00;RJ;116;247;PIRAI;Ausência de reação do condutor;Colisão lateral mesmo sentido;Sem Vítimas;Pleno dia;Decrescente;Nublado;Dupla;Reta;Sim;2;0;0;0;2;0;0;2;-22,60655103;-43,93505207;SPRF-RJ;DEL07-RJ;UOP01-DEL07-RJ
577032;25/01/2024;quinta-feira;16:10:00;AL;101;202;SAO SEBASTIAO;Objeto estático sobre o leito carroçável;Colisão com objeto;Com Vítimas Feridas;Pleno dia;Crescente;Chuva;Simples;Reta;Não;2;0;0;2;0;0;2;1;-9,96642507;-36,55066388;SPRF-AL;DEL02-AL;UOP02-DEL02-AL
577034;25/01/2024;quinta-feira;16:40:00;SC;101;206;SAO JOSE;Demais falhas mecânicas ou elétricas;Tombamento;Com Vítimas Feridas;Pleno dia;Decrescente;Nublado;Múltipla;Reta;Sim;2;0;0;1;1;0;1;1;-27,59193546;-48,61824557;SPRF-SC;DEL01-SC;UOP01-DEL01-SC
577039;25/01/2024;quinta-feira;17:10:00;SC;101;346,5;JAGUARUNA;Ausência de reação do condutor;Tombamento;Com Vítimas Feridas;Pleno dia;Decrescente;Céu Claro;Dupla;Reta;Não;2;0;2;0;0;0;2;1;-28,55485199;-49,0540891;SPRF-SC;DEL02-SC;UOP01-DEL02-SC
577041;25/01/2024;quinta-feira;12:15:00;MT;163;596;NOVA MUTUM;Retorno proibido;Colisão transversal;Com Vítimas Feridas;Pleno dia;Decrescente;Céu Claro;Dupla;Reta;Sim;3;0;1;0;2;0;1;2;-13,94323505;-56,09610157;SPRF-MT;DEL01-MT;UOP01-DEL01-MT
577042;25/01/2024;quinta-feira;16:30:00;MA;135;6;SAO LUIS;Reação tardia ou ineficiente do condutor;Colisão traseira;Com Vítimas Feridas;Pleno dia;Decrescente;Céu Claro;Dupla;"Aclive;Reta";Sim;2;0;1;0;1;0;1;2;-2,62877986;-44,26321818;SPRF-MA;DEL01-MA;UOP01-DEL01-MA
577043;25/01/2024;quinta-feira;18:10:00;RS;116;151;CAXIAS DO SUL;Pedestre cruzava a pista fora da faixa;Atropelamento de Pedestre;Com Vítimas Feridas;Anoitecer;Decrescente;Céu Claro;Dupla;Reta;Sim;3;0;1;0;1;1;1;2;-29,17694502;-51,16173896;SPRF-RS;DEL05-RS;UOP01-DEL05-RS
577044;25/01/2024;quinta-feira;17:00:00;CE;222;19;CAUCAIA;Acesso irregular;Colisão lateral sentido oposto;Com Vítimas Feridas;Pleno dia;Decrescente;Céu Claro;Simples;"Reta;Em Obras";Não;2;0;1;0;0;1;1;2;-3,74520337;-38,72713719;SPRF-CE;DEL01-CE;UOP01-DEL01-CE
577045;25/01/2024;quinta-feira;15:18:00;PI;316;68;MONSENHOR GIL;Ausência de reação do condutor;Colisão transversal;Com Vítimas Feridas;Pleno dia;Decrescente;Nublado;Simples;"Reta;Em Obras";Sim;2;0;0;1;1;0;1;2;-5,64018999;-42,59199582;SPRF-PI;DEL01-PI;UOP02-DEL01-PI
577046;25/01/2024;quinta-feira;17:35:00;RN;101;79,7;SAO GONCALO DO AMARANTE;Acessar a via sem observar a presença dos outros veículos;Colisão transversal;Com Vítimas Feridas;Anoitecer;Decrescente;Nublado;Dupla;Reta;Não;2;0;1;1;0;0;2;2;-5,74962896;-35,28918369;SPRF-RN;DEL02-RN;UOP01-DEL02-RN
577047;25/01/2024;quinta-feira;16:40:00;CE;222;59,3;SAO GONCALO DO AMARANTE;Acessar a via sem observar a presença dos outros veículos;Colisão transversal;Com Vítimas Feridas;Pleno dia;Crescente;Céu Claro;Simples;Reta;Sim;3;0;2;0;0;1;2;2;-3,67053434;-39,07182499;SPRF-CE;DEL01-CE;UOP03-DEL01-CE
577050;25/01/2024;quinta-feira;16:30:00;BA;242;395;SEABRA;Acumulo de água sobre o pavimento;Saída de leito carroçável;Com Vítimas Feridas;Pleno dia;Crescente;Chuva;Simples;"Curva;Declive";Não;2;0;0;1;1;0;1;1;-12,47311803;-41,67208672;SPRF-BA;DEL06-BA;UOP01-DEL06-BA
577058;25/01/2024;quinta-feira;17:00:00;SP;116;564;BARRA DO TURVO;Reação tardia ou ineficiente do condutor;Colisão com objeto;Com Vítimas Feridas;Pleno dia;Crescente;Garoa/Chuvisco;Simples;"Curva;Aclive";Não;3;0;3;0;0;0;3;1;-25,03458919;-48,53543877;SPRF-SP;DEL05-SP;UOP02-DEL05-SP
577059;25/01/2024;quinta-feira;15:30:00;PR;376;281;MARILANDIA DO SUL;Acumulo de água sobre o pavimento;Colisão com objeto;Com Vítimas Fatais;Pleno dia;Decrescente;Chuva;Dupla;"Declive;Reta";Não;3;1;1;0;1;0;1;1;-23,83713192;-51,26177788;SPRF-PR;DEL07-PR;UOP02-DEL07-PR
577060;25/01/2024;quinta-feira;12:35:00;RS;290;471,9;ROSARIO DO SUL;Frear bruscamente;Capotamento;Com Vítimas Feridas;Pleno dia;Crescente;Céu Claro;Simples;Reta;Não;1;0;1;0;0;0;1;1;-30,245808;-54,827522;SPRF-RS;DEL11-RS;UOP02-DEL11-RS
577061;25/01/2024;quinta-feira;17:30:00;PI;230;309,8;FLORIANO;Transitar na contramão;Colisão frontal;Com Vítimas Feridas;Anoitecer;Decrescente;Céu Claro;Simples;Reta;Sim;2;0;0;1;0;1;1;2;-6,77433132;-43,00632318;SPRF-PI;DEL03-PI;UOP01-DEL03-PI
577062;25/01/2024;quinta-feira;19:40:00;SP;116;153;SAO JOSE DOS CAMPOS;Reação tardia ou ineficiente do condutor;Tombamento;Com Vítimas Feridas;Plena Noite;Crescente;Garoa/Chuvisco;Simples;Reta;Sim;1;0;1;0;0;0;1;1;-23,23262274;-45,91372624;SPRF-SP;DEL02-SP;UOP01-DEL02-SP
577063;25/01/2024;quinta-feira;19:48:00;PE;101;62,5;RECIFE;Pista Escorregadia;Tombamento;Com Vítimas Feridas;Pleno dia;Decrescente;Chuva;Dupla;Reta;Sim;2;0;1;0;1;0;1;1;-7,99905898;-34,93899295;SPRF-PE;DEL01-PE;UOP02-DEL01-PE
577066;25/01/2024;quinta-feira;19:15:00;RN;101;147;GOIANINHA;Demais falhas mecânicas ou elétricas;Incêndio;Sem Vítimas;Plena Noite;Crescente;Nublado;Dupla;"Reta;Viaduto";Sim;1;0;0;0;1;0;0;1;-6,27145987;-35,20823975;SPRF-RN;DEL01-RN;UOP01-DEL01-RN
577069;25/01/2024;quinta-feira;18:00:00;AL;423;7,2;OURO BRANCO;Pedestre andava na pista;Atropelamento de Pedestre;Com Vítimas Feridas;Plena Noite;Decrescente;Céu Claro;Simples;Reta;Não;2;0;0;1;1;0;1;2;-9,14002062;-37,35108913;SPRF-AL;DEL03-AL;UOP02-DEL03-AL
577070;25/01/2024;quinta-feira;16:55:00;SP;116;455;REGISTRO;Ausência de reação do condutor;Saída de leito carroçável;Com Vítimas Fatais;Pleno dia;Decrescente;Nublado;Dupla;Curva;Não;1;1;0;0;0;0;0;1;-24,57253407;-47,88134891;SPRF-SP;DEL05-SP;UOP01-DEL05-SP
577071;25/01/2024;quinta-feira;18:32:00;MG;381;938,4;EXTREMA;Animais na Pista;Atropelamento de Animal;Com Vítimas Feridas;Plena Noite;Decrescente;Ignorado;Dupla;Reta;Não;2;0;1;0;0;1;1;2;-22,83909203;-46,32850893;SPRF-MG;DEL16-MG;UOP03-DEL16-MG
577072;25/01/2024;quinta-feira;20:30:00;CE;222;5;CAUCAIA;Ingestão de álcool pelo condutor;Colisão transversal;Com Vítimas Feridas;Plena Noite;Crescente;Céu Claro;Múltipla;"Reta;Interseção de Vias";Sim;2;0;0;1;1;0;1;2;-3,742972;-38,61417;SPRF-CE;DEL01-CE;UOP01-DEL01-CE
577073;25/01/2024;quinta-feira;18:25:00;PE;104;84,7;AGRESTINA;Condutor deixou de manter distância do veículo da frente;Colisão traseira;Sem Vítimas;Plena Noite;Decrescente;Céu Claro;Simples;"Reta;Declive";Sim;7;0;0;0;7;0;0;2;-8,430662;-35,959164;SPRF-PE;DEL02-PE;UOP01-DEL02-PE
577075;25/01/2024;quinta-feira;20:40:00;PR;116;116;CURITIBA;Reação tardia ou ineficiente do condutor;Colisão traseira;Com Vítimas Feridas;Plena Noite;Crescente;Garoa/Chuvisco;Dupla;Reta;Não;2;0;1;0;1;0;1;2;-25,55468195;-49,27402397;SPRF-PR;DEL01-PR;UOP03-DEL01-PR
577076;25/01/2024;quinta-feira;17:30:00;MG;40;567;NOVA LIMA;Acesso irregular;Queda de ocupante de veículo;Com Vítimas Feridas;Pleno dia;Decrescente;Garoa/Chuvisco;Simples;Reta;Sim;1;0;1;0;0;0;1;1;-20,18928994;-43,9697957;SPRF-MG;DEL01-MG;UOP02-DEL01-MG
577077;25/01/2024;quinta-feira;18:10:00;SE;235;93,8;CARIRA;Acumulo de água sobre o pavimento;Saída de leito carroçável;Com Vítimas Feridas;Anoitecer;Crescente;Chuva;Simples;"Curva;Declive";Não;1;0;1;0;0;0;1;1;-10,478106;-37,659199;SPRF-SE;DEL01-SE;UOP02-DEL01-SE
577078;25/01/2024;quinta-feira;18:20:00;SC;101;135;BALNEARIO CAMBORIU;Suicídio (presumido);Saída de leito carroçável;Com Vítimas Feridas;Anoitecer;Crescente;Céu Claro;Múltipla;Reta;Sim;1;0;1;0;0;0;1;1;-27,0050108;-48,62677494;SPRF-SC;DEL04-SC;UOP03-DEL04-SC
577079;25/01/2024;quinta-feira;20:30:00;SC;470;249,9;CURITIBANOS;Transitar na contramão;Colisão frontal;Com Vítimas Feridas;Plena Noite;Crescente;Nublado;Simples;"Rotatória;Reta";Sim;2;0;1;1;0;0;2;2;-27,31237502;-50,57787895;SPRF-SC;DEL05-SC;UOP03-DEL05-SC
577080;25/01/2024;quinta-feira;17:35:00;MT;163;1032;PEIXOTO DE AZEVEDO;Acesso irregular;Colisão transversal;Com Vítimas Feridas;Plena Noite;Decrescente;Céu Claro;Simples;Reta;Sim;4;0;1;1;2;0;2;2;-10,23774958;-54,98311758;SPRF-MT;DEL06-MT;UOP03-DEL06-MT
577081;25/01/2024;quinta-feira;19:00:00;RS;386;174,7;CARAZINHO;Ausência de reação do condutor;Capotamento;Com Vítimas Feridas;Plena Noite;Crescente;Céu Claro;Simples;Reta;Sim;1;0;1;0;0;0;1;1;-28,263548;-52,786312;SPRF-RS;DEL08-RS;UOP01-DEL08-RS
577083;25/01/2024;quinta-feira;19:20:00;MS;262;290;CAMPO GRANDE;Animais na Pista;Atropelamento de Animal;Sem Vítimas;Plena Noite;Crescente;Céu Claro;Simples;Reta;Não;1;0;0;0;0;1;0;1;-20,49384769;-54,2029271;SPRF-MS;DEL01-MS;UOP01-DEL01-MS
577084;25/01/2024;quinta-feira;21:14:00;GO;50;100,2;CRISTALINA;Velocidade Incompatível;Colisão traseira;Com Vítimas Feridas;Pleno dia;Decrescente;Céu Claro;Dupla;"Reta;Em Obras";Não;4;0;1;3;0;0;4;2;-16,9309;-47,7117;SPRF-DF;DEL01-DF;UOP02-DEL01-DF
577085;25/01/2024;quinta-feira;19:00:00;MG;262;439,2;NOVA SERRANA;Ausência de reação do condutor;Queda de ocupante de veículo;Com Vítimas Feridas;Plena Noite;Crescente;Chuva;Dupla;Reta;Não;1;0;1;0;0;0;1;1;-19,89197285;-44,88685183;SPRF-MG;DEL08-MG;UOP03-DEL08-MG
577088;25/01/2024;quinta-feira;22:10:00;SC;470;76,1;INDAIAL;Animais na Pista;Atropelamento de Animal;Com Vítimas Feridas;Plena Noite;Crescente;Céu Claro;Simples;Reta;Não;3;0;1;0;1;1;1;2;-26,93865615;-49,29114424;SPRF-SC;DEL04-SC;UOP01-DEL04-SC
577090;25/01/2024;quinta-feira;22:10:00;SC;101;200;SAO JOSE;Transitar na contramão;Colisão frontal;Com Vítimas Feridas;Plena Noite;Crescente;Céu Claro;Múltipla;"Aclive;Reta";Sim;2;0;1;0;1;0;1;2;-27,54018513;-48,62287714;SPRF-SC;DEL01-SC;UOP01-DEL01-SC
577091;25/01/2024;quinta-feira;19:20:00;RJ;393;225,5;VASSOURAS;Manobra de mudança de faixa;Colisão lateral mesmo sentido;Com Vítimas Feridas;Plena Noite;Decrescente;Vento;Simples;Reta;Não;3;0;0;2;1;0;2;2;-22,34554902;-43,55600299;SPRF-RJ;DEL05-RJ;UOP03-DEL05-RJ
577092;25/01/2024;quinta-feira;20:30:00;PB;230;142,2;CAMPINA GRANDE;Reação tardia ou ineficiente do condutor;Saída de leito carroçável;Com Vítimas Feridas;Plena Noite;Decrescente;Céu Claro;Dupla;Reta;Não;1;0;1;0;0;0;1;1;-7,2573;-35,8131;SPRF-PB;DEL02-PB;UOP01-DEL02-PB
577094;25/01/2024;quinta-feira;22:00:00;MG;381;759,9;TRES CORACOES;Reação tardia ou ineficiente do condutor;Saída de leito carroçável;Com Vítimas Feridas;Plena Noite;Decrescente;Céu Claro;Dupla;Reta;Não;1;0;1;0;0;0;1;1;-21,71597801;-45,37713297;SPRF-MG;DEL16-MG;UOP02-DEL16-MG
577095;25/01/2024;quinta-feira;21:40:00;BA;116;422;FEIRA DE SANTANA;Ausência de reação do condutor;Colisão traseira;Com Vítimas Feridas;Plena Noite;Crescente;Nublado;Dupla;"Declive;Reta;Em Obras;Viaduto";Sim;3;0;2;0;1;0;2;2;-12,22064702;-38,96561131;SPRF-BA;DEL02-BA;UOP01-DEL02-BA
577097;25/01/2024;quinta-feira;22:50:00;BA;324;615;SALVADOR;Manobra de mudança de faixa;Colisão traseira;Com Vítimas Feridas;Plena Noite;Decrescente;Céu Claro;Dupla;Reta;Sim;2;0;1;0;1;0;1;2;-12,87206398;-38,42746403;SPRF-BA;DEL01-BA;UOP01-DEL01-BA
577098;25/01/2024;quinta-feira;20:04:00;PI;230;196;OEIRAS;Reação tardia ou ineficiente do condutor;Colisão traseira;Com Vítimas Feridas;Plena Noite;Crescente;Céu Claro;Simples;Reta;Não;2;0;1;0;1;0;1;2;-7,00554;-42,11866;SPRF-PI;DEL04-PI;UOP01-DEL04-PI
577099;25/01/2024;quinta-feira;21:45:00;RJ;465;5;SEROPEDICA;Transitar na contramão;Colisão frontal;Com Vítimas Feridas;Plena Noite;Crescente;Garoa/Chuvisco;Simples;"Reta;Interseção de Vias";Sim;2;0;1;0;1;0;1;2;-22,747673;-43,699196;SPRF-RJ;DEL06-RJ;UOP02-DEL06-RJ
577100;25/01/2024;quinta-feira;22:45:00;PB;230;52,4;CRUZ DO ESPIRITO SANTO;Pedestre andava na pista;Atropelamento de Pedestre;Com Vítimas Fatais;Plena Noite;Decrescente;Chuva;Dupla;Reta;Não;3;1;0;0;2;0;0;2;-7,20008644;-35,07722139;SPRF-PB;DEL01-PB;UOP03-DEL01-PB
577102;25/01/2024;quinta-feira;22:00:00;PE;232;109,7;BEZERROS;Reação tardia ou ineficiente do condutor;Saída de leito carroçável;Com Vítimas Fatais;Plena Noite;Crescente;Céu Claro;Dupla;Retorno Regulamentado;Não;4;1;0;3;0;0;3;1;-8,28036785;-35,81085313;SPRF-PE;DEL02-PE;UOP02-DEL02PE
577103;25/01/2024;quinta-feira;22:10:00;PE;232;468;MIRANDIBA;Animais na Pista;Atropelamento de Animal;Com Vítimas Fatais;Plena Noite;Crescente;Céu Claro;Simples;Reta;Não;1;1;0;0;0;0;0;1;-8,02356278;-38,78442996;SPRF-PE;DEL05-PE;UOP01-DEL05-PE
577104;25/01/2024;quinta-feira;22:15:00;SP;101;50;UBATUBA;Conversão proibida;Colisão lateral mesmo sentido;Com Vítimas Feridas;Plena Noite;Crescente;Chuva;Simples;Reta;Não;2;0;1;0;1;0;1;2;-23,45018939;-45,07743735;SPRF-SP;DEL06-SP;UOP01-DEL06-SP
577105;25/01/2024;quinta-feira;22:30:00;SP;101;47,1;UBATUBA;Entrada inopinada do pedestre;Atropelamento de Pedestre;Com Vítimas Feridas;Plena Noite;Crescente;Chuva;Simples;Reta;Sim;2;0;1;0;0;1;1;2;-23,429897;-45,082436;SPRF-SP;DEL06-SP;UOP01-DEL06-SP