id;data_inversa;dia_semana;horario;uf;br;km;municipio;causa_acidente;tipo_acidente;classificacao_acidente;fase_dia;sentido_via;condicao_metereologica;tipo_pista;tracado_via;uso_solo;pessoas;mortos;feridos_leves;feridos_graves;ilesos;ignorados;feridos;veiculos;latitude;longitude;regional;delegacia;uop
577107;26/01/2024;sexta-feira;00:05:00;SC;470;137,2;RIO DO SUL;Velocidade Incompatível;Colisão com objeto;Com Vítimas Feridas;Plena Noite;Crescente;Nublado;Simples;"Curva;Ponte";Sim;1;0;1;0;0;0;1;1;-27,203201;-49,635063;SPRF-SC;DEL04-SC;UOP02-DEL04-SC
577108;26/01/2024;sexta-feira;00:35:00;MS;163;485;CAMPO GRANDE;Ingestão de álcool pelo condutor;Colisão traseira;Sem Vítimas;Plena Noite;Decrescente;Céu Claro;Simples;"Reta;Interseção de Vias";Sim;2;0;0;0;2;0;0;2;-20,44233707;-54,54201834;SPRF-MS;DEL01-MS;UOP02-DEL01-MS
577110;26/01/2024;sexta-feira;01:20:00;RJ;116;172,5;SAO JOAO DE MERITI;Reação tardia ou ineficiente do condutor;Colisão traseira;Com Vítimas Feridas;Plena Noite;Crescente;Chuva;Múltipla;Reta;Sim;4;0;1;0;3;0;1;2;-22,80188151;-43,35043673;SPRF-RJ;DEL06-RJ;UOP01-DEL06-RJ
577112;26/01/2024;sexta-feira;02:30:00;RS;470;226,6;GARIBALDI;Reação tardia ou ineficiente do condutor;Colisão com objeto;Sem Vítimas;Plena Noite;Crescente;Céu Claro;Simples;"Aclive;Curva";Sim;1;0;0;0;0;1;0;1;-29,254341;-51,511682;SPRF-RS;DEL06-RS;UOP01-DEL06-RS
577114;26/01/2024;sexta-feira;04:40:00;TO;153;416;MIRANORTE;Transitar na contramão;Atropelamento de Pedestre;Com Vítimas Feridas;Amanhecer;Decrescente;Garoa/Chuvisco;Simples;Aclive;Sim;2;0;0;2;0;0;2;2;-9,54906574;-48,59904537;SPRF-TO;DEL01-TO;UOP01-DEL01-TO
577115;26/01/2024;sexta-feira;03:42:00;CE;116;374;ICO;Pista esburacada;Saída de leito carroçável;Com Vítimas Feridas;Plena Noite;Crescente;Nublado;Simples;Reta;Sim;1;0;0;1;0;0;1;1;-6,38981779;-38,82378617;SPRF-CE;DEL05-CE;UOP01-DEL05-CE
577116;26/01/2024;sexta-feira;05:40:00;SP;116;218;GUARULHOS;Reação tardia ou ineficiente do condutor;Colisão com objeto;Com Vítimas Feridas;Amanhecer;Decrescente;Céu Claro;Múltipla;"Reta;Aclive";Não;1;0;0;1;0;0;1;1;-23,457972;-46,479927;SPRF-SP;DEL01-SP;UOP01-DEL01-SP
577119;26/01/2024;sexta-feira;06:30:00;SC;101;253;PAULO LOPES;Ausência de reação do condutor;Capotamento;Com Vítimas Feridas;Pleno dia;Crescente;Chuva;Dupla;Curva;Não;1;0;1;0;0;0;1;1;-27,96492999;-48,67962057;SPRF-SC;DEL02-SC;UOP03-DEL02-SC
577120;25/01/2024;quinta-feira;19:00:00;MA;230;474;RIACHAO;Manobra de mudança de faixa;Colisão frontal;Com Vítimas Fatais;Plena Noite;Decrescente;Céu Claro;Simples;Reta;Não;2;1;0;0;1;0;0;2;-7,372446;-46,634822;SPRF-MA;DEL05-MA;UOP01-DEL05-MA
577124;26/01/2024;sexta-feira;07:00:00;GO;60;106;ANAPOLIS;Demais falhas mecânicas ou elétricas;Saída de leito carroçável;Com Vítimas Feridas;Pleno dia;Crescente;Céu Claro;Dupla;"Aclive;Reta";Não;1;0;1;0;0;0;1;1;-16,4232;-49,0134;SPRF-GO;DEL02-GO;UOP01-DEL02-GO
577125;26/01/2024;sexta-feira;06:50:00;PB;230;12;CABEDELO;Retorno proibido;Colisão transversal;Com Vítimas Feridas;Pleno dia;Decrescente;Sol;Dupla;Reta;Sim;2;0;1;1;0;0;2;2;-7,068;-34,85;SPRF-PB;DEL01-PB;UOP01-DEL01-PB
577126;25/01/2024;quinta-feira;14:50:00;BA;367;30;PORTO SEGURO;Condutor Dormindo;Colisão frontal;Com Vítimas Feridas;Pleno dia;Crescente;Nublado;Simples;Reta;Sim;7;0;1;0;6;0;1;3;-16,41558116;-39,12658393;SPRF-BA;DEL09-BA;UOP03-DEL09-BA
577127;06/01/2024;sábado;16:45:00;RN;110;1;AREIA BRANCA;Acessar a via sem observar a presença dos outros veículos;Colisão frontal;Com Vítimas Feridas;Pleno dia;Decrescente;Céu Claro;Simples;Reta;Sim;3;0;0;2;1;0;2;2;-4,94784603;-37,12300197;SPRF-RN;DEL04-RN;UOP01-DEL04-RN
577129;26/01/2024;sexta-feira;07:40:00;RJ;101;308;SAO GONCALO;Ausência de reação do condutor;Colisão com objeto;Com Vítimas Feridas;Pleno dia;Decrescente;Chuva;Dupla;Reta;Não;3;0;1;0;2;0;1;1;-22,79309326;-43,02479595;SPRF-RJ;DEL02-RJ;UOP02-DEL02-RJ
577131;26/01/2024;sexta-feira;06:50:00;MG;116;276,2;TEOFILO OTONI;Reação tardia ou ineficiente do condutor;Colisão lateral mesmo sentido;Com Vítimas Feridas;Pleno dia;Crescente;Céu Claro;Simples;"Interseção de Vias;Reta";Sim;2;0;1;0;1;0;1;2;-17,853172;-41,51427;SPRF-MG;DEL11-MG;UOP01-DEL11-MG
577132;26/01/2024;sexta-feira;07:39:00;CE;116;15;FORTALEZA;Condutor deixou de manter distância do veículo da frente;Colisão traseira;Com Vítimas Feridas;Pleno dia;Decrescente;Céu Claro;Dupla;"Reta;Aclive";Sim;3;0;2;0;1;0;2;2;-3,87839882;-38,50066893;SPRF-CE;DEL01-CE;UOP02-DEL01-CE
577137;26/01/2024;sexta-feira;08:45:00;SC;101;186,7;BIGUACU;Acumulo de água sobre o pavimento;Saída de leito carroçável;Com Vítimas Feridas;Pleno dia;Crescente;Garoa/Chuvisco;Dupla;Curva;Não;3;0;2;0;1;0;2;1;-27,4341098;-48,62567129;SPRF-SC;DEL01-SC;UOP01-DEL01-SC
577140;26/01/2024;sexta-feira;08:20:00;SC;470;40,4;GASPAR;Demais falhas mecânicas ou elétricas;Incêndio;Sem Vítimas;Pleno dia;Decrescente;Garoa/Chuvisco;Dupla;Reta;Não;1;0;0;0;1;0;0;1;-26,889574;-48,99094;SPRF-SC;DEL04-SC;UOP01-DEL04-SC
577141;26/01/2024;sexta-feira;07:50:00;MG;262;409,2;IGARATINGA;Velocidade Incompatível;Saída de leito carroçável;Com Vítimas Feridas;Pleno dia;Crescente;Céu Claro;Dupla;Curva;Não;1;0;0;1;0;0;1;1;-19,88464192;-44,61618402;SPRF-MG;DEL08-MG;UOP03-DEL08-MG
577142;26/01/2024;sexta-feira;08:20:00;RJ;101;386;RIO DE JANEIRO;Ausência de reação do condutor;Colisão lateral mesmo sentido;Com Vítimas Feridas;Pleno dia;Decrescente;Céu Claro;Dupla;Reta;Sim;2;0;1;0;1;0;1;2;-22,88295192;-43,64094302;SPRF-RJ;DEL03-RJ;UOP01-DEL03-RJ
577146;26/01/2024;sexta-feira;08:45:00;SC;101;195;BIGUACU;Ausência de reação do condutor;Colisão traseira;Com Vítimas Feridas;Pleno dia;Crescente;Chuva;Dupla;Reta;Não;3;0;2;0;1;0;2;2;-27,5047092;-48,65010819;SPRF-SC;DEL01-SC;UOP01-DEL01-SC
577150;26/01/2024;sexta-feira;09:00:00;SP;116;168,3;JACAREI;Manobra de mudança de faixa;Colisão lateral mesmo sentido;Com Vítimas Feridas;Pleno dia;Decrescente;Nublado;Dupla;"Reta;Declive";Sim;3;0;0;1;2;0;1;2;-23,30545902;-46,03567599;SPRF-SP;DEL02-SP;UOP01-DEL02-SP
577152;26/01/2024;sexta-feira;09:45:00;PR;369;158,6;CAMBE;Manobra de mudança de faixa;Colisão lateral mesmo sentido;Com Vítimas Feridas;Pleno dia;Crescente;Céu Claro;Dupla;Reta;Sim;2;0;1;0;1;0;1;2;-23,28533306;-51,23836219;SPRF-PR;DEL07-PR;UOP01-DEL07-PR
577154;26/01/2024;sexta-feira;10:15:00;RN;101;107;PARNAMIRIM;Manobra de mudança de faixa;Colisão lateral mesmo sentido;Com Vítimas Feridas;Pleno dia;Decrescente;Céu Claro;Múltipla;Reta;Sim;2;0;1;0;1;0;1;2;-5,91920796;-35,26412409;SPRF-RN;DEL01-RN;UOP01-DEL01-RN
577156;26/01/2024;sexta-feira;09:30:00;PB;230;352;PATOS;Conversão proibida;Colisão transversal;Com Vítimas Feridas;Pleno dia;Decrescente;Sol;Simples;Declive;Não;2;0;0;1;1;0;1;2;-6,9461;-37,4033;SPRF-PB;DEL03-PB;UOP01-DEL03-PB
577157;26/01/2024;sexta-feira;10:00:00;RJ;101;481;ANGRA DOS REIS;Acessar a via sem observar a presença dos outros veículos;Colisão transversal;Com Vítimas Feridas;Pleno dia;Decrescente;Chuva;Dupla;Interseção de Vias;Não;3;0;1;0;2;0;1;2;-23,00976021;-44,29153237;SPRF-RJ;DEL03-RJ;UOP03-DEL03-RJ
577159;26/01/2024;sexta-feira;10:20:00;RS;158;222,1;CRUZ ALTA;Ingestão de álcool pelo condutor;Colisão traseira;Sem Vítimas;Pleno dia;Decrescente;Céu Claro;Simples;"Aclive;Em Obras;Reta";Não;3;0;0;0;3;0;0;3;-28,87881501;-53,6152776;SPRF-RS;DEL10-RS;UOP02-DEL10-RS
577161;26/01/2024;sexta-feira;10:00:00;PE;101;67,4;RECIFE;Condutor deixou de manter distância do veículo da frente;Colisão traseira;Com Vítimas Feridas;Pleno dia;Crescente;Céu Claro;Dupla;Reta;Não;2;0;1;0;1;0;1;2;-8,042334;-34,943096;SPRF-PE;DEL01-PE;UOP01-DEL01-PE
577164;26/01/2024;sexta-feira;10:45:00;PE;232;69;GRAVATA;Ausência de reação do condutor;Saída de leito carroçável;Com Vítimas Feridas;Pleno dia;Crescente;Chuva;Dupla;"Reta;Aclive";Não;3;0;1;0;2;0;1;1;-8,17240309;-35,47993595;SPRF-PE;DEL02-PE;UOP02-DEL02PE
577165;26/01/2024;sexta-feira;09:35:00;PB;230;132,1;MASSARANDUBA;Velocidade Incompatível;Saída de leito carroçável;Com Vítimas Feridas;Pleno dia;Decrescente;Chuva;Dupla;Curva;Não;4;0;1;1;2;0;2;1;-7,27725431;-35,74561358;SPRF-PB;DEL02-PB;UOP01-DEL02-PB
577167;26/01/2024;sexta-feira;09:30:00;PE;232;30;MORENO;Velocidade Incompatível;Capotamento;Sem Vítimas;Pleno dia;Decrescente;Chuva;Dupla;Reta;Não;2;0;0;0;1;1;0;1;-8,11063325;-35,15197001;SPRF-PE;DEL01-PE;UOP01-DEL01-PE
577168;26/01/2024;sexta-feira;11:00:00;MG;116;764,9;LEOPOLDINA;Acesso irregular;Colisão transversal;Com Vítimas Feridas;Pleno dia;Crescente;Céu Claro;Simples;Interseção de Vias;Sim;2;0;1;0;1;0;1;2;-21,52171912;-42,64030314;SPRF-MG;DEL07-MG;UOP01-DEL07-MG
577169;26/01/2024;sexta-feira;12:10:00;SE;235;63,9;ITABAIANA;Acessar a via sem observar a presença dos outros veículos;Colisão transversal;Com Vítimas Feridas;Pleno dia;Decrescente;Céu Claro;Simples;Reta;Não;5;0;3;0;2;0;3;2;-10,604629;-37,478199;SPRF-SE;DEL01-SE;UOP02-DEL01-SE
577171;26/01/2024;sexta-feira;12:00:00;SC;101;202;SAO JOSE;Trafegar com motocicleta (ou similar) entre as faixas;Colisão lateral mesmo sentido;Com Vítimas Feridas;Pleno dia;Decrescente;Garoa/Chuvisco;Múltipla;Reta;Sim;2;0;1;0;1;0;1;2;-27,55711595;-48,61897889;SPRF-SC;DEL01-SC;UOP01-DEL01-SC
577172;26/01/2024;sexta-feira;09:30:00;PB;230;132;MASSARANDUBA;Velocidade Incompatível;Saída de leito carroçável;Com Vítimas Feridas;Pleno dia;Decrescente;Chuva;Dupla;Curva;Não;3;0;1;0;2;0;1;1;-7,277307;-35,745328;SPRF-PB;DEL02-PB;UOP01-DEL02-PB
577173;26/01/2024;sexta-feira;12:38:00;PE;104;73,8;CARUARU;Ausência de reação do condutor;Colisão frontal;Com Vítimas Feridas;Pleno dia;Crescente;Céu Claro;Simples;Reta;Não;6;0;4;0;2;0;4;2;-8,375978;-35,983662;SPRF-PE;DEL02-PE;UOP01-DEL02-PE
577175;26/01/2024;sexta-feira;10:55:00;RS;287;401,8;SANTIAGO;Reação tardia ou ineficiente do condutor;Atropelamento de Pedestre;Com Vítimas Feridas;Pleno dia;Decrescente;Céu Claro;Simples;Reta;Não;2;0;0;1;1;0;1;2;-29,15697512;-54,88198218;SPRF-RS;DEL12-RS;UOP02-DEL12-RS
577177;26/01/2024;sexta-feira;12:00:00;PR;376;621;SAO JOSE DOS PINHAIS;Manobra de mudança de faixa;Colisão lateral mesmo sentido;Com Vítimas Feridas;Pleno dia;Decrescente;Céu Claro;Dupla;"Aclive;Reta";Não;2;0;1;0;1;0;1;2;-25,61783292;-49,1690968;SPRF-PR;DEL01-PR;UOP04-DEL01-PR
577178;26/01/2024;sexta-feira;13:09:00;MG;365;54,9;CLARO DOS POCOES;Velocidade Incompatível;Colisão frontal;Com Vítimas Fatais;Pleno dia;Crescente;Nublado;Simples;Reta;Não;6;1;1;4;0;0;5;2;-16,96745151;-44,26305575;SPRF-MG;DEL12-MG;UOP01-DEL12-MG
577179;26/01/2024;sexta-feira;07:00:00;MG;381;178,9;GOVERNADOR VALADARES;Manobra de mudança de faixa;Saída de leito carroçável;Com Vítimas Feridas;Pleno dia;Crescente;Nublado;Simples;Reta;Não;5;0;1;0;4;0;1;1;-19,02403311;-42,14619668;SPRF-MG;DEL06-MG;UOP01-DEL06-MG
577180;26/01/2024;sexta-feira;13:00:00;BA;101;10;RIO REAL;Reação tardia ou ineficiente do condutor;Capotamento;Com Vítimas Feridas;Pleno dia;Decrescente;Céu Claro;Dupla;Reta;Não;4;0;2;2;0;0;4;1;-11,62285793;-37,88515125;SPRF-SE;DEL02-SE;UOP03-DEL02-SE
577181;26/01/2024;sexta-feira;10:38:00;SC;101;112;ITAJAI;Ingestão de substâncias psicoativas pelo condutor;Saída de leito carroçável;Com Vítimas Feridas;Pleno dia;Crescente;Chuva;Dupla;Curva;Não;1;0;1;0;0;0;1;1;-26,84589005;-48,72131295;SPRF-SC;DEL04-SC;UOP04-DEL04-SC
577182;26/01/2024;sexta-feira;12:35:00;SP;116;488;CAJATI;Ausência de reação do condutor;Capotamento;Com Vítimas Feridas;Pleno dia;Crescente;Chuva;Dupla;Curva;Sim;2;0;1;0;1;0;1;1;-24,73097634;-48,09815591;SPRF-SP;DEL05-SP;UOP01-DEL05-SP
577183;11/01/2024;quinta-feira;21:20:00;GO;153;297;RIALMA;Animais na Pista;Atropelamento de Animal;Com Vítimas Feridas;Plena Noite;Decrescente;Garoa/Chuvisco;Simples;Curva;Não;4;0;1;0;3;0;1;1;-15,262218;-49,547047;SPRF-GO;DEL02-GO;UOP02-DEL02-GO
577185;26/01/2024;sexta-feira;11:15:00;PE;104;111,5;CUPIRA;Condutor Dormindo;Saída de leito carroçável;Com Vítimas Feridas;Pleno dia;Crescente;Céu Claro;Simples;Ponte;Não;4;0;1;3;0;0;4;1;-8,628445;-36,008938;SPRF-PE;DEL02-PE;UOP03-DEL02-PE
577186;26/01/2024;sexta-feira;13:30:00;PB;101;86;JOAO PESSOA;Ausência de reação do condutor;Colisão traseira;Com Vítimas Feridas;Pleno dia;Crescente;Céu Claro;Dupla;Aclive;Sim;3;0;0;1;2;0;1;2;-7,15118983;-34,91012184;SPRF-PB;DEL01-PB;UOP01-DEL01-PB
577187;26/01/2024;sexta-feira;13:20:00;BA;324;620;SALVADOR;Condutor deixou de manter distância do veículo da frente;Colisão traseira;Com Vítimas Feridas;Pleno dia;Crescente;Céu Claro;Dupla;Reta;Não;2;0;1;0;1;0;1;2;-12,90482172;-38,45556535;SPRF-BA;DEL01-BA;UOP01-DEL01-BA
577188;26/01/2024;sexta-feira;14:05:00;PE;232;118;CARUARU;Ausência de reação do condutor;Colisão traseira;Com Vítimas Feridas;Pleno dia;Crescente;Céu Claro;Dupla;Reta;Não;3;0;1;0;2;0;1;2;-8,29431633;-35,88437194;SPRF-PE;DEL02-PE;UOP01-DEL02-PE
577189;26/01/2024;sexta-feira;12:10:00;MG;116;532,5;SANTA RITA DE MINAS;Conversão proibida;Colisão transversal;Com Vítimas Feridas;Pleno dia;Crescente;Nublado;Simples;Interseção de Vias;Não;2;0;1;0;1;0;1;2;-19,837057;-42,138482;SPRF-MG;DEL06-MG;UOP02-DEL06-MG
577190;26/01/2024;sexta-feira;13:35:00;BA;116;673;JEQUIE;Desrespeitar a preferência no cruzamento;Colisão transversal;Com Vítimas Feridas;Pleno dia;Decrescente;Chuva;Simples;"Reta;Interseção de Vias;Retorno Regulamentado";Não;3;0;0;3;0;0;3;2;-13,80845298;-40,11215229;SPRF-BA;DEL03-BA;UOP01-DEL03-BA
577191;26/01/2024;sexta-feira;13:30:00;SP;116;123;CACAPAVA;Reação tardia ou ineficiente do condutor;Saída de leito carroçável;Com Vítimas Feridas;Pleno dia;Crescente;Garoa/Chuvisco;Dupla;Reta;Não;2;0;1;1;0;0;2;1;-23,08754228;-45,66969781;SPRF-SP;DEL02-SP;UOP02-DEL02-SP
577192;10/01/2024;quarta-feira;14:15:00;MS;163;615,7;SAO GABRIEL DO OESTE;Acessar a via sem observar a presença dos outros veículos;Colisão transversal;Sem Vítimas;Pleno dia;Decrescente;Céu Claro;Simples;"Interseção de Vias;Reta";Sim;2;0;0;0;2;0;0;2;-19,39850778;-54,56579964;SPRF-MS;DEL06-MS;UOP02-DEL06-MS
577193;26/01/2024;sexta-feira;13:55:00;SP;116;274;TABOAO DA SERRA;Acumulo de areia ou detritos sobre o pavimento;Tombamento;Com Vítimas Feridas;Pleno dia;Crescente;Nublado;Dupla;Interseção de Vias;Sim;2;0;1;0;0;1;1;2;-23,63445084;-46,82418514;SPRF-SP;DEL04-SP;UOP01-DEL04-SP
577195;26/01/2024;sexta-feira;14:25:00;PR;369;72,1;SANTA MARIANA;Mal súbito do condutor;Colisão frontal;Com Vítimas Feridas;Pleno dia;Crescente;Sol;Simples;Curva;Sim;3;0;2;1;0;0;3;2;-23,15582843;-50,50706863;SPRF-PR;DEL07-PR;UOP05-DEL07-PR
577197;26/01/2024;sexta-feira;07:30:00;CE;116;23;ITAITINGA;Acessar a via sem observar a presença dos outros veículos;Colisão traseira;Com Vítimas Feridas;Pleno dia;Decrescente;Céu Claro;Simples;Retorno Regulamentado;Sim;2;0;1;0;1;0;1;2;-3,95439191;-38,51255178;SPRF-CE;DEL01-CE;UOP02-DEL01-CE
577199;26/01/2024;sexta-feira;14:30:00;PB;101;97;CONDE;Acessar a via sem observar a presença dos outros veículos;Colisão lateral mesmo sentido;Com Vítimas Feridas;Pleno dia;Decrescente;Céu Claro;Múltipla;Reta;Sim;2;0;0;1;1;0;1;2;-7,23846306;-34,9268519;SPRF-PB;DEL01-PB;UOP02-DEL01-PB
577200;26/01/2024;sexta-feira;14:15:00;SC;101;155,7;PORTO BELO;Demais falhas na via;Tombamento;Com Vítimas Feridas;Pleno dia;Crescente;Chuva;Simples;Reta;Sim;1;0;1;0;0;0;1;1;-27,16944139;-48,61170709;SPRF-SC;DEL04-SC;UOP03-DEL04-SC
577201;25/01/2024;quinta-feira;15:55:00;SP;116;482,2;JACUPIRANGA;Ausência de reação do condutor;Saída de leito carroçável;Com Vítimas Feridas;Pleno dia;Decrescente;Garoa/Chuvisco;Dupla;Reta;Não;1;0;1;0;0;0;1;1;-24,72213327;-48,04339385;SPRF-SP;DEL05-SP;UOP01-DEL05-SP
577202;14/01/2024;domingo;18:15:00;PR;476;120,3;COLOMBO;Trafegar com motocicleta (ou similar) entre as faixas;Colisão traseira;Com Vítimas Feridas;Pleno dia;Decrescente;Céu Claro;Dupla;"Reta;Interseção de Vias";Sim;11;0;0;1;10;0;1;4;-25,37401274;-49,19301152;SPRF-PR;DEL01-PR;UOP01-DEL01-PR
577204;26/01/2024;sexta-feira;15:30:00;RN;101;80,8;NATAL;Animais na Pista;Atropelamento de Animal;Com Vítimas Feridas;Pleno dia;Decrescente;Céu Claro;Dupla;Reta;Sim;1;0;0;1;0;0;1;1;-5,75852229;-35,28806121;SPRF-RN;DEL02-RN;UOP01-DEL02-RN
577207;26/01/2024;sexta-feira;14:50:00;RS;470;226,7;GARIBALDI;Retorno proibido;Colisão transversal;Com Vítimas Feridas;Pleno dia;Decrescente;Nublado;Simples;"Curva;Interseção de Vias";Sim;4;0;3;1;0;0;4;2;-29,25423849;-51,51157737;SPRF-RS;DEL06-RS;UOP01-DEL06-RS
577208;26/01/2024;sexta-feira;14:40:00;PR;376;379;IMBAU;Avarias e/ou desgaste excessivo no pneu;Saída de leito carroçável;Com Vítimas Feridas;Pleno dia;Decrescente;Chuva;Simples;"Declive;Curva";Não;3;0;1;1;1;0;2;2;-24,44402691;-50,76102963;SPRF-PR;DEL03-PR;UOP02-DEL03-PR
577209;26/01/2024;sexta-feira;10:00:00;SC;101;119;ITAJAI;Reação tardia ou ineficiente do condutor;Colisão lateral mesmo sentido;Sem Vítimas;Pleno dia;Crescente;Céu Claro;Dupla;Reta;Sim;2;0;0;0;1;1;0;2;-26,9043179;-48,71555481;SPRF-SC;DEL04-SC;UOP04-DEL04-SC
577211;19/01/2024;sexta-feira;02:05:00;MS;463;34,5;PONTA PORA;Animais na Pista;Atropelamento de Animal;Sem Vítimas;Plena Noite;Decrescente;Céu Claro;Simples;Reta;Não;1;0;0;0;1;0;0;1;-22,30370849;-55,11222839;SPRF-MS;DEL04-MS;UOP03-DEL04-MS
577213;26/01/2024;sexta-feira;16:00:00;MG;381;906,5;CAMBUI;Chuva;Capotamento;Com Vítimas Feridas;Pleno dia;Decrescente;Chuva;Dupla;Curva;Não;4;0;3;0;1;0;3;1;-22,70254777;-46,11752735;SPRF-MG;DEL16-MG;UOP03-DEL16-MG
577216;26/01/2024;sexta-feira;15:40:00;CE;116;0;FORTALEZA;Acessar a via sem observar a presença dos outros veículos;Colisão transversal;Sem Vítimas;Pleno dia;Crescente;Céu Claro;Múltipla;Reta;Sim;2;0;0;0;1;1;0;2;-3,754584;-38,523407;SPRF-CE;DEL01-CE;UOP02-DEL01-CE
577217;26/01/2024;sexta-feira;15:13:00;PI;343;2;TERESINA;Manobra de mudança de faixa;Colisão lateral mesmo sentido;Com Vítimas Feridas;Pleno dia;Crescente;Céu Claro;Dupla;Reta;Sim;2;0;1;0;0;1;1;2;-5,089569;-42,802288;SPRF-PI;DEL01-PI;UOP01-DEL01-PI
577218;26/01/2024;sexta-feira;16:50:00;SE;235;2;ARACAJU;Manobra de mudança de faixa;Tombamento;Com Vítimas Feridas;Pleno dia;Decrescente;Nublado;Dupla;"Interseção de Vias;Curva";Sim;1;0;1;0;0;0;1;1;-10,9062;-37,1034;SPRF-SE;DEL01-SE;UOP01-DEL01-SE
577220;26/01/2024;sexta-feira;15:50:00;TO;230;1;AGUIARNOPOLIS;Acessar a via sem observar a presença dos outros veículos;Colisão transversal;Com Vítimas Feridas;Pleno dia;Crescente;Céu Claro;Simples;Reta;Não;2;0;0;1;1;0;1;2;-6,56184592;-47,46741502;SPRF-TO;DEL02-TO;UOP03-DEL02-TO
577221;26/01/2024;sexta-feira;16:15:00;BA;324;616;SALVADOR;Condutor deixou de manter distância do veículo da frente;Engavetamento;Com Vítimas Feridas;Pleno dia;Decrescente;Garoa/Chuvisco;Dupla;Reta;Sim;4;0;1;0;1;2;1;3;-12,87957905;-38,43213893;SPRF-BA;DEL01-BA;UOP01-DEL01-BA
577223;26/01/2024;sexta-feira;16:30:00;ES;101;269;SERRA;Condutor deixou de manter distância do veículo da frente;Colisão traseira;Com Vítimas Feridas;Pleno dia;Crescente;Chuva;Dupla;Reta;Sim;3;0;0;1;2;0;1;2;-20,190199;-40,26828891;SPRF-ES;DEL02-ES;UOP01-DEL02-ES
577225;26/01/2024;sexta-feira;15:45:00;AL;104;88;RIO LARGO;Retorno proibido;Colisão transversal;Com Vítimas Feridas;Pleno dia;Decrescente;Céu Claro;Dupla;Reta;Sim;2;0;0;1;1;0;1;2;-9,48375193;-35,81815581;SPRF-AL;DEL01-AL;UOP01-DEL01-AL
577227;26/01/2024;sexta-feira;17:10:00;SP;381;47;ATIBAIA;Ausência de reação do condutor;Queda de ocupante de veículo;Com Vítimas Feridas;Pleno dia;Crescente;Céu Claro;Dupla;Reta;Sim;1;0;1;0;0;0;1;1;-23,18904617;-46,58407757;SPRF-SP;DEL03-SP;UOP01-DEL03-SP
577228;26/01/2024;sexta-feira;17:10:00;RS;116;147,3;CAXIAS DO SUL;Reação tardia ou ineficiente do condutor;Colisão traseira;Com Vítimas Feridas;Pleno dia;Crescente;Céu Claro;Dupla;"Reta;Interseção de Vias";Sim;2;0;0;1;1;0;1;2;-29,14908014;-51,1429969;SPRF-RS;DEL05-RS;UOP01-DEL05-RS
577230;26/01/2024;sexta-feira;15:45:00;MG;381;479;CONTAGEM;Ausência de reação do condutor;Colisão traseira;Sem Vítimas;Pleno dia;Crescente;Céu Claro;Dupla;Reta;Sim;2;0;0;0;2;0;0;2;-19,95889605;-44,069202;SPRF-MG;DEL01-MG;UOP03-DEL01-MG
577231;26/01/2024;sexta-feira;14:45:00;RS;471;174,4;RIO PARDO;Desrespeitar a preferência no cruzamento;Colisão transversal;Com Vítimas Feridas;Pleno dia;Crescente;Sol;Simples;Rotatória;Sim;2;0;1;0;1;0;1;2;-29,98168946;-52,36967193;SPRF-RS;DEL02-RS;UOP03-DEL02-RS
577232;26/01/2024;sexta-feira;17:10:00;SE;101;96;SAO CRISTOVAO;Acessar a via sem observar a presença dos outros veículos;Colisão transversal;Com Vítimas Feridas;Pleno dia;Crescente;Céu Claro;Dupla;"Retorno Regulamentado;Reta";Não;2;0;0;1;1;0;1;2;-10,91256274;-37,15981218;SPRF-SE;DEL02-SE;UOP01-DEL02-SE
577234;26/01/2024;sexta-feira;16:50:00;PE;101;75,5;RECIFE;Trafegar com motocicleta (ou similar) entre as faixas;Colisão traseira;Com Vítimas Feridas;Anoitecer;Decrescente;Céu Claro;Dupla;Reta;Sim;3;0;1;0;1;1;1;2;-8,10973523;-34,94660151;SPRF-PE;DEL01-PE;UOP01-DEL01-PE
577235;26/01/2024;sexta-feira;17:55:00;SP;153;86;MIRASSOL;Ingestão de álcool pelo condutor;Colisão traseira;Sem Vítimas;Pleno dia;Decrescente;Céu Claro;Simples;"Declive;Reta;Em Obras";Não;4;0;0;0;4;0;0;2;-20,94035079;-49,52635316;SPRF-SP;DEL09-SP;UOP01-DEL09-SP
577236;26/01/2024;sexta-feira;15:00:00;MG;262;32,3;MANHUACU;Reação tardia ou ineficiente do condutor;Colisão lateral mesmo sentido;Com Vítimas Feridas;Pleno dia;Crescente;Chuva;Simples;Aclive;Não;3;0;1;0;1;1;1;3;-20,25556389;-41,99814902;SPRF-MG;DEL06-MG;UOP03-DEL06-MG
577237;26/01/2024;sexta-feira;16:40:00;MG;262;442;NOVA SERRANA;Ausência de reação do condutor;Colisão traseira;Sem Vítimas;Pleno dia;Crescente;Céu Claro;Dupla;"Reta;Declive";Sim;2;0;0;0;2;0;0;2;-19,8806236;-44,91232265;SPRF-MG;DEL08-MG;UOP03-DEL08-MG
577238;26/01/2024;sexta-feira;16:10:00;MS;60;466,2;DOIS IRMAOS DO BURITI;Demais falhas mecânicas ou elétricas;Saída de leito carroçável;Com Vítimas Fatais;Pleno dia;Crescente;Céu Claro;Simples;Reta;Não;2;1;0;1;0;0;1;1;-21,00670833;-55,28388672;SPRF-MS;DEL01-MS;UOP04-DEL01-MS