id;data_inversa;dia_semana;horario;uf;br;km;municipio;causa_acidente;tipo_acidente;classificacao_acidente;fase_dia;sentido_via;condicao_metereologica;tipo_pista;tracado_via;uso_solo;pessoas;mortos;feridos_leves;feridos_graves;ilesos;ignorados;feridos;veiculos;latitude;longitude;regional;delegacia;uop
577583;28/01/2024;domingo;13:12:00;SC;101;195,6;BIGUACU;Acessar a via sem observar a presença dos outros veículos;Colisão transversal;Com Vítimas Feridas;Pleno dia;Decrescente;Céu Claro;Dupla;Reta;Sim;3;0;3;0;0;0;3;2;-27,5047092;-48,65010819;SPRF-SC;DEL01-SC;UOP01-DEL01-SC
577584;28/01/2024;domingo;12:15:00;RS;290;92;PORTO ALEGRE;Ausência de reação do condutor;Colisão com objeto;Com Vítimas Fatais;Pleno dia;Crescente;Sol;Simples;"Curva;Viaduto";Não;1;1;0;0;0;0;0;1;-29,971916;-51,176838;SPRF-RS;DEL01-RS;UOP01-DEL01-RS
577585;28/01/2024;domingo;11:55:00;MG;381;448;SABARA;Condutor deixou de manter distância do veículo da frente;Colisão frontal;Com Vítimas Feridas;Pleno dia;Crescente;Nublado;Simples;Reta;Sim;3;0;0;2;1;0;2;2;-19,83435173;-43,85962899;SPRF-MG;DEL01-MG;UOP01-DEL01-MG
577587;28/01/2024;domingo;13:20:00;SP;101;15,2;UBATUBA;Manobra de mudança de faixa;Colisão frontal;Com Vítimas Feridas;Pleno dia;Crescente;Chuva;Simples;"Reta;Interseção de Vias";Não;4;0;2;0;2;0;2;2;-23,33509719;-44,88011527;SPRF-SP;DEL06-SP;UOP01-DEL06-SP
577588;28/01/2024;domingo;12:00:00;GO;60;364;RIO VERDE;Ingestão de álcool pelo condutor;Capotamento;Sem Vítimas;Pleno dia;Crescente;Sol;Dupla;"Reta;Aclive";Não;1;0;0;0;0;1;0;1;-17,6495;-50,7985;SPRF-GO;DEL04-GO;UOP02-DEL04-GO
577589;28/01/2024;domingo;12:30:00;BA;116;817,8;VITORIA DA CONQUISTA;Acessar a via sem observar a presença dos outros veículos;Colisão transversal;Com Vítimas Feridas;Pleno dia;Decrescente;Nublado;Simples;Interseção de Vias;Não;3;0;1;0;1;1;1;2;-14,82351632;-40,81825161;SPRF-BA;DEL08-BA;UOP01-DEL08-BA
577590;28/01/2024;domingo;11:50:00;AC;364;126;RIO BRANCO;Desrespeitar a preferência no cruzamento;Colisão transversal;Com Vítimas Feridas;Pleno dia;Crescente;Céu Claro;Dupla;Retorno Regulamentado;Sim;3;0;3;0;0;0;3;2;-10,01980906;-67,81433091;SPRF-AC;DEL01-AC;UOP01-DEL01-AC
577591;28/01/2024;domingo;12:37:00;RJ;393;286;VOLTA REDONDA;Ausência de reação do condutor;Colisão traseira;Com Vítimas Feridas;Pleno dia;Decrescente;Céu Claro;Simples;Reta;Não;5;0;0;1;4;0;1;2;-22,49133996;-44,06505619;SPRF-RJ;DEL05-RJ;UOP04-DEL05-RJ
577592;28/01/2024;domingo;14:10:00;MG;116;409,9;GOVERNADOR VALADARES;Ausência de reação do condutor;Colisão com objeto;Com Vítimas Feridas;Pleno dia;Crescente;Nublado;Dupla;Reta;Sim;1;0;1;0;0;0;1;1;-18,84936788;-41,97891368;SPRF-MG;DEL06-MG;UOP01-DEL06-MG
577593;28/01/2024;domingo;14:20:00;MG;116;634,7;DIVINO;Acessar a via sem observar a presença dos outros veículos;Colisão transversal;Com Vítimas Feridas;Pleno dia;Decrescente;Nublado;Simples;Reta;Não;5;0;3;0;2;0;3;2;-20,61516;-42,217882;SPRF-MG;DEL07-MG;UOP02-DEL07-MG
577594;28/01/2024;domingo;14:25:00;SC;470;54;BLUMENAU;Condutor deixou de manter distância do veículo da frente;Colisão traseira;Sem Vítimas;Pleno dia;Crescente;Céu Claro;Simples;Interseção de Vias;Não;2;0;0;0;2;0;0;2;-26,871065;-49,110374;SPRF-SC;DEL04-SC;UOP01-DEL04-SC
577595;28/01/2024;domingo;13:40:00;RS;290;255;CACHOEIRA DO SUL;Demais falhas mecânicas ou elétricas;Tombamento;Com Vítimas Feridas;Pleno dia;Decrescente;Céu Claro;Simples;Reta;Não;2;0;2;0;0;0;2;1;-30,248507;-52,774807;SPRF-RS;DEL02-RS;UOP03-DEL02-RS
577596;28/01/2024;domingo;14:45:00;MG;381;929;ITAPEVA;Ausência de reação do condutor;Saída de leito carroçável;Com Vítimas Feridas;Pleno dia;Crescente;Nublado;Dupla;Curva;Não;3;0;2;0;1;0;2;1;-22,79911462;-46,26123692;SPRF-MG;DEL16-MG;UOP03-DEL16-MG
577598;28/01/2024;domingo;12:10:00;MG;354;730,5;POUSO ALTO;Conversão proibida;Colisão transversal;Com Vítimas Fatais;Pleno dia;Crescente;Céu Claro;Simples;"Aclive;Reta";Não;8;1;1;1;3;2;2;3;-22,1646781;-44,96415906;SPRF-MG;DEL17-MG;UOP01-DEL17-MG
577601;28/01/2024;domingo;15:00:00;GO;364;108;CACHOEIRA ALTA;Avarias e/ou desgaste excessivo no pneu;Tombamento;Com Vítimas Feridas;Pleno dia;Crescente;Céu Claro;Simples;Reta;Não;1;0;1;0;0;0;1;1;-18,348637;-51,123611;SPRF-GO;DEL05-GO;UOP02-DEL05-GO
577602;28/01/2024;domingo;10:50:00;RJ;493;83;JAPERI;Conversão proibida;Saída de leito carroçável;Com Vítimas Feridas;Pleno dia;Crescente;Nublado;Dupla;Reta;Não;2;0;0;1;1;0;1;1;-22,6602744;-43,60267639;SPRF-RJ;DEL01-RJ;UOP03-DEL01-RJ
577603;28/01/2024;domingo;15:25:00;RS;386;446;CANOAS;Ausência de reação do condutor;Tombamento;Com Vítimas Feridas;Pleno dia;Crescente;Chuva;Dupla;Retorno Regulamentado;Sim;2;0;1;0;1;0;1;1;-29,893251;-51,182266;SPRF-RS;DEL01-RS;UOP01-DEL01-RS
577604;28/01/2024;domingo;15:50:00;SC;101;137,8;BALNEARIO CAMBORIU;Reação tardia ou ineficiente do condutor;Colisão traseira;Com Vítimas Feridas;Pleno dia;Decrescente;Nublado;Dupla;Reta;Sim;5;0;2;0;2;1;2;3;-27,0157238;-48,61192763;SPRF-SC;DEL04-SC;UOP03-DEL04-SC
577606;28/01/2024;domingo;15:40:00;RJ;356;172;SAO JOAO DA BARRA;Ultrapassagem Indevida;Colisão lateral sentido oposto;Com Vítimas Feridas;Pleno dia;Decrescente;Nublado;Simples;Reta;Não;6;0;1;0;5;0;1;2;-21,718531;-41,078654;SPRF-RJ;DEL08-RJ;UOP02-DEL08-RJ
577607;28/01/2024;domingo;14:10:00;PE;232;79;GRAVATA;Demais falhas mecânicas ou elétricas;Colisão traseira;Com Vítimas Feridas;Pleno dia;Decrescente;Céu Claro;Dupla;"Aclive;Reta";Sim;8;0;5;1;2;0;6;2;-8,19460572;-35,56074803;SPRF-PE;DEL02-PE;UOP02-DEL02PE
577608;28/01/2024;domingo;16:00:00;RJ;101;531;ANGRA DOS REIS;Velocidade Incompatível;Colisão frontal;Com Vítimas Feridas;Pleno dia;Crescente;Nublado;Simples;Curva;Não;3;0;1;2;0;0;3;2;-23,02147898;-44,52344494;SPRF-RJ;DEL03-RJ;UOP03-DEL03-RJ
577609;28/01/2024;domingo;14:30:00;BA;101;523;BUERAREMA;Chuva;Saída de leito carroçável;Com Vítimas Feridas;Pleno dia;Crescente;Chuva;Simples;Curva;Não;2;0;1;0;1;0;1;1;-14,943116;-39,303957;SPRF-BA;DEL05-BA;UOP01-DEL05-BA
577610;28/01/2024;domingo;16:03:00;MG;381;490,3;BETIM;Manobra de mudança de faixa;Colisão traseira;Com Vítimas Feridas;Pleno dia;Decrescente;Nublado;Múltipla;Reta;Sim;2;0;1;0;1;0;1;2;-19,95665;-44,14741;SPRF-MG;DEL01-MG;UOP03-DEL01-MG
577611;28/01/2024;domingo;14:40:00;PE;316;64,2;TRINDADE;Ausência de reação do condutor;Colisão transversal;Com Vítimas Fatais;Pleno dia;Crescente;Céu Claro;Simples;"Reta;Declive";Não;3;1;0;0;2;0;0;2;-7,78543662;-40,22695512;SPRF-PE;DEL05-PE;UOP02-DEL05-PE
577612;28/01/2024;domingo;14:30:00;BA;242;730;CRISTOPOLIS;Condutor Dormindo;Queda de ocupante de veículo;Com Vítimas Feridas;Pleno dia;Decrescente;Céu Claro;Simples;Reta;Não;1;0;1;0;0;0;1;1;-12,22728634;-44,42768097;SPRF-BA;DEL10-BA;UOP01-DEL10-BA
577613;28/01/2024;domingo;16:10:00;SC;282;59;RANCHO QUEIMADO;Desrespeitar a preferência no cruzamento;Colisão transversal;Com Vítimas Feridas;Pleno dia;Decrescente;Chuva;Múltipla;Interseção de Vias;Sim;2;0;1;0;1;0;1;2;-27,677965;-49,011559;SPRF-SC;DEL01-SC;UOP03-DEL01-SC
577614;28/01/2024;domingo;15:30:00;AL;316;230;ATALAIA;Demais falhas mecânicas ou elétricas;Queda de ocupante de veículo;Com Vítimas Feridas;Pleno dia;Crescente;Céu Claro;Simples;Reta;Não;2;0;2;0;0;0;2;1;-9,49432498;-36,118797;SPRF-AL;DEL01-AL;UOP01-DEL01-AL
577615;28/01/2024;domingo;15:50:00;RJ;101;531;ANGRA DOS REIS;Pista Escorregadia;Colisão transversal;Com Vítimas Feridas;Pleno dia;Crescente;Nublado;Simples;Curva;Não;5;0;2;3;0;0;5;2;-23,02147898;-44,52344494;SPRF-RJ;DEL03-RJ;UOP03-DEL03-RJ
577616;28/01/2024;domingo;15:40:00;MT;70;16,6;BARRA DO GARCAS;Frear bruscamente;Capotamento;Com Vítimas Feridas;Pleno dia;Decrescente;Céu Claro;Simples;"Declive;Curva";Não;4;0;3;0;1;0;3;1;-15,86795112;-52,39570706;SPRF-MT;DEL07-MT;UOP01-DEL07-MT
577617;28/01/2024;domingo;14:42:00;PR;272;553;TERRA ROXA;Condutor usando celular;Saída de leito carroçável;Com Vítimas Feridas;Pleno dia;Crescente;Céu Claro;Simples;Reta;Não;1;0;1;0;0;0;1;1;-24,08395803;-54,08657001;SPRF-PR;DEL06-PR;UOP01-DEL06-PR
577618;28/01/2024;domingo;16:35:00;MG;50;77;UBERLANDIA;Ingestão de álcool pelo condutor;Saída de leito carroçável;Com Vítimas Feridas;Pleno dia;Crescente;Céu Claro;Simples;Viaduto;Sim;1;0;1;0;0;0;1;1;-18,986906;-48,211853;SPRF-MG;DEL15-MG;UOP01-DEL15-MG
577619;28/01/2024;domingo;16:45:00;PR;277;333,9;GUARAPUAVA;Reação tardia ou ineficiente do condutor;Colisão com objeto;Sem Vítimas;Pleno dia;Crescente;Garoa/Chuvisco;Simples;Curva;Não;5;0;0;0;5;0;0;1;-25,347022;-51,391657;SPRF-PR;DEL08-PR;UOP01-DEL08-PR
577620;28/01/2024;domingo;14:00:00;GO;70;300;ITAPIRAPUA;Reação tardia ou ineficiente do condutor;Saída de leito carroçável;Com Vítimas Feridas;Pleno dia;Decrescente;Céu Claro;Simples;Reta;Não;1;0;1;0;0;0;1;1;-15,82925095;-50,66516876;SPRF-GO;DEL04-GO;UOP02-DEL04-GO
577621;28/01/2024;domingo;14:10:00;GO;70;296;ITAPIRAPUA;Demais falhas mecânicas ou elétricas;Incêndio;Sem Vítimas;Pleno dia;Decrescente;Céu Claro;Simples;Aclive;Não;1;0;0;0;0;1;0;1;-15,8254483;-50,65534973;SPRF-GO;DEL04-GO;UOP02-DEL04-GO
577622;28/01/2024;domingo;16:20:00;GO;153;436;ANAPOLIS;Condutor deixou de manter distância do veículo da frente;Colisão traseira;Com Vítimas Feridas;Pleno dia;Crescente;Chuva;Dupla;Reta;Sim;4;0;1;0;3;0;1;1;-16,283987;-48,951763;SPRF-GO;DEL02-GO;UOP01-DEL02-GO
577623;28/01/2024;domingo;16:50:00;MG;381;568,5;ITAGUARA;Velocidade Incompatível;Saída de leito carroçável;Com Vítimas Feridas;Pleno dia;Crescente;Chuva;Dupla;Curva;Não;3;0;2;0;1;0;2;1;-20,42649228;-44,54458383;SPRF-MG;DEL04-MG;UOP03-DEL04-MG
577625;28/01/2024;domingo;17:10:00;GO;70;29;COCALZINHO DE GOIAS;Velocidade Incompatível;Saída de leito carroçável;Com Vítimas Feridas;Anoitecer;Crescente;Nublado;Simples;Curva;Não;2;0;1;0;1;0;1;1;-15,76396108;-48,44290582;SPRF-DF;DEL03-DF;UOP02-DEL03-DF
577626;16/01/2024;terça-feira;11:25:00;MT;158;730;BARRA DO GARCAS;Reação tardia ou ineficiente do condutor;Saída de leito carroçável;Com Vítimas Feridas;Pleno dia;Crescente;Sol;Simples;Reta;Não;1;0;1;0;0;0;1;1;-15,31333997;-52,16995088;SPRF-MT;DEL07-MT;UOP01-DEL07-MT
577627;28/01/2024;domingo;17:20:00;PR;277;99,4;CURITIBA;Acumulo de água sobre o pavimento;Saída de leito carroçável;Com Vítimas Feridas;Pleno dia;Crescente;Chuva;Dupla;Reta;Sim;2;0;2;0;0;0;2;1;-25,53375211;-49,31824405;SPRF-PR;DEL01-PR;UOP06-DEL01-PR
577628;28/01/2024;domingo;17:10:00;RS;386;386,9;TABAI;Reação tardia ou ineficiente do condutor;Saída de leito carroçável;Sem Vítimas;Pleno dia;Decrescente;Céu Claro;Dupla;Reta;Sim;1;0;0;0;1;0;0;1;-29,688717;-51,717327;SPRF-RS;DEL04-RS;UOP01-DEL04-RS
577629;28/01/2024;domingo;17:20:00;AL;316;221;ATALAIA;Ingestão de álcool pelo condutor;Saída de leito carroçável;Com Vítimas Feridas;Anoitecer;Crescente;Céu Claro;Simples;Interseção de Vias;Não;1;0;0;1;0;0;1;1;-9,46836516;-36,18278503;SPRF-AL;DEL01-AL;UOP01-DEL01-AL
577630;28/01/2024;domingo;18:01:00;SP;153;67;SAO JOSE DO RIO PRETO;Condutor deixou de manter distância do veículo da frente;Colisão traseira;Com Vítimas Feridas;Anoitecer;Crescente;Céu Claro;Dupla;Reta;Sim;2;0;1;0;0;1;1;2;-20,84853593;-49,37585608;SPRF-SP;DEL09-SP;UOP01-DEL09-SP
577631;28/01/2024;domingo;14:15:00;PR;277;127;CAMPO LARGO;Reação tardia ou ineficiente do condutor;Saída de leito carroçável;Sem Vítimas;Pleno dia;Decrescente;Garoa/Chuvisco;Simples;Curva;Não;1;0;0;0;1;0;0;1;-25,473;-49,6357;SPRF-PR;DEL03-PR;UOP03-DEL03-PR
577633;28/01/2024;domingo;17:50:00;SC;101;119;ITAJAI;Reação tardia ou ineficiente do condutor;Colisão traseira;Com Vítimas Feridas;Anoitecer;Decrescente;Céu Claro;Dupla;Reta;Sim;3;0;1;0;2;0;1;2;-26,9043179;-48,71555481;SPRF-SC;DEL04-SC;UOP04-DEL04-SC
577635;28/01/2024;domingo;17:45:00;RN;406;103;JOAO CAMARA;Acessar a via sem observar a presença dos outros veículos;Colisão transversal;Sem Vítimas;Anoitecer;Decrescente;Céu Claro;Simples;Interseção de Vias;Não;2;0;0;0;2;0;0;2;-5,53714888;-35,81373986;SPRF-RN;DEL02-RN;UOP01-DEL02-RN
577638;28/01/2024;domingo;16:30:00;PR;369;470,5;CORBELIA;Reação tardia ou ineficiente do condutor;Saída de leito carroçável;Com Vítimas Feridas;Pleno dia;Crescente;Céu Claro;Simples;Curva;Não;3;0;0;1;2;0;1;1;-24,690762;-53,236652;SPRF-PR;DEL04-PR;UOP03-DEL04-PR
577639;28/01/2024;domingo;16:00:00;MS;60;404;SIDROLANDIA;Transitar na contramão;Colisão lateral sentido oposto;Com Vítimas Feridas;Pleno dia;Crescente;Céu Claro;Simples;"Declive;Curva";Não;7;0;3;4;0;0;7;2;-20,83451593;-54,80625825;SPRF-MS;DEL01-MS;UOP04-DEL01-MS
577640;28/01/2024;domingo;15:50:00;PE;407;124;PETROLINA;Condutor deixou de manter distância do veículo da frente;Colisão traseira;Com Vítimas Feridas;Pleno dia;Crescente;Céu Claro;Simples;Interseção de Vias;Sim;2;0;1;0;1;0;1;2;-9,36929881;-40,54137139;SPRF-PE;DEL06-PE;UOP01-DEL06-PE
577641;28/01/2024;domingo;18:25:00;RS;116;0,1;PORTO ALEGRE;Acumulo de água sobre o pavimento;Capotamento;Com Vítimas Feridas;Pleno dia;Decrescente;Chuva;Múltipla;Curva;Sim;4;0;4;0;0;0;4;1;-30,033535;-51,230453;SPRF-RS;DEL01-RS;UOP01-DEL01-RS
577642;28/01/2024;domingo;16:50:00;PR;277;685;SAO MIGUEL DO IGUACU;Acumulo de óleo sobre o pavimento;Queda de ocupante de veículo;Com Vítimas Feridas;Pleno dia;Decrescente;Céu Claro;Dupla;"Curva;Aclive";Sim;2;0;1;1;0;0;2;1;-25,3350861;-54,207268;SPRF-PR;DEL05-PR;UOP01-DEL05-PR
577643;28/01/2024;domingo;18:30:00;PR;467;110,2;CASCAVEL;Ingestão de álcool pelo condutor;Saída de leito carroçável;Com Vítimas Feridas;Pleno dia;Crescente;Céu Claro;Dupla;Reta;Sim;2;0;2;0;0;0;2;1;-24,92755959;-53,45672607;SPRF-PR;DEL04-PR;UOP01-DEL04-PR
577644;28/01/2024;domingo;18:10:00;GO;60;18,5;ALEXANIA;Reação tardia ou ineficiente do condutor;Capotamento;Sem Vítimas;Anoitecer;Crescente;Céu Claro;Dupla;Reta;Sim;2;0;0;0;2;0;0;1;-16,0963;-48,5202;SPRF-DF;DEL03-DF;UOP01-DEL03-DF
577645;28/01/2024;domingo;18:10:00;RS;470;212,8;BENTO GONCALVES;Ingestão de álcool pelo condutor;Colisão frontal;Com Vítimas Feridas;Pleno dia;Decrescente;Nublado;Simples;"Declive;Reta";Não;7;0;1;0;6;0;1;3;-29,14468113;-51,53392017;SPRF-RS;DEL06-RS;UOP01-DEL06-RS
577646;28/01/2024;domingo;17:50:00;PI;343;336;TERESINA;Ingestão de álcool pelo condutor;Saída de leito carroçável;Sem Vítimas;Pleno dia;Crescente;Céu Claro;Dupla;Reta;Não;1;0;0;0;1;0;0;1;-5,06176934;-42,70832062;SPRF-PI;DEL01-PI;UOP01-DEL01-PI
577647;28/01/2024;domingo;17:40:00;SC;101;1;GARUVA;Reação tardia ou ineficiente do condutor;Tombamento;Com Vítimas Feridas;Pleno dia;Decrescente;Céu Claro;Múltipla;Reta;Não;1;0;1;0;0;0;1;1;-25,98895627;-48,88356133;SPRF-SC;DEL03-SC;UOP01-DEL03-SC
577648;28/01/2024;domingo;18:50:00;PR;277;97;CURITIBA;Condutor deixou de manter distância do veículo da frente;Colisão traseira;Sem Vítimas;Anoitecer;Crescente;Nublado;Dupla;"Reta;Declive";Sim;2;0;0;0;2;0;0;2;-25,4304438;-49,34110701;SPRF-PR;DEL01-PR;UOP06-DEL01-PR
577649;28/01/2024;domingo;18:00:00;PI;343;593;FLORIANO;Ultrapassagem Indevida;Colisão lateral mesmo sentido;Com Vítimas Feridas;Plena Noite;Crescente;Céu Claro;Simples;Reta;Sim;4;0;3;0;0;1;3;2;-6,781913;-43,038273;SPRF-PI;DEL03-PI;UOP01-DEL03-PI
577650;28/01/2024;domingo;17:15:00;PE;424;10,4;ARCOVERDE;Ausência de reação do condutor;Colisão transversal;Com Vítimas Fatais;Pleno dia;Decrescente;Céu Claro;Simples;Reta;Não;2;1;0;0;1;0;0;2;-8,49698318;-37,010177;SPRF-PE;DEL04-PE;UOP02-DEL04-PE
577651;28/01/2024;domingo;19:40:00;RJ;101;200;CASIMIRO DE ABREU;Transitar na contramão;Colisão frontal;Com Vítimas Fatais;Plena Noite;Decrescente;Céu Claro;Dupla;Reta;Não;4;1;2;0;1;0;2;2;-22,485435;-42,14117;SPRF-RJ;DEL08-RJ;UOP04-DEL08-RJ
577652;28/01/2024;domingo;13:10:00;MG;153;17;CENTRALINA;Ingestão de álcool pelo condutor;Queda de ocupante de veículo;Com Vítimas Feridas;Pleno dia;Decrescente;Céu Claro;Dupla;Reta;Não;1;0;1;0;0;0;1;1;-18,569555;-49,193806;SPRF-MG;DEL15-MG;UOP03-DEL15-MG
577653;28/01/2024;domingo;19:30:00;MG;116;627,5;ORIZANIA;Pedestre andava na pista;Atropelamento de Pedestre;Com Vítimas Fatais;Plena Noite;Decrescente;Céu Claro;Simples;Reta;Não;8;1;0;0;4;3;0;3;-20,556676;-42,20906;SPRF-MG;DEL07-MG;UOP02-DEL07-MG
577655;28/01/2024;domingo;18:40:00;PE;232;181,4;BELO JARDIM;Transitar na contramão;Colisão frontal;Com Vítimas Feridas;Plena Noite;Decrescente;Céu Claro;Simples;Reta;Sim;2;0;1;0;1;0;1;2;-8,34627974;-36,43776285;SPRF-PE;DEL03-PE;UOP02-DEL03-PE
577657;28/01/2024;domingo;14:30:00;BA;407;42,7;JUAZEIRO;Demais falhas mecânicas ou elétricas;Saída de leito carroçável;Com Vítimas Feridas;Pleno dia;Decrescente;Sol;Simples;Reta;Não;5;0;5;0;0;0;5;1;-9,74760195;-40,34800581;SPRF-BA;DEL04-BA;UOP01-DEL04-BA
577658;28/01/2024;domingo;20:00:00;GO;60;388;RIO VERDE;Retorno proibido;Colisão traseira;Sem Vítimas;Plena Noite;Crescente;Nublado;Simples;"Em Obras;Reta";Sim;4;0;0;0;3;1;0;3;-17,8151;-50,9343;SPRF-GO;DEL04-GO;UOP02-DEL04-GO
577659;28/01/2024;domingo;19:20:00;PB;230;156;CAMPINA GRANDE;Transitar na contramão;Colisão lateral sentido oposto;Sem Vítimas;Plena Noite;Crescente;Céu Claro;Simples;"Desvio Temporário;Reta;Em Obras";Sim;2;0;0;0;2;0;0;2;-7,2693;-35,9138;SPRF-PB;DEL02-PB;UOP01-DEL02-PB
577660;28/01/2024;domingo;20:10:00;PE;104;70,5;CARUARU;Ingestão de álcool pelo condutor;Queda de ocupante de veículo;Com Vítimas Feridas;Plena Noite;Decrescente;Céu Claro;Dupla;Reta;Não;1;0;1;0;0;0;1;1;-8,323266;-35,988803;SPRF-PE;DEL02-PE;UOP01-DEL02-PE
577662;28/01/2024;domingo;19:47:00;SC;101;331,7;TUBARAO;Desrespeitar a preferência no cruzamento;Colisão transversal;Com Vítimas Feridas;Plena Noite;Crescente;Garoa/Chuvisco;Múltipla;Interseção de Vias;Sim;4;0;1;0;3;0;1;2;-28,46567318;-48,99627686;SPRF-SC;DEL02-SC;UOP01-DEL02-SC
577663;28/01/2024;domingo;19:50:00;GO;60;8,5;SANTO ANTONIO DO DESCOBERTO;Avarias e/ou desgaste excessivo no pneu;Saída de leito carroçável;Com Vítimas Feridas;Plena Noite;Crescente;Céu Claro;Dupla;"Aclive;Curva;Em Obras";Não;1;0;1;0;0;0;1;1;-16,112082;-48,305485;SPRF-DF;DEL03-DF;UOP01-DEL03-DF
577664;28/01/2024;domingo;19:50:00;PR;469;18,8;FOZ DO IGUACU;Ingestão de álcool pelo condutor;Colisão com objeto;Sem Vítimas;Plena Noite;Decrescente;Céu Claro;Simples;"Em Obras;Reta";Não;1;0;0;0;1;0;0;1;-25,5958;-54,5111;SPRF-PR;DEL05-PR;UOP04-DEL05-PR
577665;28/01/2024;domingo;20:15:00;RS;290;4;OSORIO;Manobra de mudança de faixa;Colisão lateral mesmo sentido;Com Vítimas Feridas;Plena Noite;Crescente;Nublado;Dupla;Reta;Não;4;0;0;1;3;0;1;2;-29,898134;-50,31419;SPRF-RS;DEL03-RS;UOP01-DEL03-RS
577666;28/01/2024;domingo;17:15:00;SP;116;108,5;TAUBATE;Entrada inopinada do pedestre;Atropelamento de Pedestre;Com Vítimas Feridas;Pleno dia;Crescente;Nublado;Dupla;"Reta;Aclive";Sim;2;0;1;0;1;0;1;2;-23,0233097;-45,53763622;SPRF-SP;DEL02-SP;UOP02-DEL02-SP
577668;28/01/2024;domingo;19:00:00;SC;163;73;SAO MIGUEL DO OESTE;Conversão proibida;Colisão traseira;Com Vítimas Feridas;Anoitecer;Decrescente;Céu Claro;Simples;Reta;Sim;2;0;1;0;1;0;1;2;-26,71084646;-53,51502434;SPRF-SC;DEL07-SC;UOP03-DEL07-SC
577670;28/01/2024;domingo;19:10:00;MG;40;772;JUIZ DE FORA;Transitar na contramão;Colisão lateral sentido oposto;Com Vítimas Feridas;Plena Noite;Decrescente;Chuva;Simples;Curva;Não;8;0;1;0;7;0;1;3;-21,61781996;-43,45469344;SPRF-MG;DEL05-MG;UOP01-DEL05-MG
577671;28/01/2024;domingo;20:15:00;MG;50;180;UBERABA;Velocidade Incompatível;Saída de leito carroçável;Sem Vítimas;Plena Noite;Decrescente;Céu Claro;Dupla;"Aclive;Interseção de Vias;Curva";Sim;1;0;0;0;0;1;0;1;-19,77751671;-47,92331815;SPRF-MG;DEL13-MG;UOP01-DEL13-MG
577675;28/01/2024;domingo;20:40:00;SP;116;447;REGISTRO;Ausência de reação do condutor;Colisão traseira;Com Vítimas Feridas;Plena Noite;Decrescente;Céu Claro;Dupla;Reta;Não;2;0;0;1;1;0;1;2;-24,51285376;-47,85054871;SPRF-SP;DEL05-SP;UOP01-DEL05-SP
577676;28/01/2024;domingo;19:10:00;MS;163;29;MUNDO NOVO;Reação tardia ou ineficiente do condutor;Colisão com objeto;Sem Vítimas;Plena Noite;Crescente;Céu Claro;Simples;Reta;Não;5;0;0;0;5;0;0;1;-23,85899892;-54,33396588;SPRF-MS;DEL09-MS;UOP02-DEL09-MS
577677;28/01/2024;domingo;19:30:00;RS;290;174;BUTIA;Manobra de mudança de faixa;Colisão frontal;Com Vítimas Fatais;Anoitecer;Decrescente;Céu Claro;Simples;"Aclive;Reta";Não;3;1;2;0;0;0;2;2;-30,128044;-51,951588;SPRF-RS;DEL02-RS;UOP03-DEL02-RS
577678;28/01/2024;domingo;21:00:00;MG;381;516;IGARAPE;Reação tardia ou ineficiente do condutor;Colisão com objeto;Com Vítimas Feridas;Plena Noite;Decrescente;Chuva;Dupla;"Curva;Declive";Não;1;0;1;0;0;0;1;1;-20,10866993;-44,31488799;SPRF-MG;DEL01-MG;UOP03-DEL01-MG
577679;28/01/2024;domingo;19:30:00;RO;364;197;PIMENTA BUENO;Transitar na contramão;Colisão frontal;Com Vítimas Feridas;Plena Noite;Crescente;Céu Claro;Simples;"Viaduto;Retorno Regulamentado;Curva";Sim;3;0;1;0;2;0;1;2;-11,679113;-61,187595;SPRF-RO;DEL02-RO;UOP02-DEL02-RO
577680;28/01/2024;domingo;17:15:00;SC;470;108;APIUNA;Pista esburacada;Atropelamento de Pedestre;Com Vítimas Feridas;Pleno dia;Decrescente;Garoa/Chuvisco;Simples;Reta;Não;3;0;2;1;0;0;3;2;-27,080708;-49,440491;SPRF-SC;DEL04-SC;UOP02-DEL04-SC
577681;28/01/2024;domingo;19:00:00;SC;470;115,7;IBIRAMA;Conversão proibida;Colisão transversal;Com Vítimas Feridas;Pleno dia;Crescente;Céu Claro;Simples;"Curva;Ponte";Não;5;0;2;0;2;1;2;2;-27,080416;-49,485348;SPRF-SC;DEL04-SC;UOP02-DEL04-SC
577682;28/01/2024;domingo;19:20:00;RJ;101;386;RIO DE JANEIRO;Reação tardia ou ineficiente do condutor;Saída de leito carroçável;Com Vítimas Feridas;Plena Noite;Decrescente;Chuva;Dupla;Reta;Sim;1;0;1;0;0;0;1;1;-22,88295192;-43,64094302;SPRF-RJ;DEL03-RJ;UOP01-DEL03-RJ
577683;28/01/2024;domingo;21:35:00;PA;163;984;SANTAREM;Pedestre andava na pista;Atropelamento de Pedestre;Com Vítimas Fatais;Plena Noite;Decrescente;Céu Claro;Simples;"Reta;Declive";Não;3;1;0;0;2;0;0;2;-2,60947104;-54,72295996;SPRF-PA;DEL05-PA;UOP01-DEL05-PA
577684;28/01/2024;domingo;20:15:00;PB;104;93;ESPERANCA;Ingestão de álcool pelo condutor;Colisão frontal;Com Vítimas Feridas;Plena Noite;Decrescente;Céu Claro;Simples;Reta;Sim;2;0;1;0;1;0;1;2;-6,99505412;-35,83569282;SPRF-PB;DEL02-PB;UOP04-DEL02-PB