id;data_inversa;dia_semana;horario;uf;br;km;municipio;causa_acidente;tipo_acidente;classificacao_acidente;fase_dia;sentido_via;condicao_metereologica;tipo_pista;tracado_via;uso_solo;pessoas;mortos;feridos_leves;feridos_graves;ilesos;ignorados;feridos;veiculos;latitude;longitude;regional;delegacia;uop
577685;28/01/2024;domingo;21:10:00;PE;408;88,5;SAO LOURENCO DA MATA;Velocidade Incompatível;Saída de leito carroçável;Com Vítimas Feridas;Plena Noite;Crescente;Chuva;Dupla;"Reta;Ponte";Não;1;0;0;1;0;0;1;1;-7,97432974;-35,08598372;SPRF-PE;DEL01-PE;UOP01-DEL01-PE
577686;28/01/2024;domingo;20:00:00;MT;163;397,9;CUIABA;Reação tardia ou ineficiente do condutor;Queda de ocupante de veículo;Com Vítimas Feridas;Plena Noite;Decrescente;Céu Claro;Dupla;Reta;Sim;1;0;1;0;0;0;1;1;-15,66671471;-55,95987266;SPRF-MT;DEL01-MT;UOP02-DEL01-MT
577688;28/01/2024;domingo;21:20:00;RS;158;567;SANTANA DO LIVRAMENTO;Acessar a via sem observar a presença dos outros veículos;Colisão traseira;Com Vítimas Feridas;Plena Noite;Decrescente;Céu Claro;Simples;"Reta;Declive;Interseção de Vias";Sim;3;0;0;1;2;0;1;2;-30,88998018;-55,50725341;SPRF-RS;DEL11-RS;UOP01-DEL11-RS
577689;28/01/2024;domingo;19:45:00;PR;369;201;APUCARANA;Desrespeitar a preferência no cruzamento;Colisão transversal;Com Vítimas Feridas;Plena Noite;Decrescente;Céu Claro;Simples;Interseção de Vias;Sim;3;0;0;2;0;1;2;2;-23,53755013;-51,4567852;SPRF-PR;DEL07-PR;UOP03-DEL07-PR
577690;28/01/2024;domingo;17:48:00;ES;262;75,2;DOMINGOS MARTINS;Transitar na contramão;Colisão frontal;Com Vítimas Feridas;Pleno dia;Crescente;Nublado;Simples;Reta;Não;4;0;1;2;1;0;3;2;-20,41438425;-40,90034008;SPRF-ES;DEL01-ES;UOP02-DEL01-ES
577691;28/01/2024;domingo;21:50:00;ES;101;70;SAO MATEUS;Acessar a via sem observar a presença dos outros veículos;Colisão transversal;Com Vítimas Feridas;Plena Noite;Crescente;Garoa/Chuvisco;Simples;Reta;Sim;3;0;0;1;2;0;1;3;-18,74453703;-39,86164665;SPRF-ES;DEL04-ES;UOP02-DEL04-ES
577692;28/01/2024;domingo;21:35:00;ES;101;261,2;SERRA;Retorno proibido;Colisão transversal;Com Vítimas Feridas;Plena Noite;Decrescente;Nublado;Dupla;"Reta;Aclive";Sim;5;0;4;0;1;0;4;2;-20,14854215;-40,27970926;SPRF-ES;DEL02-ES;UOP01-DEL02-ES
577693;28/01/2024;domingo;21:20:00;MA;226;2;TIMON;Reação tardia ou ineficiente do condutor;Colisão traseira;Com Vítimas Feridas;Plena Noite;Crescente;Céu Claro;Dupla;Reta;Sim;3;0;0;1;2;0;1;2;-5,1311846;-42,815704;SPRF-MA;DEL03-MA;UOP02-DEL03-MA
577694;28/01/2024;domingo;20:10:00;RJ;116;316;ITATIAIA;Ausência de reação do condutor;Queda de ocupante de veículo;Com Vítimas Feridas;Plena Noite;Decrescente;Chuva;Dupla;Reta;Não;1;0;0;1;0;0;1;1;-22,46560057;-44,49102813;SPRF-RJ;DEL07-RJ;UOP02-DEL07-RJ
577695;28/01/2024;domingo;19:30:00;RJ;116;288;BARRA MANSA;Velocidade Incompatível;Saída de leito carroçável;Com Vítimas Feridas;Anoitecer;Decrescente;Chuva;Dupla;Curva;Não;1;0;1;0;0;0;1;1;-22,48686584;-44,25027602;SPRF-RJ;DEL07-RJ;UOP02-DEL07-RJ
577696;28/01/2024;domingo;21:36:00;PE;101;83;JABOATAO DOS GUARARAPES;Ausência de reação do condutor;Incêndio;Sem Vítimas;Plena Noite;Crescente;Chuva;Dupla;Reta;Não;1;0;0;0;1;0;0;1;-8,175172;-34,942642;SPRF-PE;DEL01-PE;UOP01-DEL01-PE
577697;28/01/2024;domingo;20:40:00;RJ;393;259;BARRA DO PIRAI;Acessar a via sem observar a presença dos outros veículos;Colisão traseira;Com Vítimas Feridas;Plena Noite;Crescente;Chuva;Simples;Reta;Não;4;0;1;3;0;0;4;2;-22,472653;-43,874467;SPRF-RJ;DEL05-RJ;UOP04-DEL05-RJ
577698;28/01/2024;domingo;21:15:00;GO;153;222;URUACU;Reação tardia ou ineficiente do condutor;Saída de leito carroçável;Sem Vítimas;Plena Noite;Crescente;Chuva;Simples;Reta;Não;1;0;0;0;1;0;0;1;-14,703126;-49,220371;SPRF-GO;DEL07-GO;UOP02-DEL07-GO
577699;28/01/2024;domingo;22:50:00;SC;101;173,5;TIJUCAS;Demais falhas mecânicas ou elétricas;Queda de ocupante de veículo;Com Vítimas Feridas;Plena Noite;Decrescente;Nublado;Dupla;Reta;Não;1;0;1;0;0;0;1;1;-27,32203197;-48,62757785;SPRF-SC;DEL01-SC;UOP01-DEL01-SC
577700;28/01/2024;domingo;20:30:00;RJ;493;0;ITABORAI;Reação tardia ou ineficiente do condutor;Colisão lateral sentido oposto;Com Vítimas Feridas;Plena Noite;Decrescente;Chuva;Simples;Reta;Sim;2;0;1;0;1;0;1;2;-22,77062;-42,92223;SPRF-RJ;DEL02-RJ;UOP02-DEL02-RJ
577702;28/01/2024;domingo;21:00:00;MG;40;699;BARBACENA;Ausência de reação do condutor;Colisão com objeto;Sem Vítimas;Plena Noite;Crescente;Chuva;Simples;Declive;Não;1;0;0;0;0;1;0;1;-21,16945;-43,756498;SPRF-MG;DEL05-MG;UOP02-DEL05-MG
577703;28/01/2024;domingo;18:50:00;RS;470;143;NOVA PRATA;Ausência de reação do condutor;Saída de leito carroçável;Com Vítimas Feridas;Anoitecer;Decrescente;Céu Claro;Simples;Curva;Não;2;0;1;0;0;1;1;2;-28,68367296;-51,60988004;SPRF-RS;DEL06-RS;UOP02-DEL06-RS
577704;28/01/2024;domingo;22:50:00;PR;277;586,4;CASCAVEL;Acessar a via sem observar a presença dos outros veículos;Colisão transversal;Sem Vítimas;Plena Noite;Decrescente;Céu Claro;Simples;"Reta;Interseção de Vias";Sim;4;0;0;0;4;0;0;2;-24,96629578;-53,42340231;SPRF-PR;DEL04-PR;UOP01-DEL04-PR
577707;28/01/2024;domingo;21:03:00;SC;101;341;TUBARAO;Ingestão de álcool pelo condutor;Saída de leito carroçável;Sem Vítimas;Plena Noite;Decrescente;Garoa/Chuvisco;Dupla;Reta;Sim;2;0;0;0;1;1;0;1;-28,50999405;-49,05070686;SPRF-SC;DEL02-SC;UOP01-DEL02-SC
577708;28/01/2024;domingo;18:30:00;RJ;465;21;NOVA IGUACU;Condutor deixou de manter distância do veículo da frente;Engavetamento;Com Vítimas Feridas;Plena Noite;Decrescente;Chuva;Simples;Reta;Sim;7;0;1;0;6;0;1;3;-22,854782;-43,601933;SPRF-RJ;DEL06-RJ;UOP02-DEL06-RJ
577710;28/01/2024;domingo;21:20:00;RR;174;443;MUCAJAI;Condutor deixou de manter distância do veículo da frente;Colisão traseira;Sem Vítimas;Plena Noite;Crescente;Céu Claro;Simples;Reta;Não;3;0;0;0;3;0;0;2;2,395737;-60,917606;SPRF-RR;DEL01-RR;UOP01-DEL01-RR
577713;28/01/2024;domingo;19:20:00;GO;414;428,3;ABADIANIA;Reação tardia ou ineficiente do condutor;Saída de leito carroçável;Com Vítimas Feridas;Anoitecer;Decrescente;Céu Claro;Simples;Reta;Não;2;0;1;0;1;0;1;1;-16,186059;-48,903932;SPRF-GO;DEL02-GO;UOP01-DEL02-GO
577715;28/01/2024;domingo;23:50:00;PR;373;181,5;PONTA GROSSA;Reação tardia ou ineficiente do condutor;Colisão frontal;Com Vítimas Feridas;Plena Noite;Crescente;Nublado;Simples;Reta;Sim;3;0;1;0;2;0;1;2;-25,043196;-50,263235;SPRF-PR;DEL03-PR;UOP01-DEL03-PR
577716;29/01/2024;segunda-feira;00:05:00;ES;101;203,4;JOAO NEIVA;Acessar a via sem observar a presença dos outros veículos;Colisão lateral mesmo sentido;Com Vítimas Feridas;Plena Noite;Decrescente;Céu Claro;Simples;Reta;Não;2;0;0;1;1;0;1;2;-19,74448248;-40,37263506;SPRF-ES;DEL04-ES;UOP01-DEL04-ES
577717;28/01/2024;domingo;00:25:00;RJ;40;118;DUQUE DE CAXIAS;Frear bruscamente;Colisão com objeto;Sem Vítimas;Plena Noite;Decrescente;Céu Claro;Dupla;Reta;Sim;1;0;0;0;1;0;0;1;-22,75470802;-43,28737838;SPRF-RJ;DEL01-RJ;UOP02-DEL01-RJ
577718;28/01/2024;domingo;23:50:00;PI;316;311,9;PICOS;Ausência de reação do condutor;Colisão com objeto;Sem Vítimas;Plena Noite;Decrescente;Céu Claro;Múltipla;"Reta;Ponte";Sim;1;0;0;0;0;1;0;1;-7,08047214;-41,45908713;SPRF-PI;DEL04-PI;UOP01-DEL04-PI
577719;29/01/2024;segunda-feira;00:30:00;MG;381;839;SAO SEBASTIAO DA BELA VISTA;Reação tardia ou ineficiente do condutor;Capotamento;Com Vítimas Feridas;Plena Noite;Crescente;Nublado;Dupla;Reta;Não;7;0;7;0;0;0;7;1;-22,11819732;-45,75654119;SPRF-MG;DEL16-MG;UOP01-DEL16-MG
577723;28/01/2024;domingo;20:00:00;MG;365;761,4;ITUIUTABA;Ausência de reação do condutor;Colisão traseira;Com Vítimas Feridas;Plena Noite;Decrescente;Céu Claro;Simples;Reta;Não;6;0;6;0;0;0;6;2;-18,965055;-49,5192;SPRF-MG;DEL15-MG;UOP03-DEL15-MG
577727;29/01/2024;segunda-feira;01:45:00;RS;392;83,7;PELOTAS;Acessar a via sem observar a presença dos outros veículos;Colisão transversal;Com Vítimas Feridas;Plena Noite;Crescente;Nevoeiro/Neblina;Simples;Reta;Não;3;0;1;2;0;0;3;2;-31,65313133;-52,47118546;SPRF-RS;DEL07-RS;UOP01-DEL07-RS
577729;29/01/2024;segunda-feira;03:30:00;BA;324;578;CANDEIAS;Manobra de mudança de faixa;Colisão traseira;Com Vítimas Feridas;Amanhecer;Crescente;Nublado;Dupla;Reta;Não;3;0;2;0;1;0;2;2;-12,599223;-38,508853;SPRF-BA;DEL01-BA;UOP01-DEL01-BA
577730;29/01/2024;segunda-feira;03:50:00;SC;101;154,9;PORTO BELO;Ingestão de álcool pelo condutor;Saída de leito carroçável;Sem Vítimas;Plena Noite;Decrescente;Nublado;Simples;Curva;Não;1;0;0;0;1;0;0;1;-27,16244571;-48,61006021;SPRF-SC;DEL04-SC;UOP03-DEL04-SC
577731;29/01/2024;segunda-feira;02:41:00;MT;364;285;JACIARA;Reação tardia ou ineficiente do condutor;Saída de leito carroçável;Com Vítimas Feridas;Plena Noite;Decrescente;Céu Claro;Dupla;Reta;Não;17;0;8;1;8;0;9;1;-15,90624979;-55,04864784;SPRF-MT;DEL05-MT;UOP02-DEL05-MT
577732;29/01/2024;segunda-feira;03:55:00;PB;230;203;OLIVEDOS;Velocidade Incompatível;Colisão transversal;Com Vítimas Feridas;Plena Noite;Crescente;Céu Claro;Simples;Reta;Não;2;0;1;1;0;0;2;1;-7,0962;-36,2621;SPRF-PB;DEL02-PB;UOP02-DEL02-PB
577733;29/01/2024;segunda-feira;04:15:00;MG;262;374;JUATUBA;Ingestão de substâncias psicoativas pelo condutor;Saída de leito carroçável;Com Vítimas Feridas;Plena Noite;Decrescente;Céu Claro;Dupla;Curva;Não;1;0;1;0;0;0;1;1;-19,96727284;-44,33288566;SPRF-MG;DEL01-MG;UOP03-DEL01-MG
577734;29/01/2024;segunda-feira;05:15:00;MG;381;888;CAMBUI;Reação tardia ou ineficiente do condutor;Saída de leito carroçável;Com Vítimas Feridas;Amanhecer;Decrescente;Nevoeiro/Neblina;Dupla;Reta;Não;16;0;14;2;0;0;16;1;-22,57036508;-46,04169076;SPRF-MG;DEL16-MG;UOP03-DEL16-MG
577736;29/01/2024;segunda-feira;06:00:00;MG;40;458;CAETANOPOLIS;Condutor deixou de manter distância do veículo da frente;Colisão traseira;Com Vítimas Feridas;Amanhecer;Decrescente;Céu Claro;Dupla;Reta;Não;3;0;0;1;2;0;1;3;-19,380294;-44,33825395;SPRF-MG;DEL02-MG;UOP01-DEL02-MG
577737;29/01/2024;segunda-feira;06:00:00;SP;116;210;GUARULHOS;Ausência de reação do condutor;Colisão lateral mesmo sentido;Com Vítimas Feridas;Pleno dia;Crescente;Nublado;Múltipla;Reta;Sim;2;0;2;0;0;0;2;2;-23,42870023;-46,41085991;SPRF-SP;DEL01-SP;UOP01-DEL01-SP
577740;29/01/2024;segunda-feira;06:12:00;PE;232;112,5;BEZERROS;Reação tardia ou ineficiente do condutor;Saída de leito carroçável;Com Vítimas Feridas;Amanhecer;Crescente;Céu Claro;Dupla;"Reta;Aclive";Sim;1;0;0;1;0;0;1;1;-8,29729696;-35,83146101;SPRF-PE;DEL02-PE;UOP02-DEL02PE
577741;29/01/2024;segunda-feira;05:50:00;RS;392;12,8;RIO GRANDE;Manobra de mudança de faixa;Colisão lateral mesmo sentido;Com Vítimas Feridas;Amanhecer;Decrescente;Nublado;Dupla;"Retorno Regulamentado;Curva";Não;2;0;1;0;1;0;1;2;-32,12601434;-52,13875392;SPRF-RS;DEL07-RS;UOP02-DEL07-RS
577742;29/01/2024;segunda-feira;06:40:00;GO;153;502;GOIANIA;Condutor deixou de manter distância do veículo da frente;Engavetamento;Com Vítimas Feridas;Pleno dia;Decrescente;Céu Claro;Múltipla;Reta;Sim;3;0;1;0;2;0;1;2;-16,7287;-49,2424;SPRF-GO;DEL01-GO;UOP01-DEL01-GO
577745;29/01/2024;segunda-feira;03:00:00;SP;116;144;SAO JOSE DOS CAMPOS;Frear bruscamente;Capotamento;Com Vítimas Feridas;Plena Noite;Decrescente;Nublado;Múltipla;Reta;Sim;1;0;1;0;0;0;1;1;-23,18274416;-45,84633592;SPRF-SP;DEL02-SP;UOP01-DEL02-SP
577746;29/01/2024;segunda-feira;07:20:00;SC;470;46,7;BLUMENAU;Reação tardia ou ineficiente do condutor;Colisão traseira;Com Vítimas Feridas;Pleno dia;Crescente;Céu Claro;Simples;"Em Obras;Reta";Não;2;0;1;0;1;0;1;2;-26,86230153;-49,04257363;SPRF-SC;DEL04-SC;UOP01-DEL04-SC
577747;29/01/2024;segunda-feira;07:20:00;PR;277;78;CURITIBA;Reação tardia ou ineficiente do condutor;Tombamento;Com Vítimas Feridas;Pleno dia;Crescente;Céu Claro;Dupla;Reta;Sim;2;0;2;0;0;0;2;1;-25,480851;-49,196623;SPRF-PR;DEL01-PR;UOP07-DEL01-PR
577748;29/01/2024;segunda-feira;08:15:00;RS;290;718;URUGUAIANA;Desrespeitar a preferência no cruzamento;Colisão transversal;Com Vítimas Feridas;Pleno dia;Decrescente;Céu Claro;Simples;"Retorno Regulamentado;Reta";Sim;2;0;2;0;0;0;2;2;-29,774612;-57,04377;SPRF-RS;DEL13-RS;UOP01-DEL13-RS
577749;29/01/2024;segunda-feira;08:10:00;MG;116;505;INHAPIM;Avarias e/ou desgaste excessivo no pneu;Tombamento;Com Vítimas Feridas;Pleno dia;Decrescente;Céu Claro;Simples;Reta;Não;2;0;2;0;0;0;2;1;-19,6030931;-42,11376783;SPRF-MG;DEL06-MG;UOP02-DEL06-MG
577751;29/01/2024;segunda-feira;07:40:00;BA;324;623;SALVADOR;Avarias e/ou desgaste excessivo no pneu;Queda de ocupante de veículo;Com Vítimas Feridas;Pleno dia;Crescente;Céu Claro;Dupla;"Reta;Aclive";Sim;2;0;2;0;0;0;2;1;-12,92628699;-38,46838679;SPRF-BA;DEL01-BA;UOP01-DEL01-BA
577752;29/01/2024;segunda-feira;07:07:00;BA;324;621;SALVADOR;Condutor deixou de manter distância do veículo da frente;Colisão traseira;Com Vítimas Feridas;Pleno dia;Crescente;Céu Claro;Dupla;Reta;Não;2;0;1;0;1;0;1;2;-12,91233708;-38,45956983;SPRF-BA;DEL01-BA;UOP01-DEL01-BA
577753;29/01/2024;segunda-feira;08:00:00;MG;40;519,8;CONTAGEM;Reação tardia ou ineficiente do condutor;Colisão lateral mesmo sentido;Com Vítimas Feridas;Pleno dia;Crescente;Nublado;Dupla;"Declive;Curva";Não;3;0;2;0;1;0;2;2;-19,84700227;-44,07312512;SPRF-MG;DEL01-MG;UOP02-DEL01-MG
577755;29/01/2024;segunda-feira;00:15:00;DF;70;15;BRASILIA;Reação tardia ou ineficiente do condutor;Saída de leito carroçável;Com Vítimas Feridas;Plena Noite;Crescente;Céu Claro;Dupla;Reta;Não;1;0;1;0;0;0;1;1;-15,798888;-48,185043;SPRF-DF;DEL03-DF;UOP02-DEL03-DF
577756;29/01/2024;segunda-feira;06:45:00;SC;101;435;SOMBRIO;Desrespeitar a preferência no cruzamento;Colisão transversal;Com Vítimas Feridas;Pleno dia;Decrescente;Céu Claro;Simples;Interseção de Vias;Sim;2;0;1;0;1;0;1;2;-29,09949414;-49,63480552;SPRF-SC;DEL02-SC;UOP02-DEL02-SC
577757;29/01/2024;segunda-feira;08:30:00;MG;116;278;TEOFILO OTONI;Animais na Pista;Atropelamento de Animal;Com Vítimas Feridas;Pleno dia;Decrescente;Céu Claro;Simples;Reta;Não;1;0;1;0;0;0;1;1;-17,86846089;-41,5171394;SPRF-MG;DEL11-MG;UOP01-DEL11-MG
577758;29/01/2024;segunda-feira;08:10:00;CE;116;10,3;FORTALEZA;Manobra de mudança de faixa;Tombamento;Com Vítimas Feridas;Pleno dia;Decrescente;Céu Claro;Dupla;Reta;Sim;2;0;1;1;0;0;2;1;-3,83603805;-38,5027281;SPRF-CE;DEL01-CE;UOP02-DEL01-CE
577761;25/01/2024;quinta-feira;18:40:00;PR;376;602;CURITIBA;Acessar a via sem observar a presença dos outros veículos;Colisão lateral mesmo sentido;Com Vítimas Feridas;Anoitecer;Crescente;Nublado;Dupla;Interseção de Vias;Sim;2;0;1;0;1;0;1;2;-25,54324886;-49,30823922;SPRF-PR;DEL01-PR;UOP06-DEL01-PR
577762;29/01/2024;segunda-feira;09:42:00;PR;277;66;SAO JOSE DOS PINHAIS;Afundamento ou ondulação no pavimento;Tombamento;Com Vítimas Feridas;Pleno dia;Decrescente;Céu Claro;Dupla;"Reta;Aclive";Sim;1;0;1;0;0;0;1;1;-25,54112281;-49,06183391;SPRF-PR;DEL01-PR;UOP01-DEL01-PR
577763;29/01/2024;segunda-feira;07:10:00;MG;40;28;PARACATU;Animais na Pista;Atropelamento de Animal;Sem Vítimas;Pleno dia;Crescente;Céu Claro;Simples;Curva;Não;1;0;0;0;1;0;0;1;-17,06707662;-47,06004696;SPRF-MG;DEL14-MG;UOP01-DEL14-MG
577764;18/01/2024;quinta-feira;07:00:00;PR;369;147;LONDRINA;Avarias e/ou desgaste excessivo no pneu;Tombamento;Com Vítimas Feridas;Amanhecer;Crescente;Céu Claro;Dupla;Reta;Sim;1;0;1;0;0;0;1;1;-23,2931843;-51,13737702;SPRF-PR;DEL07-PR;UOP01-DEL07-PR
577768;29/01/2024;segunda-feira;10:00:00;ES;101;292,9;CARIACICA;Condutor Dormindo;Colisão com objeto;Com Vítimas Feridas;Pleno dia;Crescente;Sol;Dupla;Reta;Sim;1;0;1;0;0;0;1;1;-20,30650512;-40,39488717;SPRF-ES;DEL01-ES;UOP01-DEL01-ES
577769;29/01/2024;segunda-feira;06:00:00;MA;135;54;BACABEIRA;Reação tardia ou ineficiente do condutor;Saída de leito carroçável;Com Vítimas Fatais;Amanhecer;Crescente;Nublado;Dupla;Reta;Não;1;1;0;0;0;0;0;1;-2,996564;-44,313249;SPRF-MA;DEL01-MA;UOP02-DEL01-MA
577770;29/01/2024;segunda-feira;08:00:00;SC;282;436;IRANI;Ausência de reação do condutor;Saída de leito carroçável;Com Vítimas Feridas;Pleno dia;Crescente;Céu Claro;Dupla;Reta;Não;1;0;1;0;0;0;1;1;-26,970835;-51,851101;SPRF-SC;DEL07-SC;UOP04-DEL07-SC
577772;29/01/2024;segunda-feira;09:45:00;RN;101;85;NATAL;Ultrapassagem Indevida;Colisão frontal;Com Vítimas Feridas;Pleno dia;Decrescente;Céu Claro;Simples;Reta;Não;4;0;0;2;2;0;2;3;-5,777664;-35,24937;SPRF-RN;DEL02-RN;UOP01-DEL02-RN
577774;29/01/2024;segunda-feira;07:45:00;RS;158;137,7;CONDOR;Reação tardia ou ineficiente do condutor;Colisão transversal;Com Vítimas Feridas;Pleno dia;Crescente;Céu Claro;Simples;Reta;Não;4;0;0;1;3;0;1;2;-28,18011748;-53,47455204;SPRF-RS;DEL08-RS;UOP01-DEL08-RS
577775;29/01/2024;segunda-feira;08:20:00;GO;60;358;RIO VERDE;Condutor Dormindo;Saída de leito carroçável;Com Vítimas Feridas;Pleno dia;Decrescente;Céu Claro;Dupla;"Aclive;Curva";Não;1;0;0;1;0;0;1;1;-17,61974831;-50,75768352;SPRF-GO;DEL04-GO;UOP02-DEL04-GO
577777;29/01/2024;segunda-feira;09:40:00;CE;116;6,9;FORTALEZA;Ausência de reação do condutor;Colisão traseira;Com Vítimas Feridas;Pleno dia;Crescente;Sol;Múltipla;Curva;Sim;2;0;1;0;1;0;1;2;-3,80886693;-38,50127285;SPRF-CE;DEL01-CE;UOP02-DEL01-CE
577779;29/01/2024;segunda-feira;08:05:00;PI;343;308;ALTOS;Acessar a via sem observar a presença dos outros veículos;Colisão transversal;Com Vítimas Feridas;Pleno dia;Crescente;Nublado;Simples;Reta;Sim;3;0;0;1;2;0;1;2;-5,03942244;-42,46206164;SPRF-PI;DEL01-PI;UOP01-DEL01-PI
577781;29/01/2024;segunda-feira;09:58:00;MS;163;632;SAO GABRIEL DO OESTE;Ausência de reação do condutor;Tombamento;Com Vítimas Feridas;Pleno dia;Crescente;Céu Claro;Dupla;Reta;Não;1;0;1;0;0;0;1;1;-19,27210877;-54,65489664;SPRF-MS;DEL06-MS;UOP02-DEL06-MS
577783;29/01/2024;segunda-feira;09:25:00;RJ;101;306;SAO GONCALO;Condutor deixou de manter distância do veículo da frente;Colisão traseira;Com Vítimas Feridas;Pleno dia;Crescente;Céu Claro;Dupla;Reta;Sim;2;0;0;1;1;0;1;2;-22,79018821;-43,01074505;SPRF-RJ;DEL02-RJ;UOP02-DEL02-RJ
577784;29/01/2024;segunda-feira;10:50:00;SC;101;124;ITAJAI;Trafegar com motocicleta (ou similar) entre as faixas;Colisão traseira;Com Vítimas Feridas;Pleno dia;Decrescente;Céu Claro;Dupla;Reta;Não;2;0;1;0;1;0;1;2;-26,94335064;-48,69198648;SPRF-SC;DEL04-SC;UOP04-DEL04-SC
577785;29/01/2024;segunda-feira;10:50:00;BA;324;541;AMELIA RODRIGUES;Condutor deixou de manter distância do veículo da frente;Engavetamento;Sem Vítimas;Pleno dia;Decrescente;Céu Claro;Dupla;"Declive;Reta";Não;4;0;0;0;4;0;0;4;-12,39033367;-38,78485688;SPRF-BA;DEL01-BA;UOP03-DEL01-BA
577786;10/01/2024;quarta-feira;18:11:00;SP;381;60;MAIRIPORA;Ausência de reação do condutor;Capotamento;Com Vítimas Feridas;Pleno dia;Crescente;Nublado;Dupla;Curva;Não;1;0;1;0;0;0;1;1;-23,28957673;-46,58729853;SPRF-SP;DEL03-SP;UOP01-DEL03-SP
577788;29/01/2024;segunda-feira;08:40:00;PR;116;34,9;CAMPINA GRANDE DO SUL;Velocidade Incompatível;Saída de leito carroçável;Com Vítimas Fatais;Pleno dia;Crescente;Céu Claro;Dupla;Reta;Não;4;2;1;1;0;0;2;1;-25,1226224;-48,8560473;SPRF-PR;DEL01-PR;UOP02-DEL01-PR
577791;29/01/2024;segunda-feira;12:05:00;PB;101;85,9;BAYEUX;Reação tardia ou ineficiente do condutor;Colisão traseira;Com Vítimas Feridas;Pleno dia;Decrescente;Céu Claro;Dupla;Reta;Sim;3;0;1;0;2;0;1;2;-7,14538184;-34,91662887;SPRF-PB;DEL01-PB;UOP01-DEL01-PB
577792;29/01/2024;segunda-feira;10:20:00;RO;364;308;PRESIDENTE MEDICI;Transitar na contramão;Colisão frontal;Com Vítimas Feridas;Pleno dia;Decrescente;Sol;Simples;Reta;Sim;2;0;1;0;1;0;1;2;-11,172427;-61,901573;SPRF-RO;DEL02-RO;UOP01-DEL02-RO
577795;29/01/2024;segunda-feira;11:45:00;PE;104;85,7;AGRESTINA;Acessar a via sem observar a presença dos outros veículos;Colisão transversal;Sem Vítimas;Pleno dia;Decrescente;Céu Claro;Simples;"Interseção de Vias;Reta";Sim;2;0;0;0;2;0;0;2;-8,438719;-35,955177;SPRF-PE;DEL02-PE;UOP01-DEL02-PE
577797;29/01/2024;segunda-feira;11:20:00;SC;101;357;SANGAO;Condutor deixou de manter distância do veículo da frente;Engavetamento;Com Vítimas Feridas;Pleno dia;Decrescente;Sol;Dupla;Reta;Sim;7;0;2;0;5;0;2;6;-28,635168;-49,09467;SPRF-SC;DEL02-SC;UOP01-DEL02-SC
577798;29/01/2024;segunda-feira;13:00:00;MG;381;478;CONTAGEM;Ausência de reação do condutor;Colisão com objeto;Com Vítimas Feridas;Pleno dia;Decrescente;Céu Claro;Múltipla;"Reta;Declive";Sim;2;0;1;0;1;0;1;2;-19,95826094;-44,05921101;SPRF-MG;DEL01-MG;UOP03-DEL01-MG
577799;29/01/2024;segunda-feira;13:00:00;SP;101;47;UBATUBA;Ausência de reação do condutor;Colisão traseira;Sem Vítimas;Pleno dia;Decrescente;Céu Claro;Simples;Reta;Sim;2;0;0;0;2;0;0;2;-23,43434201;-45,08616328;SPRF-SP;DEL06-SP;UOP01-DEL06-SP
577802;29/01/2024;segunda-feira;12:30:00;RS;470;162;NOVA PRATA;Condutor deixou de manter distância do veículo da frente;Colisão traseira;Com Vítimas Feridas;Pleno dia;Crescente;Céu Claro;Simples;Reta;Não;2;0;1;0;1;0;1;2;-28,82207304;-51,58755803;SPRF-RS;DEL06-RS;UOP02-DEL06-RS
577803;29/01/2024;segunda-feira;14:05:00;SE;235;2,5;ARACAJU;Demais falhas mecânicas ou elétricas;Tombamento;Com Vítimas Feridas;Pleno dia;Decrescente;Céu Claro;Dupla;Reta;Sim;2;0;2;0;0;0;2;1;-10,9062;-37,1034;SPRF-SE;DEL01-SE;UOP01-DEL01-SE
577804;29/01/2024;segunda-feira;12:50:00;MG;116;592;MANHUACU;Velocidade Incompatível;Saída de leito carroçável;Com Vítimas Feridas;Pleno dia;Decrescente;Nublado;Simples;Curva;Não;1;0;1;0;0;0;1;1;-20,27018211;-42,14428578;SPRF-MG;DEL06-MG;UOP03-DEL06-MG
577805;29/01/2024;segunda-feira;10:50:00;SC;101;135,5;BALNEARIO CAMBORIU;Reação tardia ou ineficiente do condutor;Colisão traseira;Com Vítimas Feridas;Pleno dia;Decrescente;Céu Claro;Múltipla;Reta;Sim;4;0;2;0;2;0;2;3;-27,0050108;-48,62677494;SPRF-SC;DEL04-SC;UOP03-DEL04-SC
577808;29/01/2024;segunda-feira;07:00:00;RS;386;55,2;SEBERI;Velocidade Incompatível;Saída de leito carroçável;Com Vítimas Feridas;Pleno dia;Decrescente;Céu Claro;Simples;Curva;Não;1;0;1;0;0;0;1;1;-27,535421;-53,36916;SPRF-RS;DEL08-RS;UOP02-DEL08-RS
577809;29/01/2024;segunda-feira;10:30:00;SC;101;124;ITAJAI;Trafegar com motocicleta (ou similar) entre as faixas;Colisão traseira;Com Vítimas Feridas;Pleno dia;Crescente;Céu Claro;Dupla;Reta;Não;3;0;2;0;1;0;2;2;-26,94335064;-48,69198648;SPRF-SC;DEL04-SC;UOP04-DEL04-SC