id;data_inversa;dia_semana;horario;uf;br;km;municipio;causa_acidente;tipo_acidente;classificacao_acidente;fase_dia;sentido_via;condicao_metereologica;tipo_pista;tracado_via;uso_solo;pessoas;mortos;feridos_leves;feridos_graves;ilesos;ignorados;feridos;veiculos;latitude;longitude;regional;delegacia;uop
577810;22/01/2024;segunda-feira;07:41:00;PE;407;130;PETROLINA;Ausência de reação do condutor;Colisão traseira;Com Vítimas Feridas;Pleno dia;Decrescente;Céu Claro;Simples;Interseção de Vias;Sim;3;0;1;0;1;1;1;2;-9,40536698;-40,50435309;SPRF-PE;DEL06-PE;UOP01-DEL06-PE
577812;29/01/2024;segunda-feira;14:45:00;SP;116;222,8;GUARULHOS;Manobra de mudança de faixa;Colisão lateral mesmo sentido;Com Vítimas Feridas;Pleno dia;Decrescente;Céu Claro;Múltipla;Reta;Sim;4;0;2;0;2;0;2;2;-23,47093408;-46,51631097;SPRF-SP;DEL01-SP;UOP01-DEL01-SP
577813;29/01/2024;segunda-feira;10:40:00;RS;392;103,1;MORRO REDONDO;Acessar a via sem observar a presença dos outros veículos;Colisão transversal;Com Vítimas Feridas;Pleno dia;Decrescente;Nublado;Simples;Aclive;Não;2;0;1;0;1;0;1;2;-31,5163521;-52,5982911;SPRF-RS;DEL07-RS;UOP01-DEL07-RS
577815;29/01/2024;segunda-feira;13:35:00;BA;116;394;SANTA BARBARA;Condutor deixou de manter distância do veículo da frente;Colisão traseira;Com Vítimas Feridas;Pleno dia;Decrescente;Céu Claro;Dupla;Reta;Sim;3;0;1;0;2;0;1;2;-11,97439801;-38,97240143;SPRF-BA;DEL02-BA;UOP01-DEL02-BA
577818;29/01/2024;segunda-feira;15:00:00;PE;101;51;ABREU E LIMA;Retorno proibido;Colisão transversal;Com Vítimas Feridas;Pleno dia;Crescente;Céu Claro;Dupla;Reta;Sim;2;0;1;0;1;0;1;2;-7,9169968;-34,89689272;SPRF-PE;DEL01-PE;UOP02-DEL01-PE
577820;23/01/2024;terça-feira;07:50:00;PR;116;113;CURITIBA;Manobra de mudança de faixa;Colisão lateral mesmo sentido;Com Vítimas Feridas;Pleno dia;Decrescente;Chuva;Dupla;Reta;Sim;4;0;1;0;2;1;1;3;-25,56513636;-49,24675108;SPRF-PR;DEL01-PR;UOP07-DEL01-PR
577825;29/01/2024;segunda-feira;15:00:00;SC;282;4,5;FLORIANOPOLIS;Trafegar com motocicleta (ou similar) entre as faixas;Colisão lateral mesmo sentido;Com Vítimas Feridas;Pleno dia;Crescente;Nublado;Múltipla;"Reta;Declive";Não;2;0;1;0;0;1;1;2;-27,592646;-48,604034;SPRF-SC;DEL01-SC;UOP01-DEL01-SC
577827;29/01/2024;segunda-feira;14:50:00;SC;280;137,9;RIO NEGRINHO;Ausência de reação do condutor;Colisão traseira;Com Vítimas Feridas;Pleno dia;Decrescente;Céu Claro;Simples;Aclive;Não;6;0;2;0;4;0;2;2;-26,26817911;-49,59044504;SPRF-SC;DEL06-SC;UOP03-DEL06-SC
577828;29/01/2024;segunda-feira;15:00:00;DF;70;14;BRASILIA;Pista Escorregadia;Tombamento;Com Vítimas Feridas;Pleno dia;Crescente;Nublado;Dupla;Reta;Não;1;0;1;0;0;0;1;1;-15,797312;-48,176056;SPRF-DF;DEL03-DF;UOP02-DEL03-DF
577830;29/01/2024;segunda-feira;15:15:00;SC;101;209,2;SAO JOSE;Reação tardia ou ineficiente do condutor;Tombamento;Com Vítimas Feridas;Pleno dia;Crescente;Chuva;Múltipla;Reta;Sim;1;0;1;0;0;0;1;1;-27,61000542;-48,63895057;SPRF-SC;DEL01-SC;UOP01-DEL01-SC
577832;29/01/2024;segunda-feira;16:05:00;SC;101;210,8;SAO JOSE;Trafegar com motocicleta (ou similar) entre as faixas;Colisão traseira;Com Vítimas Feridas;Pleno dia;Decrescente;Nublado;Múltipla;Reta;Sim;3;0;1;0;1;1;1;3;-27,6167305;-48,6457265;SPRF-SC;DEL01-SC;UOP01-DEL01-SC
577833;29/01/2024;segunda-feira;12:00:00;RJ;101;435;MANGARATIBA;Curva acentuada;Colisão frontal;Com Vítimas Fatais;Pleno dia;Crescente;Céu Claro;Simples;Curva;Sim;3;1;2;0;0;0;2;2;-22,93945885;-44,0529249;SPRF-RJ;DEL03-RJ;UOP02-DEL03-RJ
577834;29/01/2024;segunda-feira;16:20:00;RS;287;250;SANTA MARIA;Entrada inopinada do pedestre;Atropelamento de Pedestre;Com Vítimas Fatais;Pleno dia;Decrescente;Céu Claro;Dupla;Reta;Sim;4;1;2;0;1;0;2;3;-29,69077137;-53,87064812;SPRF-RS;DEL09-RS;UOP01-DEL09-RS
577836;23/01/2024;terça-feira;23:03:00;RS;NA;NA;CAXIAS DO SUL;Transitar na calçada;Colisão com objeto;Sem Vítimas;Plena Noite;Não Informado;Céu Claro;Simples;Reta;Sim;3;0;0;0;3;0;0;1;-29,18133896;-51,1885125;SPRF-RS;DEL05-RS;UOP01-DEL05-RS
577837;29/01/2024;segunda-feira;15:15:00;PR;277;66;SAO JOSE DOS PINHAIS;Reação tardia ou ineficiente do condutor;Colisão traseira;Com Vítimas Feridas;Pleno dia;Decrescente;Céu Claro;Múltipla;Reta;Sim;2;0;2;0;0;0;2;2;-25,52654;-49,09445;SPRF-PR;DEL01-PR;UOP01-DEL01-PR
577840;19/01/2024;sexta-feira;06:45:00;ES;101;293;CARIACICA;Reação tardia ou ineficiente do condutor;Colisão traseira;Com Vítimas Feridas;Pleno dia;Decrescente;Ignorado;Dupla;Reta;Sim;2;0;0;1;0;1;1;2;-20,32088457;-40,39595604;SPRF-ES;DEL01-ES;UOP01-DEL01-ES
577841;29/01/2024;segunda-feira;08:00:00;MG;50;18;UBERLANDIA;Reação tardia ou ineficiente do condutor;Colisão traseira;Com Vítimas Feridas;Pleno dia;Crescente;Céu Claro;Dupla;Reta;Sim;2;0;1;0;1;0;1;2;-18,92090188;-48,18191528;SPRF-MG;DEL15-MG;UOP01-DEL15-MG
577843;29/01/2024;segunda-feira;16:20:00;RS;293;35,3;CAPAO DO LEAO;Demais falhas mecânicas ou elétricas;Colisão com objeto;Com Vítimas Feridas;Pleno dia;Decrescente;Nublado;Simples;Reta;Não;2;0;1;0;0;1;1;2;-31,73851383;-52,67295601;SPRF-RS;DEL07-RS;UOP01-DEL07-RS
577846;29/01/2024;segunda-feira;16:18:00;GO;414;400;CORUMBA DE GOIAS;Ingestão de álcool pelo condutor;Colisão transversal;Com Vítimas Feridas;Pleno dia;Decrescente;Céu Claro;Simples;"Aclive;Reta";Não;7;0;3;2;2;0;5;2;-15,97556585;-48,82566142;SPRF-GO;DEL02-GO;UOP01-DEL02-GO
577848;29/01/2024;segunda-feira;15:00:00;PR;116;1;CAMPINA GRANDE DO SUL;Reação tardia ou ineficiente do condutor;Saída de leito carroçável;Com Vítimas Feridas;Pleno dia;Crescente;Chuva;Dupla;"Declive;Curva";Não;1;0;1;0;0;0;1;1;-25,06292452;-48,56957495;SPRF-PR;DEL01-PR;UOP02-DEL01-PR
577851;29/01/2024;segunda-feira;11:10:00;SC;280;27;ARAQUARI;Conversão proibida;Colisão transversal;Com Vítimas Feridas;Pleno dia;Crescente;Sol;Simples;Reta;Sim;2;0;1;0;1;0;1;2;-26,40450077;-48,74561031;SPRF-SC;DEL03-SC;UOP03-DEL03-SC
577855;29/01/2024;segunda-feira;16:40:00;MG;381;876;ESTIVA;Reação tardia ou ineficiente do condutor;Capotamento;Com Vítimas Feridas;Pleno dia;Decrescente;Céu Claro;Dupla;Curva;Não;2;0;1;0;1;0;1;1;-22,40341089;-45,96233368;SPRF-MG;DEL16-MG;UOP01-DEL16-MG
577856;29/01/2024;segunda-feira;17:00:00;MG;116;772,4;LEOPOLDINA;Acesso irregular;Colisão transversal;Com Vítimas Feridas;Pleno dia;Crescente;Céu Claro;Simples;Interseção de Vias;Não;3;0;0;1;2;0;1;2;-21,56393225;-42,67830927;SPRF-MG;DEL07-MG;UOP01-DEL07-MG
577858;29/01/2024;segunda-feira;15:35:00;RJ;101;167;MACAE;Ausência de reação do condutor;Saída de leito carroçável;Com Vítimas Feridas;Pleno dia;Crescente;Nublado;Simples;Reta;Não;4;0;4;0;0;0;4;1;-22,335076;-41,915586;SPRF-RJ;DEL08-RJ;UOP04-DEL08-RJ
577860;29/01/2024;segunda-feira;16:45:00;MG;40;614,3;CONGONHAS;Avarias e/ou desgaste excessivo no pneu;Tombamento;Com Vítimas Feridas;Pleno dia;Decrescente;Sol;Simples;"Curva;Declive";Não;1;0;0;1;0;0;1;1;-20,53602;-43,82081;SPRF-MG;DEL05-MG;UOP02-DEL05-MG
577862;27/01/2024;sábado;00:30:00;PA;230;98;SAO JOAO DO ARAGUAIA;Acesso irregular;Colisão lateral sentido oposto;Sem Vítimas;Plena Noite;Decrescente;Chuva;Simples;Reta;Não;4;0;0;0;4;0;0;2;-5,41919096;-48,93656196;SPRF-PA;DEL03-PA;UOP01-DEL03-PA
577866;29/01/2024;segunda-feira;18:30:00;GO;60;169;GOIANIA;Demais falhas mecânicas ou elétricas;Tombamento;Com Vítimas Feridas;Pleno dia;Decrescente;Céu Claro;Dupla;Declive;Não;2;0;2;0;0;0;2;1;-16,7269;-49,3822;SPRF-GO;DEL01-GO;UOP02-DEL01-GO
577868;29/01/2024;segunda-feira;18:20:00;PB;230;159,9;CAMPINA GRANDE;Transitar no Acostamento;Colisão frontal;Com Vítimas Feridas;Plena Noite;Crescente;Céu Claro;Simples;"Reta;Declive";Não;2;0;2;0;0;0;2;2;-7,2436;-35,9375;SPRF-PB;DEL02-PB;UOP01-DEL02-PB
577869;29/01/2024;segunda-feira;18:05:00;RS;470;225;GARIBALDI;Ultrapassagem Indevida;Colisão lateral mesmo sentido;Sem Vítimas;Pleno dia;Crescente;Céu Claro;Simples;Reta;Não;2;0;0;0;1;1;0;2;-29,21454003;-51,51762617;SPRF-RS;DEL06-RS;UOP01-DEL06-RS
577870;29/01/2024;segunda-feira;18:00:00;GO;40;5;VALPARAISO DE GOIAS;Acessar a via sem observar a presença dos outros veículos;Colisão transversal;Com Vítimas Feridas;Anoitecer;Crescente;Céu Claro;Dupla;Retorno Regulamentado;Sim;2;0;1;0;1;0;1;2;-16,093134;-47,982236;SPRF-DF;DEL01-DF;UOP01-DEL01-DF
577871;29/01/2024;segunda-feira;18:20:00;PE;101;50;ABREU E LIMA;Pedestre cruzava a pista fora da faixa;Atropelamento de Pedestre;Com Vítimas Feridas;Plena Noite;Decrescente;Céu Claro;Múltipla;"Reta;Em Obras";Sim;2;0;0;1;1;0;1;2;-7,90938602;-34,90123228;SPRF-PE;DEL01-PE;UOP02-DEL01-PE
577876;29/01/2024;segunda-feira;14:45:00;SP;116;433;REGISTRO;Demais Fenômenos da natureza;Queda de ocupante de veículo;Com Vítimas Fatais;Pleno dia;Crescente;Chuva;Dupla;Reta;Não;1;1;0;0;0;0;0;1;-24,42030004;-47,77032299;SPRF-SP;DEL05-SP;UOP01-DEL05-SP
577877;25/01/2024;quinta-feira;09:10:00;RS;287;330,1;SAO VICENTE DO SUL;Desrespeitar a preferência no cruzamento;Colisão frontal;Com Vítimas Feridas;Pleno dia;Decrescente;Sol;Simples;"Interseção de Vias;Curva";Sim;5;0;0;1;4;0;1;2;-29,68467867;-54,66539383;SPRF-RS;DEL12-RS;UOP02-DEL12-RS
577878;29/01/2024;segunda-feira;18:25:00;SC;101;105,3;PENHA;Velocidade Incompatível;Tombamento;Com Vítimas Feridas;Pleno dia;Crescente;Nublado;Dupla;Curva;Não;1;0;1;0;0;0;1;1;-26,80215497;-48,67891041;SPRF-SC;DEL03-SC;UOP02-DEL03-SC
577879;29/01/2024;segunda-feira;18:53:00;PI;343;1,6;TERESINA;Frear bruscamente;Colisão traseira;Com Vítimas Feridas;Plena Noite;Decrescente;Ignorado;Dupla;Reta;Não;3;0;1;0;2;0;1;2;-5,089569;-42,802288;SPRF-PI;DEL01-PI;UOP01-DEL01-PI
577880;29/01/2024;segunda-feira;19:20:00;GO;40;12;LUZIANIA;Pedestre cruzava a pista fora da faixa;Atropelamento de Pedestre;Com Vítimas Feridas;Plena Noite;Decrescente;Nublado;Dupla;Reta;Sim;2;0;1;0;1;0;1;2;-16,145123;-47,945382;SPRF-DF;DEL01-DF;UOP01-DEL01-DF
577881;29/01/2024;segunda-feira;19:20:00;TO;153;330;GUARAI;Transitar na contramão;Colisão frontal;Com Vítimas Feridas;Plena Noite;Crescente;Céu Claro;Simples;Reta;Não;15;0;1;0;14;0;1;2;-8,799443;-48,512283;SPRF-TO;DEL02-TO;UOP02-DEL02-TO
577882;29/01/2024;segunda-feira;19:30:00;RN;110;47,9;MOSSORO;Acessar a via sem observar a presença dos outros veículos;Colisão transversal;Com Vítimas Feridas;Plena Noite;Decrescente;Céu Claro;Simples;"Interseção de Vias;Reta";Não;2;0;1;0;1;0;1;2;-5,20698914;-37,33042717;SPRF-RN;DEL04-RN;UOP01-DEL04-RN
577885;29/01/2024;segunda-feira;18:55:00;PE;232;409;SERRA TALHADA;Transitar na contramão;Colisão lateral sentido oposto;Com Vítimas Feridas;Plena Noite;Crescente;Céu Claro;Simples;Reta;Sim;3;0;2;1;0;0;3;2;-7,981935;-38,294251;SPRF-PE;DEL04-PE;UOP01-DEL04-PE
577886;24/01/2024;quarta-feira;17:30:00;SC;101;124;ITAJAI;Ultrapassagem Indevida;Colisão transversal;Com Vítimas Feridas;Pleno dia;Crescente;Nublado;Dupla;Rotatória;Sim;2;0;0;1;1;0;1;2;-26,94335064;-48,69198648;SPRF-SC;DEL04-SC;UOP04-DEL04-SC
577887;29/01/2024;segunda-feira;19:01:00;CE;116;4;FORTALEZA;Ausência de reação do condutor;Colisão traseira;Com Vítimas Feridas;Plena Noite;Crescente;Céu Claro;Múltipla;Reta;Sim;2;0;0;1;1;0;1;2;-3,7867209;-38,5114568;SPRF-CE;DEL01-CE;UOP02-DEL01-CE
577888;29/01/2024;segunda-feira;19:45:00;PB;230;11;CABEDELO;Ausência de reação do condutor;Colisão traseira;Com Vítimas Feridas;Plena Noite;Decrescente;Céu Claro;Dupla;Retorno Regulamentado;Sim;3;0;0;1;1;1;1;2;-7,06474623;-34,85019922;SPRF-PB;DEL01-PB;UOP01-DEL01-PB
577889;29/01/2024;segunda-feira;20:47:00;RN;101;72,3;EXTREMOZ;Reação tardia ou ineficiente do condutor;Colisão traseira;Com Vítimas Feridas;Plena Noite;Decrescente;Céu Claro;Simples;"Aclive;Reta";Não;2;0;0;1;1;0;1;2;-5,69866248;-35,26316835;SPRF-RN;DEL02-RN;UOP01-DEL02-RN
577890;29/01/2024;segunda-feira;15:30:00;SC;470;67,1;INDAIAL;Ausência de reação do condutor;Tombamento;Com Vítimas Feridas;Pleno dia;Crescente;Céu Claro;Simples;"Reta;Em Obras";Sim;2;0;2;0;0;0;2;1;-26,872158;-49,23127;SPRF-SC;DEL04-SC;UOP01-DEL04-SC
577891;29/01/2024;segunda-feira;19:10:00;RJ;101;503;ANGRA DOS REIS;Pedestre andava na pista;Atropelamento de Pedestre;Com Vítimas Feridas;Plena Noite;Crescente;Nublado;Simples;Reta;Sim;2;0;0;1;1;0;1;2;-22,92894705;-44,37879998;SPRF-RJ;DEL03-RJ;UOP03-DEL03-RJ
577897;29/01/2024;segunda-feira;17:05:00;SC;101;461;PASSO DE TORRES;Demais falhas mecânicas ou elétricas;Incêndio;Sem Vítimas;Pleno dia;Crescente;Nublado;Dupla;Reta;Não;1;0;0;0;1;0;0;1;-29,2662127;-49,7554493;SPRF-RS;DEL03-RS;UOP02-DEL03-RS
577898;29/01/2024;segunda-feira;17:40:00;SP;116;187;SANTA ISABEL;Mal súbito do condutor;Queda de ocupante de veículo;Com Vítimas Feridas;Pleno dia;Crescente;Céu Claro;Dupla;"Reta;Declive";Não;1;0;1;0;0;0;1;1;-23,35713072;-46,20737811;SPRF-SP;DEL01-SP;UOP01-DEL01-SP
577899;12/01/2024;sexta-feira;14:00:00;MT;70;635;POCONE;Pista esburacada;Colisão com objeto;Sem Vítimas;Pleno dia;Decrescente;Nublado;Simples;Reta;Não;2;0;0;0;2;0;0;1;-15,93354302;-56,994916;SPRF-MT;DEL03-MT;UOP02-DEL03-MT
577900;29/01/2024;segunda-feira;20:50:00;PA;316;46;SANTA IZABEL DO PARA;Ausência de reação do condutor;Saída de leito carroçável;Com Vítimas Feridas;Plena Noite;Decrescente;Nublado;Dupla;Curva;Não;1;0;1;0;0;0;1;1;-1,28003179;-48,06971495;SPRF-PA;DEL01-PA;UOP01-DEL01-PA
577901;29/01/2024;segunda-feira;21:20:00;GO;60;32;ALEXANIA;Entrada inopinada do pedestre;Atropelamento de Pedestre;Com Vítimas Feridas;Plena Noite;Decrescente;Nublado;Dupla;Reta;Sim;3;0;1;1;1;0;2;2;-16,0963;-48,5202;SPRF-DF;DEL03-DF;UOP01-DEL03-DF
577902;29/01/2024;segunda-feira;17:50:00;ES;447;14,2;VILA VELHA;Chuva;Colisão frontal;Com Vítimas Feridas;Anoitecer;Crescente;Chuva;Dupla;Curva;Não;2;0;0;1;1;0;1;2;-20,35784325;-40,3328294;SPRF-ES;DEL01-ES;UOP01-DEL01-ES
577903;29/01/2024;segunda-feira;19:25:00;PI;230;309;FLORIANO;Acessar a via sem observar a presença dos outros veículos;Colisão transversal;Com Vítimas Feridas;Plena Noite;Crescente;Céu Claro;Simples;"Reta;Declive;Retorno Regulamentado;Interseção de Vias";Sim;3;0;1;1;1;0;2;2;-6,77433132;-43,00632318;SPRF-PI;DEL03-PI;UOP01-DEL03-PI
577904;29/01/2024;segunda-feira;21:40:00;GO;153;694;ITUMBIARA;Reação tardia ou ineficiente do condutor;Colisão traseira;Com Vítimas Feridas;Plena Noite;Decrescente;Céu Claro;Dupla;Reta;Não;2;0;0;1;1;0;1;2;-18,3434;-49,2216;SPRF-GO;DEL03-GO;UOP02-DEL03-GO
577905;29/01/2024;segunda-feira;21:20:00;GO;60;172,4;ABADIA DE GOIAS;Reação tardia ou ineficiente do condutor;Saída de leito carroçável;Com Vítimas Feridas;Plena Noite;Decrescente;Céu Claro;Dupla;Declive;Não;1;0;1;0;0;0;1;1;-16,738;-49,4076;SPRF-GO;DEL01-GO;UOP02-DEL01-GO
577906;29/01/2024;segunda-feira;22:00:00;BA;116;11,9;VITORIA DA CONQUISTA;Conversão proibida;Colisão lateral mesmo sentido;Com Vítimas Feridas;Pleno dia;Crescente;Nublado;Simples;Reta;Sim;2;0;0;1;1;0;1;2;-14,87644318;-40,87117052;SPRF-PE;DEL05-PE;UOP03-DEL05-PE
577908;29/01/2024;segunda-feira;22:55:00;SC;101;148;ITAPEMA;Pedestre andava na pista;Atropelamento de Pedestre;Com Vítimas Feridas;Plena Noite;Decrescente;Céu Claro;Dupla;Reta;Sim;2;0;0;1;1;0;1;2;-27,10123686;-48,61807962;SPRF-SC;DEL04-SC;UOP03-DEL04-SC
577909;29/01/2024;segunda-feira;10:40:00;RO;425;99;NOVA MAMORE;Ausência de reação do condutor;Colisão traseira;Sem Vítimas;Pleno dia;Crescente;Sol;Simples;Reta;Sim;2;0;0;0;2;0;0;2;-10,403116;-65,32756;SPRF-RO;DEL01-RO;UOP03-DEL01-RO
577915;30/01/2024;terça-feira;00:20:00;SP;116;230;SAO PAULO;Ausência de reação do condutor;Colisão traseira;Com Vítimas Feridas;Plena Noite;Decrescente;Céu Claro;Múltipla;Reta;Sim;2;0;1;0;1;0;1;2;-23,52251783;-46,5855702;SPRF-SP;DEL01-SP;UOP01-DEL01-SP
577916;30/01/2024;terça-feira;00:28:00;SP;381;88;GUARULHOS;Participar de racha;Colisão traseira;Com Vítimas Feridas;Plena Noite;Decrescente;Céu Claro;Dupla;Reta;Não;3;0;1;0;1;1;1;2;-23,47469314;-46,56112919;SPRF-SP;DEL03-SP;UOP01-DEL03-SP
577917;30/01/2024;terça-feira;01:30:00;MG;381;776,7;CAMPANHA;Ausência de reação do condutor;Tombamento;Com Vítimas Feridas;Plena Noite;Decrescente;Nevoeiro/Neblina;Dupla;Reta;Não;1;0;1;0;0;0;1;1;-21,81543894;-45,49238809;SPRF-MG;DEL16-MG;UOP02-DEL16-MG
577920;30/01/2024;terça-feira;02:38:00;RJ;101;384;RIO DE JANEIRO;Animais na Pista;Atropelamento de Animal;Com Vítimas Feridas;Plena Noite;Decrescente;Céu Claro;Dupla;Reta;Sim;1;0;1;0;0;0;1;1;-22,88082106;-43,63046408;SPRF-RJ;DEL03-RJ;UOP01-DEL03-RJ
577923;30/01/2024;terça-feira;04:30:00;RS;287;249;SANTA MARIA;Ausência de reação do condutor;Saída de leito carroçável;Sem Vítimas;Plena Noite;Decrescente;Céu Claro;Dupla;Reta;Sim;1;0;0;0;0;1;0;1;-29,69395901;-53,86191666;SPRF-RS;DEL09-RS;UOP01-DEL09-RS
577924;30/01/2024;terça-feira;03:40:00;BA;101;255,5;CONCEICAO DO ALMEIDA;Condutor Dormindo;Saída de leito carroçável;Com Vítimas Fatais;Plena Noite;Crescente;Nublado;Simples;"Declive;Reta";Não;4;2;0;2;0;0;2;1;-12,93429;-39,253098;SPRF-BA;DEL01-BA;UOP02-DEL01-BA
577925;30/01/2024;terça-feira;05:12:00;PE;101;88;JABOATAO DOS GUARARAPES;Demais falhas mecânicas ou elétricas;Incêndio;Sem Vítimas;Pleno dia;Crescente;Céu Claro;Dupla;Reta;Não;1;0;0;0;1;0;0;1;-8,19971387;-34,9785382;SPRF-PE;DEL01-PE;UOP01-DEL01-PE
577930;30/01/2024;terça-feira;06:00:00;PR;277;612,5;SANTA TEREZA DO OESTE;Ausência de reação do condutor;Saída de leito carroçável;Com Vítimas Feridas;Pleno dia;Crescente;Céu Claro;Simples;Reta;Não;3;0;1;0;2;0;1;1;-25,05631922;-53,64042585;SPRF-PR;DEL05-PR;UOP02-DEL05-PR
577931;29/01/2024;segunda-feira;13:08:00;BA;101;504;ITABUNA;Acessar a via sem observar a presença dos outros veículos;Colisão transversal;Com Vítimas Feridas;Pleno dia;Decrescente;Céu Claro;Simples;Declive;Não;2;0;1;0;1;0;1;2;-14,94042206;-39,30397277;SPRF-BA;DEL05-BA;UOP01-DEL05-BA
577937;30/01/2024;terça-feira;07:15:00;PB;230;139,7;CAMPINA GRANDE;Demais falhas mecânicas ou elétricas;Tombamento;Com Vítimas Feridas;Pleno dia;Crescente;Céu Claro;Múltipla;Curva;Não;1;0;1;0;0;0;1;1;-7,2696;-35,7899;SPRF-PB;DEL02-PB;UOP01-DEL02-PB
577938;30/01/2024;terça-feira;06:20:00;RS;448;2;ESTEIO;Demais falhas na via;Tombamento;Com Vítimas Feridas;Pleno dia;Crescente;Céu Claro;Dupla;Curva;Não;1;0;1;0;0;0;1;1;-29,844086;-51,192482;SPRF-RS;DEL01-RS;UOP02-DEL01-RS
577939;30/01/2024;terça-feira;05:10:00;RS;470;188;VERANOPOLIS;Acumulo de óleo sobre o pavimento;Capotamento;Sem Vítimas;Amanhecer;Decrescente;Nevoeiro/Neblina;Simples;Curva;Não;1;0;0;0;1;0;0;1;-29,0090907;-51,56456778;SPRF-RS;DEL06-RS;UOP02-DEL06-RS
577940;30/01/2024;terça-feira;07:30:00;RS;116;269;CANOAS;Reação tardia ou ineficiente do condutor;Colisão lateral mesmo sentido;Com Vítimas Feridas;Pleno dia;Crescente;Céu Claro;Múltipla;Reta;Sim;2;0;2;0;0;0;2;1;-29,95942501;-51,17608515;SPRF-RS;DEL01-RS;UOP01-DEL01-RS
577941;30/01/2024;terça-feira;07:30:00;SP;116;222;GUARULHOS;Trafegar com motocicleta (ou similar) entre as faixas;Tombamento;Com Vítimas Feridas;Pleno dia;Crescente;Céu Claro;Múltipla;Reta;Sim;1;0;1;0;0;0;1;1;-23,47093408;-46,51631097;SPRF-SP;DEL01-SP;UOP01-DEL01-SP
577944;30/01/2024;terça-feira;07:07:00;RS;158;201,3;CRUZ ALTA;Transitar na contramão;Colisão frontal;Com Vítimas Fatais;Amanhecer;Crescente;Céu Claro;Simples;Declive;Não;4;1;0;1;2;0;1;2;-28,69409698;-53,60154374;SPRF-RS;DEL10-RS;UOP02-DEL10-RS
577945;30/01/2024;terça-feira;05:35:00;SC;280;25,3;ARAQUARI;Acessar a via sem observar a presença dos outros veículos;Colisão transversal;Com Vítimas Feridas;Pleno dia;Crescente;Céu Claro;Simples;Reta;Não;2;0;2;0;0;0;2;2;-26,38352781;-48,72677516;SPRF-SC;DEL03-SC;UOP03-DEL03-SC
577947;30/01/2024;terça-feira;06:50:00;RJ;465;1,4;SEROPEDICA;Ausência de reação do condutor;Atropelamento de Pedestre;Com Vítimas Feridas;Pleno dia;Decrescente;Céu Claro;Simples;Reta;Sim;3;0;1;1;1;0;2;3;-22,719835;-43,725739;SPRF-RJ;DEL06-RJ;UOP02-DEL06-RJ
577949;30/01/2024;terça-feira;07:50:00;SC;101;120,9;ITAJAI;Ausência de reação do condutor;Colisão lateral mesmo sentido;Com Vítimas Feridas;Pleno dia;Decrescente;Céu Claro;Múltipla;Reta;Sim;2;0;1;0;1;0;1;2;-26,912758;-48,711998;SPRF-SC;DEL04-SC;UOP04-DEL04-SC
577951;30/01/2024;terça-feira;07:35:00;BA;324;623;SALVADOR;Condutor deixou de manter distância do veículo da frente;Colisão lateral mesmo sentido;Com Vítimas Feridas;Pleno dia;Decrescente;Sol;Dupla;Reta;Sim;3;0;1;0;2;0;1;3;-12,937406;-38,472284;SPRF-BA;DEL01-BA;UOP01-DEL01-BA
577954;30/01/2024;terça-feira;08:00:00;PR;376;2,5;SAO JOSE DOS PINHAIS;Manobra de mudança de faixa;Colisão lateral mesmo sentido;Com Vítimas Feridas;Pleno dia;Crescente;Céu Claro;Dupla;Reta;Sim;2;0;1;0;1;0;1;2;-25,5307;-49,1958;SPRF-PR;DEL01-PR;UOP04-DEL01-PR
577955;30/01/2024;terça-feira;08:41:00;GO;40;109;CRISTALINA;Condutor Dormindo;Saída de leito carroçável;Sem Vítimas;Pleno dia;Crescente;Céu Claro;Dupla;Reta;Não;1;0;0;0;1;0;0;1;-16,840532;-47,517647;SPRF-DF;DEL01-DF;UOP02-DEL01-DF
577962;30/01/2024;terça-feira;07:07:00;PR;369;40;ANDIRA;Ultrapassagem Indevida;Colisão traseira;Com Vítimas Feridas;Pleno dia;Crescente;Céu Claro;Simples;Reta;Não;3;0;1;0;2;0;1;2;-23,07339316;-50,26649594;SPRF-PR;DEL07-PR;UOP05-DEL07-PR
577963;30/01/2024;terça-feira;09:10:00;PB;230;162;CAMPINA GRANDE;Pedestre andava na pista;Atropelamento de Pedestre;Com Vítimas Feridas;Pleno dia;Crescente;Céu Claro;Simples;Curva;Não;2;0;1;0;1;0;1;2;-7,2277;-35,9439;SPRF-PB;DEL02-PB;UOP01-DEL02-PB
577965;30/01/2024;terça-feira;08:30:00;PR;376;180,9;MARINGA;Ausência de reação do condutor;Tombamento;Com Vítimas Feridas;Pleno dia;Decrescente;Céu Claro;Dupla;Reta;Sim;1;0;1;0;0;0;1;1;-23,42725352;-51,89512271;SPRF-PR;DEL09-PR;UOP01-DEL09-PR
577967;30/01/2024;terça-feira;08:20:00;BA;324;623,2;SALVADOR;Reação tardia ou ineficiente do condutor;Colisão traseira;Com Vítimas Feridas;Pleno dia;Crescente;Céu Claro;Dupla;Reta;Não;2;0;1;0;0;1;1;2;-12,92628699;-38,46838679;SPRF-BA;DEL01-BA;UOP01-DEL01-BA
577972;30/01/2024;terça-feira;06:50:00;MG;116;810;ALEM PARAIBA;Condutor deixou de manter distância do veículo da frente;Saída de leito carroçável;Com Vítimas Feridas;Pleno dia;Crescente;Nublado;Simples;Reta;Não;1;0;1;0;0;0;1;1;-21,8327779;-42,67715755;SPRF-MG;DEL07-MG;UOP01-DEL07-MG