id;data_inversa;dia_semana;horario;uf;br;km;municipio;causa_acidente;tipo_acidente;classificacao_acidente;fase_dia;sentido_via;condicao_metereologica;tipo_pista;tracado_via;uso_solo;pessoas;mortos;feridos_leves;feridos_graves;ilesos;ignorados;feridos;veiculos;latitude;longitude;regional;delegacia;uop
577973;30/01/2024;terça-feira;09:40:00;PR;277;589,4;CASCAVEL;Entrada inopinada do pedestre;Atropelamento de Pedestre;Com Vítimas Feridas;Pleno dia;Decrescente;Sol;Simples;"Reta;Declive";Sim;2;0;0;1;1;0;1;2;-24,97777319;-53,44688591;SPRF-PR;DEL04-PR;UOP01-DEL04-PR
577974;30/01/2024;terça-feira;09:15:00;AL;316;262;SATUBA;Condutor deixou de manter distância do veículo da frente;Colisão traseira;Sem Vítimas;Pleno dia;Crescente;Céu Claro;Simples;Reta;Não;2;0;0;0;2;0;0;2;-9,58877051;-35,88700493;SPRF-AL;DEL02-AL;UOP01-DEL02-AL
577976;30/01/2024;terça-feira;09:50:00;PE;232;5;RECIFE;Estacionar ou parar em local proibido;Colisão traseira;Com Vítimas Feridas;Pleno dia;Crescente;Céu Claro;Múltipla;Reta;Sim;3;0;0;2;0;1;2;3;-8,06795766;-34,94535414;SPRF-PE;DEL01-PE;UOP01-DEL01-PE
577979;30/01/2024;terça-feira;06:30:00;RJ;493;1;ITABORAI;Reação tardia ou ineficiente do condutor;Colisão traseira;Com Vítimas Feridas;Pleno dia;Decrescente;Céu Claro;Dupla;Reta;Não;2;0;1;0;1;0;1;2;-22,76398788;-42,92731895;SPRF-RJ;DEL02-RJ;UOP02-DEL02-RJ
577980;30/01/2024;terça-feira;08:40:00;RO;364;709;PORTO VELHO;Acessar a via sem observar a presença dos outros veículos;Tombamento;Com Vítimas Feridas;Pleno dia;Crescente;Céu Claro;Dupla;Interseção de Vias;Sim;2;0;1;0;1;0;1;2;-8,7909383;-63,84895617;SPRF-RO;DEL01-RO;UOP01-DEL01-RO
577981;30/01/2024;terça-feira;08:15:00;RJ;40;15,7;TRES RIOS;Mal súbito do condutor;Saída de leito carroçável;Com Vítimas Feridas;Pleno dia;Crescente;Céu Claro;Dupla;"Reta;Declive";Não;4;0;1;3;0;0;4;1;-22,07530027;-43,18283558;SPRF-RJ;DEL05-RJ;UOP02-DEL05-RJ
577986;30/01/2024;terça-feira;10:45:00;SC;282;2;FLORIANOPOLIS;Manobra de mudança de faixa;Colisão lateral mesmo sentido;Com Vítimas Feridas;Pleno dia;Decrescente;Sol;Múltipla;Reta;Sim;2;0;1;0;1;0;1;2;-27,603289;-48,590416;SPRF-SC;DEL01-SC;UOP01-DEL01-SC
577987;30/01/2024;terça-feira;10:00:00;SP;116;281;ITAPECERICA DA SERRA;Ausência de reação do condutor;Colisão traseira;Com Vítimas Feridas;Pleno dia;Decrescente;Céu Claro;Dupla;Reta;Sim;2;0;1;0;1;0;1;2;-23,67784787;-46,85769227;SPRF-SP;DEL04-SP;UOP01-DEL04-SP
577990;30/01/2024;terça-feira;10:50:00;SC;101;137,5;BALNEARIO CAMBORIU;Reação tardia ou ineficiente do condutor;Colisão traseira;Com Vítimas Feridas;Pleno dia;Decrescente;Céu Claro;Múltipla;Reta;Sim;2;0;1;0;1;0;1;2;-27,0157238;-48,61192763;SPRF-SC;DEL04-SC;UOP03-DEL04-SC
577993;30/01/2024;terça-feira;03:30:00;PI;407;525;PATOS DO PIAUI;Condutor Dormindo;Saída de leito carroçável;Sem Vítimas;Plena Noite;Decrescente;Céu Claro;Simples;"Reta;Declive";Não;1;0;0;0;1;0;0;1;-7,75438205;-41,27092842;SPRF-PI;DEL04-PI;UOP01-DEL04-PI
577995;30/01/2024;terça-feira;10:30:00;RS;468;12,4;PALMEIRA DAS MISSOES;Acessar a via sem observar a presença dos outros veículos;Colisão transversal;Com Vítimas Feridas;Pleno dia;Decrescente;Chuva;Simples;Curva;Não;2;0;0;1;1;0;1;2;-27,83356465;-53,4092468;SPRF-RS;DEL08-RS;UOP01-DEL08-RS
577997;30/01/2024;terça-feira;11:30:00;PR;376;163,1;MARINGA;Ausência de reação do condutor;Tombamento;Com Vítimas Feridas;Pleno dia;Crescente;Céu Claro;Dupla;Reta;Não;1;0;1;0;0;0;1;1;-23,38150629;-52,03480212;SPRF-PR;DEL09-PR;UOP01-DEL09-PR
577998;30/01/2024;terça-feira;11:30:00;SP;153;258;MARILIA;Reação tardia ou ineficiente do condutor;Queda de ocupante de veículo;Com Vítimas Feridas;Pleno dia;Decrescente;Céu Claro;Simples;Curva;Sim;1;0;1;0;0;0;1;1;-22,24864701;-49,92085793;SPRF-SP;DEL07-SP;UOP02-DEL07-SP
578004;30/01/2024;terça-feira;10:35:00;MG;50;80,2;UBERLANDIA;Objeto estático sobre o leito carroçável;Tombamento;Com Vítimas Feridas;Pleno dia;Decrescente;Nublado;Dupla;"Aclive;Reta";Não;1;0;0;1;0;0;1;1;-18,986906;-48,211853;SPRF-MG;DEL15-MG;UOP01-DEL15-MG
578006;30/01/2024;terça-feira;12:30:00;PR;277;595;CASCAVEL;Acessar a via sem observar a presença dos outros veículos;Colisão transversal;Com Vítimas Feridas;Pleno dia;Crescente;Céu Claro;Simples;Reta;Sim;2;0;0;1;1;0;1;2;-24,98154632;-53,50141969;SPRF-PR;DEL04-PR;UOP01-DEL04-PR
578007;30/01/2024;terça-feira;12:20:00;RS;392;18,1;RIO GRANDE;Acessar a via sem observar a presença dos outros veículos;Colisão transversal;Sem Vítimas;Pleno dia;Decrescente;Céu Claro;Dupla;Reta;Sim;2;0;0;0;2;0;0;2;-32,09017991;-52,17651198;SPRF-RS;DEL07-RS;UOP02-DEL07-RS
578009;30/01/2024;terça-feira;12:15:00;MT;70;2,3;BARRA DO GARCAS;Acessar a via sem observar a presença dos outros veículos;Atropelamento de Pedestre;Com Vítimas Feridas;Pleno dia;Crescente;Sol;Simples;Reta;Sim;3;0;1;0;1;1;1;2;-15,88749699;-52,26810568;SPRF-MT;DEL07-MT;UOP01-DEL07-MT
578010;30/01/2024;terça-feira;11:00:00;RR;432;201;CANTA;Ausência de reação do condutor;Tombamento;Com Vítimas Feridas;Pleno dia;Decrescente;Nublado;Simples;Curva;Não;2;0;2;0;0;0;2;1;2,69243392;-60,60561614;SPRF-RR;DEL01-RR;UOP01-DEL01-RR
578011;30/01/2024;terça-feira;13:00:00;MG;146;488;POCOS DE CALDAS;Reação tardia ou ineficiente do condutor;Colisão traseira;Com Vítimas Feridas;Pleno dia;Crescente;Sol;Simples;Rotatória;Sim;2;0;1;0;1;0;1;2;-21,807377;-46,470452;SPRF-MG;DEL09-MG;UOP01-DEL09-MG
578013;13/01/2024;sábado;15:55:00;RS;116;259;ESTEIO;Ausência de reação do condutor;Atropelamento de Pedestre;Com Vítimas Feridas;Pleno dia;Decrescente;Céu Claro;Dupla;Reta;Sim;2;0;1;0;1;0;1;2;-29,86535845;-51,18062496;SPRF-RS;DEL01-RS;UOP02-DEL01-RS
578014;30/01/2024;terça-feira;13:40:00;SP;116;226,8;GUARULHOS;Reação tardia ou ineficiente do condutor;Queda de ocupante de veículo;Com Vítimas Feridas;Pleno dia;Crescente;Céu Claro;Múltipla;Reta;Sim;1;0;1;0;0;0;1;1;-23,49102507;-46,54878195;SPRF-SP;DEL01-SP;UOP01-DEL01-SP
578017;22/01/2024;segunda-feira;09:00:00;PR;158;537;PATO BRANCO;Acessar a via sem observar a presença dos outros veículos;Colisão transversal;Com Vítimas Feridas;Pleno dia;Decrescente;Sol;Simples;Reta;Sim;2;0;0;1;1;0;1;2;-26,24248639;-52,69697646;SPRF-PR;DEL02-PR;UOP01-DEL02-PR
578018;26/01/2024;sexta-feira;19:05:00;PA;230;121;MARABA;Ausência de reação do condutor;Colisão traseira;Sem Vítimas;Plena Noite;Decrescente;Chuva;Simples;Curva;Sim;3;0;0;0;3;0;0;2;-5,35297407;-49,12143673;SPRF-PA;DEL03-PA;UOP01-DEL03-PA
578021;30/01/2024;terça-feira;13:55:00;RS;392;31,3;RIO GRANDE;Demais falhas mecânicas ou elétricas;Saída de leito carroçável;Com Vítimas Feridas;Pleno dia;Decrescente;Céu Claro;Dupla;Curva;Não;5;0;1;0;4;0;1;1;-32,04179424;-52,28176437;SPRF-RS;DEL07-RS;UOP02-DEL07-RS
578022;30/01/2024;terça-feira;14:40:00;MG;116;536;SANTA RITA DE MINAS;Condutor deixou de manter distância do veículo da frente;Colisão traseira;Com Vítimas Feridas;Pleno dia;Decrescente;Nublado;Simples;Reta;Não;5;0;2;0;3;0;2;2;-19,8582936;-42,1353868;SPRF-MG;DEL06-MG;UOP02-DEL06-MG
578023;30/01/2024;terça-feira;13:33:00;MT;364;307;JACIARA;Reação tardia ou ineficiente do condutor;Saída de leito carroçável;Com Vítimas Feridas;Pleno dia;Decrescente;Chuva;Dupla;Reta;Não;1;0;1;0;0;0;1;1;-15,82088336;-55,21223409;SPRF-MT;DEL05-MT;UOP02-DEL05-MT
578024;30/01/2024;terça-feira;11:02:00;SC;280;129;RIO NEGRINHO;Acessar a via sem observar a presença dos outros veículos;Colisão transversal;Com Vítimas Feridas;Pleno dia;Crescente;Céu Claro;Simples;Reta;Não;2;0;1;0;1;0;1;2;-26,24586437;-49,52284615;SPRF-SC;DEL06-SC;UOP03-DEL06-SC
578025;30/01/2024;terça-feira;14:30:00;RJ;40;119;DUQUE DE CAXIAS;Manobra de mudança de faixa;Colisão lateral mesmo sentido;Com Vítimas Feridas;Pleno dia;Decrescente;Sol;Dupla;Reta;Sim;2;0;1;0;1;0;1;2;-22,76375592;-43,28683062;SPRF-RJ;DEL01-RJ;UOP02-DEL01-RJ
578026;30/01/2024;terça-feira;11:10:00;GO;153;312,1;RIALMA;Demais falhas mecânicas ou elétricas;Saída de leito carroçável;Com Vítimas Feridas;Pleno dia;Decrescente;Céu Claro;Simples;Reta;Não;1;0;1;0;0;0;1;1;-15,384867;-49,551846;SPRF-GO;DEL02-GO;UOP02-DEL02-GO
578028;30/01/2024;terça-feira;14:00:00;RJ;116;145;MAGE;Avarias e/ou desgaste excessivo no pneu;Queda de ocupante de veículo;Com Vítimas Feridas;Pleno dia;Crescente;Céu Claro;Dupla;Reta;Não;2;0;2;0;0;0;2;1;-22,66237951;-43,25529831;SPRF-RJ;DEL01-RJ;UOP02-DEL01-RJ
578031;30/01/2024;terça-feira;14:30:00;RJ;40;119;DUQUE DE CAXIAS;Ausência de reação do condutor;Atropelamento de Pedestre;Com Vítimas Feridas;Pleno dia;Crescente;Céu Claro;Múltipla;Reta;Sim;2;0;1;0;0;1;1;2;-22,76375592;-43,28683062;SPRF-RJ;DEL01-RJ;UOP02-DEL01-RJ
578032;30/01/2024;terça-feira;14:10:00;SC;280;25,8;ARAQUARI;Acessar a via sem observar a presença dos outros veículos;Colisão transversal;Com Vítimas Feridas;Pleno dia;Crescente;Céu Claro;Simples;Reta;Não;2;0;1;0;1;0;1;2;-26,38352781;-48,72677516;SPRF-SC;DEL03-SC;UOP03-DEL03-SC
578035;30/01/2024;terça-feira;15:30:00;SP;116;111;TAUBATE;Acessar a via sem observar a presença dos outros veículos;Colisão lateral mesmo sentido;Com Vítimas Feridas;Pleno dia;Crescente;Céu Claro;Dupla;Reta;Sim;2;0;1;0;0;1;1;2;-23,03887149;-45,56097419;SPRF-SP;DEL02-SP;UOP02-DEL02-SP
578036;30/01/2024;terça-feira;13:00:00;MG;365;670,1;MONTE ALEGRE DE MINAS;Mal súbito do condutor;Saída de leito carroçável;Com Vítimas Feridas;Pleno dia;Decrescente;Sol;Dupla;"Curva;Declive";Não;2;0;1;1;0;0;2;1;-18,88405862;-48,73542988;SPRF-MG;DEL15-MG;UOP01-DEL15-MG
578038;30/01/2024;terça-feira;16:20:00;CE;116;3;FORTALEZA;Condutor deixou de manter distância do veículo da frente;Colisão traseira;Com Vítimas Feridas;Pleno dia;Crescente;Céu Claro;Múltipla;Reta;Não;3;0;2;0;1;0;2;2;-3,77866493;-38,51490171;SPRF-CE;DEL01-CE;UOP02-DEL01-CE
578039;30/01/2024;terça-feira;16:40:00;SP;101;40;UBATUBA;Acessar a via sem observar a presença dos outros veículos;Colisão transversal;Com Vítimas Feridas;Pleno dia;Decrescente;Céu Claro;Simples;Reta;Não;5;0;1;0;4;0;1;2;-23,41495528;-45,03516778;SPRF-SP;DEL06-SP;UOP01-DEL06-SP
578040;30/01/2024;terça-feira;16:40:00;RS;290;71;GRAVATAI;Reação tardia ou ineficiente do condutor;Capotamento;Com Vítimas Feridas;Pleno dia;Decrescente;Céu Claro;Múltipla;Reta;Sim;1;0;1;0;0;0;1;1;-29,951347;-50,965858;SPRF-RS;DEL03-RS;UOP01-DEL03-RS
578041;30/01/2024;terça-feira;13:11:00;MT;163;687;LUCAS DO RIO VERDE;Acessar a via sem observar a presença dos outros veículos;Colisão transversal;Com Vítimas Feridas;Pleno dia;Crescente;Nublado;Simples;Reta;Sim;4;0;1;0;3;0;1;2;-13,07959013;-55,93724554;SPRF-MT;DEL06-MT;UOP01-DEL06-MT
578043;30/01/2024;terça-feira;16:20:00;RJ;101;412;ITAGUAI;Demais falhas mecânicas ou elétricas;Incêndio;Sem Vítimas;Pleno dia;Crescente;Céu Claro;Dupla;Reta;Sim;2;0;0;0;2;0;0;1;-22,89720365;-43,85639217;SPRF-RJ;DEL03-RJ;UOP01-DEL03-RJ
578048;30/01/2024;terça-feira;16:40:00;ES;259;99,1;BAIXO GUANDU;Desrespeitar a preferência no cruzamento;Colisão transversal;Com Vítimas Feridas;Pleno dia;Crescente;Céu Claro;Simples;Curva;Sim;2;0;0;1;1;0;1;2;-19,51537377;-40,98652397;SPRF-ES;DEL02-ES;UOP01-DEL02-ES
578049;30/01/2024;terça-feira;16:47:00;PE;232;145;SAO CAITANO;Pedestre cruzava a pista fora da faixa;Atropelamento de Pedestre;Com Vítimas Fatais;Pleno dia;Crescente;Céu Claro;Simples;Reta;Sim;3;1;1;1;0;0;2;2;-8,32868;-36,120811;SPRF-PE;DEL03-PE;UOP02-DEL03-PE
578050;30/01/2024;terça-feira;17:30:00;SC;282;16,2;PALHOCA;Estacionar ou parar em local proibido;Colisão traseira;Com Vítimas Feridas;Pleno dia;Crescente;Céu Claro;Simples;Reta;Sim;2;0;1;0;0;1;1;2;-27,66101584;-48,68390143;SPRF-SC;DEL01-SC;UOP02-DEL01-SC
578052;30/01/2024;terça-feira;17:30:00;MG;116;704,3;MURIAE;Manobra de mudança de faixa;Colisão lateral mesmo sentido;Com Vítimas Feridas;Pleno dia;Decrescente;Nublado;Simples;Reta;Sim;2;0;1;0;0;1;1;2;-21,13416858;-42,38722798;SPRF-MG;DEL07-MG;UOP02-DEL07-MG
578053;30/01/2024;terça-feira;17:35:00;PR;277;721,9;FOZ DO IGUACU;Manobra de mudança de faixa;Colisão lateral mesmo sentido;Com Vítimas Feridas;Pleno dia;Decrescente;Sol;Dupla;Reta;Sim;2;0;1;0;1;0;1;2;-25,4911505;-54,51185421;SPRF-PR;DEL05-PR;UOP03-DEL05-PR
578055;30/01/2024;terça-feira;17:05:00;SC;101;157,8;PORTO BELO;Manobra de mudança de faixa;Colisão lateral mesmo sentido;Sem Vítimas;Pleno dia;Decrescente;Céu Claro;Dupla;Reta;Sim;2;0;0;0;2;0;0;2;-27,181625;-48,6121179;SPRF-SC;DEL04-SC;UOP03-DEL04-SC
578056;30/01/2024;terça-feira;18:00:00;SC;101;16;PALHOCA;Trafegar com motocicleta (ou similar) entre as faixas;Colisão lateral mesmo sentido;Com Vítimas Feridas;Anoitecer;Crescente;Nublado;Simples;Reta;Sim;2;0;1;0;1;0;1;2;-27,660612;-48,677251;SPRF-SC;DEL03-SC;UOP01-DEL03-SC
578057;30/01/2024;terça-feira;17:50:00;ES;101;213;IBIRACU;Conversão proibida;Colisão transversal;Com Vítimas Feridas;Anoitecer;Crescente;Nublado;Simples;Reta;Sim;2;0;1;0;1;0;1;2;-19,82352998;-40,36981894;SPRF-ES;DEL02-ES;UOP01-DEL02-ES
578058;30/01/2024;terça-feira;11:00:00;AC;317;280;EPITACIOLANDIA;Avarias e/ou desgaste excessivo no pneu;Saída de leito carroçável;Sem Vítimas;Pleno dia;Crescente;Céu Claro;Simples;"Aclive;Reta";Não;1;0;0;0;1;0;0;1;-10,9954281;-68,64267787;SPRF-AC;DEL01-AC;UOP02-DEL01-AC
578059;30/01/2024;terça-feira;12:40:00;RJ;101;95;CAMPOS DOS GOYTACAZES;Avarias e/ou desgaste excessivo no pneu;Capotamento;Com Vítimas Feridas;Pleno dia;Crescente;Céu Claro;Dupla;Curva;Não;5;0;5;0;0;0;5;1;-21,86957661;-41,5470863;SPRF-RJ;DEL08-RJ;UOP02-DEL08-RJ
578061;30/01/2024;terça-feira;18:26:00;PE;407;127;PETROLINA;Condutor deixou de manter distância do veículo da frente;Colisão traseira;Sem Vítimas;Plena Noite;Decrescente;Céu Claro;Simples;"Interseção de Vias;Em Obras";Sim;2;0;0;0;2;0;0;2;-9,3908678;-40,52038627;SPRF-PE;DEL06-PE;UOP01-DEL06-PE
578062;30/01/2024;terça-feira;18:00:00;ES;101;282,8;CARIACICA;Transitar na contramão;Colisão frontal;Com Vítimas Feridas;Anoitecer;Decrescente;Nublado;Simples;Reta;Sim;3;0;2;0;1;0;2;2;-20,22694;-40,36458;SPRF-ES;DEL01-ES;UOP01-DEL01-ES
578063;30/01/2024;terça-feira;18:40:00;BA;101;739;ITABELA;Transitar na contramão;Colisão lateral sentido oposto;Com Vítimas Feridas;Plena Noite;Decrescente;Céu Claro;Dupla;"Aclive;Curva";Não;6;0;5;1;0;0;6;2;-16,689233;-39,480426;SPRF-BA;DEL09-BA;UOP01-DEL09-BA
578064;30/01/2024;terça-feira;17:59:00;DF;70;16;BRASILIA;Velocidade Incompatível;Colisão transversal;Sem Vítimas;Anoitecer;Crescente;Nublado;Dupla;"Interseção de Vias;Rotatória";Sim;4;0;0;0;4;0;0;2;-15,796144;-48,194225;SPRF-DF;DEL03-DF;UOP02-DEL03-DF
578066;30/01/2024;terça-feira;17:40:00;SC;280;166,3;MAFRA;Acessar a via sem observar a presença dos outros veículos;Colisão transversal;Com Vítimas Feridas;Pleno dia;Decrescente;Céu Claro;Simples;"Curva;Interseção de Vias";Sim;2;0;1;0;1;0;1;2;-26,17713619;-49,81611416;SPRF-SC;DEL06-SC;UOP01-DEL06-SC
578067;30/01/2024;terça-feira;14:00:00;MT;70;684;CACERES;Acumulo de água sobre o pavimento;Saída de leito carroçável;Sem Vítimas;Pleno dia;Decrescente;Chuva;Simples;Curva;Não;3;0;0;0;3;0;0;1;-16,14356887;-57,33928105;SPRF-MT;DEL03-MT;UOP02-DEL03-MT
578069;30/01/2024;terça-feira;17:00:00;MG;381;487;BETIM;Manobra de mudança de faixa;Colisão lateral mesmo sentido;Com Vítimas Feridas;Pleno dia;Decrescente;Céu Claro;Dupla;"Reta;Interseção de Vias";Não;2;0;1;0;1;0;1;2;-19,95644414;-44,13611598;SPRF-MG;DEL01-MG;UOP03-DEL01-MG
578070;30/01/2024;terça-feira;18:50:00;SC;101;118,6;ITAJAI;Manobra de mudança de faixa;Tombamento;Com Vítimas Feridas;Anoitecer;Decrescente;Nublado;Dupla;Reta;Não;2;0;1;0;1;0;1;2;-26,895859;-48,71903;SPRF-SC;DEL04-SC;UOP04-DEL04-SC
578071;30/01/2024;terça-feira;19:10:00;SC;101;112,9;ITAJAI;Acessar a via sem observar a presença dos outros veículos;Colisão lateral mesmo sentido;Com Vítimas Feridas;Plena Noite;Decrescente;Nublado;Múltipla;"Reta;Retorno Regulamentado";Sim;2;0;1;0;1;0;1;2;-26,84589005;-48,72131295;SPRF-SC;DEL04-SC;UOP04-DEL04-SC
578072;30/01/2024;terça-feira;15:45:00;MG;381;273;CORONEL FABRICIANO;Ausência de reação do condutor;Colisão frontal;Com Vítimas Fatais;Pleno dia;Decrescente;Chuva;Simples;Curva;Não;4;2;0;1;0;1;1;3;-19,53913;-42,67738;SPRF-MG;DEL03-MG;UOP02-DEL03-MG
578074;30/01/2024;terça-feira;19:00:00;BA;116;815;VITORIA DA CONQUISTA;Reação tardia ou ineficiente do condutor;Colisão transversal;Com Vítimas Feridas;Plena Noite;Crescente;Céu Claro;Simples;Reta;Não;2;0;1;0;1;0;1;2;-14,77134491;-40,71858287;SPRF-BA;DEL08-BA;UOP01-DEL08-BA
578075;30/01/2024;terça-feira;19:10:00;RJ;101;419;MANGARATIBA;Manobra de mudança de faixa;Colisão transversal;Com Vítimas Feridas;Plena Noite;Crescente;Nublado;Simples;Curva;Não;2;0;1;0;1;0;1;2;-22,91710057;-43,91218185;SPRF-RJ;DEL03-RJ;UOP02-DEL03-RJ
578077;30/01/2024;terça-feira;19:00:00;PR;163;223,1;CASCAVEL;Reação tardia ou ineficiente do condutor;Saída de leito carroçável;Com Vítimas Feridas;Anoitecer;Crescente;Céu Claro;Dupla;Curva;Não;3;0;2;0;1;0;2;1;-24,897235;-53,533793;SPRF-PR;DEL04-PR;UOP01-DEL04-PR
578078;30/01/2024;terça-feira;15:30:00;RO;364;422;JARU;Retorno proibido;Colisão lateral mesmo sentido;Com Vítimas Feridas;Pleno dia;Decrescente;Céu Claro;Simples;"Reta;Aclive;Em Obras";Sim;2;0;1;0;1;0;1;2;-10,4597532;-62,4558043;SPRF-RO;DEL03-RO;UOP02-DEL03-RO
578079;30/01/2024;terça-feira;15:45:00;RO;364;423;JARU;Ausência de reação do condutor;Tombamento;Com Vítimas Feridas;Pleno dia;Decrescente;Céu Claro;Simples;Ponte;Não;2;0;1;0;1;0;1;1;-10,45220802;-62,46072003;SPRF-RO;DEL03-RO;UOP02-DEL03-RO
578080;30/01/2024;terça-feira;18:15:00;BA;116;900;CANDIDO SALES;Acessar a via sem observar a presença dos outros veículos;Colisão transversal;Com Vítimas Feridas;Anoitecer;Crescente;Céu Claro;Simples;Reta;Não;9;0;2;0;7;0;2;2;-15,436036;-41,221999;SPRF-BA;DEL08-BA;UOP03-DEL08-BA
578082;30/01/2024;terça-feira;20:30:00;MG;262;366;JUATUBA;Demais falhas mecânicas ou elétricas;Incêndio;Sem Vítimas;Plena Noite;Decrescente;Céu Claro;Dupla;Reta;Sim;1;0;0;0;1;0;0;1;-19,92980512;-44,32201999;SPRF-MG;DEL01-MG;UOP03-DEL01-MG
578086;30/01/2024;terça-feira;20:50:00;GO;20;10;FORMOSA;Avarias e/ou desgaste excessivo no pneu;Capotamento;Sem Vítimas;Plena Noite;Crescente;Garoa/Chuvisco;Simples;Reta;Não;1;0;0;0;0;1;0;1;-15,558447;-47,26619;SPRF-DF;DEL02-DF;UOP02-DEL02-DF
578087;30/01/2024;terça-feira;21:51:00;SC;101;201,4;SAO JOSE;Estacionar ou parar em local proibido;Colisão traseira;Com Vítimas Feridas;Plena Noite;Decrescente;Nublado;Múltipla;Reta;Sim;2;0;1;0;1;0;1;2;-27,54836599;-48,61977975;SPRF-SC;DEL01-SC;UOP01-DEL01-SC
578088;30/01/2024;terça-feira;19:30:00;SC;101;357,2;SANGAO;Reação tardia ou ineficiente do condutor;Colisão com objeto;Com Vítimas Feridas;Anoitecer;Decrescente;Céu Claro;Dupla;Curva;Sim;1;0;0;1;0;0;1;1;-28,64422;-49,1008;SPRF-SC;DEL02-SC;UOP01-DEL02-SC
578090;30/01/2024;terça-feira;21:38:00;SP;116;284,1;ITAPECERICA DA SERRA;Reação tardia ou ineficiente do condutor;Colisão traseira;Sem Vítimas;Pleno dia;Crescente;Céu Claro;Dupla;"Retorno Regulamentado;Reta";Não;4;0;0;0;4;0;0;2;-23,69998;-46,867767;SPRF-SP;DEL04-SP;UOP01-DEL04-SP
578091;30/01/2024;terça-feira;17:00:00;RJ;101;327;NITEROI;Ausência de reação do condutor;Colisão traseira;Com Vítimas Feridas;Anoitecer;Decrescente;Nublado;Dupla;"Aclive;Reta";Sim;2;0;1;0;1;0;1;2;-22,87117393;-43,15595099;SPRF-RJ;DEL02-RJ;UOP01-DEL02-RJ
578092;30/01/2024;terça-feira;22:25:00;SP;101;46;UBATUBA;Transitar no Acostamento;Colisão frontal;Com Vítimas Feridas;Plena Noite;Crescente;Céu Claro;Simples;Reta;Não;2;0;0;2;0;0;2;2;-23,42403383;-45,07492113;SPRF-SP;DEL06-SP;UOP01-DEL06-SP
578093;30/01/2024;terça-feira;17:30:00;GO;452;17;RIO VERDE;Ultrapassagem Indevida;Colisão frontal;Com Vítimas Feridas;Pleno dia;Decrescente;Chuva;Simples;"Retorno Regulamentado;Reta";Não;2;0;1;0;1;0;1;2;-17,85575304;-50,75816802;SPRF-GO;DEL04-GO;UOP01-DEL04-GO
578095;30/01/2024;terça-feira;17:30:00;PE;428;4;CABROBO;Acostamento em desnível;Queda de ocupante de veículo;Com Vítimas Feridas;Anoitecer;Decrescente;Céu Claro;Simples;Reta;Não;1;0;1;0;0;0;1;1;-8,53181343;-39,25892123;SPRF-PE;DEL05-PE;UOP03-DEL05-PE
578096;30/01/2024;terça-feira;17:50:00;MT;174;220;FIGUEIROPOLIS DOESTE;Velocidade Incompatível;Saída de leito carroçável;Com Vítimas Fatais;Pleno dia;Decrescente;Chuva;Simples;"Aclive;Reta";Não;2;1;0;1;0;0;1;1;-15,60800848;-58,83454416;SPRF-MT;DEL04-MT;UOP01-DEL04-MT
578097;30/01/2024;terça-feira;18:18:00;PA;230;121;MARABA;Ultrapassagem Indevida;Colisão lateral mesmo sentido;Com Vítimas Fatais;Plena Noite;Crescente;Céu Claro;Dupla;Reta;Sim;2;1;0;0;1;0;0;2;-5,35297407;-49,12143673;SPRF-PA;DEL03-PA;UOP01-DEL03-PA
578098;30/01/2024;terça-feira;22:50:00;PR;369;153;LONDRINA;Reação tardia ou ineficiente do condutor;Colisão traseira;Com Vítimas Feridas;Plena Noite;Crescente;Céu Claro;Dupla;"Interseção de Vias;Curva";Sim;3;0;1;0;2;0;1;2;-23,29810446;-51,19444907;SPRF-PR;DEL07-PR;UOP01-DEL07-PR
578102;30/01/2024;terça-feira;22:00:00;MG;116;411,1;GOVERNADOR VALADARES;Acumulo de água sobre o pavimento;Colisão com objeto;Sem Vítimas;Plena Noite;Crescente;Chuva;Dupla;Reta;Sim;1;0;0;0;1;0;0;1;-18,86244705;-41,97405237;SPRF-MG;DEL06-MG;UOP01-DEL06-MG
578103;30/01/2024;terça-feira;21:50:00;MG;116;665,2;SAO FRANCISCO DO GLORIA;Condutor Dormindo;Saída de leito carroçável;Com Vítimas Feridas;Plena Noite;Decrescente;Céu Claro;Simples;Curva;Não;1;0;1;0;0;0;1;1;-20,83383427;-42,32199225;SPRF-MG;DEL07-MG;UOP02-DEL07-MG
578108;30/01/2024;terça-feira;23:35:00;PR;376;183,2;SARANDI;Ausência de reação do condutor;Tombamento;Com Vítimas Feridas;Plena Noite;Crescente;Céu Claro;Dupla;"Em Obras;Reta;Declive";Sim;1;0;0;1;0;0;1;1;-23,44159097;-51,87067398;SPRF-PR;DEL09-PR;UOP01-DEL09-PR
578111;31/01/2024;quarta-feira;00:30:00;BA;116;12;VITORIA DA CONQUISTA;Ausência de reação do condutor;Colisão traseira;Com Vítimas Feridas;Pleno dia;Decrescente;Céu Claro;Simples;Reta;Sim;2;0;1;0;1;0;1;2;-14,87723;-40,8711;SPRF-BA;DEL08-BA;UOP01-DEL08-BA