id;data_inversa;dia_semana;horario;uf;br;km;municipio;causa_acidente;tipo_acidente;classificacao_acidente;fase_dia;sentido_via;condicao_metereologica;tipo_pista;tracado_via;uso_solo;pessoas;mortos;feridos_leves;feridos_graves;ilesos;ignorados;feridos;veiculos;latitude;longitude;regional;delegacia;uop
578112;30/01/2024;terça-feira;23:05:00;MT;163;84,6;RONDONOPOLIS;Velocidade Incompatível;Capotamento;Com Vítimas Feridas;Plena Noite;Crescente;Chuva;Dupla;"Reta;Rotatória";Não;2;0;2;0;0;0;2;1;-16,78834709;-54,67072783;SPRF-MT;DEL02-MT;UOP03-DEL02-MT
578113;30/01/2024;terça-feira;23:30:00;SC;282;425;VARGEM BONITA;Ausência de reação do condutor;Colisão com objeto;Com Vítimas Fatais;Plena Noite;Decrescente;Céu Claro;Simples;"Declive;Curva";Não;1;1;0;0;0;0;0;1;-26,97885;-51,75913;SPRF-SC;DEL07-SC;UOP05-DEL07-SC
578114;31/01/2024;quarta-feira;02:20:00;GO;40;1,5;VALPARAISO DE GOIAS;Condutor Dormindo;Colisão com objeto;Com Vítimas Feridas;Plena Noite;Crescente;Céu Claro;Dupla;Reta;Sim;1;0;1;0;0;0;1;1;-16,058245;-47,982825;SPRF-DF;DEL01-DF;UOP01-DEL01-DF
578116;31/01/2024;quarta-feira;01:00:00;PR;376;405;TIBAGI;Ingestão de álcool pelo condutor;Saída de leito carroçável;Sem Vítimas;Plena Noite;Crescente;Céu Claro;Dupla;"Curva;Desvio Temporário";Não;5;0;0;0;5;0;0;1;-24,634064;-50,636837;SPRF-PR;DEL03-PR;UOP02-DEL03-PR
578119;31/01/2024;quarta-feira;04:54:00;DF;70;13;BRASILIA;Velocidade Incompatível;Colisão traseira;Sem Vítimas;Plena Noite;Crescente;Chuva;Dupla;Reta;Não;2;0;0;0;0;2;0;2;-15,794558;-48,166584;SPRF-DF;DEL03-DF;UOP02-DEL03-DF
578121;31/01/2024;quarta-feira;00:00:00;SC;282;443;PONTE SERRADA;Ingestão de álcool pelo condutor;Saída de leito carroçável;Com Vítimas Feridas;Plena Noite;Crescente;Céu Claro;Simples;Reta;Não;1;0;1;0;0;0;1;1;-26,917578;-51,890999;SPRF-SC;DEL07-SC;UOP04-DEL07-SC
578122;31/01/2024;quarta-feira;05:43:00;RS;290;83;CACHOEIRINHA;Reação tardia ou ineficiente do condutor;Saída de leito carroçável;Com Vítimas Feridas;Amanhecer;Crescente;Céu Claro;Múltipla;Curva;Sim;1;0;0;1;0;0;1;1;-29,959141;-51,088791;SPRF-RS;DEL01-RS;UOP01-DEL01-RS
578123;31/01/2024;quarta-feira;05:15:00;BA;324;625,5;SALVADOR;Reação tardia ou ineficiente do condutor;Colisão traseira;Com Vítimas Feridas;Amanhecer;Crescente;Céu Claro;Múltipla;Curva;Sim;3;0;2;0;1;0;2;2;-12,956974;-38,4719;SPRF-BA;DEL01-BA;UOP01-DEL01-BA
578124;31/01/2024;quarta-feira;05:25:00;SC;280;58,6;GUARAMIRIM;Velocidade Incompatível;Colisão com objeto;Com Vítimas Feridas;Amanhecer;Decrescente;Nublado;Simples;Curva;Sim;1;0;1;0;0;0;1;1;-26,47415593;-49,021211;SPRF-SC;DEL03-SC;UOP03-DEL03-SC
578125;31/01/2024;quarta-feira;05:00:00;SC;282;20,4;PALHOCA;Velocidade Incompatível;Colisão com objeto;Com Vítimas Feridas;Amanhecer;Crescente;Nublado;Dupla;Reta;Não;2;0;1;0;1;0;1;2;-27,68594123;-48,7129283;SPRF-SC;DEL01-SC;UOP02-DEL01-SC
578126;31/01/2024;quarta-feira;06:00:00;PE;101;52,3;PAULISTA;Estacionar ou parar em local proibido;Colisão traseira;Com Vítimas Feridas;Pleno dia;Crescente;Céu Claro;Múltipla;Reta;Sim;2;0;0;1;1;0;1;2;-7,92358799;-34,89607201;SPRF-PE;DEL01-PE;UOP02-DEL01-PE
578128;31/01/2024;quarta-feira;04:00:00;MS;60;325;CAMPO GRANDE;Animais na Pista;Atropelamento de Animal;Sem Vítimas;Amanhecer;Decrescente;Céu Claro;Simples;Declive;Não;3;0;0;0;3;0;0;1;-20,35683649;-54,52352436;SPRF-MS;DEL01-MS;UOP02-DEL01-MS
578129;31/01/2024;quarta-feira;04:00:00;BA;110;228;OLINDINA;Animais na Pista;Saída de leito carroçável;Com Vítimas Fatais;Plena Noite;Decrescente;Céu Claro;Simples;Reta;Não;3;1;0;2;0;0;2;1;-11,31272;-38,38791;SPRF-BA;DEL07-BA;UOP02-DEL07-BA
578131;31/01/2024;quarta-feira;06:15:00;RS;290;638;URUGUAIANA;Reação tardia ou ineficiente do condutor;Saída de leito carroçável;Com Vítimas Feridas;Pleno dia;Decrescente;Céu Claro;Simples;Reta;Não;2;0;1;0;1;0;1;1;-30,017042;-56,299175;SPRF-RS;DEL13-RS;UOP02-DEL13-RS
578133;31/01/2024;quarta-feira;06:40:00;SP;381;52;ATIBAIA;Reação tardia ou ineficiente do condutor;Engavetamento;Com Vítimas Feridas;Pleno dia;Decrescente;Sol;Dupla;"Declive;Reta";Não;4;0;2;0;2;0;2;3;-23,2300622;-46,59963076;SPRF-SP;DEL03-SP;UOP01-DEL03-SP
578134;30/01/2024;terça-feira;23:50:00;MT;364;204;RONDONOPOLIS;Ingestão de álcool pelo condutor;Colisão com objeto;Com Vítimas Feridas;Plena Noite;Crescente;Céu Claro;Dupla;Reta;Sim;1;0;0;1;0;0;1;1;-16,467325;-54,657196;SPRF-MT;DEL02-MT;UOP01-DEL02-MT
578135;31/01/2024;quarta-feira;05:30:00;GO;153;437;ANAPOLIS;Ingestão de álcool pelo condutor;Saída de leito carroçável;Sem Vítimas;Amanhecer;Crescente;Céu Claro;Dupla;Reta;Sim;1;0;0;0;0;1;0;1;-16,286884;-48,942978;SPRF-GO;DEL02-GO;UOP01-DEL02-GO
578137;31/01/2024;quarta-feira;06:40:00;ES;101;252,5;SERRA;Pista Escorregadia;Tombamento;Com Vítimas Feridas;Pleno dia;Decrescente;Céu Claro;Simples;Reta;Não;1;0;1;0;0;0;1;1;-20,09618209;-40,33951217;SPRF-ES;DEL02-ES;UOP01-DEL02-ES
578139;31/01/2024;quarta-feira;07:20:00;SC;NA;NA;LAGES;Animais na Pista;Atropelamento de Animal;Com Vítimas Feridas;Pleno dia;Não Informado;Céu Claro;Simples;Reta;Sim;2;0;0;1;0;1;1;2;-27,79531273;-50,32413125;SPRF-SC;DEL05-SC;UOP01-DEL05-SC
578140;31/01/2024;quarta-feira;07:30:00;RS;158;325;SANTA MARIA;Reação tardia ou ineficiente do condutor;Colisão lateral mesmo sentido;Com Vítimas Feridas;Pleno dia;Crescente;Céu Claro;Dupla;Reta;Sim;2;0;2;0;0;0;2;2;-29,7037466;-53,79524635;SPRF-RS;DEL09-RS;UOP01-DEL09-RS
578141;31/01/2024;quarta-feira;07:25:00;MG;381;479;CONTAGEM;Trafegar com motocicleta (ou similar) entre as faixas;Colisão traseira;Com Vítimas Feridas;Pleno dia;Decrescente;Céu Claro;Dupla;Reta;Não;3;0;1;0;2;0;1;3;-19,95889605;-44,069202;SPRF-MG;DEL01-MG;UOP03-DEL01-MG
578143;31/01/2024;quarta-feira;07:25:00;SC;101;148;ITAPEMA;Reação tardia ou ineficiente do condutor;Colisão traseira;Com Vítimas Feridas;Pleno dia;Crescente;Céu Claro;Múltipla;Reta;Sim;2;0;1;0;1;0;1;2;-27,10123686;-48,61807962;SPRF-SC;DEL04-SC;UOP03-DEL04-SC
578145;31/01/2024;quarta-feira;07:55:00;PR;277;721,9;FOZ DO IGUACU;Reação tardia ou ineficiente do condutor;Tombamento;Com Vítimas Feridas;Pleno dia;Crescente;Céu Claro;Dupla;Reta;Sim;1;0;1;0;0;0;1;1;-25,4911505;-54,51185421;SPRF-PR;DEL05-PR;UOP03-DEL05-PR
578146;31/01/2024;quarta-feira;07:40:00;ES;101;297,1;VIANA;Manobra de mudança de faixa;Colisão lateral mesmo sentido;Com Vítimas Feridas;Amanhecer;Decrescente;Nublado;Dupla;Reta;Sim;2;0;2;0;0;0;2;2;-20,34529844;-40,41026774;SPRF-ES;DEL01-ES;UOP01-DEL01-ES
578147;31/01/2024;quarta-feira;07:30:00;SC;101;133;BALNEARIO CAMBORIU;Manobra de mudança de faixa;Colisão lateral mesmo sentido;Com Vítimas Feridas;Pleno dia;Crescente;Céu Claro;Dupla;Reta;Sim;2;0;2;0;0;0;2;2;-26,99936;-48,64609;SPRF-SC;DEL04-SC;UOP03-DEL04-SC
578148;31/01/2024;quarta-feira;07:15:00;SC;101;129;BALNEARIO CAMBORIU;Ausência de reação do condutor;Colisão traseira;Com Vítimas Feridas;Pleno dia;Decrescente;Nublado;Dupla;Reta;Sim;4;0;1;1;2;0;2;2;-26,98064277;-48,6790679;SPRF-SC;DEL04-SC;UOP03-DEL04-SC
578149;31/01/2024;quarta-feira;08:00:00;SP;116;214;GUARULHOS;Reação tardia ou ineficiente do condutor;Tombamento;Com Vítimas Feridas;Pleno dia;Crescente;Céu Claro;Dupla;Declive;Sim;2;0;2;0;0;0;2;1;-23,44333014;-46,44531294;SPRF-SP;DEL01-SP;UOP01-DEL01-SP
578150;31/01/2024;quarta-feira;07:40:00;MG;381;929,7;ITAPEVA;Velocidade Incompatível;Saída de leito carroçável;Com Vítimas Feridas;Pleno dia;Decrescente;Nublado;Dupla;Reta;Não;1;0;0;1;0;0;1;1;-22,77359686;-46,23855539;SPRF-MG;DEL16-MG;UOP03-DEL16-MG
578151;31/01/2024;quarta-feira;08:06:00;RN;101;94;NATAL;Trafegar com motocicleta (ou similar) entre as faixas;Colisão traseira;Com Vítimas Feridas;Pleno dia;Decrescente;Céu Claro;Dupla;Reta;Sim;2;0;1;0;1;0;1;2;-5,83176615;-35,21191342;SPRF-RN;DEL01-RN;UOP01-DEL01-RN
578152;31/01/2024;quarta-feira;05:20:00;SC;282;379;HERVAL DOESTE;Ausência de reação do condutor;Colisão com objeto;Sem Vítimas;Amanhecer;Crescente;Céu Claro;Simples;Rotatória;Não;1;0;0;0;0;1;0;1;-27,21446527;-51,48563731;SPRF-SC;DEL07-SC;UOP05-DEL07-SC
578153;31/01/2024;quarta-feira;07:00:00;RJ;116;191;QUEIMADOS;Avarias e/ou desgaste excessivo no pneu;Queda de ocupante de veículo;Sem Vítimas;Pleno dia;Decrescente;Céu Claro;Dupla;Reta;Sim;3;0;0;0;3;0;0;3;-22,74421443;-43,509822;SPRF-RJ;DEL06-RJ;UOP01-DEL06-RJ
578155;31/01/2024;quarta-feira;07:58:00;CE;116;3,3;FORTALEZA;Manobra de mudança de faixa;Colisão lateral mesmo sentido;Com Vítimas Feridas;Pleno dia;Crescente;Céu Claro;Dupla;Reta;Sim;3;0;1;1;1;0;2;2;-3,77866493;-38,51490171;SPRF-CE;DEL01-CE;UOP02-DEL01-CE
578156;31/01/2024;quarta-feira;06:48:00;MT;70;1,2;BARRA DO GARCAS;Conversão proibida;Tombamento;Com Vítimas Feridas;Pleno dia;Crescente;Céu Claro;Simples;"Interseção de Vias;Reta";Sim;2;0;1;0;1;0;1;2;-15,89164596;-52,26202884;SPRF-MT;DEL07-MT;UOP01-DEL07-MT
578157;31/01/2024;quarta-feira;07:00:00;RR;401;20;CANTA;Ausência de reação do condutor;Saída de leito carroçável;Com Vítimas Fatais;Pleno dia;Crescente;Sol;Dupla;Curva;Sim;1;1;0;0;0;0;0;1;2,79800401;-60,63387047;SPRF-RR;DEL01-RR;UOP01-DEL01-RR
578158;31/01/2024;quarta-feira;08:45:00;TO;10;457;PALMAS;Reação tardia ou ineficiente do condutor;Colisão traseira;Com Vítimas Feridas;Pleno dia;Crescente;Céu Claro;Múltipla;"Reta;Retorno Regulamentado;Interseção de Vias";Sim;2;0;1;0;1;0;1;2;-10,285348;-48,297434;SPRF-TO;DEL01-TO;UOP03-DEL01-TO
578160;07/01/2024;domingo;18:56:00;PR;476;116;COLOMBO;Reação tardia ou ineficiente do condutor;Colisão transversal;Com Vítimas Feridas;Plena Noite;Decrescente;Nublado;Múltipla;"Reta;Interseção de Vias";Sim;2;0;1;0;1;0;1;2;-25,34996;-49,16642;SPRF-PR;DEL01-PR;UOP01-DEL01-PR
578161;31/01/2024;quarta-feira;08:30:00;RN;101;148,1;GOIANINHA;Condutor deixou de manter distância do veículo da frente;Colisão traseira;Com Vítimas Feridas;Pleno dia;Crescente;Céu Claro;Múltipla;Viaduto;Sim;2;0;1;0;1;0;1;2;-6,27949119;-35,20490033;SPRF-RN;DEL01-RN;UOP01-DEL01-RN
578163;31/01/2024;quarta-feira;09:00:00;SC;101;39,5;JOINVILLE;Acessar a via sem observar a presença dos outros veículos;Colisão transversal;Com Vítimas Feridas;Pleno dia;Decrescente;Céu Claro;Simples;"Viaduto;Interseção de Vias";Sim;2;0;2;0;0;0;2;2;-26,29643527;-48,88377428;SPRF-SC;DEL03-SC;UOP01-DEL03-SC
578164;31/01/2024;quarta-feira;09:20:00;RS;101;21,8;TRES CACHOEIRAS;Ingestão de álcool pelo condutor;Colisão lateral mesmo sentido;Sem Vítimas;Pleno dia;Crescente;Céu Claro;Dupla;Reta;Não;2;0;0;0;2;0;0;2;-29,43444872;-49,89334896;SPRF-RS;DEL03-RS;UOP02-DEL03-RS
578165;31/01/2024;quarta-feira;07:40:00;AC;364;140;RIO BRANCO;Manobra de mudança de faixa;Colisão transversal;Sem Vítimas;Pleno dia;Crescente;Sol;Dupla;Rotatória;Sim;2;0;0;0;2;0;0;2;-9,94779814;-67,86813111;SPRF-AC;DEL01-AC;UOP01-DEL01-AC
578168;31/01/2024;quarta-feira;10:00:00;PR;369;144;LONDRINA;Demais falhas mecânicas ou elétricas;Colisão com objeto;Com Vítimas Feridas;Pleno dia;Decrescente;Céu Claro;Dupla;"Reta;Declive";Sim;2;0;0;1;1;0;1;1;-23,29253694;-51,10316685;SPRF-PR;DEL07-PR;UOP01-DEL07-PR
578169;31/01/2024;quarta-feira;10:15:00;PE;116;26;SALGUEIRO;Ausência de reação do condutor;Colisão traseira;Com Vítimas Feridas;Pleno dia;Crescente;Céu Claro;Simples;Reta;Sim;4;0;0;1;3;0;1;2;-8,069921;-39,13364;SPRF-PE;DEL05-PE;UOP01-DEL05-PE
578171;31/01/2024;quarta-feira;10:30:00;PR;163;59,8;PEROLA DOESTE;Afundamento ou ondulação no pavimento;Saída de leito carroçável;Com Vítimas Feridas;Pleno dia;Decrescente;Céu Claro;Simples;Reta;Não;1;0;1;0;0;0;1;1;-25,91453404;-53,74782792;SPRF-PR;DEL02-PR;UOP02-DEL02-PR
578180;26/01/2024;sexta-feira;09:00:00;RJ;101;314;SAO GONCALO;Reação tardia ou ineficiente do condutor;Colisão lateral mesmo sentido;Com Vítimas Feridas;Pleno dia;Crescente;Céu Claro;Dupla;Reta;Sim;2;0;1;0;1;0;1;2;-22,81648739;-43,07728467;SPRF-RJ;DEL02-RJ;UOP02-DEL02-RJ
578183;31/01/2024;quarta-feira;10:30:00;RO;NA;NA;VILHENA;Acessar a via sem observar a presença dos outros veículos;Colisão traseira;Com Vítimas Feridas;Pleno dia;Não Informado;Céu Claro;Simples;Reta;Sim;2;0;1;0;1;0;1;2;-12,812288;-60,0702976;SPRF-RO;DEL04-RO;UOP01-DEL04-RO
578185;31/01/2024;quarta-feira;12:00:00;PE;232;100;BEZERROS;Reação tardia ou ineficiente do condutor;Colisão lateral mesmo sentido;Com Vítimas Feridas;Pleno dia;Crescente;Céu Claro;Simples;Reta;Sim;2;0;1;0;1;0;1;2;-8,23791176;-35,74297705;SPRF-PE;DEL02-PE;UOP02-DEL02PE
578187;31/01/2024;quarta-feira;12:40:00;RJ;101;322;NITEROI;Reação tardia ou ineficiente do condutor;Tombamento;Com Vítimas Feridas;Pleno dia;Decrescente;Nublado;Simples;"Curva;Ponte";Sim;1;0;1;0;0;0;1;1;-22,878923;-43,110676;SPRF-RJ;DEL02-RJ;UOP01-DEL02-RJ
578190;27/01/2024;sábado;18:00:00;RS;290;86;PORTO ALEGRE;Manobra de mudança de faixa;Colisão com objeto;Com Vítimas Feridas;Anoitecer;Decrescente;Céu Claro;Dupla;Reta;Sim;2;0;1;0;1;0;1;1;-29,968412;-51,117138;SPRF-RS;DEL01-RS;UOP01-DEL01-RS
578193;31/01/2024;quarta-feira;13:50:00;RO;319;63;PORTO VELHO;Velocidade Incompatível;Colisão traseira;Com Vítimas Feridas;Pleno dia;Decrescente;Céu Claro;Dupla;Reta;Sim;2;0;1;0;1;0;1;2;-8,766685;-63,884052;SPRF-RO;DEL01-RO;UOP01-DEL01-RO
578196;31/01/2024;quarta-feira;14:40:00;PB;101;86;JOAO PESSOA;Demais falhas mecânicas ou elétricas;Incêndio;Sem Vítimas;Pleno dia;Decrescente;Céu Claro;Simples;Curva;Não;2;0;0;0;2;0;0;1;-7,15118983;-34,91012184;SPRF-PB;DEL01-PB;UOP01-DEL01-PB
578199;31/01/2024;quarta-feira;14:05:00;ES;101;295,8;CARIACICA;Acessar a via sem observar a presença dos outros veículos;Colisão transversal;Com Vítimas Feridas;Pleno dia;Crescente;Céu Claro;Múltipla;Interseção de Vias;Sim;2;0;1;0;1;0;1;2;-20,33223667;-40,40004683;SPRF-ES;DEL01-ES;UOP01-DEL01-ES
578200;28/01/2024;domingo;05:00:00;RJ;116;135;MAGE;Ausência de reação do condutor;Saída de leito carroçável;Sem Vítimas;Amanhecer;Decrescente;Céu Claro;Dupla;Reta;Não;1;0;0;0;0;1;0;1;-22,65225773;-43,16309893;SPRF-RJ;DEL04-RJ;UOP02-DEL04-RJ
578202;31/01/2024;quarta-feira;14:30:00;MG;381;566;ITAGUARA;Chuva;Tombamento;Com Vítimas Feridas;Pleno dia;Decrescente;Chuva;Dupla;Reta;Não;1;0;1;0;0;0;1;1;-20,41642409;-44,52998184;SPRF-MG;DEL04-MG;UOP03-DEL04-MG
578203;31/01/2024;quarta-feira;15:50:00;MG;40;682,6;RESSAQUINHA;Afundamento ou ondulação no pavimento;Colisão com objeto;Sem Vítimas;Pleno dia;Crescente;Céu Claro;Simples;"Curva;Ponte";Não;2;0;0;0;1;1;0;2;-21,04805781;-43,76292836;SPRF-MG;DEL05-MG;UOP02-DEL05-MG
578204;31/01/2024;quarta-feira;15:30:00;SC;101;36;JOINVILLE;Transitar na contramão;Colisão frontal;Com Vítimas Feridas;Pleno dia;Crescente;Chuva;Múltipla;"Reta;Declive";Não;2;0;0;1;1;0;1;2;-26,27494543;-48,89396667;SPRF-SC;DEL03-SC;UOP01-DEL03-SC
578205;31/01/2024;quarta-feira;16:35:00;RN;406;103;JOAO CAMARA;Ausência de reação do condutor;Colisão com objeto;Sem Vítimas;Pleno dia;Crescente;Céu Claro;Simples;Reta;Sim;3;0;0;0;1;2;0;2;-5,53714888;-35,81373986;SPRF-RN;DEL02-RN;UOP01-DEL02-RN
578206;31/01/2024;quarta-feira;13:30:00;RS;285;569,4;SAO LUIZ GONZAGA;Acessar a via sem observar a presença dos outros veículos;Colisão transversal;Com Vítimas Feridas;Pleno dia;Crescente;Céu Claro;Simples;Reta;Sim;3;0;1;1;1;0;2;2;-28,41600999;-54,97127831;SPRF-RS;DEL12-RS;UOP01-DEL12-RS
578207;15/01/2024;segunda-feira;10:15:00;SP;116;219;GUARULHOS;Trafegar com motocicleta (ou similar) entre as faixas;Colisão lateral mesmo sentido;Com Vítimas Feridas;Pleno dia;Crescente;Céu Claro;Múltipla;Reta;Sim;3;0;2;0;1;0;2;2;-23,46143954;-46,48885316;SPRF-SP;DEL01-SP;UOP01-DEL01-SP
578209;31/01/2024;quarta-feira;17:00:00;SE;235;5;NOSSA SENHORA DO SOCORRO;Manobra de mudança de faixa;Colisão lateral mesmo sentido;Sem Vítimas;Pleno dia;Decrescente;Céu Claro;Dupla;"Reta;Aclive";Não;2;0;0;0;2;0;0;2;-10,9041;-37,1278;SPRF-SE;DEL01-SE;UOP01-DEL01-SE
578210;31/01/2024;quarta-feira;16:50:00;RJ;101;319;SAO GONCALO;Ausência de reação do condutor;Colisão traseira;Com Vítimas Feridas;Pleno dia;Decrescente;Céu Claro;Dupla;Reta;Sim;2;0;1;0;1;0;1;2;-22,85411774;-43,1018014;SPRF-RJ;DEL02-RJ;UOP02-DEL02-RJ
578212;31/01/2024;quarta-feira;07:45:00;MG;365;393,7;PATOS DE MINAS;Retorno proibido;Colisão transversal;Sem Vítimas;Amanhecer;Crescente;Nublado;Simples;"Curva;Declive";Não;2;0;0;0;2;0;0;2;-18,63481872;-46,34836686;SPRF-MG;DEL10-MG;UOP01-DEL10-MG
578214;31/01/2024;quarta-feira;17:00:00;PE;101;55,8;RECIFE;Manobra de mudança de faixa;Colisão lateral mesmo sentido;Sem Vítimas;Pleno dia;Crescente;Céu Claro;Dupla;Reta;Sim;2;0;0;0;1;1;0;2;-7,94806621;-34,9062148;SPRF-PE;DEL01-PE;UOP02-DEL01-PE
578215;31/01/2024;quarta-feira;17:30:00;CE;116;19;EUSEBIO;Avarias e/ou desgaste excessivo no pneu;Tombamento;Com Vítimas Feridas;Anoitecer;Decrescente;Céu Claro;Dupla;Reta;Não;1;0;1;0;0;0;1;1;-3,92526559;-38,50771795;SPRF-CE;DEL01-CE;UOP02-DEL01-CE
578216;31/01/2024;quarta-feira;16:50:00;TO;NA;NA;PARAISO DO TOCANTINS;Conversão proibida;Colisão lateral sentido oposto;Com Vítimas Feridas;Pleno dia;Não Informado;Nublado;Simples;Interseção de Vias;Sim;2;0;0;1;1;0;1;2;-10,16602086;-48,88128519;SPRF-TO;DEL01-TO;UOP01-DEL01-TO
578217;31/01/2024;quarta-feira;17:30:00;PB;230;150;CAMPINA GRANDE;Demais falhas mecânicas ou elétricas;Tombamento;Com Vítimas Feridas;Pleno dia;Crescente;Céu Claro;Simples;Reta;Sim;1;0;0;1;0;0;1;1;-7,2515;-35,8724;SPRF-PB;DEL02-PB;UOP01-DEL02-PB
578218;31/01/2024;quarta-feira;17:35:00;SC;470;56,3;BLUMENAU;Acessar a via sem observar a presença dos outros veículos;Colisão transversal;Com Vítimas Feridas;Pleno dia;Crescente;Nublado;Simples;Reta;Sim;2;0;1;0;1;0;1;2;-26,87751308;-49,13049897;SPRF-SC;DEL04-SC;UOP01-DEL04-SC
578219;31/01/2024;quarta-feira;17:30:00;CE;116;40;HORIZONTE;Pedestre cruzava a pista fora da faixa;Atropelamento de Pedestre;Com Vítimas Feridas;Anoitecer;Crescente;Céu Claro;Múltipla;Reta;Sim;2;0;0;2;0;0;2;2;-4,09496999;-38,50351984;SPRF-CE;DEL01-CE;UOP02-DEL01-CE
578220;31/01/2024;quarta-feira;17:50:00;SP;116;219;GUARULHOS;Reação tardia ou ineficiente do condutor;Colisão traseira;Com Vítimas Feridas;Pleno dia;Crescente;Chuva;Múltipla;Reta;Sim;3;0;1;0;2;0;1;2;-23,46143954;-46,48885316;SPRF-SP;DEL01-SP;UOP01-DEL01-SP
578221;31/01/2024;quarta-feira;17:57:00;ES;101;263,3;SERRA;Ausência de reação do condutor;Queda de ocupante de veículo;Com Vítimas Feridas;Anoitecer;Decrescente;Nublado;Dupla;Reta;Sim;2;0;1;0;1;0;1;1;-20,16554736;-40,27301648;SPRF-ES;DEL02-ES;UOP01-DEL02-ES
578222;31/01/2024;quarta-feira;17:05:00;SP;116;209;GUARULHOS;Reação tardia ou ineficiente do condutor;Colisão traseira;Com Vítimas Feridas;Pleno dia;Decrescente;Chuva;Múltipla;"Declive;Reta";Sim;3;0;2;0;0;1;2;2;-23,427622;-46,408072;SPRF-SP;DEL01-SP;UOP01-DEL01-SP
578224;31/01/2024;quarta-feira;18:39:00;SP;116;225,9;GUARULHOS;Pista Escorregadia;Tombamento;Com Vítimas Feridas;Plena Noite;Decrescente;Chuva;Múltipla;"Em Obras;Reta";Sim;1;0;1;0;0;0;1;1;-23,49102507;-46,54878195;SPRF-SP;DEL01-SP;UOP01-DEL01-SP
578226;31/01/2024;quarta-feira;18:20:00;RJ;101;61;CAMPOS DOS GOYTACAZES;Acessar a via sem observar a presença dos outros veículos;Colisão traseira;Com Vítimas Feridas;Plena Noite;Decrescente;Céu Claro;Simples;Interseção de Vias;Não;2;0;1;0;1;0;1;2;-21,72655788;-41,32133519;SPRF-RJ;DEL08-RJ;UOP01-DEL08-RJ
578227;31/01/2024;quarta-feira;18:20:00;PB;230;12,8;CABEDELO;Manobra de mudança de faixa;Colisão lateral mesmo sentido;Com Vítimas Feridas;Plena Noite;Decrescente;Céu Claro;Dupla;Reta;Sim;2;0;1;0;1;0;1;2;-7,079903;-34,849098;SPRF-PB;DEL01-PB;UOP01-DEL01-PB
578229;31/01/2024;quarta-feira;18:40:00;PE;101;68,8;RECIFE;Pedestre cruzava a pista fora da faixa;Atropelamento de Pedestre;Com Vítimas Feridas;Plena Noite;Decrescente;Céu Claro;Múltipla;Reta;Não;5;0;3;2;0;0;5;3;-8,05074296;-34,94580619;SPRF-PE;DEL01-PE;UOP01-DEL01-PE
578230;31/01/2024;quarta-feira;18:05:00;RS;386;132;SARANDI;Desrespeitar a preferência no cruzamento;Colisão transversal;Com Vítimas Feridas;Pleno dia;Decrescente;Céu Claro;Simples;"Interseção de Vias;Reta";Sim;4;0;2;0;2;0;2;2;-27,94116338;-52,94078171;SPRF-RS;DEL08-RS;UOP01-DEL08-RS
578231;31/01/2024;quarta-feira;18:23:00;SC;101;204;SAO JOSE;Trafegar com motocicleta (ou similar) entre as faixas;Colisão lateral mesmo sentido;Com Vítimas Feridas;Anoitecer;Crescente;Céu Claro;Múltipla;Reta;Não;4;0;2;0;2;0;2;3;-27,57413014;-48,61363083;SPRF-SC;DEL01-SC;UOP01-DEL01-SC
578232;31/01/2024;quarta-feira;18:40:00;GO;40;5;VALPARAISO DE GOIAS;Ausência de reação do condutor;Tombamento;Com Vítimas Feridas;Plena Noite;Crescente;Céu Claro;Dupla;Reta;Sim;1;0;1;0;0;0;1;1;-16,093134;-47,982236;SPRF-DF;DEL01-DF;UOP01-DEL01-DF
578233;31/01/2024;quarta-feira;18:20:00;RJ;101;423;MANGARATIBA;Velocidade Incompatível;Colisão lateral sentido oposto;Com Vítimas Feridas;Anoitecer;Crescente;Chuva;Simples;Curva;Sim;2;0;1;0;1;0;1;2;-22,91801286;-43,94820686;SPRF-RJ;DEL03-RJ;UOP02-DEL03-RJ
578236;31/01/2024;quarta-feira;17:00:00;RJ;40;17;TRES RIOS;Avarias e/ou desgaste excessivo no pneu;Queda de ocupante de veículo;Com Vítimas Feridas;Pleno dia;Crescente;Chuva;Dupla;Curva;Não;1;0;1;0;0;0;1;1;-22,08639692;-43,17655185;SPRF-RJ;DEL05-RJ;UOP02-DEL05-RJ
578237;31/01/2024;quarta-feira;18:10:00;PR;373;180,4;PONTA GROSSA;Acessar a via sem observar a presença dos outros veículos;Colisão transversal;Com Vítimas Feridas;Pleno dia;Crescente;Nublado;Simples;Reta;Sim;3;0;2;0;1;0;2;2;-25,04073485;-50,25242507;SPRF-PR;DEL03-PR;UOP01-DEL03-PR
578239;31/01/2024;quarta-feira;19:30:00;SC;101;143;ITAPEMA;Ultrapassagem Indevida;Colisão lateral mesmo sentido;Com Vítimas Feridas;Plena Noite;Crescente;Nublado;Dupla;Reta;Sim;2;0;1;0;1;0;1;2;-27,06436;-48,59599405;SPRF-SC;DEL04-SC;UOP03-DEL04-SC
578240;31/01/2024;quarta-feira;18:20:00;SP;116;217;GUARULHOS;Ausência de reação do condutor;Tombamento;Com Vítimas Feridas;Pleno dia;Decrescente;Chuva;Múltipla;Reta;Sim;1;0;0;1;0;0;1;1;-23,45423824;-46,47119028;SPRF-SP;DEL01-SP;UOP01-DEL01-SP