id;data_inversa;dia_semana;horario;uf;br;km;municipio;causa_acidente;tipo_acidente;classificacao_acidente;fase_dia;sentido_via;condicao_metereologica;tipo_pista;tracado_via;uso_solo;pessoas;mortos;feridos_leves;feridos_graves;ilesos;ignorados;feridos;veiculos;latitude;longitude;regional;delegacia;uop
578495;02/02/2024;sexta-feira;07:50:00;SC;101;41;JOINVILLE;Condutor deixou de manter distância do veículo da frente;Colisão traseira;Com Vítimas Feridas;Pleno dia;Decrescente;Céu Claro;Dupla;Reta;Sim;3;0;1;0;2;0;1;3;-26,28215489;-48,88973081;SPRF-SC;DEL03-SC;UOP01-DEL03-SC
578496;01/02/2024;quinta-feira;22:20:00;CE;304;54;ARACATI;Animais na Pista;Atropelamento de Animal;Com Vítimas Feridas;Plena Noite;Crescente;Céu Claro;Simples;Reta;Sim;1;0;1;0;0;0;1;1;-4,58046268;-37,71961988;SPRF-CE;DEL03-CE;UOP03-DEL03-CE
578498;02/02/2024;sexta-feira;07:40:00;MG;116;525,8;CARATINGA;Acessar a via sem observar a presença dos outros veículos;Colisão transversal;Com Vítimas Feridas;Pleno dia;Decrescente;Céu Claro;Dupla;Reta;Sim;2;0;1;0;1;0;1;2;-19,76833785;-42,13105238;SPRF-MG;DEL06-MG;UOP02-DEL06-MG
578501;02/02/2024;sexta-feira;07:10:00;MS;262;6;TRES LAGOAS;Acessar a via sem observar a presença dos outros veículos;Colisão transversal;Com Vítimas Feridas;Pleno dia;Crescente;Sol;Dupla;"Curva;Interseção de Vias";Sim;2;0;0;1;1;0;1;2;-20,78237921;-51,67197438;SPRF-MS;DEL07-MS;UOP01-DEL07-MS
578503;02/02/2024;sexta-feira;02:00:00;RJ;116;146;DUQUE DE CAXIAS;Pista Escorregadia;Queda de ocupante de veículo;Com Vítimas Feridas;Plena Noite;Crescente;Céu Claro;Dupla;Reta;Não;2;0;1;1;0;0;2;1;-22,66687859;-43,26368215;SPRF-RJ;DEL01-RJ;UOP02-DEL01-RJ
578504;02/02/2024;sexta-feira;07:35:00;PE;101;2;GOIANA;Condutor deixou de manter distância do veículo da frente;Colisão traseira;Com Vítimas Feridas;Pleno dia;Crescente;Céu Claro;Dupla;Reta;Não;2;0;1;0;1;0;1;2;-7,51675334;-34,99198357;SPRF-PE;DEL01-PE;UOP02-DEL01-PE
578505;02/02/2024;sexta-feira;08:10:00;RN;101;98;NATAL;Ingestão de álcool pelo condutor;Colisão traseira;Sem Vítimas;Pleno dia;Decrescente;Céu Claro;Múltipla;Viaduto;Sim;2;0;0;0;2;0;0;2;-5,86567888;-35,21651625;SPRF-RN;DEL01-RN;UOP01-DEL01-RN
578507;02/02/2024;sexta-feira;07:50:00;PR;116;40;CAMPINA GRANDE DO SUL;Reação tardia ou ineficiente do condutor;Colisão com objeto;Com Vítimas Feridas;Pleno dia;Decrescente;Céu Claro;Dupla;Curva;Não;4;0;1;0;3;0;1;1;-25,16445203;-48,86237697;SPRF-PR;DEL01-PR;UOP02-DEL01-PR
578508;02/02/2024;sexta-feira;08:00:00;RS;293;151,6;CANDIOTA;Ausência de reação do condutor;Saída de leito carroçável;Com Vítimas Fatais;Pleno dia;Decrescente;Céu Claro;Simples;"Curva;Aclive;Desvio Temporário;Em Obras";Não;3;1;0;1;0;1;1;2;-31,395278;-53,786991;SPRF-RS;DEL11-RS;UOP03-DEL11-RS
578509;02/02/2024;sexta-feira;05:40:00;MG;365;364;PRESIDENTE OLEGARIO;Acumulo de água sobre o pavimento;Tombamento;Com Vítimas Feridas;Amanhecer;Decrescente;Chuva;Simples;Reta;Não;3;0;2;0;1;0;2;1;-18,46158508;-46,08350681;SPRF-MG;DEL10-MG;UOP01-DEL10-MG
578511;02/02/2024;sexta-feira;08:25:00;RS;116;249;SAO LEOPOLDO;Objeto estático sobre o leito carroçável;Colisão com objeto;Com Vítimas Feridas;Pleno dia;Crescente;Céu Claro;Dupla;Reta;Sim;2;0;1;1;0;0;2;1;-29,7831804;-51,16099063;SPRF-RS;DEL01-RS;UOP02-DEL01-RS
578512;02/02/2024;sexta-feira;08:40:00;GO;50;262,3;CATALAO;Reação tardia ou ineficiente do condutor;Colisão traseira;Com Vítimas Feridas;Pleno dia;Crescente;Nublado;Dupla;Reta;Não;6;0;4;0;2;0;4;2;-18,0438;-47,8596;SPRF-GO;DEL06-GO;UOP01-DEL06-GO
578513;02/02/2024;sexta-feira;08:20:00;MG;262;367;JUATUBA;Acumulo de óleo sobre o pavimento;Queda de ocupante de veículo;Com Vítimas Feridas;Pleno dia;Crescente;Nublado;Dupla;Reta;Não;1;0;1;0;0;0;1;1;-19,97391261;-44,27096197;SPRF-MG;DEL01-MG;UOP03-DEL01-MG
578515;02/02/2024;sexta-feira;07:50:00;RS;285;295,5;PASSO FUNDO;Avarias e/ou desgaste excessivo no pneu;Tombamento;Com Vítimas Feridas;Pleno dia;Decrescente;Sol;Simples;Reta;Sim;2;0;2;0;0;0;2;1;-28,231071;-52,394299;SPRF-RS;DEL08-RS;UOP03-DEL08-RS
578518;02/02/2024;sexta-feira;08:10:00;MG;381;774;CAMPANHA;Reação tardia ou ineficiente do condutor;Colisão lateral mesmo sentido;Com Vítimas Feridas;Pleno dia;Crescente;Nublado;Dupla;Curva;Não;3;0;1;0;2;0;1;2;-21,78692906;-45,43686748;SPRF-MG;DEL16-MG;UOP02-DEL16-MG
578519;22/01/2024;segunda-feira;15:20:00;MS;163;254;DOURADOS;Reação tardia ou ineficiente do condutor;Colisão traseira;Com Vítimas Feridas;Pleno dia;Crescente;Céu Claro;Dupla;Reta;Sim;2;0;1;0;1;0;1;2;-22,27184267;-54,81657129;SPRF-MS;DEL04-MS;UOP01-DEL04-MS
578520;02/02/2024;sexta-feira;08:35:00;SP;116;229;SAO PAULO;Ausência de reação do condutor;Colisão traseira;Com Vítimas Feridas;Pleno dia;Crescente;Nublado;Múltipla;Reta;Não;2;0;1;0;1;0;1;2;-23,51291902;-46,57604698;SPRF-SP;DEL01-SP;UOP01-DEL01-SP
578523;02/02/2024;sexta-feira;08:40:00;SC;101;428,7;SOMBRIO;Acessar a via sem observar a presença dos outros veículos;Colisão transversal;Com Vítimas Feridas;Pleno dia;Decrescente;Céu Claro;Simples;"Interseção de Vias;Curva;Declive";Não;2;0;1;0;0;1;1;2;-29,05078628;-49,62098479;SPRF-SC;DEL02-SC;UOP02-DEL02-SC
578524;02/02/2024;sexta-feira;07:40:00;SP;116;145;SAO JOSE DOS CAMPOS;Trafegar com motocicleta (ou similar) entre as faixas;Queda de ocupante de veículo;Com Vítimas Feridas;Pleno dia;Crescente;Céu Claro;Dupla;Reta;Não;2;0;2;0;0;0;2;1;-23,1869844;-45,8548078;SPRF-SP;DEL02-SP;UOP01-DEL02-SP
578525;21/01/2024;domingo;15:45:00;MG;381;360;JOAO MONLEVADE;Velocidade Incompatível;Colisão lateral mesmo sentido;Com Vítimas Feridas;Pleno dia;Crescente;Céu Claro;Simples;"Curva;Aclive";Não;3;0;2;0;1;0;2;2;-19,83928203;-43,1928134;SPRF-MG;DEL03-MG;UOP01-DEL03-MG
578526;20/01/2024;sábado;20:20:00;MS;262;346,3;CAMPO GRANDE;Ausência de reação do condutor;Colisão traseira;Com Vítimas Feridas;Plena Noite;Crescente;Céu Claro;Simples;Reta;Não;3;0;0;2;0;1;2;2;-20,57153364;-54,59607361;SPRF-MS;DEL01-MS;UOP03-DEL01-MS
578527;29/01/2024;segunda-feira;09:40:00;RJ;101;306;SAO GONCALO;Ausência de reação do condutor;Colisão traseira;Com Vítimas Feridas;Pleno dia;Decrescente;Céu Claro;Simples;Reta;Sim;2;0;1;0;1;0;1;2;-22,78913759;-43,00550909;SPRF-RJ;DEL02-RJ;UOP02-DEL02-RJ
578529;02/02/2024;sexta-feira;07:05:00;SC;282;579,1;PINHALZINHO;Acessar a via sem observar a presença dos outros veículos;Colisão transversal;Com Vítimas Fatais;Pleno dia;Crescente;Sol;Simples;Reta;Sim;4;1;0;0;3;0;0;2;-26,843527;-52,982072;SPRF-SC;DEL07-SC;UOP02-DEL07-SC
578530;02/02/2024;sexta-feira;10:50:00;SP;116;210;GUARULHOS;Trafegar com motocicleta (ou similar) entre as faixas;Colisão lateral mesmo sentido;Com Vítimas Feridas;Pleno dia;Crescente;Céu Claro;Múltipla;Reta;Sim;6;0;2;0;4;0;2;4;-23,42870023;-46,41085991;SPRF-SP;DEL01-SP;UOP01-DEL01-SP
578531;02/02/2024;sexta-feira;10:25:00;RJ;101;401;ITAGUAI;Velocidade Incompatível;Capotamento;Com Vítimas Fatais;Pleno dia;Decrescente;Nublado;Dupla;Reta;Não;1;1;0;0;0;0;0;1;-22,84853075;-43,77998836;SPRF-RJ;DEL03-RJ;UOP01-DEL03-RJ
578533;02/02/2024;sexta-feira;10:30:00;PR;369;90;CORNELIO PROCOPIO;Acessar a via sem observar a presença dos outros veículos;Colisão transversal;Com Vítimas Feridas;Pleno dia;Decrescente;Céu Claro;Simples;"Interseção de Vias;Curva";Sim;2;0;1;0;1;0;1;2;-23,19679493;-50,65422229;SPRF-PR;DEL07-PR;UOP05-DEL07-PR
578536;02/02/2024;sexta-feira;10:00:00;MG;40;426;PARAOPEBA;Ausência de reação do condutor;Saída de leito carroçável;Com Vítimas Feridas;Pleno dia;Decrescente;Céu Claro;Dupla;"Declive;Reta";Não;1;0;1;0;0;0;1;1;-19,16811528;-44,51542722;SPRF-MG;DEL02-MG;UOP01-DEL02-MG
578542;02/02/2024;sexta-feira;11:50:00;SC;470;52;BLUMENAU;Acessar a via sem observar a presença dos outros veículos;Colisão transversal;Com Vítimas Feridas;Pleno dia;Crescente;Céu Claro;Simples;Reta;Não;2;0;1;0;1;0;1;2;-26,862286;-49,093903;SPRF-SC;DEL04-SC;UOP01-DEL04-SC
578545;02/02/2024;sexta-feira;12:19:00;PI;343;2,7;TERESINA;Condutor deixou de manter distância do veículo da frente;Colisão traseira;Com Vítimas Feridas;Pleno dia;Crescente;Céu Claro;Dupla;Rotatória;Sim;2;0;1;0;0;1;1;2;-5,08076736;-42,7745623;SPRF-PI;DEL01-PI;UOP01-DEL01-PI
578548;02/02/2024;sexta-feira;12:03:00;RN;304;298;MACAIBA;Manobra de mudança de faixa;Colisão lateral mesmo sentido;Com Vítimas Feridas;Pleno dia;Decrescente;Céu Claro;Dupla;Reta;Não;2;0;1;0;1;0;1;2;-5,869628;-35,327112;SPRF-RN;DEL01-RN;UOP02-DEL01-RN
578550;02/02/2024;sexta-feira;13:05:00;RS;116;240;NOVO HAMBURGO;Ausência de reação do condutor;Colisão traseira;Com Vítimas Feridas;Pleno dia;Decrescente;Céu Claro;Dupla;"Aclive;Em Obras;Reta";Sim;2;0;0;1;1;0;1;2;-29,70496497;-51,14676523;SPRF-RS;DEL01-RS;UOP02-DEL01-RS
578552;02/02/2024;sexta-feira;12:00:00;SP;381;60;MAIRIPORA;Avarias e/ou desgaste excessivo no pneu;Saída de leito carroçável;Sem Vítimas;Pleno dia;Decrescente;Chuva;Dupla;"Aclive;Curva";Não;1;0;0;0;1;0;0;1;-23,28957673;-46,58729853;SPRF-SP;DEL03-SP;UOP01-DEL03-SP
578554;02/02/2024;sexta-feira;14:20:00;MG;381;478;CONTAGEM;Ausência de reação do condutor;Tombamento;Com Vítimas Feridas;Pleno dia;Decrescente;Céu Claro;Múltipla;Declive;Sim;2;0;2;0;0;0;2;1;-19,95826094;-44,05921101;SPRF-MG;DEL01-MG;UOP03-DEL01-MG
578557;02/02/2024;sexta-feira;13:26:00;DF;20;16;BRASILIA;Reação tardia ou ineficiente do condutor;Colisão traseira;Com Vítimas Feridas;Pleno dia;Crescente;Céu Claro;Dupla;Reta;Sim;2;0;1;0;1;0;1;2;-15,625675;-47,725159;SPRF-DF;DEL02-DF;UOP01-DEL02-DF
578560;02/02/2024;sexta-feira;13:00:00;PB;110;53;SAO JOSE DE ESPINHARAS;Condutor Dormindo;Capotamento;Com Vítimas Feridas;Pleno dia;Crescente;Céu Claro;Simples;"Reta;Ponte";Não;1;0;0;1;0;0;1;1;-6,74089474;-37,41325276;SPRF-PB;DEL03-PB;UOP01-DEL03-PB
578561;02/02/2024;sexta-feira;12:29:00;RO;319;60;PORTO VELHO;Manobra de mudança de faixa;Colisão lateral mesmo sentido;Sem Vítimas;Pleno dia;Decrescente;Céu Claro;Dupla;Rotatória;Não;2;0;0;0;2;0;0;2;-8,766685;-63,884052;SPRF-RO;DEL01-RO;UOP01-DEL01-RO
578562;02/02/2024;sexta-feira;14:20:00;SE;235;53;ITABAIANA;Transitar na contramão;Colisão transversal;Com Vítimas Feridas;Pleno dia;Crescente;Céu Claro;Simples;Reta;Sim;2;0;0;1;1;0;1;2;-10,684707;-37,440544;SPRF-SE;DEL01-SE;UOP02-DEL01-SE
578565;02/02/2024;sexta-feira;14:20:00;MG;381;485;BETIM;Manobra de mudança de faixa;Colisão lateral mesmo sentido;Com Vítimas Feridas;Pleno dia;Crescente;Céu Claro;Dupla;Reta;Sim;3;0;1;0;1;1;1;3;-19,95659361;-44,12622893;SPRF-MG;DEL01-MG;UOP03-DEL01-MG
578567;02/02/2024;sexta-feira;14:50:00;GO;60;30,2;ALEXANIA;Ausência de reação do condutor;Saída de leito carroçável;Com Vítimas Feridas;Pleno dia;Decrescente;Céu Claro;Dupla;"Reta;Declive";Não;1;0;1;0;0;0;1;1;-16,0963;-48,5202;SPRF-DF;DEL03-DF;UOP01-DEL03-DF
578568;02/02/2024;sexta-feira;14:50:00;RJ;40;82;PETROPOLIS;Reação tardia ou ineficiente do condutor;Colisão traseira;Com Vítimas Feridas;Pleno dia;Decrescente;Nublado;Simples;"Interseção de Vias;Rotatória";Sim;3;0;2;0;1;0;2;2;-22,51183137;-43,23076171;SPRF-RJ;DEL01-RJ;UOP01-DEL01-RJ
578569;02/02/2024;sexta-feira;04:10:00;GO;414;410,3;ABADIANIA;Velocidade Incompatível;Saída de leito carroçável;Sem Vítimas;Plena Noite;Crescente;Nublado;Simples;"Rotatória;Interseção de Vias";Não;1;0;0;0;0;1;0;1;-16,05858626;-48,85401759;SPRF-GO;DEL02-GO;UOP01-DEL02-GO
578570;02/02/2024;sexta-feira;13:10:00;RO;319;60;PORTO VELHO;Acessar a via sem observar a presença dos outros veículos;Colisão transversal;Com Vítimas Feridas;Pleno dia;Decrescente;Sol;Dupla;Retorno Regulamentado;Sim;3;0;1;0;2;0;1;2;-8,766685;-63,884052;SPRF-RO;DEL01-RO;UOP01-DEL01-RO
578571;02/02/2024;sexta-feira;15:20:00;TO;10;461;PALMAS;Ausência de reação do condutor;Saída de leito carroçável;Com Vítimas Feridas;Pleno dia;Crescente;Nublado;Dupla;Rotatória;Sim;1;0;1;0;0;0;1;1;-10,17313214;-48,17139957;SPRF-TO;DEL01-TO;UOP03-DEL01-TO
578573;02/02/2024;sexta-feira;15:30:00;RS;386;435;NOVA SANTA RITA;Acessar a via sem observar a presença dos outros veículos;Colisão traseira;Com Vítimas Feridas;Pleno dia;Decrescente;Sol;Dupla;Rotatória;Não;11;0;1;0;10;0;1;2;-29,84782813;-51,27098322;SPRF-RS;DEL04-RS;UOP02-DEL04-RS
578574;02/02/2024;sexta-feira;14:40:00;PR;373;181;PONTA GROSSA;Retorno proibido;Colisão transversal;Com Vítimas Feridas;Pleno dia;Crescente;Céu Claro;Dupla;Reta;Sim;3;0;0;1;1;1;1;3;-25,04266233;-50,25791089;SPRF-PR;DEL03-PR;UOP01-DEL03-PR
578578;02/02/2024;sexta-feira;15:27:00;PR;376;631,4;SAO JOSE DOS PINHAIS;Pedestre cruzava a pista fora da faixa;Atropelamento de Pedestre;Com Vítimas Feridas;Pleno dia;Decrescente;Sol;Múltipla;"Reta;Declive";Sim;2;0;0;1;1;0;1;2;-25,70434399;-49,14198595;SPRF-PR;DEL01-PR;UOP04-DEL01-PR
578580;02/02/2024;sexta-feira;16:00:00;MG;40;547;NOVA LIMA;Condutor deixou de manter distância do veículo da frente;Colisão traseira;Sem Vítimas;Pleno dia;Crescente;Céu Claro;Dupla;"Declive;Curva";Não;2;0;0;0;2;0;0;2;-20,02252424;-43,97026042;SPRF-MG;DEL01-MG;UOP02-DEL01-MG
578581;02/02/2024;sexta-feira;17:20:00;CE;116;7,8;FORTALEZA;Condutor deixou de manter distância do veículo da frente;Colisão traseira;Com Vítimas Feridas;Pleno dia;Decrescente;Céu Claro;Dupla;Reta;Sim;2;0;1;0;1;0;1;2;-3,8192799;-38,50268337;SPRF-CE;DEL01-CE;UOP02-DEL01-CE
578584;02/02/2024;sexta-feira;16:40:00;PB;230;338,1;PATOS;Desrespeitar a preferência no cruzamento;Colisão transversal;Com Vítimas Feridas;Pleno dia;Decrescente;Céu Claro;Simples;Interseção de Vias;Sim;4;0;0;1;3;0;1;2;-7,006802;-37,297685;SPRF-PB;DEL03-PB;UOP01-DEL03-PB
578585;02/02/2024;sexta-feira;17:30:00;PB;230;27,4;JOAO PESSOA;Reação tardia ou ineficiente do condutor;Tombamento;Com Vítimas Feridas;Anoitecer;Crescente;Céu Claro;Dupla;Reta;Sim;1;0;1;0;0;0;1;1;-7,1677;-34,8855;SPRF-PB;DEL01-PB;UOP01-DEL01-PB
578586;02/02/2024;sexta-feira;16:30:00;PE;232;7,7;RECIFE;Manobra de mudança de faixa;Colisão transversal;Sem Vítimas;Pleno dia;Decrescente;Céu Claro;Múltipla;Retorno Regulamentado;Sim;2;0;0;0;1;1;0;2;-8,075337;-34,967676;SPRF-PE;DEL01-PE;UOP01-DEL01-PE
578587;02/02/2024;sexta-feira;17:00:00;MG;40;554;NOVA LIMA;Manobra de mudança de faixa;Colisão lateral mesmo sentido;Com Vítimas Feridas;Pleno dia;Decrescente;Céu Claro;Dupla;Reta;Não;2;0;1;0;1;0;1;2;-20,07715896;-43,98213593;SPRF-MG;DEL01-MG;UOP02-DEL01-MG
578588;02/02/2024;sexta-feira;16:30:00;GO;153;506,1;APARECIDA DE GOIANIA;Acumulo de água sobre o pavimento;Colisão traseira;Com Vítimas Feridas;Pleno dia;Crescente;Chuva;Dupla;Reta;Sim;3;0;2;0;1;0;2;2;-16,75764659;-49,24084252;SPRF-GO;DEL01-GO;UOP01-DEL01-GO
578589;02/02/2024;sexta-feira;16:55:00;CE;116;3;FORTALEZA;Ausência de reação do condutor;Colisão traseira;Com Vítimas Feridas;Pleno dia;Decrescente;Céu Claro;Dupla;Reta;Sim;2;0;1;0;0;1;1;2;-3,77866493;-38,51490171;SPRF-CE;DEL01-CE;UOP02-DEL01-CE
578591;02/02/2024;sexta-feira;15:46:00;BA;116;894;VITORIA DA CONQUISTA;Manobra de mudança de faixa;Capotamento;Com Vítimas Feridas;Pleno dia;Crescente;Chuva;Simples;Reta;Não;4;0;4;0;0;0;4;1;-15,31745586;-41,1508493;SPRF-BA;DEL08-BA;UOP03-DEL08-BA
578592;02/02/2024;sexta-feira;17:20:00;RS;290;12,5;OSORIO;Acessar a via sem observar a presença dos outros veículos;Atropelamento de Pedestre;Com Vítimas Feridas;Anoitecer;Decrescente;Céu Claro;Dupla;Reta;Sim;3;0;0;1;1;1;1;2;-29,882519;-50,390564;SPRF-RS;DEL03-RS;UOP01-DEL03-RS
578593;02/02/2024;sexta-feira;18:15:00;SP;381;37;ATIBAIA;Condutor deixou de manter distância do veículo da frente;Colisão traseira;Com Vítimas Feridas;Pleno dia;Decrescente;Céu Claro;Múltipla;Reta;Não;3;0;1;0;2;0;1;2;-23,10506237;-46,56881577;SPRF-SP;DEL03-SP;UOP01-DEL03-SP
578595;02/02/2024;sexta-feira;18:40:00;ES;101;266,8;SERRA;Reação tardia ou ineficiente do condutor;Tombamento;Com Vítimas Feridas;Anoitecer;Decrescente;Nublado;Múltipla;Reta;Sim;1;0;1;0;0;0;1;1;-20,190199;-40,26828891;SPRF-ES;DEL02-ES;UOP01-DEL02-ES
578596;02/02/2024;sexta-feira;18:20:00;GO;60;97;ANAPOLIS;Acessar a via sem observar a presença dos outros veículos;Colisão traseira;Com Vítimas Feridas;Anoitecer;Crescente;Chuva;Dupla;Reta;Sim;2;0;2;0;0;0;2;2;-16,3774;-48,9483;SPRF-GO;DEL02-GO;UOP01-DEL02-GO
578598;02/02/2024;sexta-feira;18:38:00;RS;290;53,1;GLORINHA;Demais falhas mecânicas ou elétricas;Incêndio;Sem Vítimas;Pleno dia;Decrescente;Céu Claro;Múltipla;Reta;Não;1;0;0;0;1;0;0;1;-29,912077;-50,787758;SPRF-RS;DEL03-RS;UOP01-DEL03-RS
578599;02/02/2024;sexta-feira;18:15:00;PR;369;187,6;ARAPONGAS;Reação tardia ou ineficiente do condutor;Colisão traseira;Com Vítimas Feridas;Pleno dia;Decrescente;Céu Claro;Simples;Reta;Sim;3;0;1;0;2;0;1;3;-23,427636;-51,423133;SPRF-PR;DEL07-PR;UOP03-DEL07-PR
578600;02/02/2024;sexta-feira;18:40:00;PR;153;331;IRATI;Reação tardia ou ineficiente do condutor;Colisão com objeto;Sem Vítimas;Pleno dia;Decrescente;Céu Claro;Dupla;"Reta;Declive";Sim;1;0;0;0;1;0;0;1;-25,463053;-50,623066;SPRF-PR;DEL08-PR;UOP02-DEL08-PR
578601;02/02/2024;sexta-feira;18:20:00;PR;376;3;SAO JOSE DOS PINHAIS;Condutor deixou de manter distância do veículo da frente;Colisão traseira;Com Vítimas Feridas;Anoitecer;Decrescente;Nublado;Dupla;Reta;Sim;2;0;1;0;1;0;1;2;-25,5307;-49,1958;SPRF-PR;DEL01-PR;UOP04-DEL01-PR
578602;02/02/2024;sexta-feira;18:30:00;RJ;116;181;NOVA IGUACU;Trafegar com motocicleta (ou similar) entre as faixas;Colisão lateral mesmo sentido;Com Vítimas Feridas;Plena Noite;Crescente;Nublado;Dupla;Reta;Sim;3;0;2;0;1;0;2;2;-22,761312;-43,423492;SPRF-RJ;DEL06-RJ;UOP01-DEL06-RJ
578603;02/02/2024;sexta-feira;17:30:00;SP;116;102;PINDAMONHANGABA;Demais falhas mecânicas ou elétricas;Tombamento;Com Vítimas Feridas;Anoitecer;Crescente;Nublado;Dupla;"Declive;Reta";Não;2;0;2;0;0;0;2;1;-22,99497994;-45,48951403;SPRF-SP;DEL08-SP;UOP01-DEL08-SP
578604;02/02/2024;sexta-feira;19:00:00;PR;116;111;CURITIBA;Trafegar com motocicleta (ou similar) entre as faixas;Colisão lateral mesmo sentido;Com Vítimas Feridas;Anoitecer;Crescente;Céu Claro;Dupla;Reta;Não;3;0;1;0;2;0;1;2;-25,56885181;-49,22724597;SPRF-PR;DEL01-PR;UOP07-DEL01-PR
578605;02/02/2024;sexta-feira;19:15:00;RS;116;183,9;NOVA PETROPOLIS;Conversão proibida;Colisão lateral mesmo sentido;Com Vítimas Feridas;Plena Noite;Decrescente;Céu Claro;Simples;Reta;Sim;2;0;1;0;1;0;1;2;-29,38503575;-51,12161636;SPRF-RS;DEL05-RS;UOP02-DEL05-RS
578606;02/02/2024;sexta-feira;19:30:00;SP;116;223;GUARULHOS;Reação tardia ou ineficiente do condutor;Colisão traseira;Com Vítimas Feridas;Plena Noite;Crescente;Ignorado;Múltipla;Reta;Sim;2;0;1;0;1;0;1;2;-23,46994546;-46,5146488;SPRF-SP;DEL01-SP;UOP01-DEL01-SP
578610;02/02/2024;sexta-feira;18:15:00;RJ;101;221;SILVA JARDIM;Retorno proibido;Colisão transversal;Com Vítimas Feridas;Anoitecer;Decrescente;Céu Claro;Dupla;Reta;Sim;4;0;2;0;2;0;2;2;-22,51705995;-42,32715501;SPRF-RJ;DEL02-RJ;UOP03-DEL02-RJ
578611;02/02/2024;sexta-feira;16:30:00;MG;116;807,3;ALEM PARAIBA;Condutor usando celular;Capotamento;Com Vítimas Feridas;Pleno dia;Decrescente;Céu Claro;Simples;Reta;Não;3;0;1;1;1;0;2;1;-21,81324096;-42,69642196;SPRF-MG;DEL07-MG;UOP01-DEL07-MG
578612;02/02/2024;sexta-feira;15:50:00;RJ;465;20;NOVA IGUACU;Trafegar com motocicleta (ou similar) entre as faixas;Colisão transversal;Com Vítimas Feridas;Pleno dia;Crescente;Nublado;Simples;Reta;Sim;2;0;1;0;1;0;1;2;-22,846828;-43,605339;SPRF-RJ;DEL06-RJ;UOP02-DEL06-RJ
578613;02/02/2024;sexta-feira;16:30:00;RJ;101;540;PARATY;Chuva;Saída de leito carroçável;Com Vítimas Feridas;Pleno dia;Decrescente;Chuva;Simples;Curva;Não;1;0;1;0;0;0;1;1;-23,054666;-44,59037997;SPRF-RJ;DEL03-RJ;UOP04-DEL03-RJ
578614;02/02/2024;sexta-feira;18:20:00;MG;40;632,5;CONSELHEIRO LAFAIETE;Retorno proibido;Colisão transversal;Sem Vítimas;Anoitecer;Crescente;Céu Claro;Simples;"Curva;Interseção de Vias;Declive";Não;3;0;0;0;3;0;0;2;-20,67348593;-43,7968977;SPRF-MG;DEL05-MG;UOP02-DEL05-MG
578617;02/02/2024;sexta-feira;20:00:00;SC;101;361;SANGAO;Transitar na contramão;Colisão frontal;Com Vítimas Feridas;Plena Noite;Crescente;Céu Claro;Dupla;"Reta;Aclive";Sim;4;0;1;1;2;0;2;2;-28,66584041;-49,1146566;SPRF-SC;DEL02-SC;UOP01-DEL02-SC
578619;02/02/2024;sexta-feira;19:45:00;MA;316;264;SANTA INES;Transitar na contramão;Colisão frontal;Sem Vítimas;Plena Noite;Decrescente;Céu Claro;Simples;Reta;Sim;2;0;0;0;1;1;0;2;-3,673308;-45,362946;SPRF-MA;DEL02-MA;UOP01-DEL02-MA
578620;02/02/2024;sexta-feira;19:15:00;MG;40;472,2;SETE LAGOAS;Manobra de mudança de faixa;Saída de leito carroçável;Com Vítimas Feridas;Plena Noite;Decrescente;Nublado;Dupla;Reta;Sim;5;0;2;0;3;0;2;1;-19,4820263;-44,28379152;SPRF-MG;DEL02-MG;UOP01-DEL02-MG
578621;02/02/2024;sexta-feira;20:20:00;SC;101;216;PALHOCA;Reação tardia ou ineficiente do condutor;Colisão traseira;Com Vítimas Feridas;Plena Noite;Decrescente;Céu Claro;Dupla;Reta;Sim;4;0;0;1;2;1;1;3;-27,65997723;-48,67705476;SPRF-SC;DEL01-SC;UOP02-DEL01-SC
578624;02/02/2024;sexta-feira;20:00:00;SP;116;147;SAO JOSE DOS CAMPOS;Manobra de mudança de faixa;Colisão lateral mesmo sentido;Com Vítimas Feridas;Plena Noite;Decrescente;Nublado;Múltipla;Reta;Sim;1;0;1;0;0;0;1;1;-23,19542994;-45,87176303;SPRF-SP;DEL02-SP;UOP01-DEL02-SP
578627;02/02/2024;sexta-feira;21:00:00;DF;70;8;BRASILIA;Pedestre cruzava a pista fora da faixa;Atropelamento de Pedestre;Com Vítimas Feridas;Plena Noite;Crescente;Nublado;Dupla;Reta;Sim;3;0;0;1;2;0;1;2;-15,788868;-48,220242;SPRF-DF;DEL03-DF;UOP02-DEL03-DF
578630;02/02/2024;sexta-feira;20:50:00;SP;116;74;APARECIDA;Demais falhas mecânicas ou elétricas;Tombamento;Com Vítimas Feridas;Plena Noite;Crescente;Céu Claro;Dupla;Reta;Não;1;0;0;1;0;0;1;1;-22,87353809;-45,25320023;SPRF-SP;DEL08-SP;UOP01-DEL08-SP
578633;02/02/2024;sexta-feira;21:00:00;SC;101;201,9;SAO JOSE;Trafegar com motocicleta (ou similar) entre as faixas;Colisão lateral mesmo sentido;Com Vítimas Feridas;Plena Noite;Crescente;Nublado;Múltipla;Reta;Sim;2;0;1;0;1;0;1;2;-27,54836599;-48,61977975;SPRF-SC;DEL01-SC;UOP01-DEL01-SC