id;data_inversa;dia_semana;horario;uf;br;km;municipio;causa_acidente;tipo_acidente;classificacao_acidente;fase_dia;sentido_via;condicao_metereologica;tipo_pista;tracado_via;uso_solo;pessoas;mortos;feridos_leves;feridos_graves;ilesos;ignorados;feridos;veiculos;latitude;longitude;regional;delegacia;uop
578634;02/02/2024;sexta-feira;19:13:00;GO;60;36,8;GOIANIA;Ausência de reação do condutor;Engavetamento;Com Vítimas Feridas;Plena Noite;Decrescente;Garoa/Chuvisco;Múltipla;Reta;Sim;7;0;2;0;5;0;2;4;-16,73524245;-49,34754968;SPRF-DF;DEL03-DF;UOP01-DEL03-DF
578635;02/02/2024;sexta-feira;18:45:00;RJ;101;387;RIO DE JANEIRO;Demais falhas mecânicas ou elétricas;Colisão traseira;Com Vítimas Feridas;Plena Noite;Decrescente;Chuva;Dupla;Reta;Sim;2;0;1;0;1;0;1;2;-22,88537839;-43,64965688;SPRF-RJ;DEL03-RJ;UOP01-DEL03-RJ
578636;10/01/2024;quarta-feira;13:00:00;PR;373;234;IMBITUVA;Demais falhas mecânicas ou elétricas;Incêndio;Sem Vítimas;Pleno dia;Decrescente;Ignorado;Simples;Reta;Não;1;0;0;0;1;0;0;1;-25,18019856;-50,72682738;SPRF-PR;DEL03-PR;UOP01-DEL03-PR
578638;02/02/2024;sexta-feira;21:10:00;MG;153;3;ARAPORA;Acessar a via sem observar a presença dos outros veículos;Colisão traseira;Com Vítimas Feridas;Plena Noite;Crescente;Garoa/Chuvisco;Dupla;Retorno Regulamentado;Sim;2;0;0;1;1;0;1;2;-18,44267098;-49,18831685;SPRF-MG;DEL15-MG;UOP03-DEL15-MG
578639;02/02/2024;sexta-feira;21:45:00;SC;101;201,6;SAO JOSE;Reação tardia ou ineficiente do condutor;Colisão traseira;Com Vítimas Feridas;Plena Noite;Decrescente;Céu Claro;Dupla;Reta;Sim;3;0;0;2;0;1;2;2;-27,5650044;-48,61460082;SPRF-SC;DEL01-SC;UOP01-DEL01-SC
578641;02/02/2024;sexta-feira;20:50:00;RS;285;118,3;VACARIA;Reação tardia ou ineficiente do condutor;Saída de leito carroçável;Com Vítimas Feridas;Plena Noite;Crescente;Céu Claro;Simples;"Reta;Interseção de Vias";Sim;1;0;1;0;0;0;1;1;-28,508183;-50,912724;SPRF-RS;DEL05-RS;UOP03-DEL05-RS
578642;02/02/2024;sexta-feira;20:00:00;PR;116;17;COLOMBO;Demais falhas mecânicas ou elétricas;Incêndio;Sem Vítimas;Plena Noite;Crescente;Garoa/Chuvisco;Múltipla;"Aclive;Reta";Sim;1;0;0;0;0;1;0;1;-25,38820079;-49,18365061;SPRF-PR;DEL01-PR;UOP02-DEL01-PR
578643;02/02/2024;sexta-feira;21:00:00;PR;277;71;SAO JOSE DOS PINHAIS;Condutor deixou de manter distância do veículo da frente;Colisão traseira;Com Vítimas Feridas;Plena Noite;Crescente;Chuva;Dupla;"Retorno Regulamentado;Curva;Viaduto";Não;2;0;1;0;1;0;1;2;-25,52920381;-49,08862791;SPRF-PR;DEL01-PR;UOP07-DEL01-PR
578646;02/02/2024;sexta-feira;21:10:00;SP;116;466;JACUPIRANGA;Ausência de reação do condutor;Engavetamento;Com Vítimas Feridas;Plena Noite;Decrescente;Céu Claro;Dupla;Reta;Não;6;0;2;0;4;0;2;3;-24,64742363;-47,92196665;SPRF-SP;DEL05-SP;UOP01-DEL05-SP
578647;02/02/2024;sexta-feira;18:58:00;AC;364;113;RIO BRANCO;Acessar a via sem observar a presença dos outros veículos;Colisão transversal;Sem Vítimas;Plena Noite;Decrescente;Céu Claro;Simples;Reta;Sim;2;0;0;0;2;0;0;2;-10,0134997;-67,69215699;SPRF-AC;DEL01-AC;UOP01-DEL01-AC
578648;02/02/2024;sexta-feira;18:30:00;SC;101;42,9;JOINVILLE;Ausência de reação do condutor;Colisão traseira;Com Vítimas Feridas;Amanhecer;Crescente;Nublado;Dupla;"Aclive;Reta";Sim;2;0;1;0;1;0;1;2;-26,3320872;-48,86194915;SPRF-SC;DEL03-SC;UOP01-DEL03-SC
578649;02/02/2024;sexta-feira;22:00:00;PR;277;124,5;CAMPO LARGO;Ingestão de álcool pelo condutor;Colisão lateral mesmo sentido;Sem Vítimas;Plena Noite;Crescente;Céu Claro;Simples;Reta;Não;2;0;0;0;0;2;0;2;-25,4472505;-49,47885404;SPRF-PR;DEL03-PR;UOP03-DEL03-PR
578650;02/02/2024;sexta-feira;21:00:00;RJ;116;279;BARRA MANSA;Condutor usando celular;Colisão com objeto;Com Vítimas Feridas;Plena Noite;Crescente;Nublado;Dupla;"Reta;Declive";Não;2;0;1;1;0;0;2;1;-22,54744306;-44,1836602;SPRF-RJ;DEL07-RJ;UOP02-DEL07-RJ
578651;02/02/2024;sexta-feira;18:30:00;PE;232;410;SERRA TALHADA;Acesso irregular;Queda de ocupante de veículo;Com Vítimas Feridas;Plena Noite;Decrescente;Céu Claro;Simples;Curva;Sim;2;0;2;0;0;0;2;2;-7,98261841;-38,30039606;SPRF-PE;DEL04-PE;UOP01-DEL04-PE
578653;02/02/2024;sexta-feira;22:30:00;SC;101;216,8;PALHOCA;Ausência de reação do condutor;Colisão traseira;Com Vítimas Feridas;Plena Noite;Crescente;Céu Claro;Dupla;Reta;Sim;2;0;1;0;1;0;1;2;-27,65981409;-48,67747798;SPRF-SC;DEL01-SC;UOP02-DEL01-SC
578654;02/02/2024;sexta-feira;21:00:00;RO;364;436;JARU;Velocidade Incompatível;Saída de leito carroçável;Com Vítimas Feridas;Plena Noite;Decrescente;Garoa/Chuvisco;Simples;"Declive;Reta";Não;1;0;1;0;0;0;1;1;-10,37739925;-62,55303028;SPRF-RO;DEL03-RO;UOP02-DEL03-RO
578656;02/02/2024;sexta-feira;20:50:00;PI;343;2,5;TERESINA;Ausência de reação do condutor;Colisão traseira;Com Vítimas Feridas;Plena Noite;Crescente;Céu Claro;Dupla;"Reta;Declive";Sim;2;0;1;0;0;1;1;2;-5,124769;-42,7947;SPRF-PI;DEL05-PI;UOP01-DEL05-PI
578657;02/02/2024;sexta-feira;21:45:00;MS;163;237;CAARAPO;Ingestão de álcool pelo condutor;Saída de leito carroçável;Com Vítimas Feridas;Plena Noite;Decrescente;Céu Claro;Simples;Reta;Não;1;0;1;0;0;0;1;1;-22,41422225;-54,80128527;SPRF-MS;DEL04-MS;UOP02-DEL04-MS
578658;02/02/2024;sexta-feira;22:25:00;SC;282;418;CATANDUVAS;Transitar na contramão;Colisão frontal;Com Vítimas Feridas;Plena Noite;Crescente;Céu Claro;Simples;Reta;Não;2;0;1;0;1;0;1;2;-27,024965;-51,730766;SPRF-SC;DEL07-SC;UOP05-DEL07-SC
578659;02/02/2024;sexta-feira;21:20:00;SC;116;51,6;PAPANDUVA;Ausência de reação do condutor;Colisão com objeto;Com Vítimas Feridas;Plena Noite;Crescente;Céu Claro;Simples;"Curva;Declive";Não;1;0;1;0;0;0;1;1;-26,38519214;-50,13765683;SPRF-SC;DEL06-SC;UOP01-DEL06-SC
578663;02/02/2024;sexta-feira;21:00:00;RS;468;98,6;TRES PASSOS;Ausência de reação do condutor;Colisão traseira;Com Vítimas Feridas;Plena Noite;Decrescente;Céu Claro;Simples;Reta;Não;2;0;0;1;1;0;1;2;-27,48388229;-53,90197117;SPRF-RS;DEL08-RS;UOP02-DEL08-RS
578664;02/02/2024;sexta-feira;22:50:00;SC;282;293,9;VARGEM;Velocidade Incompatível;Saída de leito carroçável;Sem Vítimas;Plena Noite;Crescente;Céu Claro;Simples;"Aclive;Curva";Não;1;0;0;0;0;1;0;1;-27,538227;-50,860825;SPRF-SC;DEL07-SC;UOP06-DEL07-SC
578665;02/02/2024;sexta-feira;21:45:00;MT;174;4;PONTES E LACERDA;Ingestão de álcool pelo condutor;Tombamento;Com Vítimas Feridas;Plena Noite;Crescente;Céu Claro;Simples;Reta;Sim;1;0;1;0;0;0;1;1;-15,234586;-59,343451;SPRF-MT;DEL03-MT;UOP01-DEL03-MT
578666;02/02/2024;sexta-feira;23:20:00;RS;293;351;SANTA MARIA;Acessar a via sem observar a presença dos outros veículos;Saída de leito carroçável;Com Vítimas Feridas;Plena Noite;Crescente;Céu Claro;Simples;"Reta;Interseção de Vias";Sim;3;0;0;2;0;1;2;2;-29,73397231;-53,79921847;SPRF-RS;DEL11-RS;UOP01-DEL11-RS
578668;03/02/2024;sábado;00:24:00;CE;116;23;AQUIRAZ;Ausência de reação do condutor;Colisão com objeto;Com Vítimas Fatais;Plena Noite;Decrescente;Céu Claro;Dupla;Reta;Sim;1;1;0;0;0;0;0;1;-3,94905489;-38,51212845;SPRF-CE;DEL01-CE;UOP02-DEL01-CE
578669;02/02/2024;sexta-feira;19:05:00;MA;316;261,7;SANTA INES;Ultrapassagem Indevida;Colisão frontal;Com Vítimas Feridas;Plena Noite;Crescente;Nublado;Simples;Reta;Sim;2;0;0;1;1;0;1;2;-3,676243;-45,389366;SPRF-MA;DEL02-MA;UOP01-DEL02-MA
578670;02/02/2024;sexta-feira;23:30:00;MG;153;210;FRUTAL;Velocidade Incompatível;Saída de leito carroçável;Com Vítimas Feridas;Plena Noite;Crescente;Nublado;Dupla;Rotatória;Não;1;0;0;1;0;0;1;1;-20,01975;-49,04769;SPRF-MG;DEL13-MG;UOP02-DEL13-MG
578671;03/02/2024;sábado;01:10:00;RS;290;49,9;GLORINHA;Demais falhas mecânicas ou elétricas;Tombamento;Com Vítimas Feridas;Plena Noite;Crescente;Céu Claro;Múltipla;Reta;Não;2;0;1;1;0;0;2;1;-29,902617;-50,748444;SPRF-RS;DEL03-RS;UOP01-DEL03-RS
578672;03/02/2024;sábado;00:45:00;PR;277;693,5;SAO MIGUEL DO IGUACU;Reação tardia ou ineficiente do condutor;Saída de leito carroçável;Com Vítimas Fatais;Plena Noite;Crescente;Céu Claro;Dupla;"Reta;Em Obras";Não;1;1;0;0;0;0;0;1;-25,37239725;-54,27033988;SPRF-PR;DEL05-PR;UOP01-DEL05-PR
578674;03/02/2024;sábado;01:00:00;PR;476;218;LAPA;Condutor Dormindo;Saída de leito carroçável;Com Vítimas Fatais;Plena Noite;Decrescente;Nublado;Simples;"Curva;Declive";Não;1;1;0;0;0;0;0;1;-25,810024;-49,907558;SPRF-PR;DEL01-PR;UOP06-DEL01-PR
578675;03/02/2024;sábado;01:40:00;PR;277;660;MATELANDIA;Reação tardia ou ineficiente do condutor;Queda de ocupante de veículo;Com Vítimas Feridas;Plena Noite;Crescente;Céu Claro;Dupla;"Curva;Declive";Não;1;0;0;1;0;0;1;1;-25,25136237;-53,99027796;SPRF-PR;DEL05-PR;UOP02-DEL05-PR
578676;03/02/2024;sábado;01:30:00;PB;104;118,4;CAMPINA GRANDE;Animais na Pista;Atropelamento de Animal;Com Vítimas Fatais;Plena Noite;Crescente;Céu Claro;Simples;Reta;Não;2;1;0;1;0;0;1;1;-7,19637839;-35,87571339;SPRF-PB;DEL02-PB;UOP04-DEL02-PB
578677;03/02/2024;sábado;02:30:00;MG;40;511;RIBEIRAO DAS NEVES;Acessar a via sem observar a presença dos outros veículos;Colisão lateral mesmo sentido;Com Vítimas Feridas;Plena Noite;Decrescente;Céu Claro;Dupla;Reta;Não;2;0;1;0;1;0;1;2;-19,78164295;-44,11733194;SPRF-MG;DEL01-MG;UOP02-DEL01-MG
578678;03/02/2024;sábado;03:20:00;SC;101;111;NAVEGANTES;Reação tardia ou ineficiente do condutor;Colisão com objeto;Com Vítimas Feridas;Plena Noite;Crescente;Céu Claro;Dupla;Reta;Não;3;0;2;0;1;0;2;1;-26,83955734;-48,71418074;SPRF-SC;DEL04-SC;UOP04-DEL04-SC
578681;03/02/2024;sábado;02:30:00;AL;101;188;JUNQUEIRO;Ingestão de álcool pelo condutor;Saída de leito carroçável;Sem Vítimas;Plena Noite;Crescente;Céu Claro;Dupla;Reta;Não;1;0;0;0;1;0;0;1;-9,90106897;-36,46390303;SPRF-AL;DEL02-AL;UOP02-DEL02-AL
578682;03/02/2024;sábado;03:45:00;MG;40;609,3;CONGONHAS;Condutor Dormindo;Saída de leito carroçável;Com Vítimas Feridas;Plena Noite;Decrescente;Chuva;Simples;Reta;Não;4;0;4;0;0;0;4;1;-20,500498;-43,837721;SPRF-MG;DEL05-MG;UOP02-DEL05-MG
578683;03/02/2024;sábado;04:20:00;ES;262;166,3;IBATIBA;Condutor Dormindo;Colisão frontal;Com Vítimas Feridas;Plena Noite;Crescente;Chuva;Simples;Reta;Não;2;0;1;1;0;0;2;2;-20,2468411;-41,56027697;SPRF-ES;DEL01-ES;UOP02-DEL01-ES
578685;03/02/2024;sábado;03:40:00;SC;101;277,6;IMBITUBA;Ingestão de álcool pelo condutor;Saída de leito carroçável;Com Vítimas Feridas;Plena Noite;Decrescente;Céu Claro;Dupla;Reta;Não;1;0;1;0;0;0;1;1;-28,172595;-48,694628;SPRF-SC;DEL02-SC;UOP03-DEL02-SC
578688;03/02/2024;sábado;04:00:00;GO;153;507,4;APARECIDA DE GOIANIA;Reação tardia ou ineficiente do condutor;Queda de ocupante de veículo;Com Vítimas Feridas;Plena Noite;Crescente;Nublado;Dupla;Viaduto;Sim;1;0;1;0;0;0;1;1;-16,7715;-49,2387;SPRF-GO;DEL01-GO;UOP03-DEL01-GO
578689;03/02/2024;sábado;03:58:00;MS;163;328,3;RIO BRILHANTE;Animais na Pista;Atropelamento de Animal;Com Vítimas Feridas;Plena Noite;Crescente;Céu Claro;Simples;Reta;Não;1;0;1;0;0;0;1;1;-21,74228579;-54,51550554;SPRF-MS;DEL02-MS;UOP02-DEL02-MS
578690;03/02/2024;sábado;04:30:00;RJ;116;191;NOVA IGUACU;Pedestre andava na pista;Atropelamento de Pedestre;Com Vítimas Feridas;Amanhecer;Decrescente;Céu Claro;Dupla;Reta;Sim;2;0;0;1;1;0;1;2;-22,74421443;-43,509822;SPRF-RJ;DEL06-RJ;UOP01-DEL06-RJ
578691;03/02/2024;sábado;02:20:00;PR;277;590,7;CASCAVEL;Ultrapassagem Indevida;Colisão frontal;Com Vítimas Fatais;Plena Noite;Decrescente;Céu Claro;Simples;Reta;Sim;3;2;1;0;0;0;1;2;-24,98120697;-53,45591501;SPRF-PR;DEL04-PR;UOP01-DEL04-PR
578692;03/02/2024;sábado;05:40:00;RS;116;248;SAO LEOPOLDO;Ausência de reação do condutor;Colisão com objeto;Sem Vítimas;Amanhecer;Crescente;Céu Claro;Dupla;"Reta;Aclive";Sim;1;0;0;0;0;1;0;1;-29,77605895;-51,15508618;SPRF-RS;DEL01-RS;UOP02-DEL01-RS
578693;03/02/2024;sábado;05:00:00;MG;381;477;CONTAGEM;Pedestre andava na pista;Atropelamento de Pedestre;Com Vítimas Fatais;Amanhecer;Decrescente;Céu Claro;Dupla;"Aclive;Reta";Sim;2;1;0;0;1;0;0;2;-19,96179268;-44,05041676;SPRF-MG;DEL01-MG;UOP03-DEL01-MG
578694;03/02/2024;sábado;05:42:00;RS;290;62,2;GRAVATAI;Reação tardia ou ineficiente do condutor;Queda de ocupante de veículo;Sem Vítimas;Amanhecer;Decrescente;Céu Claro;Dupla;Reta;Não;2;0;0;0;2;0;0;1;-29,932089;-50,877304;SPRF-RS;DEL03-RS;UOP01-DEL03-RS
578699;03/02/2024;sábado;04:10:00;SC;101;45,5;JOINVILLE;Avarias e/ou desgaste excessivo no pneu;Capotamento;Com Vítimas Feridas;Amanhecer;Crescente;Céu Claro;Múltipla;"Reta;Declive";Sim;2;0;2;0;0;0;2;1;-26,32214492;-48,8689509;SPRF-SC;DEL03-SC;UOP01-DEL03-SC
578701;03/02/2024;sábado;07:00:00;SC;101;63,4;ARAQUARI;Ausência de reação do condutor;Saída de leito carroçável;Sem Vítimas;Pleno dia;Crescente;Nublado;Dupla;Curva;Não;1;0;0;0;1;0;0;1;-26,461753;-48,755264;SPRF-SC;DEL03-SC;UOP02-DEL03-SC
578702;03/02/2024;sábado;07:15:00;GO;60;163;GOIANIA;Avarias e/ou desgaste excessivo no pneu;Tombamento;Com Vítimas Feridas;Pleno dia;Crescente;Nublado;Múltipla;"Reta;Declive";Sim;2;0;1;0;1;0;1;1;-16,7002;-49,3335;SPRF-GO;DEL01-GO;UOP02-DEL01-GO
578703;03/02/2024;sábado;07:00:00;SC;282;17;PALHOCA;Conversão proibida;Colisão traseira;Com Vítimas Feridas;Pleno dia;Decrescente;Céu Claro;Simples;Reta;Sim;3;0;2;0;1;0;2;2;-27,665707;-48,688065;SPRF-SC;DEL01-SC;UOP02-DEL01-SC
578704;02/02/2024;sexta-feira;19:50:00;RO;174;14;VILHENA;Manobra de mudança de faixa;Colisão lateral mesmo sentido;Com Vítimas Feridas;Plena Noite;Decrescente;Céu Claro;Dupla;Reta;Sim;2;0;1;0;0;1;1;2;-12,73306632;-60,12981255;SPRF-RO;DEL04-RO;UOP01-DEL04-RO
578707;03/02/2024;sábado;05:00:00;PE;232;141,3;SAO CAITANO;Ingestão de álcool pelo condutor;Saída de leito carroçável;Com Vítimas Feridas;Amanhecer;Decrescente;Céu Claro;Dupla;"Aclive;Reta";Não;1;0;0;1;0;0;1;1;-8,32108263;-36,08591505;SPRF-PE;DEL03-PE;UOP02-DEL03-PE
578708;03/02/2024;sábado;07:00:00;SP;116;218,5;GUARULHOS;Ingestão de álcool pelo condutor;Colisão traseira;Sem Vítimas;Pleno dia;Decrescente;Céu Claro;Múltipla;Reta;Sim;3;0;0;0;3;0;0;3;-23,457972;-46,479927;SPRF-SP;DEL01-SP;UOP01-DEL01-SP
578710;03/02/2024;sábado;07:35:00;RS;116;231,5;IVOTI;Mal súbito do condutor;Tombamento;Com Vítimas Feridas;Pleno dia;Decrescente;Céu Claro;Simples;"Reta;Aclive";Sim;1;0;1;0;0;0;1;1;-29,62743221;-51,13858608;SPRF-RS;DEL01-RS;UOP02-DEL01-RS
578712;03/02/2024;sábado;03:15:00;SC;116;122,9;SANTA CECILIA;Ausência de reação do condutor;Tombamento;Com Vítimas Feridas;Plena Noite;Decrescente;Céu Claro;Simples;"Aclive;Reta";Não;1;0;0;1;0;0;1;1;-26,83694681;-50,39216836;SPRF-SC;DEL06-SC;UOP02-DEL06-SC
578714;03/02/2024;sábado;07:50:00;GO;40;12,7;LUZIANIA;Pedestre cruzava a pista fora da faixa;Atropelamento de Pedestre;Com Vítimas Feridas;Pleno dia;Decrescente;Céu Claro;Dupla;Reta;Sim;2;0;1;0;1;0;1;2;-16,145123;-47,945382;SPRF-DF;DEL01-DF;UOP01-DEL01-DF
578716;03/02/2024;sábado;06:00:00;GO;60;138;GOIANIA;Reação tardia ou ineficiente do condutor;Colisão com objeto;Com Vítimas Feridas;Pleno dia;Decrescente;Nublado;Simples;Curva;Sim;1;0;1;0;0;0;1;1;-16,6117;-49,2053;SPRF-GO;DEL01-GO;UOP01-DEL01-GO
578717;03/02/2024;sábado;07:00:00;SC;282;557,2;NOVA ITABERABA;Demais falhas mecânicas ou elétricas;Incêndio;Sem Vítimas;Amanhecer;Decrescente;Céu Claro;Simples;Reta;Não;1;0;0;0;0;1;0;1;-26,93078248;-52,82310247;SPRF-SC;DEL07-SC;UOP01-DEL07-SC
578718;03/02/2024;sábado;07:30:00;MA;10;319;ACAILANDIA;Retorno proibido;Colisão transversal;Com Vítimas Feridas;Pleno dia;Decrescente;Nublado;Simples;Reta;Sim;3;0;1;0;1;1;1;3;-4,960145;-47,507481;SPRF-MA;DEL04-MA;UOP03-DEL04-MA
578719;03/02/2024;sábado;07:15:00;SC;470;4,8;NAVEGANTES;Ingestão de álcool pelo condutor;Colisão com objeto;Com Vítimas Feridas;Pleno dia;Decrescente;Céu Claro;Dupla;Reta;Não;1;0;1;0;0;0;1;1;-26,858473;-48,690788;SPRF-SC;DEL04-SC;UOP04-DEL04-SC
578720;03/02/2024;sábado;08:30:00;PR;277;83;CURITIBA;Condutor deixou de manter distância do veículo da frente;Colisão traseira;Com Vítimas Feridas;Pleno dia;Crescente;Céu Claro;Dupla;Reta;Não;2;0;1;0;1;0;1;2;-25,45849103;-49,22153413;SPRF-PR;DEL01-PR;UOP07-DEL01-PR
578723;03/02/2024;sábado;10:20:00;SC;101;53,7;JOINVILLE;Manobra de mudança de faixa;Colisão transversal;Com Vítimas Feridas;Pleno dia;Decrescente;Céu Claro;Dupla;Interseção de Vias;Não;3;0;1;0;2;0;1;2;-26,40231201;-48,83969703;SPRF-SC;DEL03-SC;UOP01-DEL03-SC
578726;03/02/2024;sábado;07:20:00;RS;116;527,9;PELOTAS;Ingestão de álcool pelo condutor;Saída de leito carroçável;Sem Vítimas;Pleno dia;Decrescente;Céu Claro;Simples;Reta;Sim;1;0;0;0;1;0;0;1;-31,7470243;-52,40899728;SPRF-RS;DEL07-RS;UOP01-DEL07-RS
578727;03/02/2024;sábado;08:52:00;SP;116;280;EMBU DAS ARTES;Avarias e/ou desgaste excessivo no pneu;Colisão com objeto;Com Vítimas Feridas;Pleno dia;Decrescente;Céu Claro;Dupla;Reta;Sim;2;0;0;1;1;0;1;2;-23,66996108;-46,85590758;SPRF-SP;DEL04-SP;UOP01-DEL04-SP
578728;03/02/2024;sábado;08:00:00;RS;386;411;TRIUNFO;Acumulo de óleo sobre o pavimento;Tombamento;Com Vítimas Feridas;Pleno dia;Crescente;Céu Claro;Dupla;Curva;Não;2;0;1;0;1;0;1;1;-29,80394;-51,509174;SPRF-RS;DEL04-RS;UOP02-DEL04-RS
578729;03/02/2024;sábado;08:30:00;RS;158;225,8;CRUZ ALTA;Acessar a via sem observar a presença dos outros veículos;Saída de leito carroçável;Com Vítimas Feridas;Pleno dia;Crescente;Céu Claro;Simples;"Aclive;Reta";Não;6;0;4;0;2;0;4;2;-28,90540278;-53,62804413;SPRF-RS;DEL10-RS;UOP02-DEL10-RS
578732;03/02/2024;sábado;01:00:00;ES;262;27,3;VIANA;Velocidade Incompatível;Saída de leito carroçável;Com Vítimas Feridas;Plena Noite;Decrescente;Chuva;Simples;Curva;Não;2;0;0;1;1;0;1;1;-20,38398959;-40,55226465;SPRF-ES;DEL01-ES;UOP01-DEL01-ES
578733;03/02/2024;sábado;09:48:00;GO;40;18,2;LUZIANIA;Transtornos Mentais (exceto suicidio);Queda de ocupante de veículo;Com Vítimas Feridas;Pleno dia;Crescente;Nublado;Dupla;"Reta;Aclive";Sim;6;0;0;1;4;1;1;2;-16,19349;-47,925575;SPRF-DF;DEL01-DF;UOP01-DEL01-DF
578735;03/02/2024;sábado;08:30:00;RS;386;437,5;NOVA SANTA RITA;Ausência de reação do condutor;Colisão com objeto;Com Vítimas Feridas;Pleno dia;Crescente;Sol;Dupla;Reta;Não;1;0;1;0;0;0;1;1;-29,85803;-51,261227;SPRF-RS;DEL04-RS;UOP02-DEL04-RS
578739;03/02/2024;sábado;09:50:00;PB;104;154,2;QUEIMADAS;Acessar a via sem observar a presença dos outros veículos;Saída de leito carroçável;Com Vítimas Feridas;Pleno dia;Decrescente;Céu Claro;Simples;"Declive;Reta";Sim;6;0;5;1;0;0;6;2;-7,48615789;-35,94353813;SPRF-PB;DEL02-PB;UOP03-DEL02-PB
578740;03/02/2024;sábado;09:55:00;MS;163;209;CAARAPO;Acessar a via sem observar a presença dos outros veículos;Colisão transversal;Com Vítimas Feridas;Pleno dia;Decrescente;Céu Claro;Simples;"Interseção de Vias;Reta";Não;2;0;1;0;1;0;1;2;-22,6316586;-54,81903076;SPRF-MS;DEL04-MS;UOP02-DEL04-MS
578743;03/02/2024;sábado;06:30:00;SC;101;244;PAULO LOPES;Velocidade Incompatível;Saída de leito carroçável;Com Vítimas Feridas;Amanhecer;Crescente;Céu Claro;Dupla;Reta;Não;2;0;0;1;0;1;1;2;-27,89294003;-48,64821868;SPRF-SC;DEL01-SC;UOP02-DEL01-SC
578744;03/02/2024;sábado;11:20:00;MG;381;415;NOVA UNIAO;Reação tardia ou ineficiente do condutor;Colisão lateral mesmo sentido;Com Vítimas Feridas;Pleno dia;Decrescente;Céu Claro;Dupla;Reta;Sim;3;0;1;0;2;0;1;2;-19,74718476;-43,62369106;SPRF-MG;DEL01-MG;UOP01-DEL01-MG
578745;03/02/2024;sábado;11:40:00;PI;343;334;TERESINA;Manobra de mudança de faixa;Colisão lateral mesmo sentido;Com Vítimas Feridas;Pleno dia;Decrescente;Céu Claro;Dupla;"Reta;Retorno Regulamentado";Não;2;0;1;0;1;0;1;2;-5,057786;-42,688541;SPRF-PI;DEL01-PI;UOP01-DEL01-PI
578747;03/02/2024;sábado;11:31:00;MG;50;27;ARAGUARI;Objeto estático sobre o leito carroçável;Saída de leito carroçável;Com Vítimas Feridas;Pleno dia;Crescente;Céu Claro;Dupla;"Declive;Reta";Não;2;0;2;0;0;0;2;1;-18,619286;-48,094162;SPRF-MG;DEL15-MG;UOP02-DEL15-MG
578748;03/02/2024;sábado;12:00:00;ES;101;66;SAO MATEUS;Reação tardia ou ineficiente do condutor;Colisão transversal;Sem Vítimas;Pleno dia;Crescente;Sol;Múltipla;"Interseção de Vias;Reta";Sim;3;0;0;0;2;1;0;2;-18,719185;-39,869238;SPRF-ES;DEL04-ES;UOP02-DEL04-ES
578749;03/02/2024;sábado;12:00:00;RS;116;39,3;VACARIA;Ingestão de álcool pelo condutor;Colisão transversal;Com Vítimas Feridas;Pleno dia;Crescente;Céu Claro;Simples;Rotatória;Não;2;0;1;0;1;0;1;2;-28,5120121;-50,93237991;SPRF-RS;DEL05-RS;UOP03-DEL05-RS
578751;03/02/2024;sábado;11:25:00;PE;101;89;JABOATAO DOS GUARARAPES;Acessar a via sem observar a presença dos outros veículos;Colisão traseira;Com Vítimas Feridas;Pleno dia;Crescente;Céu Claro;Dupla;Reta;Não;5;0;0;4;1;0;4;5;-8,214018;-34,987144;SPRF-PE;DEL01-PE;UOP01-DEL01-PE
578752;03/02/2024;sábado;12:15:00;PR;376;175,7;MARINGA;Pedestre andava na pista;Atropelamento de Pedestre;Com Vítimas Feridas;Pleno dia;Decrescente;Sol;Dupla;"Interseção de Vias;Reta";Sim;3;0;0;1;2;0;1;2;-23,4113569;-51,9407767;SPRF-PR;DEL09-PR;UOP01-DEL09-PR
578756;03/02/2024;sábado;13:30:00;MG;381;490;BETIM;Reação tardia ou ineficiente do condutor;Tombamento;Com Vítimas Feridas;Pleno dia;Crescente;Céu Claro;Dupla;Reta;Sim;2;0;1;0;0;1;1;1;-19,96502819;-44,17422195;SPRF-MG;DEL01-MG;UOP03-DEL01-MG
578758;03/02/2024;sábado;14:00:00;MG;40;517,7;CONTAGEM;Ausência de reação do condutor;Colisão transversal;Com Vítimas Feridas;Pleno dia;Crescente;Céu Claro;Dupla;Retorno Regulamentado;Sim;3;0;2;0;1;0;2;2;-19,82351202;-44,08438913;SPRF-MG;DEL01-MG;UOP02-DEL01-MG
578759;03/02/2024;sábado;12:55:00;MT;70;5;BARRA DO GARCAS;Reação tardia ou ineficiente do condutor;Tombamento;Com Vítimas Feridas;Pleno dia;Crescente;Nublado;Simples;Rotatória;Sim;2;0;1;0;1;0;1;1;-15,87814789;-52,296134;SPRF-MT;DEL07-MT;UOP01-DEL07-MT
578760;03/02/2024;sábado;12:40:00;MG;116;497,4;INHAPIM;Reação tardia ou ineficiente do condutor;Colisão traseira;Com Vítimas Feridas;Pleno dia;Crescente;Garoa/Chuvisco;Simples;Curva;Não;3;0;0;2;1;0;2;2;-19,54066144;-42,1262598;SPRF-MG;DEL06-MG;UOP02-DEL06-MG
578761;14/01/2024;domingo;16:00:00;SP;116;106;TAUBATE;Trafegar com motocicleta (ou similar) entre as faixas;Colisão traseira;Com Vítimas Feridas;Pleno dia;Crescente;Céu Claro;Dupla;Reta;Sim;3;0;1;0;0;2;1;3;-23,01250593;-45,52256005;SPRF-SP;DEL02-SP;UOP02-DEL02-SP