id;data_inversa;dia_semana;horario;uf;br;km;municipio;causa_acidente;tipo_acidente;classificacao_acidente;fase_dia;sentido_via;condicao_metereologica;tipo_pista;tracado_via;uso_solo;pessoas;mortos;feridos_leves;feridos_graves;ilesos;ignorados;feridos;veiculos;latitude;longitude;regional;delegacia;uop
578763;03/02/2024;sábado;12:20:00;GO;153;437,5;ANAPOLIS;Avarias e/ou desgaste excessivo no pneu;Tombamento;Com Vítimas Feridas;Pleno dia;Crescente;Céu Claro;Dupla;Reta;Sim;1;0;1;0;0;0;1;1;-16,286884;-48,942978;SPRF-GO;DEL02-GO;UOP01-DEL02-GO
578765;03/02/2024;sábado;14:50:00;PE;101;68,2;RECIFE;Trafegar com motocicleta (ou similar) entre as faixas;Queda de ocupante de veículo;Com Vítimas Feridas;Pleno dia;Decrescente;Sol;Dupla;"Aclive;Viaduto";Não;3;0;1;1;0;1;2;2;-8,052343;-34,946155;SPRF-PE;DEL01-PE;UOP01-DEL01-PE
578766;03/02/2024;sábado;12:20:00;PA;230;124;MARABA;Acessar a via sem observar a presença dos outros veículos;Colisão transversal;Com Vítimas Feridas;Pleno dia;Crescente;Céu Claro;Simples;Reta;Não;2;0;0;1;1;0;1;2;-5,37407079;-49,13575802;SPRF-PA;DEL03-PA;UOP01-DEL03-PA
578767;03/02/2024;sábado;14:55:00;BA;324;609;SIMOES FILHO;Ausência de reação do condutor;Tombamento;Com Vítimas Feridas;Pleno dia;Decrescente;Céu Claro;Dupla;Reta;Sim;2;0;2;0;0;0;2;1;-12,82066;-38,40798;SPRF-BA;DEL01-BA;UOP01-DEL01-BA
578768;03/02/2024;sábado;14:15:00;PE;101;185;PALMARES;Acesso irregular;Colisão transversal;Com Vítimas Feridas;Pleno dia;Crescente;Céu Claro;Dupla;Reta;Sim;3;0;0;3;0;0;3;2;-8,680049;-35,577678;SPRF-PE;DEL01-PE;UOP03-DEL01-PE
578769;03/02/2024;sábado;15:15:00;MG;381;876,7;ESTIVA;Velocidade Incompatível;Saída de leito carroçável;Com Vítimas Feridas;Pleno dia;Decrescente;Chuva;Dupla;Curva;Não;2;0;1;0;1;0;1;1;-22,472813;-46,01072791;SPRF-MG;DEL16-MG;UOP01-DEL16-MG
578771;03/02/2024;sábado;12:30:00;PR;476;160;CONTENDA;Acessar a via sem observar a presença dos outros veículos;Colisão transversal;Com Vítimas Feridas;Pleno dia;Decrescente;Céu Claro;Dupla;Reta;Não;2;0;0;1;1;0;1;2;-25,619013;-49,440125;SPRF-PR;DEL01-PR;UOP06-DEL01-PR
578773;03/02/2024;sábado;15:40:00;SC;101;46,8;JOINVILLE;Velocidade Incompatível;Colisão traseira;Com Vítimas Feridas;Pleno dia;Crescente;Céu Claro;Dupla;Curva;Sim;2;0;1;0;1;0;1;2;-26,36422336;-48,85892093;SPRF-SC;DEL03-SC;UOP01-DEL03-SC
578774;03/02/2024;sábado;15:00:00;PR;116;101,9;SAO JOSE DOS PINHAIS;Ingestão de álcool pelo condutor;Colisão com objeto;Sem Vítimas;Pleno dia;Decrescente;Sol;Dupla;Curva;Não;1;0;0;0;1;0;0;1;-25,54167701;-49,1509368;SPRF-PR;DEL01-PR;UOP07-DEL01-PR
578776;03/02/2024;sábado;15:45:00;RJ;101;388;ITAGUAI;Reação tardia ou ineficiente do condutor;Colisão traseira;Sem Vítimas;Pleno dia;Decrescente;Nublado;Dupla;Reta;Sim;8;0;0;0;8;0;0;3;-22,889456;-43,660958;SPRF-RJ;DEL03-RJ;UOP01-DEL03-RJ
578777;03/02/2024;sábado;15:30:00;RS;285;356;COLORADO;Transitar na contramão;Saída de leito carroçável;Com Vítimas Feridas;Pleno dia;Crescente;Céu Claro;Simples;Ponte;Não;3;0;3;0;0;0;3;1;-28,349371;-52,944382;SPRF-RS;DEL08-RS;UOP03-DEL08-RS
578779;03/02/2024;sábado;15:45:00;RS;158;382;DILERMANDO DE AGUIAR;Ausência de reação do condutor;Saída de leito carroçável;Com Vítimas Feridas;Pleno dia;Crescente;Nublado;Simples;"Aclive;Curva";Não;5;0;4;0;1;0;4;1;-29,88806011;-54,28312394;SPRF-RS;DEL09-RS;UOP01-DEL09-RS
578780;03/02/2024;sábado;15:50:00;SC;101;94;BARRA VELHA;Manobra de mudança de faixa;Colisão lateral mesmo sentido;Com Vítimas Feridas;Pleno dia;Crescente;Sol;Dupla;Reta;Não;2;0;1;0;1;0;1;2;-26,69940401;-48,69902784;SPRF-SC;DEL03-SC;UOP02-DEL03-SC
578781;03/02/2024;sábado;15:05:00;RS;116;117,3;SAO MARCOS;Transitar na contramão;Colisão frontal;Com Vítimas Feridas;Pleno dia;Decrescente;Céu Claro;Simples;Curva;Não;2;0;0;1;1;0;1;2;-28,98310299;-51,06761081;SPRF-RS;DEL05-RS;UOP01-DEL05-RS
578782;03/02/2024;sábado;16:55:00;RS;290;90;PORTO ALEGRE;Demais falhas mecânicas ou elétricas;Tombamento;Com Vítimas Feridas;Pleno dia;Crescente;Sol;Dupla;Reta;Sim;2;0;2;0;0;0;2;1;-29,9696313;-51,1608772;SPRF-RS;DEL01-RS;UOP01-DEL01-RS
578784;03/02/2024;sábado;17:00:00;SE;101;101;SAO CRISTOVAO;Condutor usando celular;Queda de ocupante de veículo;Com Vítimas Feridas;Pleno dia;Decrescente;Céu Claro;Dupla;"Reta;Declive";Não;3;0;0;1;0;2;1;2;-10,94481346;-37,2027868;SPRF-SE;DEL02-SE;UOP01-DEL02-SE
578785;03/02/2024;sábado;14:50:00;RJ;101;494,9;ANGRA DOS REIS;Acessar a via sem observar a presença dos outros veículos;Queda de ocupante de veículo;Com Vítimas Feridas;Pleno dia;Decrescente;Céu Claro;Dupla;Curva;Não;1;0;1;0;0;0;1;1;-22,93752781;-44,3185162;SPRF-RJ;DEL03-RJ;UOP03-DEL03-RJ
578789;03/02/2024;sábado;17:05:00;GO;40;10;LUZIANIA;Ingestão de álcool pelo condutor;Colisão lateral mesmo sentido;Sem Vítimas;Pleno dia;Decrescente;Céu Claro;Dupla;Reta;Não;2;0;0;0;2;0;0;2;-16,131285;-47,957923;SPRF-DF;DEL01-DF;UOP01-DEL01-DF
578790;03/02/2024;sábado;16:45:00;MG;262;856;CONCEICAO DAS ALAGOAS;Demais falhas mecânicas ou elétricas;Saída de leito carroçável;Com Vítimas Feridas;Pleno dia;Crescente;Céu Claro;Dupla;Reta;Sim;2;0;2;0;0;0;2;1;-19,77313959;-48,37353411;SPRF-MG;DEL13-MG;UOP01-DEL13-MG
578792;03/02/2024;sábado;16:00:00;BA;101;862;TEIXEIRA DE FREITAS;Demais falhas mecânicas ou elétricas;Incêndio;Sem Vítimas;Pleno dia;Crescente;Céu Claro;Simples;"Aclive;Reta";Não;1;0;0;0;1;0;0;1;-17,61407769;-39,76029838;SPRF-BA;DEL09-BA;UOP02-DEL09-BA
578793;03/02/2024;sábado;18:00:00;SP;381;28;ATIBAIA;Demais falhas mecânicas ou elétricas;Saída de leito carroçável;Com Vítimas Feridas;Pleno dia;Crescente;Céu Claro;Dupla;Reta;Sim;2;0;1;0;1;0;1;1;-23,03614495;-46,55183601;SPRF-SP;DEL03-SP;UOP02-DEL03-SP
578795;03/02/2024;sábado;18:00:00;SC;282;216,9;LAGES;Desrespeitar a preferência no cruzamento;Colisão transversal;Com Vítimas Feridas;Pleno dia;Decrescente;Céu Claro;Simples;Interseção de Vias;Sim;2;0;1;0;1;0;1;2;-27,797529;-50,291862;SPRF-SC;DEL05-SC;UOP01-DEL05-SC
578796;03/02/2024;sábado;18:04:00;GO;40;11;LUZIANIA;Reação tardia ou ineficiente do condutor;Colisão traseira;Com Vítimas Feridas;Pleno dia;Crescente;Céu Claro;Dupla;Reta;Sim;2;0;1;0;1;0;1;2;-16,138336;-47,951644;SPRF-DF;DEL01-DF;UOP01-DEL01-DF
578797;03/02/2024;sábado;17:30:00;RS;470;210,3;BENTO GONCALVES;Transitar na contramão;Colisão frontal;Com Vítimas Feridas;Pleno dia;Decrescente;Chuva;Simples;Curva;Sim;6;0;4;0;2;0;4;2;-29,12850917;-51,54096365;SPRF-RS;DEL06-RS;UOP01-DEL06-RS
578798;03/02/2024;sábado;19:00:00;ES;101;127;SOORETAMA;Ingestão de álcool pelo condutor;Colisão frontal;Com Vítimas Feridas;Plena Noite;Crescente;Céu Claro;Simples;Reta;Sim;3;0;3;0;0;0;3;2;-19,202898;-40,095524;SPRF-ES;DEL04-ES;UOP01-DEL04-ES
578799;03/02/2024;sábado;15:20:00;SC;101;304,9;LAGUNA;Ingestão de álcool pelo condutor;Colisão traseira;Sem Vítimas;Pleno dia;Crescente;Céu Claro;Simples;Reta;Não;5;0;0;0;5;0;0;2;-28,36912427;-48,75686871;SPRF-SC;DEL02-SC;UOP03-DEL02-SC
578800;03/02/2024;sábado;19:30:00;RS;470;177;VERANOPOLIS;Transtornos Mentais (exceto suicidio);Atropelamento de Pedestre;Com Vítimas Feridas;Anoitecer;Decrescente;Céu Claro;Simples;Rotatória;Sim;2;0;0;1;1;0;1;2;-28,93915139;-51,54591976;SPRF-RS;DEL06-RS;UOP02-DEL06-RS
578802;03/02/2024;sábado;19:15:00;RS;285;489,8;ENTRE-IJUIS;Ausência de reação do condutor;Saída de leito carroçável;Com Vítimas Feridas;Anoitecer;Crescente;Nublado;Simples;Curva;Não;1;0;1;0;0;0;1;1;-28,373779;-54,199398;SPRF-RS;DEL10-RS;UOP01-DEL10-RS
578803;03/02/2024;sábado;19:20:00;ES;259;57,8;COLATINA;Entrada inopinada do pedestre;Atropelamento de Pedestre;Com Vítimas Feridas;Plena Noite;Crescente;Céu Claro;Simples;Rotatória;Sim;2;0;1;0;0;1;1;2;-19,50865703;-40,65581416;SPRF-ES;DEL02-ES;UOP01-DEL02-ES
578804;03/02/2024;sábado;15:30:00;SP;116;365;MIRACATU;Reação tardia ou ineficiente do condutor;Colisão com objeto;Com Vítimas Feridas;Pleno dia;Decrescente;Céu Claro;Dupla;Curva;Não;2;0;1;0;1;0;1;1;-24,14533813;-47,27537401;SPRF-SP;DEL04-SP;UOP02-DEL04-SP
578805;03/02/2024;sábado;18:20:00;SP;116;282;EMBU DAS ARTES;Velocidade Incompatível;Capotamento;Sem Vítimas;Pleno dia;Crescente;Céu Claro;Dupla;Reta;Sim;4;0;0;0;2;2;0;1;-23,65958827;-46,85135901;SPRF-SP;DEL04-SP;UOP01-DEL04-SP
578806;03/02/2024;sábado;19:27:00;RN;304;39;MOSSORO;Ausência de reação do condutor;Colisão traseira;Com Vítimas Feridas;Plena Noite;Crescente;Céu Claro;Dupla;Reta;Não;2;0;1;0;1;0;1;2;-5,18846685;-37,37410298;SPRF-RN;DEL04-RN;UOP02-DEL04-RN
578808;03/02/2024;sábado;18:40:00;PR;116;89;PIRAQUARA;Condutor deixou de manter distância do veículo da frente;Colisão traseira;Com Vítimas Feridas;Anoitecer;Crescente;Chuva;Dupla;Reta;Não;2;0;1;0;1;0;1;2;-25,48650948;-49,10979867;SPRF-PR;DEL01-PR;UOP07-DEL01-PR
578809;03/02/2024;sábado;19:40:00;PB;230;81;BAYEUX;Ingestão de álcool pelo condutor;Colisão lateral mesmo sentido;Sem Vítimas;Plena Noite;Decrescente;Céu Claro;Dupla;"Reta;Declive;Viaduto";Sim;2;0;0;0;1;1;0;2;-7,13059557;-34,93393779;SPRF-PB;DEL01-PB;UOP03-DEL01-PB
578810;03/02/2024;sábado;19:40:00;DF;70;1,6;BRASILIA;Manobra de mudança de faixa;Colisão traseira;Com Vítimas Feridas;Plena Noite;Crescente;Céu Claro;Dupla;"Reta;Declive";Sim;2;0;1;0;1;0;1;2;-15,795264;-48,063801;SPRF-DF;DEL03-DF;UOP02-DEL03-DF
578811;03/02/2024;sábado;19:00:00;PR;158;519;PATO BRANCO;Ausência de reação do condutor;Queda de ocupante de veículo;Com Vítimas Feridas;Anoitecer;Decrescente;Céu Claro;Simples;Reta;Não;1;0;1;0;0;0;1;1;-26,10060199;-52,64367598;SPRF-PR;DEL02-PR;UOP01-DEL02-PR
578812;03/02/2024;sábado;18:30:00;PI;343;103;COCAL;Avarias e/ou desgaste excessivo no pneu;Saída de leito carroçável;Com Vítimas Feridas;Plena Noite;Decrescente;Nublado;Simples;Reta;Não;2;0;0;1;1;0;1;1;-3,597883;-41,697136;SPRF-PI;DEL05-PI;UOP01-DEL05-PI
578813;03/02/2024;sábado;19:00:00;MG;381;849;POUSO ALEGRE;Ingestão de álcool pelo condutor;Colisão traseira;Sem Vítimas;Plena Noite;Decrescente;Nublado;Dupla;Curva;Sim;4;0;0;0;3;1;0;2;-22,26114406;-45,89010176;SPRF-MG;DEL16-MG;UOP01-DEL16-MG
578815;03/02/2024;sábado;20:10:00;BA;101;173;FEIRA DE SANTANA;Reação tardia ou ineficiente do condutor;Atropelamento de Pedestre;Com Vítimas Feridas;Plena Noite;Decrescente;Céu Claro;Simples;Reta;Não;2;0;1;0;0;1;1;2;-12,35993218;-38,8634647;SPRF-BA;DEL01-BA;UOP03-DEL01-BA
578816;30/01/2024;terça-feira;16:45:00;SP;381;69;MAIRIPORA;Reação tardia ou ineficiente do condutor;Colisão traseira;Sem Vítimas;Pleno dia;Crescente;Nublado;Dupla;Reta;Sim;1;0;0;0;1;0;0;1;-23,34553108;-46,56787903;SPRF-SP;DEL03-SP;UOP01-DEL03-SP
578818;03/02/2024;sábado;20:40:00;PE;101;38,6;IGARASSU;Transitar na contramão;Colisão lateral sentido oposto;Com Vítimas Feridas;Plena Noite;Decrescente;Céu Claro;Dupla;Reta;Sim;2;0;1;0;0;1;1;2;-7,82079;-34,916418;SPRF-PE;DEL01-PE;UOP02-DEL01-PE
578822;03/02/2024;sábado;20:30:00;RS;468;102,3;TRES PASSOS;Transitar na contramão;Colisão frontal;Com Vítimas Fatais;Anoitecer;Crescente;Céu Claro;Simples;"Reta;Viaduto";Sim;4;1;1;2;0;0;3;3;-27,45988509;-53,94123008;SPRF-RS;DEL08-RS;UOP02-DEL08-RS
578823;03/02/2024;sábado;20:10:00;GO;251;21;CRISTALINA;Velocidade Incompatível;Colisão traseira;Com Vítimas Feridas;Plena Noite;Decrescente;Céu Claro;Simples;Reta;Sim;3;0;2;0;1;0;2;3;-16,14941834;-47,48138915;SPRF-DF;DEL01-DF;UOP01-DEL01-DF
578824;03/02/2024;sábado;21:00:00;GO;153;655;GOIATUBA;Avarias e/ou desgaste excessivo no pneu;Capotamento;Com Vítimas Feridas;Plena Noite;Decrescente;Chuva;Dupla;"Reta;Declive";Não;3;0;1;0;2;0;1;1;-18,0103;-49,2621;SPRF-GO;DEL03-GO;UOP01-DEL03-GO
578825;03/02/2024;sábado;19:30:00;PR;373;232;IMBITUVA;Chuva;Saída de leito carroçável;Com Vítimas Feridas;Plena Noite;Crescente;Chuva;Simples;Reta;Não;5;0;4;1;0;0;5;1;-25,18503294;-50,68743801;SPRF-PR;DEL03-PR;UOP01-DEL03-PR
578826;03/02/2024;sábado;16:00:00;SC;282;17,3;PALHOCA;Acumulo de óleo sobre o pavimento;Tombamento;Com Vítimas Feridas;Pleno dia;Decrescente;Céu Claro;Simples;"Retorno Regulamentado;Reta";Sim;3;0;1;0;2;0;1;2;-27,665707;-48,688065;SPRF-SC;DEL01-SC;UOP02-DEL01-SC
578827;03/02/2024;sábado;20:45:00;RJ;493;83;JAPERI;Objeto estático sobre o leito carroçável;Queda de ocupante de veículo;Com Vítimas Feridas;Plena Noite;Crescente;Céu Claro;Dupla;Reta;Não;2;0;0;1;1;0;1;1;-22,67446931;-43,65630984;SPRF-RJ;DEL01-RJ;UOP03-DEL01-RJ
578828;03/02/2024;sábado;20:00:00;PR;376;342;ORTIGUEIRA;Condutor deixou de manter distância do veículo da frente;Colisão traseira;Com Vítimas Feridas;Plena Noite;Decrescente;Garoa/Chuvisco;Simples;Reta;Não;1;0;1;0;0;0;1;1;-24,152;-50,976;SPRF-PR;DEL07-PR;UOP02-DEL07-PR
578829;03/02/2024;sábado;20:50:00;MG;116;243;TEOFILO OTONI;Acessar a via sem observar a presença dos outros veículos;Colisão lateral mesmo sentido;Com Vítimas Feridas;Plena Noite;Decrescente;Nublado;Simples;Reta;Não;2;0;0;1;1;0;1;2;-17,58662685;-41,48806708;SPRF-MG;DEL11-MG;UOP01-DEL11-MG
578830;03/02/2024;sábado;19:15:00;PR;116;196,3;RIO NEGRO;Ingestão de álcool pelo condutor;Colisão transversal;Sem Vítimas;Plena Noite;Decrescente;Nublado;Simples;Reta;Não;4;0;0;0;4;0;0;2;-26,00463004;-49,66991783;SPRF-SC;DEL06-SC;UOP01-DEL06-SC
578832;03/02/2024;sábado;21:40:00;PR;277;598;CASCAVEL;Acessar a via sem observar a presença dos outros veículos;Colisão lateral mesmo sentido;Com Vítimas Feridas;Plena Noite;Crescente;Céu Claro;Dupla;Reta;Sim;6;0;2;0;4;0;2;2;-24,99599861;-53,51520034;SPRF-PR;DEL04-PR;UOP01-DEL04-PR
578834;03/02/2024;sábado;19:40:00;MG;116;649,5;FERVEDOURO;Manobra de mudança de faixa;Colisão frontal;Com Vítimas Feridas;Pleno dia;Crescente;Chuva;Simples;Curva;Sim;2;0;0;1;0;1;1;2;-20,71135078;-42,28083825;SPRF-MG;DEL07-MG;UOP02-DEL07-MG
578835;03/02/2024;sábado;21:30:00;PR;476;160;ARAUCARIA;Transitar na contramão;Colisão frontal;Com Vítimas Feridas;Plena Noite;Crescente;Céu Claro;Dupla;Reta;Não;2;0;0;2;0;0;2;2;-25,619013;-49,440125;SPRF-PR;DEL01-PR;UOP06-DEL01-PR
578837;03/02/2024;sábado;20:30:00;SC;NA;NA;CORREIA PINTO;Transitar na contramão;Colisão frontal;Com Vítimas Feridas;Plena Noite;Não Informado;Céu Claro;Simples;"Reta;Declive";Sim;4;0;3;0;1;0;3;2;-27,58102195;-50,3677386;SPRF-SC;DEL05-SC;UOP03-DEL05-SC
578838;03/02/2024;sábado;22:35:00;PR;277;1;PARANAGUA;Transitar no Acostamento;Colisão transversal;Com Vítimas Feridas;Plena Noite;Decrescente;Céu Claro;Simples;Reta;Não;3;0;2;0;1;0;2;2;-25,5205;-48,5095;SPRF-PR;DEL01-PR;UOP05-DEL01-PR
578839;03/02/2024;sábado;19:30:00;AL;316;99,8;DOIS RIACHOS;Animais na Pista;Saída de leito carroçável;Com Vítimas Feridas;Plena Noite;Decrescente;Céu Claro;Simples;Reta;Não;1;0;0;1;0;0;1;1;-9,38781218;-37,12517901;SPRF-AL;DEL03-AL;UOP02-DEL03-AL
578841;03/02/2024;sábado;19:20:00;MS;163;258;DOURADOS;Ingestão de álcool pelo condutor;Saída de leito carroçável;Com Vítimas Feridas;Plena Noite;Crescente;Céu Claro;Dupla;Curva;Não;2;0;2;0;0;0;2;1;-22,25859;-54,783592;SPRF-MS;DEL04-MS;UOP01-DEL04-MS
578842;03/02/2024;sábado;23:20:00;RN;110;99;UPANEMA;Animais na Pista;Atropelamento de Animal;Com Vítimas Feridas;Plena Noite;Crescente;Céu Claro;Simples;Reta;Sim;1;0;0;1;0;0;1;1;-5,63767789;-37,26086785;SPRF-RN;DEL04-RN;UOP01-DEL04-RN
578843;03/02/2024;sábado;22:50:00;SP;153;344;OURINHOS;Entrada inopinada do pedestre;Atropelamento de Pedestre;Com Vítimas Feridas;Plena Noite;Decrescente;Céu Claro;Dupla;"Curva;Declive";Não;2;0;0;1;1;0;1;2;-22,96840896;-49,89986421;SPRF-SP;DEL07-SP;UOP03-DEL07-SP
578844;03/02/2024;sábado;22:11:00;PE;232;412;SERRA TALHADA;Animais na Pista;Atropelamento de Animal;Com Vítimas Feridas;Plena Noite;Crescente;Nublado;Simples;Curva;Sim;5;0;1;1;3;0;2;3;-7,98377927;-38,3208774;SPRF-PE;DEL04-PE;UOP01-DEL04-PE
578845;03/02/2024;sábado;23:20:00;SC;470;67;INDAIAL;Ingestão de álcool pelo condutor;Colisão com objeto;Sem Vítimas;Plena Noite;Decrescente;Nublado;Simples;"Em Obras;Declive;Desvio Temporário;Curva";Sim;1;0;0;0;0;1;0;1;-26,87161671;-49,23003674;SPRF-SC;DEL04-SC;UOP01-DEL04-SC
578847;03/02/2024;sábado;23:00:00;PR;116;115,5;CURITIBA;Reação tardia ou ineficiente do condutor;Colisão traseira;Com Vítimas Feridas;Plena Noite;Crescente;Nublado;Múltipla;Reta;Sim;2;0;1;0;1;0;1;2;-25,55953326;-49,26560414;SPRF-PR;DEL01-PR;UOP03-DEL01-PR
578848;04/02/2024;domingo;01:00:00;SC;101;210;PALHOCA;Ingestão de álcool pelo condutor;Colisão com objeto;Sem Vítimas;Plena Noite;Crescente;Céu Claro;Múltipla;"Reta;Ponte";Sim;1;0;0;0;0;1;0;1;-27,6167305;-48,6457265;SPRF-SC;DEL01-SC;UOP01-DEL01-SC
578850;03/02/2024;sábado;21:45:00;RJ;101;502;ANGRA DOS REIS;Ultrapassagem Indevida;Colisão frontal;Com Vítimas Fatais;Plena Noite;Decrescente;Nublado;Simples;Reta;Não;4;2;0;1;0;1;1;3;-22,92611482;-44,37184811;SPRF-RJ;DEL03-RJ;UOP03-DEL03-RJ
578851;04/02/2024;domingo;01:40:00;SP;116;231;SAO PAULO;Acessar a via sem observar a presença dos outros veículos;Colisão com objeto;Com Vítimas Feridas;Plena Noite;Crescente;Céu Claro;Múltipla;Reta;Sim;2;0;1;0;1;0;1;2;-23,5290581;-46,59398303;SPRF-SP;DEL01-SP;UOP01-DEL01-SP
578852;04/02/2024;domingo;00:50:00;PA;230;120;MARABA;Reação tardia ou ineficiente do condutor;Colisão traseira;Sem Vítimas;Anoitecer;Crescente;Céu Claro;Dupla;"Reta;Interseção de Vias";Sim;2;0;0;0;2;0;0;2;-5,35038318;-49,11434;SPRF-PA;DEL03-PA;UOP01-DEL03-PA
578853;04/02/2024;domingo;01:00:00;SC;101;156,4;PORTO BELO;Ultrapassagem Indevida;Colisão lateral mesmo sentido;Com Vítimas Feridas;Plena Noite;Decrescente;Céu Claro;Dupla;Curva;Sim;2;0;1;0;1;0;1;2;-27,172272;-48,61170204;SPRF-SC;DEL04-SC;UOP03-DEL04-SC
578854;04/02/2024;domingo;01:00:00;SC;101;107,2;PENHA;Ausência de reação do condutor;Saída de leito carroçável;Com Vítimas Feridas;Plena Noite;Decrescente;Nublado;Múltipla;Reta;Não;1;0;1;0;0;0;1;1;-26,81930608;-48,68390282;SPRF-SC;DEL03-SC;UOP02-DEL03-SC
578856;03/02/2024;sábado;22:45:00;RS;471;670;CHUI;Velocidade Incompatível;Colisão lateral mesmo sentido;Com Vítimas Feridas;Plena Noite;Crescente;Nublado;Simples;Reta;Não;4;0;0;1;3;0;1;2;-33,607122;-53,399213;SPRF-RS;DEL07-RS;UOP04-DEL07-RS
578857;04/02/2024;domingo;01:30:00;SC;101;23,4;JOINVILLE;Ausência de reação do condutor;Capotamento;Com Vítimas Feridas;Plena Noite;Crescente;Céu Claro;Dupla;Reta;Não;1;0;1;0;0;0;1;1;-26,16582501;-48,90742427;SPRF-SC;DEL03-SC;UOP01-DEL03-SC
578858;04/02/2024;domingo;00:01:00;SC;280;303;PORTO UNIAO;Acessar a via sem observar a presença dos outros veículos;Colisão transversal;Com Vítimas Feridas;Plena Noite;Decrescente;Garoa/Chuvisco;Simples;Curva;Sim;2;0;2;0;0;0;2;2;-26,27999553;-51,05063229;SPRF-SC;DEL06-SC;UOP04-DEL06-SC
578859;04/02/2024;domingo;00:20:00;BA;101;715;EUNAPOLIS;Ingestão de álcool pelo condutor;Colisão com objeto;Sem Vítimas;Plena Noite;Decrescente;Céu Claro;Simples;Reta;Sim;1;0;0;0;0;1;0;1;-16,35853146;-39,5795238;SPRF-BA;DEL09-BA;UOP01-DEL09-BA
578860;04/02/2024;domingo;02:10:00;PE;101;67;RECIFE;Transitar na contramão;Colisão frontal;Sem Vítimas;Plena Noite;Decrescente;Nublado;Dupla;Reta;Sim;3;0;0;0;1;2;0;3;-8,042334;-34,943096;SPRF-PE;DEL01-PE;UOP01-DEL01-PE
578861;03/02/2024;sábado;11:10:00;PR;277;665,8;MEDIANEIRA;Condutor deixou de manter distância do veículo da frente;Queda de ocupante de veículo;Com Vítimas Feridas;Pleno dia;Crescente;Céu Claro;Dupla;"Aclive;Reta";Não;1;0;1;0;0;0;1;1;-25,25599605;-54,03772597;SPRF-PR;DEL05-PR;UOP02-DEL05-PR
578862;04/02/2024;domingo;00:20:00;SE;101;20,5;SAO FRANCISCO;Condutor Dormindo;Saída de leito carroçável;Com Vítimas Feridas;Plena Noite;Decrescente;Céu Claro;Dupla;Reta;Não;3;0;3;0;0;0;3;1;-10,36358468;-36,90893412;SPRF-SE;DEL02-SE;UOP02-DEL02-SE
578863;04/02/2024;domingo;01:30:00;GO;153;339,3;JARAGUA;Avarias e/ou desgaste excessivo no pneu;Saída de leito carroçável;Com Vítimas Feridas;Plena Noite;Crescente;Nublado;Simples;Curva;Não;4;0;3;0;1;0;3;1;-15,587341;-49,411465;SPRF-GO;DEL02-GO;UOP02-DEL02-GO
578864;04/02/2024;domingo;02:12:00;SP;116;3,5;QUELUZ;Ausência de reação do condutor;Colisão com objeto;Com Vítimas Feridas;Plena Noite;Decrescente;Céu Claro;Dupla;Reta;Não;1;0;1;0;0;0;1;1;-22,52383208;-44,72621799;SPRF-SP;DEL08-SP;UOP02-DEL08-SP
578867;04/02/2024;domingo;03:45:00;PR;369;52;BANDEIRANTES;Ingestão de álcool pelo condutor;Saída de leito carroçável;Com Vítimas Feridas;Plena Noite;Decrescente;Céu Claro;Dupla;Curva;Não;2;0;2;0;0;0;2;1;-23,11100648;-50,33392668;SPRF-PR;DEL07-PR;UOP05-DEL07-PR
578868;04/02/2024;domingo;04:00:00;RJ;101;476,3;ANGRA DOS REIS;Velocidade Incompatível;Saída de leito carroçável;Sem Vítimas;Plena Noite;Decrescente;Nublado;Simples;Curva;Não;1;0;0;0;1;0;0;1;-23,0055431;-44,26195833;SPRF-RJ;DEL03-RJ;UOP03-DEL03-RJ
578870;04/02/2024;domingo;04:20:00;RJ;116;178,9;SAO JOAO DE MERITI;Manobra de mudança de faixa;Colisão lateral mesmo sentido;Sem Vítimas;Amanhecer;Decrescente;Nublado;Dupla;Reta;Sim;2;0;0;0;2;0;0;2;-22,77496393;-43,40081465;SPRF-RJ;DEL06-RJ;UOP01-DEL06-RJ
578871;04/02/2024;domingo;04:15:00;RS;158;149,8;PANAMBI;Ingestão de álcool pelo condutor;Colisão com objeto;Sem Vítimas;Plena Noite;Crescente;Céu Claro;Simples;"Rotatória;Interseção de Vias";Sim;1;0;0;0;0;1;0;1;-28,27204195;-53,48398008;SPRF-RS;DEL10-RS;UOP02-DEL10-RS
578872;04/02/2024;domingo;04:10:00;PR;116;147;MANDIRITUBA;Condutor Dormindo;Colisão com objeto;Sem Vítimas;Amanhecer;Decrescente;Céu Claro;Simples;Reta;Não;1;0;0;0;1;0;0;1;-25,82337262;-49,33534202;SPRF-PR;DEL01-PR;UOP03-DEL01-PR
578873;04/02/2024;domingo;05:00:00;PI;343;502;AMARANTE;Transitar no Acostamento;Atropelamento de Pedestre;Com Vítimas Feridas;Amanhecer;Decrescente;Garoa/Chuvisco;Simples;Reta;Não;2;0;1;0;0;1;1;2;-6,24687;-42,820049;SPRF-PI;DEL03-PI;UOP01-DEL03-PI
578876;04/02/2024;domingo;04:30:00;PE;424;93;GARANHUNS;Ausência de reação do condutor;Saída de leito carroçável;Com Vítimas Fatais;Amanhecer;Crescente;Nublado;Simples;Curva;Não;2;1;1;0;0;0;1;1;-8,907125;-36,487206;SPRF-PE;DEL03-PE;UOP01-DEL03-PE
578877;04/02/2024;domingo;05:45:00;RS;290;578;ALEGRETE;Ingestão de álcool pelo condutor;Colisão lateral sentido oposto;Com Vítimas Feridas;Amanhecer;Crescente;Céu Claro;Simples;Curva;Sim;4;0;4;0;0;0;4;2;-29,811922;-55,758663;SPRF-RS;DEL13-RS;UOP02-DEL13-RS