id;data_inversa;dia_semana;horario;uf;br;km;municipio;causa_acidente;tipo_acidente;classificacao_acidente;fase_dia;sentido_via;condicao_metereologica;tipo_pista;tracado_via;uso_solo;pessoas;mortos;feridos_leves;feridos_graves;ilesos;ignorados;feridos;veiculos;latitude;longitude;regional;delegacia;uop
578878;04/02/2024;domingo;04:40:00;SC;280;119,4;SAO BENTO DO SUL;Reação tardia ou ineficiente do condutor;Saída de leito carroçável;Com Vítimas Feridas;Plena Noite;Crescente;Céu Claro;Simples;Curva;Sim;1;0;1;0;0;0;1;1;-26,26519673;-49,434177;SPRF-SC;DEL06-SC;UOP03-DEL06-SC
578879;04/02/2024;domingo;06:00:00;SC;101;216,5;PALHOCA;Acumulo de óleo sobre o pavimento;Tombamento;Com Vítimas Feridas;Amanhecer;Crescente;Céu Claro;Dupla;Rotatória;Sim;2;0;1;0;0;1;1;1;-27,65981409;-48,67747798;SPRF-SC;DEL01-SC;UOP02-DEL01-SC
578880;04/02/2024;domingo;05:00:00;RS;116;316;GUAIBA;Condutor usando celular;Saída de leito carroçável;Sem Vítimas;Amanhecer;Crescente;Céu Claro;Dupla;Reta;Não;4;0;0;0;4;0;0;1;-30,25478097;-51,40579629;SPRF-RS;DEL02-RS;UOP01-DEL02-RS
578881;04/02/2024;domingo;05:40:00;MG;116;418;GOVERNADOR VALADARES;Condutor Dormindo;Saída de leito carroçável;Com Vítimas Feridas;Pleno dia;Crescente;Céu Claro;Simples;Reta;Sim;1;0;0;1;0;0;1;1;-18,91059296;-41,94156567;SPRF-MG;DEL06-MG;UOP01-DEL06-MG
578882;04/02/2024;domingo;04:00:00;RS;386;343,5;LAJEADO;Condutor Dormindo;Colisão com objeto;Sem Vítimas;Plena Noite;Decrescente;Céu Claro;Dupla;"Curva;Em Obras";Sim;1;0;0;0;0;1;0;1;-29,43624321;-51,99722886;SPRF-RS;DEL04-RS;UOP01-DEL04-RS
578883;04/02/2024;domingo;05:00:00;MG;381;867,9;POUSO ALEGRE;Demais falhas mecânicas ou elétricas;Saída de leito carroçável;Sem Vítimas;Plena Noite;Crescente;Nublado;Dupla;Reta;Não;1;0;0;0;0;1;0;1;-22,411919;-45,96177005;SPRF-MG;DEL16-MG;UOP01-DEL16-MG
578885;03/02/2024;sábado;19:50:00;MT;70;521;VARZEA GRANDE;Ausência de reação do condutor;Colisão traseira;Com Vítimas Feridas;Plena Noite;Decrescente;Céu Claro;Simples;Reta;Sim;1;0;0;1;0;0;1;1;-15,68191768;-56,17321806;SPRF-MT;DEL01-MT;UOP02-DEL01-MT
578886;04/02/2024;domingo;05:00:00;RJ;101;524;ANGRA DOS REIS;Curva acentuada;Capotamento;Com Vítimas Feridas;Plena Noite;Decrescente;Ignorado;Simples;Curva;Não;2;0;2;0;0;0;2;1;-22,99959786;-44,47765217;SPRF-RJ;DEL03-RJ;UOP03-DEL03-RJ
578889;03/02/2024;sábado;23:00:00;RJ;493;83;JAPERI;Objeto estático sobre o leito carroçável;Tombamento;Com Vítimas Feridas;Plena Noite;Crescente;Céu Claro;Dupla;Reta;Não;1;0;0;1;0;0;1;1;-22,67579771;-43,65760803;SPRF-RJ;DEL01-RJ;UOP03-DEL01-RJ
578890;04/02/2024;domingo;04:00:00;GO;20;143,1;ALVORADA DO NORTE;Condutor Dormindo;Saída de leito carroçável;Sem Vítimas;Plena Noite;Decrescente;Nublado;Simples;Reta;Não;1;0;0;0;0;1;0;1;-14,755319;-46,663376;SPRF-DF;DEL02-DF;UOP03-DEL02-DF
578891;04/02/2024;domingo;04:00:00;MT;364;448;VARZEA GRANDE;Conversão proibida;Saída de leito carroçável;Sem Vítimas;Amanhecer;Decrescente;Céu Claro;Simples;Reta;Não;1;0;0;0;1;0;0;1;-15,56152886;-56,26441956;SPRF-MT;DEL01-MT;UOP02-DEL01-MT
578893;04/02/2024;domingo;04:20:00;MT;70;286;PRIMAVERA DO LESTE;Ingestão de álcool pelo condutor;Saída de leito carroçável;Sem Vítimas;Plena Noite;Decrescente;Céu Claro;Simples;Reta;Não;3;0;0;0;1;2;0;2;-15,5755141;-54,34948099;SPRF-MT;DEL05-MT;UOP01-DEL05-MT
578894;04/02/2024;domingo;07:00:00;SP;116;409;JUQUIA;Ausência de reação do condutor;Tombamento;Com Vítimas Feridas;Pleno dia;Crescente;Céu Claro;Dupla;Reta;Não;2;0;1;1;0;0;2;1;-24,331595;-47,584785;SPRF-SP;DEL05-SP;UOP01-DEL05-SP
578895;04/02/2024;domingo;07:00:00;SP;116;385;MIRACATU;Condutor deixou de manter distância do veículo da frente;Colisão traseira;Sem Vítimas;Pleno dia;Decrescente;Céu Claro;Dupla;"Curva;Aclive;Interseção de Vias";Não;2;0;0;0;2;0;0;2;-24,25539139;-47,37430894;SPRF-SP;DEL04-SP;UOP02-DEL04-SP
578896;04/02/2024;domingo;04:00:00;SP;116;276,9;EMBU DAS ARTES;Reação tardia ou ineficiente do condutor;Colisão com objeto;Sem Vítimas;Plena Noite;Decrescente;Céu Claro;Dupla;Reta;Não;1;0;0;0;0;1;0;1;-23,64262417;-46,83811382;SPRF-SP;DEL04-SP;UOP01-DEL04-SP
578897;01/02/2024;quinta-feira;16:15:00;RS;285;126,3;VACARIA;Transitar no Acostamento;Queda de ocupante de veículo;Sem Vítimas;Pleno dia;Decrescente;Céu Claro;Simples;Curva;Não;3;0;0;0;2;1;0;2;-28,476643;-50,96656;SPRF-RS;DEL05-RS;UOP03-DEL05-RS
578898;04/02/2024;domingo;07:30:00;RN;101;99,8;NATAL;Ausência de reação do condutor;Saída de leito carroçável;Com Vítimas Feridas;Pleno dia;Decrescente;Céu Claro;Múltipla;"Retorno Regulamentado;Viaduto";Sim;2;0;1;0;1;0;1;2;-5,87591697;-35,22191232;SPRF-RN;DEL01-RN;UOP01-DEL01-RN
578899;04/02/2024;domingo;04:30:00;BA;116;287;TUCANO;Reação tardia ou ineficiente do condutor;Colisão traseira;Com Vítimas Feridas;Plena Noite;Decrescente;Ignorado;Simples;Reta;Sim;4;0;2;0;2;0;2;2;-11,063954;-38,838312;SPRF-BA;DEL02-BA;UOP01-DEL02-BA
578900;04/02/2024;domingo;08:15:00;RS;158;333;SANTA MARIA;Reação tardia ou ineficiente do condutor;Colisão traseira;Sem Vítimas;Pleno dia;Decrescente;Céu Claro;Dupla;Reta;Sim;3;0;0;0;3;0;0;2;-29,70712182;-53,8519507;SPRF-RS;DEL09-RS;UOP01-DEL09-RS
578901;04/02/2024;domingo;08:00:00;TO;153;339;GUARAI;Transitar na contramão;Colisão frontal;Com Vítimas Fatais;Pleno dia;Crescente;Céu Claro;Simples;Reta;Não;7;1;1;5;0;0;6;2;-8,88128099;-48,50871049;SPRF-TO;DEL02-TO;UOP02-DEL02-TO
578903;04/02/2024;domingo;07:40:00;MG;50;171;UBERABA;Ingestão de álcool pelo condutor;Tombamento;Sem Vítimas;Pleno dia;Crescente;Nublado;Dupla;"Curva;Declive";Sim;1;0;0;0;0;1;0;1;-19,74554892;-47,98382166;SPRF-MG;DEL13-MG;UOP01-DEL13-MG
578904;04/02/2024;domingo;08:00:00;RS;290;59;GRAVATAI;Reação tardia ou ineficiente do condutor;Colisão traseira;Com Vítimas Feridas;Pleno dia;Crescente;Céu Claro;Dupla;Reta;Não;8;0;1;0;7;0;1;2;-29,922428;-50,84845;SPRF-RS;DEL03-RS;UOP01-DEL03-RS
578905;04/02/2024;domingo;08:30:00;CE;116;52;PACAJUS;Acessar a via sem observar a presença dos outros veículos;Colisão traseira;Com Vítimas Feridas;Pleno dia;Decrescente;Sol;Dupla;Reta;Não;3;0;1;0;2;0;1;2;-4,18523574;-38,48627044;SPRF-CE;DEL03-CE;UOP02-DEL03-CE
578906;04/02/2024;domingo;08:30:00;RJ;116;131;MAGE;Velocidade Incompatível;Saída de leito carroçável;Com Vítimas Feridas;Pleno dia;Decrescente;Céu Claro;Dupla;Curva;Sim;2;0;0;1;0;1;1;2;-22,65608024;-43,12511494;SPRF-RJ;DEL04-RJ;UOP02-DEL04-RJ
578909;04/02/2024;domingo;08:20:00;RO;364;715;PORTO VELHO;Velocidade Incompatível;Colisão com objeto;Com Vítimas Feridas;Pleno dia;Crescente;Nublado;Simples;"Reta;Declive";Sim;1;0;1;0;0;0;1;1;-8,77957291;-63,89174213;SPRF-RO;DEL01-RO;UOP01-DEL01-RO
578910;04/02/2024;domingo;09:10:00;SC;470;247,2;CURITIBANOS;Acessar a via sem observar a presença dos outros veículos;Colisão transversal;Sem Vítimas;Pleno dia;Crescente;Sol;Simples;Reta;Sim;2;0;0;0;1;1;0;2;-27,31299182;-50,55871189;SPRF-SC;DEL05-SC;UOP03-DEL05-SC
578912;04/02/2024;domingo;09:30:00;RN;304;296;MACAIBA;Retorno proibido;Colisão transversal;Com Vítimas Feridas;Pleno dia;Decrescente;Céu Claro;Simples;"Reta;Em Obras";Sim;3;0;2;0;1;0;2;2;-5,86552506;-35,35348892;SPRF-RN;DEL01-RN;UOP02-DEL01-RN
578913;04/02/2024;domingo;05:00:00;BA;101;257,9;SANTO ANTONIO DE JESUS;Ausência de reação do condutor;Saída de leito carroçável;Sem Vítimas;Plena Noite;Crescente;Ignorado;Simples;"Reta;Ponte";Não;1;0;0;0;0;1;0;1;-12,94739788;-39,25246781;SPRF-BA;DEL01-BA;UOP02-DEL01-BA
578916;04/02/2024;domingo;10:00:00;PE;408;102,7;RECIFE;Animais na Pista;Atropelamento de Animal;Com Vítimas Feridas;Pleno dia;Decrescente;Sol;Dupla;Curva;Não;2;0;1;1;0;0;2;1;-8,05323195;-35,00247996;SPRF-PE;DEL01-PE;UOP01-DEL01-PE
578917;04/02/2024;domingo;10:00:00;PE;101;75,4;RECIFE;Reação tardia ou ineficiente do condutor;Colisão lateral mesmo sentido;Com Vítimas Feridas;Pleno dia;Crescente;Sol;Dupla;"Aclive;Reta";Sim;3;0;2;0;1;0;2;2;-8,10973523;-34,94660151;SPRF-PE;DEL01-PE;UOP01-DEL01-PE
578918;04/02/2024;domingo;10:30:00;AL;101;208;SAO SEBASTIAO;Ingestão de álcool pelo condutor;Queda de ocupante de veículo;Com Vítimas Fatais;Pleno dia;Crescente;Céu Claro;Simples;"Reta;Declive";Não;1;1;0;0;0;0;0;1;-9,9935313;-36,59306885;SPRF-AL;DEL02-AL;UOP02-DEL02-AL
578919;04/02/2024;domingo;08:30:00;AL;316;215;ATALAIA;Ausência de reação do condutor;Saída de leito carroçável;Com Vítimas Feridas;Pleno dia;Decrescente;Céu Claro;Simples;Curva;Não;3;0;1;1;0;1;2;2;-9,50959089;-36,22084314;SPRF-AL;DEL01-AL;UOP01-DEL01-AL
578920;04/02/2024;domingo;08:10:00;PI;20;343,5;SANTO ANTONIO DE LISBOA;Ingestão de álcool pelo condutor;Tombamento;Com Vítimas Feridas;Pleno dia;Crescente;Sol;Simples;Reta;Não;1;0;0;1;0;0;1;1;-6,94678619;-41,16213979;SPRF-PI;DEL04-PI;UOP01-DEL04-PI
578922;30/01/2024;terça-feira;09:30:00;RJ;116;171;RIO DE JANEIRO;Ausência de reação do condutor;Colisão lateral mesmo sentido;Com Vítimas Feridas;Pleno dia;Decrescente;Céu Claro;Dupla;Reta;Não;3;0;1;0;2;0;1;2;-22,8060415;-43,34289573;SPRF-RJ;DEL06-RJ;UOP01-DEL06-RJ
578923;04/02/2024;domingo;11:05:00;MG;40;825,3;SIMAO PEREIRA;Condutor Dormindo;Saída de leito carroçável;Com Vítimas Feridas;Pleno dia;Decrescente;Nublado;Dupla;"Aclive;Reta";Não;2;0;1;0;1;0;1;1;-21,9735272;-43,28541842;SPRF-MG;DEL05-MG;UOP01-DEL05-MG
578925;04/02/2024;domingo;11:00:00;PB;230;7;CABEDELO;Ausência de reação do condutor;Colisão traseira;Com Vítimas Feridas;Pleno dia;Decrescente;Céu Claro;Múltipla;Reta;Sim;2;0;1;0;1;0;1;2;-7,026;-34,8385;SPRF-PB;DEL01-PB;UOP01-DEL01-PB
578926;04/02/2024;domingo;11:55:00;MG;381;487;BETIM;Condutor deixou de manter distância do veículo da frente;Engavetamento;Com Vítimas Feridas;Pleno dia;Decrescente;Céu Claro;Múltipla;Reta;Sim;4;0;1;0;3;0;1;3;-19,95586853;-44,14609501;SPRF-MG;DEL01-MG;UOP03-DEL01-MG
578927;04/02/2024;domingo;12:00:00;ES;101;270,4;SERRA;Condutor desrespeitou a iluminação vermelha do semáforo;Colisão transversal;Sem Vítimas;Pleno dia;Decrescente;Céu Claro;Múltipla;Reta;Sim;3;0;0;0;2;1;0;2;-20,22662056;-40,27075088;SPRF-ES;DEL02-ES;UOP01-DEL02-ES
578929;04/02/2024;domingo;12:00:00;GO;60;88,5;ANAPOLIS;Acessar a via sem observar a presença dos outros veículos;Colisão transversal;Sem Vítimas;Pleno dia;Crescente;Céu Claro;Dupla;Retorno Regulamentado;Não;2;0;0;0;2;0;0;2;-16,3315;-48,8885;SPRF-GO;DEL02-GO;UOP01-DEL02-GO
578931;04/02/2024;domingo;12:00:00;SC;470;43,4;GASPAR;Condutor deixou de manter distância do veículo da frente;Colisão com objeto;Com Vítimas Feridas;Pleno dia;Decrescente;Céu Claro;Dupla;"Aclive;Reta";Não;8;0;0;1;7;0;1;2;-26,874519;-49,013454;SPRF-SC;DEL04-SC;UOP01-DEL04-SC
578932;04/02/2024;domingo;11:40:00;PI;316;32,8;DEMERVAL LOBAO;Ausência de reação do condutor;Colisão com objeto;Sem Vítimas;Pleno dia;Decrescente;Sol;Múltipla;Reta;Não;2;0;0;0;2;0;0;2;-5,34217984;-42,68627493;SPRF-PI;DEL01-PI;UOP02-DEL01-PI
578933;04/02/2024;domingo;08:35:00;PR;373;246,8;GUAMIRANGA;Ultrapassagem Indevida;Colisão lateral mesmo sentido;Com Vítimas Feridas;Pleno dia;Crescente;Céu Claro;Simples;Reta;Sim;4;0;0;1;2;1;1;3;-25,18709486;-50,80501378;SPRF-PR;DEL03-PR;UOP01-DEL03-PR
578934;04/02/2024;domingo;11:20:00;BA;110;136;CICERO DANTAS;Chuva;Saída de leito carroçável;Com Vítimas Feridas;Pleno dia;Decrescente;Chuva;Simples;Curva;Não;1;0;1;0;0;0;1;1;-10,58317696;-38,37435277;SPRF-BA;DEL07-BA;UOP02-DEL07-BA
578935;04/02/2024;domingo;10:30:00;RJ;40;74;PETROPOLIS;Velocidade Incompatível;Saída de leito carroçável;Com Vítimas Feridas;Pleno dia;Crescente;Céu Claro;Simples;Curva;Não;1;0;1;0;0;0;1;1;-22,47224973;-43,22332717;SPRF-RJ;DEL01-RJ;UOP01-DEL01-RJ
578937;04/02/2024;domingo;13:25:00;CE;116;17,9;EUSEBIO;Reação tardia ou ineficiente do condutor;Colisão com objeto;Com Vítimas Feridas;Pleno dia;Crescente;Céu Claro;Dupla;Reta;Não;1;0;0;1;0;0;1;1;-3,89617918;-38,50336042;SPRF-CE;DEL01-CE;UOP02-DEL01-CE
578939;04/02/2024;domingo;12:00:00;SP;116;54,3;LORENA;Reação tardia ou ineficiente do condutor;Colisão traseira;Com Vítimas Feridas;Pleno dia;Decrescente;Nublado;Dupla;Reta;Não;6;0;2;0;3;1;2;3;-22,75971981;-45,11739492;SPRF-SP;DEL08-SP;UOP02-DEL08-SP
578940;04/02/2024;domingo;11:30:00;MT;163;539;DIAMANTINO;Reação tardia ou ineficiente do condutor;Saída de leito carroçável;Com Vítimas Feridas;Pleno dia;Crescente;Chuva;Simples;"Curva;Declive";Não;2;0;1;0;1;0;1;1;-14,35453696;-56,15077972;SPRF-MT;DEL01-MT;UOP01-DEL01-MT
578941;04/02/2024;domingo;13:30:00;PR;116;145;MANDIRITUBA;Velocidade Incompatível;Saída de leito carroçável;Sem Vítimas;Pleno dia;Crescente;Céu Claro;Simples;Reta;Não;1;0;0;0;0;1;0;1;-25,77290167;-49,32325542;SPRF-PR;DEL01-PR;UOP03-DEL01-PR
578942;04/02/2024;domingo;12:57:00;PE;101;56;PAULISTA;Ausência de reação do condutor;Colisão transversal;Com Vítimas Feridas;Pleno dia;Crescente;Céu Claro;Simples;Interseção de Vias;Sim;3;0;1;1;1;0;2;2;-7,9554509;-34,91140727;SPRF-PE;DEL01-PE;UOP02-DEL01-PE
578943;04/02/2024;domingo;12:10:00;PR;116;5;CAMPINA GRANDE DO SUL;Demais falhas mecânicas ou elétricas;Eventos atípicos;Sem Vítimas;Pleno dia;Crescente;Garoa/Chuvisco;Dupla;Reta;Não;1;0;0;0;1;0;0;1;-25,3653;-49,0906;SPRF-PR;DEL01-PR;UOP02-DEL01-PR
578944;04/02/2024;domingo;13:28:00;SP;116;270;TABOAO DA SERRA;Condutor deixou de manter distância do veículo da frente;Engavetamento;Com Vítimas Feridas;Pleno dia;Decrescente;Céu Claro;Dupla;Reta;Sim;5;0;1;0;4;0;1;4;-23,61799728;-46,79677694;SPRF-SP;DEL04-SP;UOP01-DEL04-SP
578945;04/02/2024;domingo;13:45:00;PR;153;46,3;SANTO ANTONIO DA PLATINA;Ausência de reação do condutor;Saída de leito carroçável;Com Vítimas Feridas;Pleno dia;Crescente;Sol;Simples;Reta;Não;1;0;1;0;0;0;1;1;-23,32838307;-50,06643649;SPRF-PR;DEL07-PR;UOP04-DEL07-PR
578950;04/02/2024;domingo;13:09:00;RS;158;519,2;SANTANA DO LIVRAMENTO;Chuva;Saída de leito carroçável;Com Vítimas Feridas;Pleno dia;Decrescente;Chuva;Simples;"Declive;Reta";Não;2;0;1;0;1;0;1;1;-30,6841219;-55,12969924;SPRF-RS;DEL11-RS;UOP01-DEL11-RS
578951;04/02/2024;domingo;02:55:00;BA;110;311;INHAMBUPE;Animais na Pista;Atropelamento de Animal;Com Vítimas Feridas;Plena Noite;Crescente;Céu Claro;Simples;Reta;Não;2;0;2;0;0;0;2;1;-12,00087708;-38,36487111;SPRF-BA;DEL01-BA;UOP04-DEL01-BA
578953;04/02/2024;domingo;15:00:00;RS;287;262;SANTA MARIA;Reação tardia ou ineficiente do condutor;Saída de leito carroçável;Com Vítimas Feridas;Pleno dia;Decrescente;Céu Claro;Simples;Reta;Não;5;0;5;0;0;0;5;1;-29,67339707;-53,98810923;SPRF-RS;DEL09-RS;UOP01-DEL09-RS
578956;04/02/2024;domingo;15:00:00;RJ;116;103;GUAPIMIRIM;Condutor Dormindo;Saída de leito carroçável;Com Vítimas Feridas;Pleno dia;Crescente;Nublado;Simples;Curva;Não;1;0;1;0;0;0;1;1;-22,5031646;-42,99910415;SPRF-RJ;DEL04-RJ;UOP01-DEL04-RJ
578957;04/02/2024;domingo;13:05:00;SP;153;147;PROMISSAO;Mal súbito do condutor;Tombamento;Com Vítimas Feridas;Pleno dia;Crescente;Céu Claro;Simples;Reta;Não;1;0;1;0;0;0;1;1;-21,39045903;-49,78991534;SPRF-SP;DEL07-SP;UOP01-DEL07-SP
578958;04/02/2024;domingo;15:00:00;PR;376;172;MARINGA;Ingestão de álcool pelo condutor;Colisão traseira;Com Vítimas Feridas;Pleno dia;Crescente;Céu Claro;Dupla;"Declive;Rotatória;Reta";Sim;3;0;2;0;1;0;2;2;-23,4191001;-51,96816601;SPRF-PR;DEL09-PR;UOP01-DEL09-PR
578962;04/02/2024;domingo;14:30:00;RJ;116;308;RESENDE;Acumulo de água sobre o pavimento;Saída de leito carroçável;Com Vítimas Feridas;Pleno dia;Crescente;Chuva;Dupla;"Declive;Reta";Sim;1;0;0;1;0;0;1;1;-22,45783299;-44,418685;SPRF-RJ;DEL07-RJ;UOP02-DEL07-RJ
578963;04/02/2024;domingo;10:40:00;RJ;465;20,1;NOVA IGUACU;Reação tardia ou ineficiente do condutor;Colisão frontal;Com Vítimas Feridas;Pleno dia;Decrescente;Céu Claro;Simples;Reta;Sim;3;0;2;0;1;0;2;2;-22,846828;-43,605339;SPRF-RJ;DEL06-RJ;UOP02-DEL06-RJ
578964;04/02/2024;domingo;15:45:00;RS;290;84;CACHOEIRINHA;Demais falhas mecânicas ou elétricas;Incêndio;Sem Vítimas;Pleno dia;Decrescente;Céu Claro;Dupla;Reta;Não;1;0;0;0;1;0;0;1;-29,96376;-51,097771;SPRF-RS;DEL01-RS;UOP01-DEL01-RS
578965;04/02/2024;domingo;15:30:00;ES;101;289,6;CARIACICA;Demais falhas mecânicas ou elétricas;Saída de leito carroçável;Sem Vítimas;Pleno dia;Crescente;Nublado;Dupla;"Aclive;Reta";Não;1;0;0;0;1;0;0;1;-20,28029304;-40,39302931;SPRF-ES;DEL01-ES;UOP01-DEL01-ES
578966;04/02/2024;domingo;16:00:00;PE;104;59;CARUARU;Transitar no Acostamento;Colisão traseira;Com Vítimas Feridas;Pleno dia;Decrescente;Céu Claro;Dupla;Reta;Não;2;0;0;1;0;1;1;2;-8,2265;-35,9779;SPRF-PE;DEL02-PE;UOP01-DEL02-PE
578967;04/02/2024;domingo;16:40:00;SP;116;158;JACAREI;Reação tardia ou ineficiente do condutor;Colisão com objeto;Com Vítimas Feridas;Pleno dia;Crescente;Chuva;Múltipla;"Retorno Regulamentado;Reta";Sim;5;0;1;3;1;0;4;1;-23,26072137;-45,95179176;SPRF-SP;DEL02-SP;UOP01-DEL02-SP
578968;04/02/2024;domingo;15:30:00;RS;285;122,9;VACARIA;Retorno proibido;Colisão transversal;Sem Vítimas;Pleno dia;Crescente;Nublado;Simples;Reta;Sim;2;0;0;0;2;0;0;2;-28,499468;-50,951084;SPRF-RS;DEL05-RS;UOP03-DEL05-RS
578969;04/02/2024;domingo;16:05:00;MG;40;815,3;SIMAO PEREIRA;Reação tardia ou ineficiente do condutor;Tombamento;Com Vítimas Feridas;Pleno dia;Decrescente;Ignorado;Dupla;Curva;Não;1;0;1;0;0;0;1;1;-21,92272309;-43,32076611;SPRF-MG;DEL05-MG;UOP01-DEL05-MG
578970;04/02/2024;domingo;14:05:00;MG;116;690,3;MURIAE;Ultrapassagem Indevida;Colisão lateral sentido oposto;Com Vítimas Feridas;Pleno dia;Decrescente;Céu Claro;Simples;"Curva;Aclive";Não;6;0;6;0;0;0;6;2;-21,01876307;-42,36118053;SPRF-MG;DEL07-MG;UOP02-DEL07-MG
578972;04/02/2024;domingo;13:15:00;BA;330;833,9;IPIAU;Ausência de reação do condutor;Capotamento;Com Vítimas Fatais;Pleno dia;Decrescente;Céu Claro;Simples;Reta;Não;4;1;0;0;3;0;0;1;-14,1046959;-39,77673688;SPRF-BA;DEL03-BA;UOP01-DEL03-BA
578973;04/02/2024;domingo;17:10:00;SE;235;10;NOSSA SENHORA DO SOCORRO;Demais falhas na via;Queda de ocupante de veículo;Com Vítimas Feridas;Anoitecer;Decrescente;Céu Claro;Simples;Reta;Não;2;0;1;1;0;0;2;1;-10,879177;-37,147064;SPRF-SE;DEL01-SE;UOP01-DEL01-SE
578974;04/02/2024;domingo;16:15:00;SC;116;245,4;LAGES;Desrespeitar a preferência no cruzamento;Colisão transversal;Sem Vítimas;Pleno dia;Decrescente;Sol;Simples;Interseção de Vias;Sim;2;0;0;0;1;1;0;2;-27,80003629;-50,36342561;SPRF-SC;DEL05-SC;UOP01-DEL05-SC
578975;04/02/2024;domingo;16:45:00;PI;316;43,5;LAGOA DO PIAUI;Animais na Pista;Atropelamento de Animal;Com Vítimas Feridas;Pleno dia;Decrescente;Sol;Simples;Reta;Não;2;0;0;1;1;0;1;2;-5,42838588;-42,6368727;SPRF-PI;DEL01-PI;UOP02-DEL01-PI
578976;04/02/2024;domingo;17:15:00;MG;40;793,2;JUIZ DE FORA;Ingestão de álcool pelo condutor;Colisão com objeto;Com Vítimas Feridas;Pleno dia;Crescente;Ignorado;Dupla;Curva;Sim;1;0;1;0;0;0;1;1;-21,79449311;-43,41425031;SPRF-MG;DEL05-MG;UOP01-DEL05-MG
578977;04/02/2024;domingo;16:00:00;PI;343;260;CAMPO MAIOR;Transitar na contramão;Colisão lateral sentido oposto;Com Vítimas Feridas;Pleno dia;Crescente;Céu Claro;Simples;Reta;Não;5;0;1;0;3;1;1;3;-4,802398;-42,137829;SPRF-PI;DEL01-PI;UOP03-DEL01-PI
578978;04/02/2024;domingo;14:30:00;PA;230;663;ALTAMIRA;Transitar na contramão;Colisão frontal;Com Vítimas Feridas;Pleno dia;Crescente;Céu Claro;Simples;"Curva;Declive";Não;6;0;2;1;3;0;3;2;-3,25043643;-52,34664559;SPRF-PA;DEL04-PA;UOP01-DEL04-PA
578979;04/02/2024;domingo;13:30:00;AM;319;36;CANUTAMA;Transitar na contramão;Colisão frontal;Com Vítimas Fatais;Pleno dia;Crescente;Céu Claro;Simples;Reta;Não;5;2;0;0;3;0;0;2;-8,12482801;-63,69086808;SPRF-AM;DEL01-AM;UOP04-DEL01-AM
578981;04/02/2024;domingo;17:45:00;RS;290;88;PORTO ALEGRE;Reação tardia ou ineficiente do condutor;Tombamento;Com Vítimas Feridas;Pleno dia;Crescente;Nublado;Múltipla;Reta;Não;1;0;1;0;0;0;1;1;-29,967531;-51,137264;SPRF-RS;DEL01-RS;UOP01-DEL01-RS
578982;04/02/2024;domingo;17:40:00;SC;101;239;PALHOCA;Condutor deixou de manter distância do veículo da frente;Engavetamento;Sem Vítimas;Pleno dia;Decrescente;Nublado;Dupla;Reta;Não;3;0;0;0;3;0;0;3;-27,84293889;-48,63471922;SPRF-SC;DEL01-SC;UOP02-DEL01-SC
578983;04/02/2024;domingo;16:45:00;MG;40;582,5;ITABIRITO;Condutor Dormindo;Saída de leito carroçável;Com Vítimas Feridas;Pleno dia;Decrescente;Chuva;Simples;"Aclive;Curva";Não;2;0;2;0;0;0;2;1;-20,31049595;-43,93484962;SPRF-MG;DEL01-MG;UOP02-DEL01-MG
578984;04/02/2024;domingo;17:30:00;PR;116;142;MANDIRITUBA;Acessar a via sem observar a presença dos outros veículos;Colisão lateral mesmo sentido;Sem Vítimas;Pleno dia;Crescente;Chuva;Múltipla;Interseção de Vias;Sim;3;0;0;0;2;1;0;2;-25,77775661;-49,32416618;SPRF-PR;DEL01-PR;UOP03-DEL01-PR
578986;04/02/2024;domingo;16:00:00;RJ;40;123;DUQUE DE CAXIAS;Ausência de reação do condutor;Colisão traseira;Sem Vítimas;Pleno dia;Crescente;Chuva;Múltipla;Reta;Sim;2;0;0;0;2;0;0;2;-22,79907687;-43,29015739;SPRF-RJ;DEL01-RJ;UOP02-DEL01-RJ
578987;04/02/2024;domingo;17:15:00;RJ;116;119;MAGE;Condutor deixou de manter distância do veículo da frente;Colisão traseira;Com Vítimas Feridas;Anoitecer;Crescente;Chuva;Dupla;Reta;Não;3;0;1;0;2;0;1;2;-22,61573088;-43,03749507;SPRF-RJ;DEL04-RJ;UOP02-DEL04-RJ
578988;04/02/2024;domingo;13:00:00;MS;163;9;MUNDO NOVO;Manobra de mudança de faixa;Colisão lateral sentido oposto;Sem Vítimas;Pleno dia;Decrescente;Céu Claro;Simples;Reta;Não;4;0;0;0;4;0;0;2;-23,98707101;-54,33136162;SPRF-MS;DEL09-MS;UOP02-DEL09-MS
578990;04/02/2024;domingo;18:00:00;PR;116;100;SAO JOSE DOS PINHAIS;Trafegar com motocicleta (ou similar) entre as faixas;Queda de ocupante de veículo;Com Vítimas Feridas;Pleno dia;Crescente;Garoa/Chuvisco;Dupla;Reta;Sim;1;0;0;1;0;0;1;1;-25,56521;-49,161331;SPRF-PR;DEL01-PR;UOP07-DEL01-PR
578991;04/02/2024;domingo;18:00:00;PA;230;116;MARABA;Ausência de reação do condutor;Colisão lateral mesmo sentido;Com Vítimas Feridas;Plena Noite;Crescente;Céu Claro;Dupla;"Reta;Declive";Sim;2;0;1;0;1;0;1;2;-5,35947454;-49,08301084;SPRF-PA;DEL03-PA;UOP01-DEL03-PA