id;data_inversa;dia_semana;horario;uf;br;km;municipio;causa_acidente;tipo_acidente;classificacao_acidente;fase_dia;sentido_via;condicao_metereologica;tipo_pista;tracado_via;uso_solo;pessoas;mortos;feridos_leves;feridos_graves;ilesos;ignorados;feridos;veiculos;latitude;longitude;regional;delegacia;uop
579109;05/02/2024;segunda-feira;05:45:00;PR;277;620;CEU AZUL;Velocidade Incompatível;Saída de leito carroçável;Sem Vítimas;Amanhecer;Decrescente;Céu Claro;Simples;Reta;Não;1;0;0;0;1;0;0;1;-25,08307845;-53,71064083;SPRF-PR;DEL05-PR;UOP02-DEL05-PR
579110;05/02/2024;segunda-feira;07:45:00;PR;277;583;CASCAVEL;Trafegar com motocicleta (ou similar) entre as faixas;Colisão traseira;Com Vítimas Feridas;Pleno dia;Decrescente;Céu Claro;Dupla;Reta;Sim;3;0;2;0;1;0;2;3;-24,9671156;-53,4021489;SPRF-PR;DEL04-PR;UOP01-DEL04-PR
579111;05/02/2024;segunda-feira;08:10:00;ES;101;261,5;SERRA;Reação tardia ou ineficiente do condutor;Colisão com objeto;Com Vítimas Feridas;Pleno dia;Decrescente;Sol;Dupla;Reta;Sim;1;0;1;0;0;0;1;1;-20,14854215;-40,27970926;SPRF-ES;DEL02-ES;UOP01-DEL02-ES
579112;04/02/2024;domingo;22:45:00;PE;428;188,3;PETROLINA;Ausência de reação do condutor;Colisão lateral mesmo sentido;Com Vítimas Feridas;Plena Noite;Crescente;Céu Claro;Múltipla;"Viaduto;Interseção de Vias";Sim;2;0;1;0;1;0;1;2;-9,36400596;-40,48266808;SPRF-PE;DEL06-PE;UOP01-DEL06-PE
579113;05/02/2024;segunda-feira;07:45:00;RS;116;148,9;CAXIAS DO SUL;Mal súbito do condutor;Colisão traseira;Com Vítimas Feridas;Pleno dia;Decrescente;Sol;Dupla;Reta;Não;2;0;1;0;1;0;1;2;-29,15444539;-51,15101681;SPRF-RS;DEL05-RS;UOP01-DEL05-RS
579116;04/02/2024;domingo;19:31:00;PE;316;368;PETROLANDIA;Ultrapassagem Indevida;Colisão frontal;Com Vítimas Fatais;Plena Noite;Crescente;Céu Claro;Simples;Reta;Sim;2;1;1;0;0;0;1;2;-8,98756299;-38,21647593;SPRF-PE;DEL04-PE;UOP03-DEL04-PE
579117;05/02/2024;segunda-feira;07:20:00;GO;60;97;ANAPOLIS;Acessar a via sem observar a presença dos outros veículos;Colisão traseira;Com Vítimas Feridas;Pleno dia;Crescente;Céu Claro;Dupla;"Interseção de Vias;Reta";Sim;2;0;1;0;1;0;1;2;-16,375805;-48,947114;SPRF-GO;DEL02-GO;UOP01-DEL02-GO
579118;04/02/2024;domingo;02:30:00;CE;20;260;ITATIRA;Animais na Pista;Atropelamento de Animal;Com Vítimas Feridas;Plena Noite;Decrescente;Céu Claro;Simples;Reta;Não;1;0;1;0;0;0;1;1;-4,71137187;-39,46231418;SPRF-CE;DEL02-CE;UOP01-DEL02-CE
579120;05/02/2024;segunda-feira;00:30:00;RJ;356;178;SAO JOAO DA BARRA;Transitar no Acostamento;Atropelamento de Pedestre;Com Vítimas Feridas;Plena Noite;Crescente;Céu Claro;Simples;Reta;Não;5;0;4;1;0;0;5;2;-21,67599089;-41,05557024;SPRF-RJ;DEL08-RJ;UOP02-DEL08-RJ
579121;05/02/2024;segunda-feira;07:45:00;SC;470;148;AGRONOMICA;Ausência de reação do condutor;Colisão traseira;Com Vítimas Feridas;Pleno dia;Decrescente;Céu Claro;Simples;Reta;Não;6;0;4;0;2;0;4;2;-27,246288;-49,694355;SPRF-SC;DEL04-SC;UOP02-DEL04-SC
579122;05/02/2024;segunda-feira;08:20:00;BA;324;612;SALVADOR;Trafegar com motocicleta (ou similar) entre as faixas;Colisão lateral mesmo sentido;Com Vítimas Feridas;Pleno dia;Crescente;Céu Claro;Dupla;Reta;Sim;2;0;1;0;1;0;1;2;-12,84664721;-38,41741648;SPRF-BA;DEL01-BA;UOP01-DEL01-BA
579123;04/02/2024;domingo;22:30:00;RJ;116;41;TERESOPOLIS;Velocidade Incompatível;Atropelamento de Pedestre;Com Vítimas Feridas;Plena Noite;Crescente;Chuva;Simples;Reta;Não;2;0;1;0;1;0;1;2;-22,13943547;-42,78660142;SPRF-RJ;DEL04-RJ;UOP01-DEL04-RJ
579124;05/02/2024;segunda-feira;08:00:00;RS;101;80;OSORIO;Avarias e/ou desgaste excessivo no pneu;Queda de ocupante de veículo;Com Vítimas Feridas;Pleno dia;Crescente;Céu Claro;Dupla;Reta;Não;2;0;2;0;0;0;2;1;-29,8263459;-50,2482636;SPRF-RS;DEL03-RS;UOP01-DEL03-RS
579125;05/02/2024;segunda-feira;08:15:00;RS;285;297,3;PASSO FUNDO;Reação tardia ou ineficiente do condutor;Colisão traseira;Com Vítimas Feridas;Pleno dia;Decrescente;Sol;Simples;Reta;Sim;2;0;1;0;1;0;1;2;-28,23555299;-52,41504192;SPRF-RS;DEL08-RS;UOP03-DEL08-RS
579126;05/02/2024;segunda-feira;07:47:00;TO;153;336;GUARAI;Acessar a via sem observar a presença dos outros veículos;Colisão transversal;Com Vítimas Feridas;Pleno dia;Decrescente;Céu Claro;Simples;Interseção de Vias;Sim;2;0;1;0;1;0;1;2;-8,85386;-48,508884;SPRF-TO;DEL02-TO;UOP02-DEL02-TO
579128;05/02/2024;segunda-feira;08:30:00;GO;40;5;VALPARAISO DE GOIAS;Acessar a via sem observar a presença dos outros veículos;Colisão transversal;Com Vítimas Feridas;Pleno dia;Crescente;Céu Claro;Dupla;Reta;Sim;2;0;0;1;1;0;1;2;-16,093134;-47,982236;SPRF-DF;DEL01-DF;UOP01-DEL01-DF
579129;05/02/2024;segunda-feira;05:40:00;MG;116;665,2;SAO FRANCISCO DO GLORIA;Ingestão de álcool pelo condutor;Colisão frontal;Com Vítimas Feridas;Amanhecer;Decrescente;Nublado;Simples;Curva;Não;2;0;2;0;0;0;2;2;-20,82713698;-42,32223579;SPRF-MG;DEL07-MG;UOP02-DEL07-MG
579130;05/02/2024;segunda-feira;08:20:00;AL;316;245,2;ATALAIA;Acessar a via sem observar a presença dos outros veículos;Queda de ocupante de veículo;Com Vítimas Feridas;Pleno dia;Crescente;Céu Claro;Simples;Reta;Sim;2;0;0;1;1;0;1;2;-9,51787134;-35,99989354;SPRF-AL;DEL01-AL;UOP01-DEL01-AL
579131;05/02/2024;segunda-feira;08:30:00;PE;104;75;CARUARU;Ultrapassagem Indevida;Colisão frontal;Com Vítimas Fatais;Pleno dia;Crescente;Céu Claro;Simples;Reta;Não;3;2;0;0;0;1;0;3;-8,358562;-35,985699;SPRF-PE;DEL02-PE;UOP01-DEL02-PE
579132;05/02/2024;segunda-feira;08:50:00;SC;282;1,9;FLORIANOPOLIS;Reação tardia ou ineficiente do condutor;Colisão traseira;Com Vítimas Feridas;Pleno dia;Decrescente;Céu Claro;Múltipla;Reta;Sim;2;0;1;0;1;0;1;2;-27,602955;-48,580509;SPRF-SC;DEL01-SC;UOP01-DEL01-SC
579133;05/02/2024;segunda-feira;09:00:00;MG;365;575;INDIANOPOLIS;Acessar a via sem observar a presença dos outros veículos;Colisão transversal;Com Vítimas Feridas;Pleno dia;Crescente;Chuva;Simples;Reta;Não;5;0;4;0;1;0;4;2;-18,89688385;-47,91517084;SPRF-MG;DEL15-MG;UOP02-DEL15-MG
579135;05/02/2024;segunda-feira;09:10:00;RJ;116;174;SAO JOAO DE MERITI;Ausência de reação do condutor;Colisão com objeto;Com Vítimas Feridas;Pleno dia;Crescente;Céu Claro;Dupla;Reta;Sim;1;0;1;0;0;0;1;1;-22,79423806;-43,36403759;SPRF-RJ;DEL06-RJ;UOP01-DEL06-RJ
579136;05/02/2024;segunda-feira;07:10:00;RN;226;41,5;MACAIBA;Condutor deixou de manter distância do veículo da frente;Colisão traseira;Com Vítimas Feridas;Pleno dia;Crescente;Céu Claro;Simples;Curva;Não;4;0;1;1;1;1;2;3;-5,92839425;-35,54055377;SPRF-RN;DEL01-RN;UOP02-DEL01-RN
579137;05/02/2024;segunda-feira;08:50:00;CE;116;4;FORTALEZA;Ausência de reação do condutor;Colisão traseira;Sem Vítimas;Pleno dia;Decrescente;Céu Claro;Múltipla;Reta;Sim;3;0;0;0;1;2;0;2;-3,7867209;-38,5114568;SPRF-CE;DEL01-CE;UOP02-DEL01-CE
579138;05/02/2024;segunda-feira;07:00:00;RS;386;306,2;POUSO NOVO;Reação tardia ou ineficiente do condutor;Colisão com objeto;Com Vítimas Feridas;Pleno dia;Crescente;Nublado;Simples;"Curva;Declive";Não;2;0;1;0;1;0;1;1;-29,194696;-52,185722;SPRF-RS;DEL04-RS;UOP01-DEL04-RS
579140;05/02/2024;segunda-feira;04:00:00;PR;277;398;CANDOI;Reação tardia ou ineficiente do condutor;Saída de leito carroçável;Com Vítimas Feridas;Plena Noite;Decrescente;Céu Claro;Simples;Curva;Não;1;0;1;0;0;0;1;1;-25,46036906;-51,96008348;SPRF-PR;DEL08-PR;UOP01-DEL08-PR
579141;05/02/2024;segunda-feira;08:30:00;PE;104;75,7;CARUARU;Ausência de reação do condutor;Colisão com objeto;Com Vítimas Feridas;Pleno dia;Crescente;Céu Claro;Simples;Reta;Não;1;0;1;0;0;0;1;1;-8,358562;-35,985699;SPRF-PE;DEL02-PE;UOP01-DEL02-PE
579142;05/02/2024;segunda-feira;07:50:00;SC;280;17;SAO FRANCISCO DO SUL;Mal súbito do condutor;Colisão com objeto;Com Vítimas Feridas;Pleno dia;Crescente;Céu Claro;Dupla;Reta;Sim;1;0;1;0;0;0;1;1;-26,35609813;-48,66029868;SPRF-SC;DEL03-SC;UOP03-DEL03-SC
579144;05/02/2024;segunda-feira;08:00:00;MS;163;61;ELDORADO;Reação tardia ou ineficiente do condutor;Saída de leito carroçável;Com Vítimas Feridas;Pleno dia;Decrescente;Céu Claro;Simples;Reta;Não;1;0;1;0;0;0;1;1;-23,61499083;-54,22931826;SPRF-MS;DEL09-MS;UOP02-DEL09-MS
579146;05/02/2024;segunda-feira;08:18:00;SP;116;532;BARRA DO TURVO;Demais falhas mecânicas ou elétricas;Incêndio;Sem Vítimas;Pleno dia;Crescente;Céu Claro;Dupla;Reta;Não;1;0;0;0;1;0;0;1;-24,953383;-48,324095;SPRF-SP;DEL05-SP;UOP02-DEL05-SP
579147;05/02/2024;segunda-feira;10:00:00;SC;101;203,2;SAO JOSE;Desrespeitar a preferência no cruzamento;Colisão transversal;Com Vítimas Feridas;Pleno dia;Decrescente;Sol;Dupla;"Interseção de Vias;Rotatória";Sim;2;0;1;0;1;0;1;2;-27,56611274;-48,61304283;SPRF-SC;DEL01-SC;UOP01-DEL01-SC
579149;05/02/2024;segunda-feira;09:05:00;PB;101;14;MAMANGUAPE;Condutor Dormindo;Saída de leito carroçável;Com Vítimas Feridas;Pleno dia;Decrescente;Sol;Dupla;Reta;Não;2;0;2;0;0;0;2;1;-6,61713815;-35,13803934;SPRF-PB;DEL01-PB;UOP04-DEL01-PB
579151;05/02/2024;segunda-feira;10:10:00;MG;262;359;BETIM;Demais falhas mecânicas ou elétricas;Colisão traseira;Com Vítimas Feridas;Pleno dia;Crescente;Sol;Dupla;Reta;Sim;2;0;0;1;1;0;1;2;-19,9785035;-44,2537898;SPRF-MG;DEL01-MG;UOP03-DEL01-MG
579152;05/02/2024;segunda-feira;10:05:00;RJ;393;255;BARRA DO PIRAI;Demais falhas mecânicas ou elétricas;Incêndio;Sem Vítimas;Pleno dia;Crescente;Céu Claro;Simples;Reta;Sim;1;0;0;0;1;0;0;1;-22,45028541;-43,7987758;SPRF-RJ;DEL05-RJ;UOP04-DEL05-RJ
579153;05/02/2024;segunda-feira;10:00:00;PE;424;95;GARANHUNS;Reação tardia ou ineficiente do condutor;Colisão traseira;Com Vítimas Feridas;Pleno dia;Crescente;Céu Claro;Simples;Reta;Não;3;0;1;0;2;0;1;2;-8,92487901;-36,48949333;SPRF-PE;DEL03-PE;UOP01-DEL03-PE
579154;05/02/2024;segunda-feira;06:30:00;BA;101;604;MASCOTE;Transitar na contramão;Colisão frontal;Com Vítimas Fatais;Pleno dia;Crescente;Chuva;Simples;"Aclive;Reta";Não;4;2;0;1;0;1;1;2;-15,68838297;-39,4383318;SPRF-BA;DEL05-BA;UOP02-DEL05-BA
579155;05/02/2024;segunda-feira;09:20:00;BA;101;301;VALENCA;Transitar na contramão;Colisão frontal;Com Vítimas Feridas;Pleno dia;Crescente;Céu Claro;Simples;"Aclive;Curva";Não;7;0;1;2;4;0;3;3;-13,37206889;-39,3788512;SPRF-BA;DEL01-BA;UOP02-DEL01-BA
579156;04/02/2024;domingo;18:20:00;AM;230;590;HUMAITA;Pista Escorregadia;Saída de leito carroçável;Sem Vítimas;Anoitecer;Crescente;Chuva;Simples;Reta;Não;1;0;0;0;1;0;0;1;-7,54718106;-62,87869309;SPRF-AM;DEL01-AM;UOP05-DEL01-AM
579157;05/02/2024;segunda-feira;08:00:00;SC;470;1,4;NAVEGANTES;Desrespeitar a preferência no cruzamento;Colisão transversal;Com Vítimas Feridas;Pleno dia;Crescente;Céu Claro;Múltipla;Reta;Sim;2;0;2;0;0;0;2;2;-26,875383;-48,668285;SPRF-SC;DEL04-SC;UOP04-DEL04-SC
579159;05/02/2024;segunda-feira;07:55:00;CE;222;279,1;FRECHEIRINHA;Acessar a via sem observar a presença dos outros veículos;Colisão lateral mesmo sentido;Com Vítimas Fatais;Pleno dia;Decrescente;Céu Claro;Simples;Reta;Não;3;1;0;0;2;0;0;2;-3,750088;-40,81569;SPRF-CE;DEL04-CE;UOP02-DEL04-CE
579160;05/02/2024;segunda-feira;10:35:00;PR;277;4,6;FOZ DO IGUACU;Transtornos Mentais (exceto suicidio);Atropelamento de Pedestre;Com Vítimas Feridas;Pleno dia;Decrescente;Céu Claro;Dupla;Reta;Sim;2;0;1;0;1;0;1;2;-25,5469;-54,5882;SPRF-PR;DEL05-PR;UOP03-DEL05-PR
579161;05/02/2024;segunda-feira;11:40:00;RS;116;237;NOVO HAMBURGO;Trafegar com motocicleta (ou similar) entre as faixas;Colisão traseira;Sem Vítimas;Pleno dia;Decrescente;Céu Claro;Dupla;Reta;Sim;2;0;0;0;1;1;0;2;-29,67839398;-51,1422266;SPRF-RS;DEL01-RS;UOP02-DEL01-RS
579162;05/02/2024;segunda-feira;11:50:00;AP;210;1;MACAPA;Acesso irregular;Colisão lateral mesmo sentido;Sem Vítimas;Pleno dia;Crescente;Céu Claro;Dupla;Retorno Regulamentado;Sim;2;0;0;0;2;0;0;2;0,07816717;-51,06998693;SPRF-AP;DEL01-AP;UOP01-DEL01-AP
579164;05/02/2024;segunda-feira;12:11:00;RN;304;295;MACAIBA;Acesso irregular;Colisão transversal;Com Vítimas Feridas;Pleno dia;Crescente;Céu Claro;Dupla;"Reta;Em Obras";Sim;2;0;1;0;1;0;1;2;-5,86605927;-35,35822096;SPRF-RN;DEL01-RN;UOP02-DEL01-RN
579165;05/02/2024;segunda-feira;12:10:00;DF;80;19;BRASILIA;Manobra de mudança de faixa;Colisão lateral mesmo sentido;Com Vítimas Feridas;Pleno dia;Crescente;Céu Claro;Dupla;Reta;Sim;2;0;0;1;1;0;1;2;-15,675205;-48,204636;SPRF-DF;DEL03-DF;UOP02-DEL03-DF
579166;05/02/2024;segunda-feira;08:50:00;SP;116;228,5;GUARULHOS;Reação tardia ou ineficiente do condutor;Queda de ocupante de veículo;Sem Vítimas;Pleno dia;Crescente;Nublado;Múltipla;Reta;Sim;1;0;0;0;0;1;0;1;-23,50343484;-46,56638712;SPRF-SP;DEL01-SP;UOP01-DEL01-SP
579167;05/02/2024;segunda-feira;09:30:00;SP;116;211;GUARULHOS;Trafegar com motocicleta (ou similar) entre as faixas;Queda de ocupante de veículo;Com Vítimas Feridas;Pleno dia;Crescente;Céu Claro;Dupla;"Em Obras;Reta";Sim;1;0;1;0;0;0;1;1;-23,4324306;-46,4194352;SPRF-SP;DEL01-SP;UOP01-DEL01-SP
579168;05/02/2024;segunda-feira;12:10:00;SC;101;38,5;JOINVILLE;Desrespeitar a preferência no cruzamento;Colisão transversal;Com Vítimas Feridas;Pleno dia;Decrescente;Sol;Dupla;Interseção de Vias;Sim;2;0;0;1;1;0;1;2;-26,296366;-48,884204;SPRF-SC;DEL03-SC;UOP01-DEL03-SC
579169;05/02/2024;segunda-feira;12:00:00;BA;324;560;SAO SEBASTIAO DO PASSE;Manobra de mudança de faixa;Colisão lateral mesmo sentido;Sem Vítimas;Pleno dia;Decrescente;Céu Claro;Dupla;Reta;Não;2;0;0;0;2;0;0;2;-12,49250283;-38,65366887;SPRF-BA;DEL01-BA;UOP01-DEL01-BA
579170;05/02/2024;segunda-feira;12:00:00;AL;101;189,4;JUNQUEIRO;Acessar a via sem observar a presença dos outros veículos;Colisão transversal;Com Vítimas Feridas;Pleno dia;Crescente;Céu Claro;Simples;Reta;Sim;5;0;4;0;0;1;4;3;-9,91622613;-36,47311473;SPRF-AL;DEL02-AL;UOP02-DEL02-AL
579171;05/02/2024;segunda-feira;11:45:00;RO;364;11;VILHENA;Acessar a via sem observar a presença dos outros veículos;Colisão lateral mesmo sentido;Com Vítimas Feridas;Pleno dia;Crescente;Céu Claro;Dupla;Rotatória;Sim;2;0;1;0;1;0;1;2;-12,74605898;-60,11270299;SPRF-RO;DEL04-RO;UOP01-DEL04-RO
579172;05/02/2024;segunda-feira;11:26:00;SC;480;131;CHAPECO;Condutor deixou de manter distância do veículo da frente;Colisão traseira;Com Vítimas Feridas;Pleno dia;Crescente;Céu Claro;Dupla;"Curva;Em Obras;Desvio Temporário";Sim;3;0;1;0;2;0;1;2;-27,06314223;-52,63234636;SPRF-SC;DEL07-SC;UOP01-DEL07-SC
579175;05/02/2024;segunda-feira;10:37:00;MA;230;404,9;BALSAS;Acessar a via sem observar a presença dos outros veículos;Colisão transversal;Com Vítimas Feridas;Pleno dia;Crescente;Céu Claro;Simples;"Rotatória;Reta";Sim;3;0;2;0;1;0;2;2;-7,52197667;-46,04781216;SPRF-MA;DEL05-MA;UOP01-DEL05-MA
579177;05/02/2024;segunda-feira;12:39:00;SP;381;42,8;ATIBAIA;Ausência de reação do condutor;Colisão traseira;Com Vítimas Feridas;Pleno dia;Decrescente;Céu Claro;Dupla;Reta;Não;5;0;4;0;1;0;4;2;-23,147306;-46,57493202;SPRF-SP;DEL03-SP;UOP01-DEL03-SP
579178;05/02/2024;segunda-feira;01:30:00;MT;174;75;VILA BELA DA SANTISSIMA TRINDADE;Condutor Dormindo;Capotamento;Com Vítimas Feridas;Plena Noite;Crescente;Ignorado;Simples;Reta;Não;1;0;1;0;0;0;1;1;-15,02123034;-59,90530372;SPRF-MT;DEL04-MT;UOP01-DEL04-MT
579181;05/02/2024;segunda-feira;11:35:00;RJ;101;303;SAO GONCALO;Manobra de mudança de faixa;Colisão com objeto;Com Vítimas Feridas;Pleno dia;Decrescente;Céu Claro;Múltipla;Reta;Sim;5;0;1;0;2;2;1;3;-22,7828205;-42,9766681;SPRF-RJ;DEL02-RJ;UOP02-DEL02-RJ
579183;05/02/2024;segunda-feira;14:00:00;SP;116;221;GUARULHOS;Trafegar com motocicleta (ou similar) entre as faixas;Colisão lateral mesmo sentido;Com Vítimas Feridas;Pleno dia;Crescente;Céu Claro;Dupla;Reta;Sim;3;0;1;0;2;0;1;2;-23,46802395;-46,50704901;SPRF-SP;DEL01-SP;UOP01-DEL01-SP
579186;29/01/2024;segunda-feira;14:50:00;PE;408;92;SAO LOURENCO DA MATA;Reação tardia ou ineficiente do condutor;Colisão traseira;Com Vítimas Feridas;Pleno dia;Decrescente;Céu Claro;Dupla;"Aclive;Reta";Não;6;0;3;2;1;0;5;2;-7,99979861;-35,06313386;SPRF-PE;DEL01-PE;UOP01-DEL01-PE
579187;05/02/2024;segunda-feira;12:45:00;PR;369;400,4;JURANDA;Acumulo de areia ou detritos sobre o pavimento;Saída de leito carroçável;Com Vítimas Feridas;Pleno dia;Decrescente;Chuva;Simples;Curva;Não;3;0;1;0;2;0;1;1;-24,36429887;-52,75497437;SPRF-PR;DEL04-PR;UOP03-DEL04-PR
579189;05/02/2024;segunda-feira;15:10:00;RN;101;94,7;NATAL;Condutor deixou de manter distância do veículo da frente;Colisão traseira;Sem Vítimas;Pleno dia;Crescente;Céu Claro;Dupla;Reta;Sim;2;0;0;0;2;0;0;2;-5,83176615;-35,21191342;SPRF-RN;DEL01-RN;UOP01-DEL01-RN
579190;05/02/2024;segunda-feira;09:00:00;RJ;116;273;BARRA MANSA;Velocidade Incompatível;Tombamento;Com Vítimas Feridas;Pleno dia;Decrescente;Sol;Dupla;Curva;Não;1;0;1;0;0;0;1;1;-22,56100142;-44,13833993;SPRF-RJ;DEL07-RJ;UOP02-DEL07-RJ
579191;05/02/2024;segunda-feira;15:00:00;MG;153;133;PRATA;Demais falhas mecânicas ou elétricas;Saída de leito carroçável;Com Vítimas Feridas;Pleno dia;Decrescente;Chuva;Simples;"Reta;Aclive";Não;1;0;1;0;0;0;1;1;-19,50726701;-48,84613801;SPRF-MG;DEL15-MG;UOP03-DEL15-MG
579192;05/02/2024;segunda-feira;11:05:00;RJ;40;117;DUQUE DE CAXIAS;Objeto estático sobre o leito carroçável;Colisão com objeto;Com Vítimas Feridas;Pleno dia;Decrescente;Céu Claro;Múltipla;Reta;Sim;2;0;2;0;0;0;2;2;-22,745676;-43,2881;SPRF-RJ;DEL01-RJ;UOP02-DEL01-RJ
579193;05/02/2024;segunda-feira;15:25:00;RS;290;144;ELDORADO DO SUL;Acessar a via sem observar a presença dos outros veículos;Colisão transversal;Com Vítimas Feridas;Pleno dia;Decrescente;Céu Claro;Simples;Reta;Sim;2;0;2;0;0;0;2;2;-30,096939;-51,647282;SPRF-RS;DEL02-RS;UOP01-DEL02-RS
579194;05/02/2024;segunda-feira;15:00:00;GO;40;10;LUZIANIA;Trafegar com motocicleta (ou similar) entre as faixas;Colisão lateral mesmo sentido;Com Vítimas Feridas;Pleno dia;Crescente;Céu Claro;Dupla;Reta;Sim;2;0;0;1;1;0;1;2;-16,13263614;-47,95652032;SPRF-DF;DEL01-DF;UOP01-DEL01-DF
579197;05/02/2024;segunda-feira;14:00:00;MT;70;521;VARZEA GRANDE;Ultrapassagem Indevida;Colisão lateral sentido oposto;Com Vítimas Feridas;Pleno dia;Crescente;Nublado;Simples;Reta;Sim;2;0;1;0;1;0;1;2;-15,670593;-56,179966;SPRF-MT;DEL01-MT;UOP02-DEL01-MT
579201;05/02/2024;segunda-feira;16:10:00;SC;101;206,2;SAO JOSE;Reação tardia ou ineficiente do condutor;Colisão traseira;Com Vítimas Feridas;Pleno dia;Decrescente;Céu Claro;Dupla;Reta;Sim;2;0;1;0;1;0;1;2;-27,59193546;-48,61824557;SPRF-SC;DEL01-SC;UOP01-DEL01-SC
579204;05/02/2024;segunda-feira;16:30:00;RS;158;306;ITAARA;Acessar a via sem observar a presença dos outros veículos;Colisão traseira;Sem Vítimas;Pleno dia;Crescente;Céu Claro;Simples;"Curva;Aclive";Sim;2;0;0;0;2;0;0;2;-29,577898;-53,767208;SPRF-RS;DEL09-RS;UOP01-DEL09-RS
579206;05/02/2024;segunda-feira;08:10:00;RS;158;95;PALMEIRA DAS MISSOES;Acessar a via sem observar a presença dos outros veículos;Colisão transversal;Com Vítimas Feridas;Pleno dia;Crescente;Céu Claro;Simples;"Interseção de Vias;Rotatória";Não;2;0;1;0;1;0;1;2;-27,86667444;-53,3330692;SPRF-RS;DEL08-RS;UOP02-DEL08-RS
579207;05/02/2024;segunda-feira;16:20:00;BA;116;416;FEIRA DE SANTANA;Transitar na contramão;Colisão frontal;Com Vítimas Feridas;Pleno dia;Crescente;Céu Claro;Dupla;Reta;Sim;3;0;2;0;0;1;2;2;-12,168362;-38,964993;SPRF-BA;DEL02-BA;UOP01-DEL02-BA
579208;05/02/2024;segunda-feira;16:40:00;PI;316;310;PICOS;Ausência de reação do condutor;Colisão traseira;Sem Vítimas;Pleno dia;Decrescente;Céu Claro;Simples;Reta;Sim;3;0;0;0;3;0;0;2;-7,07639186;-41,47475001;SPRF-PI;DEL04-PI;UOP01-DEL04-PI
579209;05/02/2024;segunda-feira;16:55:00;SE;235;5,5;NOSSA SENHORA DO SOCORRO;Condutor deixou de manter distância do veículo da frente;Colisão traseira;Com Vítimas Feridas;Anoitecer;Crescente;Céu Claro;Dupla;Reta;Sim;4;0;2;0;2;0;2;2;-10,9041;-37,1278;SPRF-SE;DEL01-SE;UOP01-DEL01-SE
579210;05/02/2024;segunda-feira;15:30:00;BA;116;567;BREJOES;Desrespeitar a preferência no cruzamento;Colisão transversal;Com Vítimas Feridas;Pleno dia;Crescente;Céu Claro;Simples;Interseção de Vias;Não;9;0;3;0;6;0;3;2;-12,98625197;-39,94414505;SPRF-BA;DEL03-BA;UOP02-DEL03-BA
579211;05/02/2024;segunda-feira;17:14:00;RJ;101;469;ANGRA DOS REIS;Transitar na contramão;Tombamento;Com Vítimas Fatais;Pleno dia;Decrescente;Nublado;Simples;"Aclive;Curva";Não;3;1;2;0;0;0;2;2;-23,01160388;-44,23091089;SPRF-RJ;DEL03-RJ;UOP03-DEL03-RJ
579214;05/02/2024;segunda-feira;17:50:00;SP;101;50;UBATUBA;Acessar a via sem observar a presença dos outros veículos;Colisão transversal;Com Vítimas Feridas;Pleno dia;Crescente;Céu Claro;Simples;Reta;Sim;2;0;1;0;1;0;1;2;-23,45018939;-45,07743735;SPRF-SP;DEL06-SP;UOP01-DEL06-SP
579215;02/01/2024;terça-feira;13:30:00;RJ;493;2;ITABORAI;Transitar no Acostamento;Colisão lateral mesmo sentido;Com Vítimas Feridas;Pleno dia;Decrescente;Céu Claro;Dupla;Reta;Sim;3;0;2;0;1;0;2;2;-22,75950214;-42,93544822;SPRF-RJ;DEL02-RJ;UOP02-DEL02-RJ
579217;05/02/2024;segunda-feira;15:05:00;SC;101;333,4;TUBARAO;Condutor deixou de manter distância do veículo da frente;Colisão traseira;Com Vítimas Feridas;Pleno dia;Decrescente;Céu Claro;Múltipla;Reta;Sim;2;0;1;0;1;0;1;2;-28,46630107;-48,99653096;SPRF-SC;DEL02-SC;UOP01-DEL02-SC
579219;05/02/2024;segunda-feira;17:55:00;SC;116;246,9;LAGES;Desrespeitar a preferência no cruzamento;Colisão transversal;Com Vítimas Feridas;Pleno dia;Decrescente;Nublado;Simples;Rotatória;Sim;2;0;1;0;1;0;1;2;-27,81188263;-50,36785126;SPRF-SC;DEL05-SC;UOP02-DEL05-SC
579220;05/02/2024;segunda-feira;18:00:00;SC;101;212;PALHOCA;Trafegar com motocicleta (ou similar) entre as faixas;Colisão lateral mesmo sentido;Com Vítimas Feridas;Pleno dia;Crescente;Nublado;Múltipla;Reta;Sim;2;0;1;0;1;0;1;2;-27,62996929;-48,65903871;SPRF-SC;DEL01-SC;UOP02-DEL01-SC
579221;05/02/2024;segunda-feira;17:45:00;SP;101;52;UBATUBA;Desrespeitar a preferência no cruzamento;Colisão transversal;Com Vítimas Feridas;Anoitecer;Decrescente;Céu Claro;Simples;Rotatória;Sim;4;0;1;0;3;0;1;2;-23,4623355;-45,06476561;SPRF-SP;DEL06-SP;UOP01-DEL06-SP
579222;05/02/2024;segunda-feira;18:00:00;DF;20;15;BRASILIA;Frear bruscamente;Capotamento;Com Vítimas Feridas;Anoitecer;Crescente;Céu Claro;Múltipla;Reta;Não;5;0;5;0;0;0;5;1;-15,630189;-47,733288;SPRF-DF;DEL02-DF;UOP01-DEL02-DF