id;data_inversa;dia_semana;horario;uf;br;km;municipio;causa_acidente;tipo_acidente;classificacao_acidente;fase_dia;sentido_via;condicao_metereologica;tipo_pista;tracado_via;uso_solo;pessoas;mortos;feridos_leves;feridos_graves;ilesos;ignorados;feridos;veiculos;latitude;longitude;regional;delegacia;uop
579626;07/02/2024;quarta-feira;17:38:00;MA;135;12,7;SAO LUIS;Entrada inopinada do pedestre;Atropelamento de Pedestre;Com Vítimas Feridas;Anoitecer;Decrescente;Nublado;Simples;"Retorno Regulamentado;Reta";Sim;2;0;1;0;1;0;1;2;-2,67223553;-44,29173767;SPRF-MA;DEL01-MA;UOP01-DEL01-MA
579627;07/02/2024;quarta-feira;18:00:00;SC;101;215,7;PALHOCA;Reação tardia ou ineficiente do condutor;Tombamento;Com Vítimas Feridas;Anoitecer;Crescente;Céu Claro;Múltipla;"Reta;Declive";Sim;1;0;0;1;0;0;1;1;-27,65184843;-48,67604941;SPRF-SC;DEL01-SC;UOP02-DEL01-SC
579628;07/02/2024;quarta-feira;17:30:00;PR;376;175;MARINGA;Pedestre cruzava a pista fora da faixa;Atropelamento de Pedestre;Com Vítimas Feridas;Pleno dia;Decrescente;Nublado;Múltipla;Reta;Sim;2;0;1;1;0;0;2;2;-23,4113569;-51,9407767;SPRF-PR;DEL09-PR;UOP01-DEL09-PR
579629;07/02/2024;quarta-feira;16:40:00;SC;101;134,3;BALNEARIO CAMBORIU;Acessar a via sem observar a presença dos outros veículos;Colisão transversal;Com Vítimas Feridas;Pleno dia;Decrescente;Céu Claro;Dupla;Reta;Sim;2;0;1;0;1;0;1;2;-27,00218;-48,636433;SPRF-SC;DEL04-SC;UOP03-DEL04-SC
579630;07/02/2024;quarta-feira;18:20:00;ES;101;267,9;SERRA;Reação tardia ou ineficiente do condutor;Colisão transversal;Com Vítimas Feridas;Anoitecer;Crescente;Céu Claro;Múltipla;"Retorno Regulamentado;Reta";Sim;2;0;2;0;0;0;2;2;-20,19930999;-40,26884609;SPRF-ES;DEL02-ES;UOP01-DEL02-ES
579635;07/02/2024;quarta-feira;16:55:00;RJ;40;121;DUQUE DE CAXIAS;Manobra de mudança de faixa;Colisão transversal;Com Vítimas Feridas;Pleno dia;Decrescente;Céu Claro;Múltipla;Reta;Não;4;0;2;0;2;0;2;2;-22,78185499;-43,28571273;SPRF-RJ;DEL01-RJ;UOP02-DEL01-RJ
579638;02/02/2024;sexta-feira;00:35:00;MS;359;210;COXIM;Condutor Dormindo;Tombamento;Com Vítimas Feridas;Plena Noite;Crescente;Nublado;Simples;Reta;Não;1;0;1;0;0;0;1;1;-18,47101612;-54,56250897;SPRF-MS;DEL06-MS;UOP01-DEL06-MS
579639;07/02/2024;quarta-feira;18:50:00;PE;232;18,6;JABOATAO DOS GUARARAPES;Entrada inopinada do pedestre;Atropelamento de Pedestre;Com Vítimas Feridas;Plena Noite;Crescente;Céu Claro;Dupla;Reta;Não;2;0;2;0;0;0;2;2;-8,09696393;-35,054484;SPRF-PE;DEL01-PE;UOP01-DEL01-PE
579640;07/02/2024;quarta-feira;18:30:00;PR;277;622,5;CEU AZUL;Ultrapassagem Indevida;Colisão lateral sentido oposto;Com Vítimas Feridas;Anoitecer;Decrescente;Céu Claro;Simples;Reta;Não;2;0;1;0;1;0;1;2;-25,09721181;-53,73467528;SPRF-PR;DEL05-PR;UOP02-DEL05-PR
579641;07/02/2024;quarta-feira;19:10:00;SE;235;32,9;AREIA BRANCA;Condutor deixou de manter distância do veículo da frente;Colisão traseira;Com Vítimas Feridas;Plena Noite;Crescente;Nublado;Simples;"Reta;Declive";Sim;2;0;0;1;1;0;1;2;-10,769286;-37,299343;SPRF-SE;DEL01-SE;UOP02-DEL01-SE
579642;07/02/2024;quarta-feira;18:00:00;PR;277;96,7;CURITIBA;Acessar a via sem observar a presença dos outros veículos;Colisão frontal;Sem Vítimas;Anoitecer;Crescente;Nublado;Simples;Interseção de Vias;Sim;3;0;0;0;1;2;0;2;-25,43029049;-49,33679683;SPRF-PR;DEL01-PR;UOP06-DEL01-PR
579643;07/02/2024;quarta-feira;18:00:00;RJ;101;325;NITEROI;Trafegar com motocicleta (ou similar) entre as faixas;Colisão lateral mesmo sentido;Com Vítimas Feridas;Anoitecer;Decrescente;Céu Claro;Dupla;"Reta;Declive";Não;2;0;1;0;1;0;1;2;-22,87292569;-43,13625699;SPRF-RJ;DEL02-RJ;UOP01-DEL02-RJ
579644;07/02/2024;quarta-feira;18:15:00;RN;226;323,9;MESSIAS TARGINO;Acessar a via sem observar a presença dos outros veículos;Colisão transversal;Com Vítimas Feridas;Plena Noite;Crescente;Céu Claro;Simples;Interseção de Vias;Sim;3;0;1;1;1;0;2;2;-6,07551242;-37,5175488;SPRF-RN;DEL04-RN;UOP01-DEL04-RN
579647;07/02/2024;quarta-feira;18:50:00;PE;232;5,4;RECIFE;Demais falhas na via;Colisão com objeto;Com Vítimas Feridas;Plena Noite;Decrescente;Céu Claro;Dupla;Em Obras;Não;1;0;1;0;0;0;1;1;-8,06795766;-34,94535414;SPRF-PE;DEL01-PE;UOP01-DEL01-PE
579652;07/02/2024;quarta-feira;19:44:00;ES;101;94,7;JAGUARE;Iluminação deficiente;Colisão frontal;Com Vítimas Fatais;Plena Noite;Decrescente;Céu Claro;Simples;"Aclive;Reta";Sim;3;1;1;0;0;1;1;3;-18,93086484;-39,97180828;SPRF-ES;DEL04-ES;UOP02-DEL04-ES
579653;07/02/2024;quarta-feira;19:30:00;PE;101;60;RECIFE;Acessar a via sem observar a presença dos outros veículos;Colisão lateral mesmo sentido;Com Vítimas Feridas;Plena Noite;Decrescente;Céu Claro;Dupla;Reta;Sim;2;0;1;0;1;0;1;2;-7,98344307;-34,93176727;SPRF-PE;DEL01-PE;UOP02-DEL01-PE
579654;07/02/2024;quarta-feira;19:30:00;SP;153;114,6;JOSE BONIFACIO;Ausência de reação do condutor;Colisão lateral sentido oposto;Com Vítimas Feridas;Plena Noite;Crescente;Chuva;Simples;Reta;Não;2;0;0;1;1;0;1;2;-21,12117412;-49,69084075;SPRF-SP;DEL09-SP;UOP01-DEL09-SP
579656;07/02/2024;quarta-feira;19:30:00;SC;101;205,6;SAO JOSE;Trafegar com motocicleta (ou similar) entre as faixas;Colisão lateral mesmo sentido;Com Vítimas Feridas;Plena Noite;Crescente;Céu Claro;Múltipla;Reta;Sim;2;0;1;0;1;0;1;2;-27,59193546;-48,61824557;SPRF-SC;DEL01-SC;UOP01-DEL01-SC
579657;07/02/2024;quarta-feira;18:00:00;PB;101;86;JOAO PESSOA;Condutor deixou de manter distância do veículo da frente;Tombamento;Com Vítimas Feridas;Plena Noite;Crescente;Céu Claro;Dupla;Reta;Sim;1;0;0;1;0;0;1;1;-7,15118983;-34,91012184;SPRF-PB;DEL01-PB;UOP01-DEL01-PB
579658;07/02/2024;quarta-feira;18:10:00;SC;101;317;PESCARIA BRAVA;Acessar a via sem observar a presença dos outros veículos;Atropelamento de Pedestre;Com Vítimas Feridas;Anoitecer;Decrescente;Nublado;Dupla;Curva;Sim;2;0;0;1;1;0;1;2;-28,42708421;-48,85211624;SPRF-SC;DEL02-SC;UOP01-DEL02-SC
579659;07/02/2024;quarta-feira;18:05:00;PR;116;88;PIRAQUARA;Ausência de reação do condutor;Saída de leito carroçável;Com Vítimas Feridas;Pleno dia;Decrescente;Céu Claro;Dupla;Reta;Não;1;0;0;1;0;0;1;1;-25,44781497;-49,09096994;SPRF-PR;DEL01-PR;UOP07-DEL01-PR
579660;07/02/2024;quarta-feira;20:00:00;RJ;101;65,5;CAMPOS DOS GOYTACAZES;Demais falhas na via;Tombamento;Com Vítimas Feridas;Plena Noite;Crescente;Céu Claro;Dupla;Reta;Sim;2;0;1;0;1;0;1;1;-21,75371806;-41,344292;SPRF-RJ;DEL08-RJ;UOP02-DEL08-RJ
579661;07/02/2024;quarta-feira;20:00:00;RS;116;363;TAPES;Reação tardia ou ineficiente do condutor;Saída de leito carroçável;Com Vítimas Feridas;Plena Noite;Decrescente;Ignorado;Simples;Reta;Não;1;0;1;0;0;0;1;1;-30,64814964;-51,56101323;SPRF-RS;DEL02-RS;UOP02-DEL02-RS
579662;07/02/2024;quarta-feira;20:00:00;RJ;493;104;SEROPEDICA;Demais falhas mecânicas ou elétricas;Queda de ocupante de veículo;Com Vítimas Feridas;Plena Noite;Decrescente;Céu Claro;Dupla;Reta;Não;2;0;2;0;0;0;2;1;-22,74167299;-43,72249603;SPRF-RJ;DEL01-RJ;UOP03-DEL01-RJ
579665;07/02/2024;quarta-feira;18:00:00;BA;110;268;INHAMBUPE;Transitar na contramão;Colisão frontal;Com Vítimas Feridas;Plena Noite;Crescente;Céu Claro;Simples;Reta;Não;2;0;0;1;1;0;1;2;-11,63097099;-38,3021182;SPRF-BA;DEL01-BA;UOP04-DEL01-BA
579667;07/02/2024;quarta-feira;20:07:00;RO;319;54;PORTO VELHO;Velocidade Incompatível;Capotamento;Com Vítimas Feridas;Plena Noite;Crescente;Céu Claro;Simples;"Curva;Declive";Não;2;0;1;0;1;0;1;1;-8,74350592;-63,94936497;SPRF-RO;DEL01-RO;UOP01-DEL01-RO
579668;07/02/2024;quarta-feira;19:00:00;MA;402;4,3;ROSARIO;Reação tardia ou ineficiente do condutor;Colisão lateral sentido oposto;Sem Vítimas;Plena Noite;Crescente;Ignorado;Simples;Reta;Não;4;0;0;0;3;1;0;2;-2,953501;-44,290794;SPRF-MA;DEL01-MA;UOP01-DEL01-MA
579670;07/02/2024;quarta-feira;21:30:00;CE;116;10;FORTALEZA;Condutor deixou de manter distância do veículo da frente;Colisão traseira;Com Vítimas Feridas;Plena Noite;Decrescente;Nublado;Múltipla;Reta;Sim;3;0;2;0;1;0;2;2;-3,8359056;-38,50252569;SPRF-CE;DEL01-CE;UOP02-DEL01-CE
579671;07/02/2024;quarta-feira;18:00:00;MG;116;543;SANTA BARBARA DO LESTE;Ausência de reação do condutor;Saída de leito carroçável;Com Vítimas Feridas;Pleno dia;Crescente;Céu Claro;Simples;Reta;Não;3;0;3;0;0;0;3;1;-19,91184896;-42,1350328;SPRF-MG;DEL06-MG;UOP02-DEL06-MG
579672;07/02/2024;quarta-feira;20:20:00;PE;316;232;BELEM DE SAO FRANCISCO;Animais na Pista;Atropelamento de Animal;Com Vítimas Feridas;Plena Noite;Crescente;Céu Claro;Simples;Reta;Não;1;0;0;1;0;0;1;1;-8,6573448;-39,0107999;SPRF-PE;DEL05-PE;UOP03-DEL05-PE
579673;07/02/2024;quarta-feira;20:20:00;SC;101;128;ITAJAI;Reação tardia ou ineficiente do condutor;Colisão traseira;Com Vítimas Feridas;Plena Noite;Decrescente;Nublado;Dupla;Reta;Não;3;0;1;0;2;0;1;2;-26,97284292;-48,68299451;SPRF-SC;DEL04-SC;UOP04-DEL04-SC
579674;07/02/2024;quarta-feira;18:00:00;RJ;116;89,6;TERESOPOLIS;Velocidade Incompatível;Colisão com objeto;Com Vítimas Feridas;Anoitecer;Crescente;Chuva;Simples;"Curva;Declive";Não;1;0;1;0;0;0;1;1;-22,45706098;-42,96221791;SPRF-RJ;DEL04-RJ;UOP01-DEL04-RJ
579675;07/02/2024;quarta-feira;22:00:00;AL;316;253;PILAR;Ausência de reação do condutor;Saída de leito carroçável;Com Vítimas Feridas;Plena Noite;Decrescente;Céu Claro;Simples;Reta;Não;2;0;2;0;0;0;2;1;-9,57899213;-35,96164121;SPRF-AL;DEL02-AL;UOP01-DEL02-AL
579676;07/02/2024;quarta-feira;17:30:00;MS;267;631,6;PORTO MURTINHO;Ausência de reação do condutor;Saída de leito carroçável;Com Vítimas Feridas;Pleno dia;Crescente;Nublado;Simples;"Curva;Declive";Não;2;0;1;0;1;0;1;1;-21,75308536;-57,39217129;SPRF-MS;DEL05-MS;UOP01-DEL05-MS
579677;07/02/2024;quarta-feira;18:20:00;RJ;116;45,8;TERESOPOLIS;Velocidade Incompatível;Colisão frontal;Com Vítimas Feridas;Pleno dia;Decrescente;Chuva;Simples;Curva;Não;3;0;2;0;1;0;2;2;-22,16311405;-42,81414095;SPRF-RJ;DEL04-RJ;UOP01-DEL04-RJ
579679;07/02/2024;quarta-feira;22:40:00;RN;304;299,2;MACAIBA;Pedestre andava na pista;Tombamento;Com Vítimas Feridas;Plena Noite;Crescente;Céu Claro;Dupla;Reta;Não;3;0;2;0;1;0;2;3;-5,87095859;-35,32359587;SPRF-RN;DEL01-RN;UOP02-DEL01-RN
579680;07/02/2024;quarta-feira;20:20:00;SC;282;225,9;LAGES;Demais falhas mecânicas ou elétricas;Saída de leito carroçável;Com Vítimas Feridas;Plena Noite;Crescente;Nublado;Simples;Reta;Não;1;0;1;0;0;0;1;1;-27,794176;-50,379559;SPRF-SC;DEL05-SC;UOP02-DEL05-SC
579682;07/02/2024;quarta-feira;20:50:00;PE;408;84,4;PAUDALHO;Acumulo de areia ou detritos sobre o pavimento;Colisão com objeto;Com Vítimas Feridas;Plena Noite;Decrescente;Céu Claro;Múltipla;"Aclive;Em Obras;Curva";Não;1;0;1;0;0;0;1;1;-7,954063;-35,107303;SPRF-PE;DEL01-PE;UOP01-DEL01-PE
579683;07/02/2024;quarta-feira;21:10:00;SC;101;106,6;PENHA;Condutor deixou de manter distância do veículo da frente;Colisão traseira;Com Vítimas Feridas;Plena Noite;Crescente;Nublado;Múltipla;Reta;Não;3;0;2;0;1;0;2;2;-26,81031601;-48,68293896;SPRF-SC;DEL03-SC;UOP02-DEL03-SC
579684;07/02/2024;quarta-feira;22:30:00;SC;280;129;RIO NEGRINHO;Transitar na contramão;Colisão frontal;Com Vítimas Feridas;Plena Noite;Crescente;Céu Claro;Simples;Reta;Não;6;0;1;0;5;0;1;2;-26,24586437;-49,52284615;SPRF-SC;DEL06-SC;UOP03-DEL06-SC
579685;07/02/2024;quarta-feira;22:14:00;BA;367;29,5;PORTO SEGURO;Transitar na contramão;Colisão frontal;Com Vítimas Feridas;Plena Noite;Decrescente;Céu Claro;Simples;Curva;Sim;2;0;0;1;0;1;1;2;-16,41635076;-39,11793376;SPRF-BA;DEL09-BA;UOP03-DEL09-BA
579686;07/02/2024;quarta-feira;20:50:00;RO;364;523;ARIQUEMES;Ausência de reação do condutor;Saída de leito carroçável;Com Vítimas Feridas;Plena Noite;Decrescente;Nublado;Simples;Reta;Não;2;0;1;0;1;0;1;1;-9,85234299;-63,05883787;SPRF-RO;DEL03-RO;UOP01-DEL03-RO
579687;07/02/2024;quarta-feira;23:30:00;SP;101;50,4;UBATUBA;Acessar a via sem observar a presença dos outros veículos;Colisão transversal;Com Vítimas Feridas;Plena Noite;Decrescente;Céu Claro;Simples;Reta;Sim;3;0;1;0;2;0;1;2;-23,45627795;-45,07111896;SPRF-SP;DEL06-SP;UOP01-DEL06-SP
579688;07/02/2024;quarta-feira;23:30:00;TO;153;672;GURUPI;Reação tardia ou ineficiente do condutor;Atropelamento de Animal;Com Vítimas Feridas;Plena Noite;Crescente;Céu Claro;Dupla;Reta;Sim;1;0;1;0;0;0;1;1;-11,72948104;-49,07908783;SPRF-TO;DEL01-TO;UOP02-DEL01-TO
579689;07/02/2024;quarta-feira;23:30:00;BA;20;145;SAO DESIDERIO;Velocidade Incompatível;Colisão com objeto;Com Vítimas Fatais;Plena Noite;Crescente;Chuva;Simples;"Declive;Curva";Não;36;1;0;20;15;0;20;1;-12,682075;-45,931477;SPRF-BA;DEL10-BA;UOP01-DEL10-BA
579690;07/02/2024;quarta-feira;23:40:00;GO;70;6;AGUAS LINDAS DE GOIAS;Condutor deixou de manter distância do veículo da frente;Colisão traseira;Com Vítimas Feridas;Plena Noite;Crescente;Chuva;Dupla;Reta;Sim;2;0;1;0;1;0;1;2;-15,75683677;-48,25464732;SPRF-DF;DEL03-DF;UOP02-DEL03-DF
579692;07/02/2024;quarta-feira;22:55:00;PR;277;671,5;MEDIANEIRA;Demais falhas mecânicas ou elétricas;Saída de leito carroçável;Com Vítimas Feridas;Plena Noite;Crescente;Céu Claro;Dupla;Reta;Sim;1;0;0;1;0;0;1;1;-25,28490106;-54,08744898;SPRF-PR;DEL05-PR;UOP02-DEL05-PR
579693;07/02/2024;quarta-feira;22:30:00;MG;153;206;FRUTAL;Ingestão de álcool pelo condutor;Saída de leito carroçável;Com Vítimas Feridas;Plena Noite;Decrescente;Chuva;Simples;Reta;Não;1;0;1;0;0;0;1;1;-20,04426296;-49,05052728;SPRF-MG;DEL13-MG;UOP02-DEL13-MG
579694;08/02/2024;quinta-feira;00:10:00;RS;116;232;ESTANCIA VELHA;Velocidade Incompatível;Colisão com objeto;Com Vítimas Feridas;Plena Noite;Decrescente;Céu Claro;Simples;Curva;Não;2;0;1;0;1;0;1;1;-29,63300002;-51,14325106;SPRF-RS;DEL01-RS;UOP02-DEL01-RS
579697;08/02/2024;quinta-feira;02:00:00;PR;153;335;IRATI;Ausência de reação do condutor;Tombamento;Com Vítimas Feridas;Plena Noite;Decrescente;Céu Claro;Simples;Reta;Sim;1;0;1;0;0;0;1;1;-25,48894141;-50,64508883;SPRF-PR;DEL08-PR;UOP02-DEL08-PR
579698;07/02/2024;quarta-feira;20:50:00;PE;408;84,4;PAUDALHO;Acumulo de areia ou detritos sobre o pavimento;Queda de ocupante de veículo;Com Vítimas Feridas;Plena Noite;Decrescente;Céu Claro;Dupla;"Aclive;Em Obras;Curva";Não;1;0;1;0;0;0;1;1;-7,95123498;-35,10915987;SPRF-PE;DEL01-PE;UOP01-DEL01-PE
579699;08/02/2024;quinta-feira;03:45:00;GO;153;433;ANAPOLIS;Ingestão de álcool pelo condutor;Colisão com objeto;Sem Vítimas;Plena Noite;Crescente;Chuva;Dupla;Reta;Sim;1;0;0;0;0;1;0;1;-16,270597;-48,975418;SPRF-GO;DEL02-GO;UOP01-DEL02-GO
579703;07/02/2024;quarta-feira;19:00:00;MT;163;934;ITAUBA;Reação tardia ou ineficiente do condutor;Saída de leito carroçável;Sem Vítimas;Plena Noite;Crescente;Céu Claro;Simples;Reta;Não;1;0;0;0;1;0;0;1;-11,13682296;-55,31295921;SPRF-MT;DEL06-MT;UOP02-DEL06-MT
579706;07/02/2024;quarta-feira;17:20:00;BA;101;497;ITABUNA;Demais falhas mecânicas ou elétricas;Queda de ocupante de veículo;Com Vítimas Feridas;Pleno dia;Decrescente;Céu Claro;Simples;"Aclive;Reta";Não;1;0;1;0;0;0;1;1;-14,740686;-39,329771;SPRF-BA;DEL05-BA;UOP01-DEL05-BA
579707;08/02/2024;quinta-feira;05:21:00;TO;153;141;ARAGUAINA;Ingestão de álcool pelo condutor;Atropelamento de Pedestre;Com Vítimas Fatais;Amanhecer;Crescente;Céu Claro;Dupla;Reta;Sim;4;1;0;0;1;2;0;3;-7,175959;-48,219548;SPRF-TO;DEL02-TO;UOP01-DEL02-TO
579708;07/02/2024;quarta-feira;23:30:00;PR;163;267;TOLEDO;Condutor deixou de manter distância do veículo da frente;Colisão traseira;Sem Vítimas;Plena Noite;Decrescente;Céu Claro;Dupla;Reta;Não;2;0;0;0;2;0;0;2;-24,6318893;-53,87961212;SPRF-PR;DEL06-PR;UOP02-DEL06-PR
579710;08/02/2024;quinta-feira;06:30:00;PR;277;560,5;CASCAVEL;Avarias e/ou desgaste excessivo no pneu;Tombamento;Com Vítimas Feridas;Pleno dia;Decrescente;Céu Claro;Simples;Curva;Não;2;0;1;0;1;0;1;1;-25,0690669;-53,20791197;SPRF-PR;DEL04-PR;UOP04-DEL04-PR
579711;08/02/2024;quinta-feira;05:00:00;GO;60;376;RIO VERDE;Animais na Pista;Colisão com objeto;Com Vítimas Feridas;Plena Noite;Crescente;Nublado;Dupla;Declive;Não;1;0;0;1;0;0;1;1;-17,7311;-50,8695;SPRF-GO;DEL04-GO;UOP02-DEL04-GO
579713;08/02/2024;quinta-feira;04:35:00;RJ;101;187,9;CASIMIRO DE ABREU;Reação tardia ou ineficiente do condutor;Saída de leito carroçável;Com Vítimas Feridas;Amanhecer;Crescente;Céu Claro;Simples;Reta;Não;2;0;2;0;0;0;2;1;-22,448856;-42,052364;SPRF-RJ;DEL08-RJ;UOP04-DEL08-RJ
579714;07/02/2024;quarta-feira;22:00:00;RJ;40;119;DUQUE DE CAXIAS;Transitar na contramão;Colisão frontal;Com Vítimas Feridas;Plena Noite;Decrescente;Céu Claro;Simples;"Curva;Retorno Regulamentado;Viaduto";Sim;2;0;1;0;1;0;1;2;-22,76375592;-43,28683062;SPRF-RJ;DEL01-RJ;UOP02-DEL01-RJ
579715;08/02/2024;quinta-feira;05:50:00;RJ;495;31;PETROPOLIS;Condutor Dormindo;Colisão traseira;Com Vítimas Feridas;Pleno dia;Crescente;Céu Claro;Simples;Curva;Não;4;0;1;0;1;2;1;3;-22,3860498;-43,12652349;SPRF-RJ;DEL05-RJ;UOP02-DEL05-RJ
579716;08/02/2024;quinta-feira;01:20:00;MG;262;821;UBERABA;Avarias e/ou desgaste excessivo no pneu;Capotamento;Sem Vítimas;Plena Noite;Crescente;Céu Claro;Simples;Reta;Não;1;0;0;0;0;1;0;1;-19,762056;-48,138805;SPRF-MG;DEL13-MG;UOP01-DEL13-MG
579717;08/02/2024;quinta-feira;06:30:00;MS;163;750;COXIM;Demais falhas mecânicas ou elétricas;Tombamento;Com Vítimas Feridas;Amanhecer;Crescente;Céu Claro;Simples;"Reta;Declive";Não;2;0;2;0;0;0;2;1;-18,347344;-54,66531613;SPRF-MS;DEL06-MS;UOP01-DEL06-MS
579720;08/02/2024;quinta-feira;07:40:00;RS;290;91;PORTO ALEGRE;Ausência de reação do condutor;Colisão traseira;Com Vítimas Feridas;Pleno dia;Crescente;Céu Claro;Simples;Reta;Não;2;0;1;0;1;0;1;2;-29,969055;-51,167439;SPRF-RS;DEL01-RS;UOP01-DEL01-RS
579721;08/02/2024;quinta-feira;07:50:00;SP;116;210;GUARULHOS;Trafegar com motocicleta (ou similar) entre as faixas;Queda de ocupante de veículo;Com Vítimas Feridas;Pleno dia;Crescente;Céu Claro;Múltipla;Reta;Sim;1;0;1;0;0;0;1;1;-23,42222263;-46,3932771;SPRF-SP;DEL01-SP;UOP01-DEL01-SP
579722;07/01/2024;domingo;09:30:00;MG;381;429;SABARA;Ausência de reação do condutor;Saída de leito carroçável;Com Vítimas Feridas;Pleno dia;Crescente;Céu Claro;Simples;Curva;Não;3;0;1;2;0;0;3;1;-19,78663743;-43,71433695;SPRF-MG;DEL01-MG;UOP01-DEL01-MG
579725;08/02/2024;quinta-feira;07:50:00;RS;472;578;URUGUAIANA;Acessar a via sem observar a presença dos outros veículos;Colisão lateral mesmo sentido;Com Vítimas Feridas;Pleno dia;Decrescente;Céu Claro;Simples;"Reta;Interseção de Vias";Não;4;0;1;0;3;0;1;2;-29,7671399;-57,018372;SPRF-RS;DEL13-RS;UOP01-DEL13-RS
579726;08/02/2024;quinta-feira;08:00:00;PR;116;116;CURITIBA;Manobra de mudança de faixa;Colisão lateral mesmo sentido;Com Vítimas Feridas;Pleno dia;Decrescente;Céu Claro;Dupla;"Reta;Aclive";Sim;2;0;1;0;1;0;1;2;-25,55468195;-49,27402397;SPRF-PR;DEL01-PR;UOP03-DEL01-PR
579729;08/02/2024;quinta-feira;08:15:00;SC;101;201;SAO JOSE;Reação tardia ou ineficiente do condutor;Tombamento;Com Vítimas Feridas;Pleno dia;Crescente;Céu Claro;Múltipla;Reta;Sim;1;0;1;0;0;0;1;1;-27,54836599;-48,61977975;SPRF-SC;DEL01-SC;UOP01-DEL01-SC
579733;08/02/2024;quinta-feira;07:50:00;PE;101;51;ABREU E LIMA;Reação tardia ou ineficiente do condutor;Colisão traseira;Com Vítimas Feridas;Pleno dia;Crescente;Céu Claro;Dupla;Reta;Sim;3;0;2;0;1;0;2;2;-7,92136;-34,893792;SPRF-PE;DEL01-PE;UOP02-DEL01-PE
579734;08/02/2024;quinta-feira;08:20:00;MG;50;55,8;UBERLANDIA;Ausência de reação do condutor;Saída de leito carroçável;Com Vítimas Feridas;Pleno dia;Crescente;Nublado;Dupla;"Aclive;Curva";Não;1;0;1;0;0;0;1;1;-18,77290538;-48,24124319;SPRF-MG;DEL15-MG;UOP02-DEL15-MG
579735;08/02/2024;quinta-feira;00:20:00;BA;407;196;PONTO NOVO;Manobra de mudança de faixa;Colisão frontal;Com Vítimas Fatais;Plena Noite;Decrescente;Céu Claro;Simples;Reta;Não;2;1;0;0;0;1;0;2;-11,07047818;-40,08305351;SPRF-BA;DEL04-BA;UOP02-DEL04-BA
579736;08/02/2024;quinta-feira;04:10:00;SC;470;348,9;CAMPOS NOVOS;Condutor Dormindo;Saída de leito carroçável;Com Vítimas Feridas;Amanhecer;Decrescente;Céu Claro;Simples;"Reta;Aclive";Não;2;0;2;0;0;0;2;1;-27,549749;-51,453571;SPRF-SC;DEL07-SC;UOP06-DEL07-SC
579737;08/02/2024;quinta-feira;08:40:00;PB;101;99,2;CONDE;Avarias e/ou desgaste excessivo no pneu;Tombamento;Com Vítimas Feridas;Pleno dia;Crescente;Céu Claro;Dupla;Reta;Sim;2;0;2;0;0;0;2;1;-7,2557332;-34,93469152;SPRF-PB;DEL01-PB;UOP02-DEL01-PB
579739;23/01/2024;terça-feira;18:00:00;PR;116;10;CAMPINA GRANDE DO SUL;Chuva;Saída de leito carroçável;Com Vítimas Feridas;Anoitecer;Crescente;Chuva;Simples;Curva;Não;3;0;3;0;0;0;3;1;-25,08357197;-48,64281407;SPRF-PR;DEL01-PR;UOP02-DEL01-PR
579741;08/02/2024;quinta-feira;07:20:00;BA;415;52;ITABUNA;Condutor deixou de manter distância do veículo da frente;Colisão lateral mesmo sentido;Com Vítimas Feridas;Pleno dia;Crescente;Nublado;Simples;Reta;Não;2;0;1;0;1;0;1;2;-14,843331;-39,334614;SPRF-BA;DEL05-BA;UOP01-DEL05-BA
579742;08/02/2024;quinta-feira;08:01:00;PR;277;616,5;CEU AZUL;Transitar no Acostamento;Colisão lateral mesmo sentido;Sem Vítimas;Pleno dia;Decrescente;Sol;Simples;"Reta;Aclive";Não;2;0;0;0;2;0;0;2;-25,074211;-53,678792;SPRF-PR;DEL05-PR;UOP02-DEL05-PR
579743;08/02/2024;quinta-feira;08:30:00;PR;369;152,7;LONDRINA;Manobra de mudança de faixa;Colisão lateral mesmo sentido;Com Vítimas Feridas;Pleno dia;Crescente;Céu Claro;Dupla;Reta;Sim;2;0;1;0;1;0;1;2;-23,29257625;-51,18330181;SPRF-PR;DEL07-PR;UOP01-DEL07-PR
579744;08/02/2024;quinta-feira;08:25:00;ES;101;148;LINHARES;Condutor desrespeitou a iluminação vermelha do semáforo;Colisão transversal;Com Vítimas Feridas;Pleno dia;Crescente;Céu Claro;Simples;"Interseção de Vias;Reta";Sim;3;0;2;0;1;0;2;2;-19,38787399;-40,06752766;SPRF-ES;DEL04-ES;UOP01-DEL04-ES
579745;08/02/2024;quinta-feira;09:00:00;PR;277;573,5;CASCAVEL;Desrespeitar a preferência no cruzamento;Colisão transversal;Com Vítimas Feridas;Pleno dia;Crescente;Céu Claro;Simples;Rotatória;Não;5;0;1;0;4;0;1;2;-24,99768825;-53,29726338;SPRF-PR;DEL04-PR;UOP01-DEL04-PR
579746;08/02/2024;quinta-feira;09:00:00;SP;116;225;GUARULHOS;Trafegar com motocicleta (ou similar) entre as faixas;Colisão traseira;Com Vítimas Feridas;Pleno dia;Crescente;Sol;Múltipla;"Aclive;Reta";Sim;2;0;1;0;1;0;1;2;-23,48586772;-46,54075317;SPRF-SP;DEL01-SP;UOP01-DEL01-SP