id;data_inversa;dia_semana;horario;uf;br;km;municipio;causa_acidente;tipo_acidente;classificacao_acidente;fase_dia;sentido_via;condicao_metereologica;tipo_pista;tracado_via;uso_solo;pessoas;mortos;feridos_leves;feridos_graves;ilesos;ignorados;feridos;veiculos;latitude;longitude;regional;delegacia;uop
579898;09/02/2024;sexta-feira;00:20:00;SC;101;217;PALHOCA;Demais falhas mecânicas ou elétricas;Tombamento;Com Vítimas Feridas;Plena Noite;Crescente;Garoa/Chuvisco;Dupla;Reta;Não;2;0;1;0;1;0;1;1;-27,66779034;-48,67393586;SPRF-SC;DEL01-SC;UOP02-DEL01-SC
579899;08/02/2024;quinta-feira;22:00:00;MS;60;183,1;CAMAPUA;Transitar na contramão;Colisão lateral sentido oposto;Com Vítimas Feridas;Plena Noite;Decrescente;Nublado;Simples;Reta;Não;5;0;1;0;4;0;1;2;-19,5273655;-53,93374297;SPRF-MS;DEL06-MS;UOP02-DEL06-MS
579901;08/02/2024;quinta-feira;23:50:00;SC;116;84,4;MONTE CASTELO;Chuva;Colisão com objeto;Sem Vítimas;Plena Noite;Decrescente;Garoa/Chuvisco;Simples;"Declive;Reta";Não;1;0;0;0;0;1;0;1;-26,59235699;-50,22426607;SPRF-SC;DEL06-SC;UOP02-DEL06-SC
579902;09/02/2024;sexta-feira;00:30:00;SC;101;327;CAPIVARI DE BAIXO;Acumulo de areia ou detritos sobre o pavimento;Tombamento;Com Vítimas Feridas;Plena Noite;Decrescente;Céu Claro;Dupla;"Rotatória;Interseção de Vias;Viaduto";Sim;2;0;2;0;0;0;2;1;-28,43023306;-48,95205197;SPRF-SC;DEL02-SC;UOP01-DEL02-SC
579903;08/02/2024;quinta-feira;23:30:00;GO;20;136;FLORES DE GOIAS;Animais na Pista;Atropelamento de Animal;Sem Vítimas;Plena Noite;Crescente;Chuva;Simples;Reta;Não;9;0;0;0;9;0;0;3;-14,802557;-46,705494;SPRF-DF;DEL02-DF;UOP03-DEL02-DF
579906;09/02/2024;sexta-feira;00:40:00;DF;40;4;BRASILIA;Condutor deixou de manter distância do veículo da frente;Colisão traseira;Sem Vítimas;Plena Noite;Crescente;Chuva;Dupla;Reta;Sim;2;0;0;0;2;0;0;2;-16,012033;-47,982124;SPRF-DF;DEL01-DF;UOP01-DEL01-DF
579907;08/02/2024;quinta-feira;23:58:00;MG;153;168,1;COMENDADOR GOMES;Ingestão de álcool pelo condutor;Saída de leito carroçável;Com Vítimas Feridas;Plena Noite;Decrescente;Nublado;Simples;Reta;Não;2;0;1;0;1;0;1;1;-19,68452079;-48,98591816;SPRF-MG;DEL13-MG;UOP02-DEL13-MG
579908;08/02/2024;quinta-feira;23:22:00;RJ;101;278,5;ITABORAI;Ingestão de álcool pelo condutor;Saída de leito carroçável;Sem Vítimas;Pleno dia;Crescente;Céu Claro;Dupla;Reta;Não;1;0;0;0;1;0;0;1;-22,74024136;-42,75799897;SPRF-RJ;DEL02-RJ;UOP03-DEL02-RJ
579910;09/02/2024;sexta-feira;00:30:00;MG;50;40,8;ARAGUARI;Transitar na contramão;Saída de leito carroçável;Sem Vítimas;Plena Noite;Crescente;Nublado;Dupla;"Reta;Declive";Não;2;0;0;0;1;1;0;2;-18,673214;-48,177773;SPRF-MG;DEL15-MG;UOP02-DEL15-MG
579911;09/02/2024;sexta-feira;00:50:00;PE;423;181,6;AGUAS BELAS;Modificação proibida;Colisão com objeto;Com Vítimas Feridas;Plena Noite;Decrescente;Céu Claro;Simples;Curva;Não;1;0;0;1;0;0;1;1;-9,13377884;-37,15051904;SPRF-AL;DEL03-AL;UOP02-DEL03-AL
579912;09/02/2024;sexta-feira;01:28:00;PB;230;263;JUNCO DO SERIDO;Acostamento em desnível;Tombamento;Com Vítimas Feridas;Plena Noite;Crescente;Céu Claro;Simples;Reta;Não;1;0;1;0;0;0;1;1;-6,984;-36,7279;SPRF-PB;DEL03-PB;UOP01-DEL03-PB
579913;09/02/2024;sexta-feira;02:50:00;CE;116;7,8;FORTALEZA;Ausência de reação do condutor;Saída de leito carroçável;Com Vítimas Fatais;Plena Noite;Crescente;Céu Claro;Dupla;Reta;Sim;1;1;0;0;0;0;0;1;-3,81073099;-38,50074867;SPRF-CE;DEL01-CE;UOP02-DEL01-CE
579914;09/02/2024;sexta-feira;02:20:00;BA;235;351;JUAZEIRO;Transitar na contramão;Colisão frontal;Com Vítimas Feridas;Plena Noite;Crescente;Céu Claro;Simples;"Interseção de Vias;Rotatória;Em Obras";Sim;2;0;1;0;0;1;1;2;-9,42502639;-40,50581932;SPRF-PE;DEL06-PE;UOP01-DEL06-PE
579916;09/02/2024;sexta-feira;05:00:00;PR;277;712;SANTA TEREZINHA DE ITAIPU;Condutor Dormindo;Saída de leito carroçável;Sem Vítimas;Plena Noite;Crescente;Nublado;Dupla;Reta;Não;2;0;0;0;2;0;0;1;-25,45780735;-54,43119986;SPRF-PR;DEL05-PR;UOP01-DEL05-PR
579917;09/02/2024;sexta-feira;01:50:00;RJ;393;141,9;SAPUCAIA;Reação tardia ou ineficiente do condutor;Colisão traseira;Com Vítimas Feridas;Plena Noite;Decrescente;Nublado;Simples;Reta;Sim;4;0;1;0;3;0;1;1;-22,01538533;-42,95593273;SPRF-RJ;DEL05-RJ;UOP01-DEL05-RJ
579918;09/02/2024;sexta-feira;04:10:00;PR;163;308,3;MERCEDES;Demais falhas mecânicas ou elétricas;Saída de leito carroçável;Sem Vítimas;Plena Noite;Decrescente;Céu Claro;Simples;"Declive;Curva";Não;3;0;0;0;0;3;0;2;-24,44371604;-54,16328708;SPRF-PR;DEL06-PR;UOP02-DEL06-PR
579920;30/01/2024;terça-feira;06:20:00;MS;267;228,3;NOVA ALVORADA DO SUL;Condutor Dormindo;Saída de leito carroçável;Sem Vítimas;Plena Noite;Crescente;Céu Claro;Simples;Reta;Não;1;0;0;0;1;0;0;1;-21,53642988;-54,19884999;SPRF-MS;DEL02-MS;UOP01-DEL02-MS
579923;09/02/2024;sexta-feira;07:00:00;MG;262;107;SANTO ANTONIO DO GRAMA;Condutor Dormindo;Saída de leito carroçável;Com Vítimas Feridas;Amanhecer;Crescente;Céu Claro;Simples;Reta;Não;4;0;3;1;0;0;4;1;-20,27440096;-42,56313226;SPRF-MG;DEL03-MG;UOP03-DEL03-MG
579924;09/02/2024;sexta-feira;06:45:00;PR;369;195,3;ARAPONGAS;Ausência de reação do condutor;Queda de ocupante de veículo;Com Vítimas Feridas;Pleno dia;Crescente;Céu Claro;Simples;Reta;Sim;1;0;0;1;0;0;1;1;-23,49831759;-51,42382622;SPRF-PR;DEL07-PR;UOP03-DEL07-PR
579926;09/02/2024;sexta-feira;07:10:00;RS;116;240;NOVO HAMBURGO;Condutor deixou de manter distância do veículo da frente;Colisão traseira;Com Vítimas Feridas;Pleno dia;Decrescente;Céu Claro;Dupla;"Aclive;Em Obras;Reta";Sim;2;0;1;0;1;0;1;2;-29,70496497;-51,14676523;SPRF-RS;DEL01-RS;UOP02-DEL01-RS
579927;08/02/2024;quinta-feira;20:30:00;MG;251;434;GRAO MOGOL;Animais na Pista;Atropelamento de Animal;Com Vítimas Feridas;Plena Noite;Decrescente;Chuva;Simples;Reta;Não;2;0;1;0;1;0;1;1;-16,37762606;-43,18652364;SPRF-MG;DEL12-MG;UOP01-DEL12-MG
579928;09/02/2024;sexta-feira;07:05:00;RS;116;146,9;CAXIAS DO SUL;Ausência de reação do condutor;Colisão traseira;Com Vítimas Feridas;Pleno dia;Crescente;Céu Claro;Dupla;Reta;Sim;3;0;1;1;1;0;2;2;-29,14228897;-51,13622202;SPRF-RS;DEL05-RS;UOP01-DEL05-RS
579930;09/02/2024;sexta-feira;07:15:00;SC;470;71,6;INDAIAL;Manobra de mudança de faixa;Colisão transversal;Com Vítimas Feridas;Pleno dia;Crescente;Céu Claro;Dupla;"Reta;Interseção de Vias";Sim;2;0;1;0;1;0;1;2;-26,90062766;-49,26780224;SPRF-SC;DEL04-SC;UOP01-DEL04-SC
579932;09/02/2024;sexta-feira;07:45:00;PE;101;76;RECIFE;Pista Escorregadia;Tombamento;Com Vítimas Feridas;Pleno dia;Decrescente;Chuva;Dupla;Reta;Sim;2;0;1;0;1;0;1;1;-8,11813811;-34,94329214;SPRF-PE;DEL01-PE;UOP01-DEL01-PE
579933;09/02/2024;sexta-feira;06:10:00;RJ;101;306;SAO GONCALO;Ingestão de álcool pelo condutor;Saída de leito carroçável;Sem Vítimas;Amanhecer;Decrescente;Céu Claro;Dupla;Reta;Sim;1;0;0;0;1;0;0;1;-22,78913759;-43,00550909;SPRF-RJ;DEL02-RJ;UOP02-DEL02-RJ
579934;09/02/2024;sexta-feira;06:10:00;SP;381;87;GUARULHOS;Velocidade Incompatível;Capotamento;Com Vítimas Feridas;Pleno dia;Crescente;Céu Claro;Múltipla;Reta;Sim;1;0;1;0;0;0;1;1;-23,46885001;-46,56996601;SPRF-SP;DEL03-SP;UOP01-DEL03-SP
579935;09/02/2024;sexta-feira;08:00:00;PE;101;74,8;RECIFE;Trafegar com motocicleta (ou similar) entre as faixas;Tombamento;Com Vítimas Feridas;Pleno dia;Crescente;Céu Claro;Dupla;Reta;Sim;2;0;1;0;1;0;1;2;-8,10849;-34,94726;SPRF-PE;DEL01-PE;UOP01-DEL01-PE
579936;09/02/2024;sexta-feira;08:00:00;SC;280;167,1;MAFRA;Acessar a via sem observar a presença dos outros veículos;Colisão transversal;Com Vítimas Feridas;Pleno dia;Decrescente;Céu Claro;Simples;Interseção de Vias;Sim;3;0;1;0;2;0;1;2;-26,16857105;-49,81820938;SPRF-SC;DEL06-SC;UOP01-DEL06-SC
579937;09/02/2024;sexta-feira;06:00:00;MT;174;77;CACERES;Animais na Pista;Atropelamento de Animal;Com Vítimas Feridas;Pleno dia;Crescente;Céu Claro;Simples;Reta;Não;2;0;2;0;0;0;2;1;-16,00561476;-57,74366962;SPRF-MT;DEL03-MT;UOP01-DEL03-MT
579939;09/02/2024;sexta-feira;08:05:00;SC;101;190;BIGUACU;Reação tardia ou ineficiente do condutor;Colisão com objeto;Sem Vítimas;Pleno dia;Decrescente;Céu Claro;Dupla;Reta;Não;4;0;0;0;4;0;0;1;-27,468056;-48,641712;SPRF-SC;DEL01-SC;UOP01-DEL01-SC
579940;09/02/2024;sexta-feira;07:10:00;RN;101;77;NATAL;Ausência de reação do condutor;Colisão traseira;Com Vítimas Feridas;Pleno dia;Decrescente;Céu Claro;Dupla;Reta;Não;3;0;1;0;1;1;1;2;-5,73180495;-35,29112135;SPRF-RN;DEL02-RN;UOP01-DEL02-RN
579943;09/02/2024;sexta-feira;08:20:00;BA;101;882;TEIXEIRA DE FREITAS;Ausência de reação do condutor;Engavetamento;Com Vítimas Feridas;Pleno dia;Decrescente;Céu Claro;Simples;Reta;Não;5;0;1;0;4;0;1;3;-17,5802079;-39,73779202;SPRF-BA;DEL09-BA;UOP02-DEL09-BA
579946;09/02/2024;sexta-feira;08:35:00;PE;101;70;RECIFE;Ausência de reação do condutor;Queda de ocupante de veículo;Com Vítimas Feridas;Pleno dia;Decrescente;Céu Claro;Dupla;Reta;Não;1;0;0;1;0;0;1;1;-8,073942;-34,942594;SPRF-PE;DEL01-PE;UOP01-DEL01-PE
579947;09/02/2024;sexta-feira;07:50:00;RJ;101;387;RIO DE JANEIRO;Ausência de reação do condutor;Colisão lateral mesmo sentido;Com Vítimas Feridas;Pleno dia;Crescente;Céu Claro;Dupla;Reta;Sim;3;0;1;1;1;0;2;3;-22,88537839;-43,64965688;SPRF-RJ;DEL03-RJ;UOP01-DEL03-RJ
579950;09/02/2024;sexta-feira;07:30:00;MG;40;519;CONTAGEM;Reação tardia ou ineficiente do condutor;Queda de ocupante de veículo;Com Vítimas Feridas;Pleno dia;Crescente;Céu Claro;Dupla;Reta;Sim;2;0;2;0;0;0;2;1;-19,83957589;-44,07684485;SPRF-MG;DEL01-MG;UOP02-DEL01-MG
579951;09/02/2024;sexta-feira;08:38:00;TO;153;143;ARAGUAINA;Ausência de reação do condutor;Colisão traseira;Com Vítimas Feridas;Pleno dia;Crescente;Nublado;Múltipla;Reta;Sim;2;0;0;1;1;0;1;2;-7,19602032;-48,23641777;SPRF-TO;DEL02-TO;UOP01-DEL02-TO
579952;09/02/2024;sexta-feira;08:00:00;GO;80;39,4;PADRE BERNARDO;Ausência de reação do condutor;Atropelamento de Animal;Com Vítimas Feridas;Pleno dia;Crescente;Céu Claro;Simples;Reta;Não;4;0;2;0;1;1;2;2;-15,229309;-48,276815;SPRF-DF;DEL03-DF;UOP02-DEL03-DF
579953;09/02/2024;sexta-feira;07:15:00;MG;116;537,6;SANTA RITA DE MINAS;Acessar a via sem observar a presença dos outros veículos;Colisão transversal;Com Vítimas Feridas;Pleno dia;Crescente;Sol;Simples;Reta;Sim;2;0;1;0;1;0;1;2;-19,86620285;-42,1352356;SPRF-MG;DEL06-MG;UOP02-DEL06-MG
579954;09/02/2024;sexta-feira;09:10:00;RN;101;80;SAO GONCALO DO AMARANTE;Ingestão de álcool pelo condutor;Atropelamento de Pedestre;Com Vítimas Feridas;Pleno dia;Crescente;Céu Claro;Dupla;Reta;Sim;2;0;0;1;1;0;1;2;-5,75852229;-35,28806121;SPRF-RN;DEL02-RN;UOP01-DEL02-RN
579959;09/02/2024;sexta-feira;09:05:00;AL;316;114,3;CACIMBINHAS;Desrespeitar a preferência no cruzamento;Colisão transversal;Com Vítimas Feridas;Pleno dia;Crescente;Céu Claro;Simples;Interseção de Vias;Sim;3;0;1;1;1;0;2;2;-9,4044293;-36,98995829;SPRF-AL;DEL03-AL;UOP01-DEL03-AL
579960;09/02/2024;sexta-feira;07:49:00;PA;163;991;SANTAREM;Velocidade Incompatível;Colisão frontal;Com Vítimas Feridas;Pleno dia;Crescente;Céu Claro;Simples;Reta;Sim;4;0;1;2;1;0;3;2;-2,547851;-54,72278;SPRF-PA;DEL05-PA;UOP01-DEL05-PA
579961;09/02/2024;sexta-feira;06:15:00;SC;282;155;BOM RETIRO;Reação tardia ou ineficiente do condutor;Saída de leito carroçável;Com Vítimas Feridas;Pleno dia;Decrescente;Nublado;Simples;"Curva;Declive";Não;4;0;3;0;1;0;3;1;-27,75168;-49,707371;SPRF-SC;DEL05-SC;UOP01-DEL05-SC
579963;09/02/2024;sexta-feira;08:10:00;PR;373;215,7;IMBITUVA;Acessar a via sem observar a presença dos outros veículos;Colisão transversal;Com Vítimas Fatais;Pleno dia;Decrescente;Sol;Simples;Reta;Não;2;1;0;1;0;0;1;2;-25,15483;-50,533522;SPRF-PR;DEL03-PR;UOP01-DEL03-PR
579964;09/02/2024;sexta-feira;06:30:00;RJ;101;394;RIO DE JANEIRO;Animais na Pista;Colisão lateral mesmo sentido;Sem Vítimas;Pleno dia;Decrescente;Céu Claro;Dupla;Ponte;Não;2;0;0;0;2;0;0;2;-22,88582179;-43,71288392;SPRF-RJ;DEL03-RJ;UOP01-DEL03-RJ
579965;09/02/2024;sexta-feira;06:30:00;MG;40;516;RIBEIRAO DAS NEVES;Manobra de mudança de faixa;Colisão lateral mesmo sentido;Com Vítimas Feridas;Pleno dia;Crescente;Céu Claro;Dupla;Reta;Sim;2;0;1;0;1;0;1;2;-19,81628624;-44,08960124;SPRF-MG;DEL01-MG;UOP02-DEL01-MG
579966;09/02/2024;sexta-feira;09:00:00;RJ;40;119;DUQUE DE CAXIAS;Reação tardia ou ineficiente do condutor;Colisão traseira;Com Vítimas Feridas;Pleno dia;Crescente;Céu Claro;Múltipla;Reta;Sim;2;0;1;0;1;0;1;2;-22,76375592;-43,28683062;SPRF-RJ;DEL01-RJ;UOP02-DEL01-RJ
579967;09/02/2024;sexta-feira;10:15:00;PR;277;586,3;CASCAVEL;Acessar a via sem observar a presença dos outros veículos;Colisão transversal;Sem Vítimas;Pleno dia;Crescente;Céu Claro;Simples;"Reta;Retorno Regulamentado;Interseção de Vias";Sim;2;0;0;0;2;0;0;2;-24,96669456;-53,42419624;SPRF-PR;DEL04-PR;UOP01-DEL04-PR
579968;09/02/2024;sexta-feira;08:00:00;GO;251;32;CRISTALINA;Acessar a via sem observar a presença dos outros veículos;Colisão transversal;Com Vítimas Feridas;Pleno dia;Decrescente;Nublado;Simples;Reta;Não;2;0;0;1;1;0;1;2;-16,06651657;-47,53184438;SPRF-DF;DEL01-DF;UOP01-DEL01-DF
579969;09/02/2024;sexta-feira;09:30:00;PB;230;17;JOAO PESSOA;Ausência de reação do condutor;Queda de ocupante de veículo;Com Vítimas Feridas;Pleno dia;Crescente;Céu Claro;Dupla;"Retorno Regulamentado;Reta";Sim;1;0;1;0;0;0;1;1;-7,1121;-34,8426;SPRF-PB;DEL01-PB;UOP01-DEL01-PB
579970;09/02/2024;sexta-feira;10:30:00;SP;116;229;SAO PAULO;Condutor deixou de manter distância do veículo da frente;Colisão traseira;Com Vítimas Feridas;Pleno dia;Crescente;Céu Claro;Múltipla;Reta;Sim;2;0;1;0;1;0;1;2;-23,50343484;-46,56638712;SPRF-SP;DEL01-SP;UOP01-DEL01-SP
579974;09/02/2024;sexta-feira;09:40:00;SC;116;140,9;SANTA CECILIA;Transitar na contramão;Colisão frontal;Com Vítimas Feridas;Pleno dia;Crescente;Céu Claro;Simples;"Reta;Interseção de Vias;Aclive";Não;2;0;2;0;0;0;2;2;-26,97108542;-50,40570259;SPRF-SC;DEL06-SC;UOP02-DEL06-SC
579977;09/02/2024;sexta-feira;09:20:00;MT;364;203,9;RONDONOPOLIS;Ausência de reação do condutor;Colisão lateral mesmo sentido;Com Vítimas Feridas;Pleno dia;Crescente;Sol;Dupla;Reta;Sim;2;0;1;0;1;0;1;2;-16,47555256;-54,65344724;SPRF-MT;DEL02-MT;UOP01-DEL02-MT
579978;09/02/2024;sexta-feira;11:15:00;SC;101;189,9;BIGUACU;Avarias e/ou desgaste excessivo no pneu;Tombamento;Com Vítimas Feridas;Pleno dia;Crescente;Sol;Dupla;Reta;Sim;2;0;2;0;0;0;2;1;-27,459393;-48,638914;SPRF-SC;DEL01-SC;UOP01-DEL01-SC
579979;09/02/2024;sexta-feira;11:00:00;SC;101;94;BARRA VELHA;Ausência de reação do condutor;Colisão traseira;Com Vítimas Feridas;Pleno dia;Crescente;Sol;Dupla;"Aclive;Reta";Não;2;0;1;1;0;0;2;2;-26,70892842;-48,70234966;SPRF-SC;DEL03-SC;UOP02-DEL03-SC
579981;09/02/2024;sexta-feira;11:00:00;RS;290;96;PORTO ALEGRE;Demais falhas mecânicas ou elétricas;Queda de ocupante de veículo;Com Vítimas Feridas;Pleno dia;Crescente;Céu Claro;Dupla;Reta;Sim;2;0;2;0;0;0;2;1;-29,992107;-51,204525;SPRF-RS;DEL01-RS;UOP01-DEL01-RS
579983;09/02/2024;sexta-feira;08:05:00;RO;421;20;MONTE NEGRO;Velocidade Incompatível;Saída de leito carroçável;Com Vítimas Feridas;Pleno dia;Decrescente;Sol;Simples;Reta;Não;3;0;3;0;0;0;3;1;-10,037729;-63,184643;SPRF-RO;DEL03-RO;UOP01-DEL03-RO
579985;09/02/2024;sexta-feira;11:45:00;RS;386;137;SARANDI;Conversão proibida;Colisão transversal;Com Vítimas Feridas;Pleno dia;Crescente;Céu Claro;Simples;Reta;Sim;4;0;4;0;0;0;4;2;-27,97665;-52,904694;SPRF-RS;DEL08-RS;UOP01-DEL08-RS
579986;09/02/2024;sexta-feira;11:55:00;SC;101;100,4;BALNEARIO PICARRAS;Conversão proibida;Colisão transversal;Com Vítimas Feridas;Pleno dia;Crescente;Céu Claro;Simples;Reta;Não;3;0;1;0;2;0;1;2;-26,762377;-48,686866;SPRF-SC;DEL03-SC;UOP02-DEL03-SC
579988;09/02/2024;sexta-feira;10:52:00;MT;163;831;SINOP;Ausência de reação do condutor;Colisão traseira;Com Vítimas Feridas;Pleno dia;Crescente;Céu Claro;Simples;Reta;Sim;3;0;1;0;2;0;1;2;-11,88896857;-55,50247908;SPRF-MT;DEL06-MT;UOP02-DEL06-MT
579989;09/02/2024;sexta-feira;12:35:00;SC;101;137,2;BALNEARIO CAMBORIU;Ingestão de álcool pelo condutor;Colisão transversal;Com Vítimas Feridas;Pleno dia;Crescente;Sol;Múltipla;Reta;Sim;2;0;2;0;0;0;2;2;-27,0157238;-48,61192763;SPRF-SC;DEL04-SC;UOP03-DEL04-SC
579990;09/02/2024;sexta-feira;11:08:00;SP;116;311,9;SAO LOURENCO DA SERRA;Velocidade Incompatível;Saída de leito carroçável;Com Vítimas Feridas;Pleno dia;Crescente;Sol;Dupla;"Reta;Em Obras";Não;3;0;2;0;1;0;2;2;-23,87725502;-46,96775798;SPRF-SP;DEL04-SP;UOP01-DEL04-SP
579991;09/02/2024;sexta-feira;12:30:00;DF;60;9,5;BRASILIA;Ausência de reação do condutor;Colisão com objeto;Com Vítimas Feridas;Pleno dia;Crescente;Céu Claro;Dupla;"Reta;Viaduto";Sim;1;0;0;1;0;0;1;1;-15,906293;-48,139965;SPRF-DF;DEL03-DF;UOP01-DEL03-DF
579992;09/02/2024;sexta-feira;11:45:00;PR;277;592;CASCAVEL;Condutor deixou de manter distância do veículo da frente;Colisão traseira;Com Vítimas Feridas;Pleno dia;Decrescente;Céu Claro;Simples;Declive;Sim;2;0;1;0;1;0;1;2;-24,98285697;-53,47319399;SPRF-PR;DEL04-PR;UOP01-DEL04-PR
579993;09/02/2024;sexta-feira;12:45:00;RJ;356;52;ITAPERUNA;Ausência de reação do condutor;Colisão transversal;Com Vítimas Feridas;Pleno dia;Crescente;Céu Claro;Simples;Reta;Não;4;0;2;2;0;0;4;3;-21,26291719;-41,75917113;SPRF-RJ;DEL08-RJ;UOP03-DEL08-RJ
579994;09/02/2024;sexta-feira;12:16:00;PE;101;42;IGARASSU;Condutor Dormindo;Colisão com objeto;Com Vítimas Feridas;Pleno dia;Crescente;Sol;Múltipla;Reta;Sim;3;0;3;0;0;0;3;1;-7,839045;-34,912147;SPRF-PE;DEL01-PE;UOP02-DEL01-PE
579996;23/01/2024;terça-feira;18:30:00;SE;235;1;ARACAJU;Estacionar ou parar em local proibido;Engavetamento;Com Vítimas Feridas;Plena Noite;Crescente;Céu Claro;Dupla;"Aclive;Reta";Sim;6;0;3;0;3;0;3;3;-10,9073;-37,0947;SPRF-SE;DEL01-SE;UOP01-DEL01-SE
579997;09/02/2024;sexta-feira;12:14:00;MT;364;289;JACIARA;Chuva;Saída de leito carroçável;Com Vítimas Feridas;Pleno dia;Crescente;Chuva;Dupla;Reta;Não;1;0;1;0;0;0;1;1;-15,90640833;-55,08298593;SPRF-MT;DEL05-MT;UOP02-DEL05-MT
579999;09/02/2024;sexta-feira;12:00:00;PR;369;160;CAMBE;Demais falhas mecânicas ou elétricas;Queda de ocupante de veículo;Com Vítimas Feridas;Pleno dia;Decrescente;Céu Claro;Dupla;"Declive;Reta";Sim;1;0;1;0;0;0;1;1;-23,2825;-51,24818;SPRF-PR;DEL07-PR;UOP01-DEL07-PR
580000;09/02/2024;sexta-feira;12:50:00;GO;60;193,9;GUAPO;Acessar a via sem observar a presença dos outros veículos;Colisão lateral mesmo sentido;Com Vítimas Feridas;Pleno dia;Crescente;Sol;Dupla;Retorno Regulamentado;Não;2;0;1;0;1;0;1;2;-16,8479;-49,5584;SPRF-GO;DEL01-GO;UOP02-DEL01-GO
580001;09/02/2024;sexta-feira;08:30:00;MG;262;609,4;CAMPOS ALTOS;Velocidade Incompatível;Saída de leito carroçável;Com Vítimas Feridas;Pleno dia;Decrescente;Chuva;Simples;"Reta;Declive";Não;2;0;1;0;1;0;1;1;-19,61194605;-46,28226314;SPRF-MG;DEL08-MG;UOP02-DEL08-MG
580002;09/02/2024;sexta-feira;08:10:00;MA;10;256;IMPERATRIZ;Conversão proibida;Colisão lateral mesmo sentido;Com Vítimas Feridas;Pleno dia;Crescente;Céu Claro;Simples;Reta;Sim;2;0;1;0;1;0;1;2;-5,499715;-47,471836;SPRF-MA;DEL04-MA;UOP01-DEL04-MA
580008;09/02/2024;sexta-feira;11:30:00;RJ;101;294;ITABORAI;Condutor deixou de manter distância do veículo da frente;Engavetamento;Com Vítimas Feridas;Pleno dia;Decrescente;Céu Claro;Dupla;Reta;Sim;3;0;0;1;2;0;1;3;-22,7584434;-42,89502344;SPRF-RJ;DEL02-RJ;UOP02-DEL02-RJ
580009;07/02/2024;quarta-feira;17:25:00;BA;324;607;SALVADOR;Reação tardia ou ineficiente do condutor;Colisão traseira;Com Vítimas Feridas;Anoitecer;Crescente;Céu Claro;Dupla;Reta;Sim;1;0;1;0;0;0;1;1;-12,80271203;-38,40391318;SPRF-BA;DEL01-BA;UOP01-DEL01-BA
580011;09/02/2024;sexta-feira;12:50:00;BA;101;698;EUNAPOLIS;Pista Escorregadia;Colisão frontal;Com Vítimas Feridas;Pleno dia;Decrescente;Chuva;Simples;"Declive;Reta";Não;3;0;0;1;2;0;1;2;-16,398755;-39,57985299;SPRF-BA;DEL09-BA;UOP01-DEL09-BA
580014;09/02/2024;sexta-feira;14:00:00;SC;101;201;SAO JOSE;Manobra de mudança de faixa;Colisão lateral mesmo sentido;Com Vítimas Feridas;Pleno dia;Crescente;Céu Claro;Simples;Reta;Sim;2;0;1;0;0;1;1;2;-27,54836599;-48,61977975;SPRF-SC;DEL01-SC;UOP01-DEL01-SC
580016;09/02/2024;sexta-feira;14:35:00;SC;101;38;JOINVILLE;Manobra de mudança de faixa;Colisão lateral mesmo sentido;Com Vítimas Feridas;Pleno dia;Crescente;Céu Claro;Dupla;"Rotatória;Viaduto";Sim;2;0;1;0;1;0;1;2;-26,25670385;-48,90572548;SPRF-SC;DEL03-SC;UOP01-DEL03-SC
580017;09/02/2024;sexta-feira;13:00:00;AL;101;31,2;JOAQUIM GOMES;Manobra de mudança de faixa;Saída de leito carroçável;Com Vítimas Feridas;Pleno dia;Decrescente;Céu Claro;Dupla;Reta;Não;3;0;2;0;1;0;2;1;-9,093513;-35,751678;SPRF-AL;DEL01-AL;UOP02-DEL01-AL
580018;09/02/2024;sexta-feira;12:30:00;MG;365;469,6;PATROCINIO;Transitar na contramão;Colisão frontal;Com Vítimas Fatais;Pleno dia;Crescente;Céu Claro;Simples;Reta;Não;4;1;2;1;0;0;3;2;-18,91765412;-46,97822571;SPRF-MG;DEL10-MG;UOP01-DEL10-MG
580023;09/02/2024;sexta-feira;11:00:00;SP;116;291;ITAPECERICA DA SERRA;Ingestão de álcool pelo condutor;Tombamento;Sem Vítimas;Pleno dia;Crescente;Céu Claro;Dupla;Curva;Não;1;0;0;0;1;0;0;1;-23,73826593;-46,89672721;SPRF-SP;DEL04-SP;UOP01-DEL04-SP
580025;09/02/2024;sexta-feira;14:00:00;MG;116;522,1;CARATINGA;Acessar a via sem observar a presença dos outros veículos;Colisão traseira;Com Vítimas Feridas;Pleno dia;Decrescente;Sol;Simples;Reta;Sim;2;0;1;0;1;0;1;2;-19,74842742;-42,13273709;SPRF-MG;DEL06-MG;UOP02-DEL06-MG
580026;09/02/2024;sexta-feira;15:20:00;RJ;116;189;NOVA IGUACU;Ausência de reação do condutor;Colisão traseira;Com Vítimas Feridas;Pleno dia;Crescente;Céu Claro;Dupla;Reta;Não;2;0;0;1;1;0;1;2;-22,73765712;-43,49182298;SPRF-RJ;DEL06-RJ;UOP01-DEL06-RJ
580028;09/02/2024;sexta-feira;14:40:00;RS;290;509,3;ROSARIO DO SUL;Ausência de reação do condutor;Saída de leito carroçável;Com Vítimas Feridas;Pleno dia;Decrescente;Céu Claro;Simples;Reta;Não;4;0;4;0;0;0;4;1;-30,153795;-55,188263;SPRF-RS;DEL11-RS;UOP02-DEL11-RS
580029;09/02/2024;sexta-feira;14:55:00;MG;381;492,8;BETIM;Carga excessiva e/ou mal acondicionada;Derramamento de carga;Com Vítimas Feridas;Pleno dia;Decrescente;Céu Claro;Múltipla;"Reta;Declive";Sim;2;0;1;0;1;0;1;2;-19,9633127;-44,167628;SPRF-MG;DEL01-MG;UOP03-DEL01-MG