id;data_inversa;dia_semana;horario;uf;br;km;municipio;causa_acidente;tipo_acidente;classificacao_acidente;fase_dia;sentido_via;condicao_metereologica;tipo_pista;tracado_via;uso_solo;pessoas;mortos;feridos_leves;feridos_graves;ilesos;ignorados;feridos;veiculos;latitude;longitude;regional;delegacia;uop
580030;09/02/2024;sexta-feira;14:30:00;BA;116;589;IRAJUBA;Chuva;Saída de leito carroçável;Com Vítimas Feridas;Pleno dia;Decrescente;Chuva;Simples;"Declive;Ponte;Curva";Não;1;0;1;0;0;0;1;1;-13,13198212;-39,99369573;SPRF-BA;DEL03-BA;UOP02-DEL03-BA
580031;09/02/2024;sexta-feira;13:50:00;SP;116;230;SAO PAULO;Trafegar com motocicleta (ou similar) entre as faixas;Colisão lateral mesmo sentido;Com Vítimas Feridas;Pleno dia;Crescente;Céu Claro;Múltipla;Reta;Sim;2;0;1;0;1;0;1;2;-23,52251783;-46,5855702;SPRF-SP;DEL01-SP;UOP01-DEL01-SP
580032;09/02/2024;sexta-feira;15:20:00;RN;226;39,9;MACAIBA;Conversão proibida;Colisão transversal;Com Vítimas Feridas;Pleno dia;Decrescente;Céu Claro;Simples;Reta;Sim;2;0;1;0;1;0;1;2;-5,9213386;-35,5349664;SPRF-RN;DEL01-RN;UOP02-DEL01-RN
580033;09/02/2024;sexta-feira;15:10:00;AL;316;262;PILAR;Acessar a via sem observar a presença dos outros veículos;Colisão transversal;Com Vítimas Feridas;Pleno dia;Crescente;Céu Claro;Simples;Reta;Não;5;0;2;1;2;0;3;2;-9,58877051;-35,88700493;SPRF-AL;DEL02-AL;UOP01-DEL02-AL
580034;09/02/2024;sexta-feira;14:15:00;SC;116;4,2;MAFRA;Manobra de mudança de faixa;Colisão lateral mesmo sentido;Com Vítimas Feridas;Pleno dia;Decrescente;Céu Claro;Simples;"Aclive;Reta";Sim;4;0;1;0;3;0;1;3;-26,13554917;-49,8072652;SPRF-SC;DEL06-SC;UOP01-DEL06-SC
580035;09/02/2024;sexta-feira;15:15:00;RN;101;80;NATAL;Ausência de reação do condutor;Colisão traseira;Com Vítimas Feridas;Pleno dia;Decrescente;Céu Claro;Dupla;Reta;Sim;3;0;2;0;1;0;2;2;-5,75852229;-35,28806121;SPRF-RN;DEL02-RN;UOP01-DEL02-RN
580036;09/02/2024;sexta-feira;11:35:00;RO;364;345;JI-PARANA;Acessar a via sem observar a presença dos outros veículos;Colisão transversal;Com Vítimas Feridas;Pleno dia;Crescente;Céu Claro;Dupla;Retorno Regulamentado;Sim;3;0;3;0;0;0;3;2;-10,8688113;-61,9601791;SPRF-RO;DEL02-RO;UOP01-DEL02-RO
580037;09/02/2024;sexta-feira;16:00:00;BA;116;439;FEIRA DE SANTANA;Curva acentuada;Saída de leito carroçável;Com Vítimas Feridas;Pleno dia;Crescente;Chuva;Dupla;Curva;Não;3;0;1;0;2;0;1;1;-12,32191792;-39,05070505;SPRF-BA;DEL02-BA;UOP01-DEL02-BA
580039;09/02/2024;sexta-feira;14:45:00;PE;101;193;PALMARES;Acumulo de água sobre o pavimento;Tombamento;Com Vítimas Feridas;Pleno dia;Crescente;Chuva;Dupla;Reta;Não;1;0;0;1;0;0;1;1;-8,72157295;-35,60951373;SPRF-PE;DEL01-PE;UOP03-DEL01-PE
580040;09/02/2024;sexta-feira;14:00:00;GO;40;35;LUZIANIA;Retorno proibido;Colisão traseira;Com Vítimas Feridas;Pleno dia;Crescente;Sol;Dupla;Reta;Não;4;0;0;3;0;1;3;2;-16,316414;-47,841304;SPRF-DF;DEL01-DF;UOP01-DEL01-DF
580041;09/02/2024;sexta-feira;16:30:00;ES;101;235,6;FUNDAO;Transitar na contramão;Colisão frontal;Com Vítimas Feridas;Pleno dia;Crescente;Céu Claro;Simples;Reta;Não;4;0;0;1;3;0;1;4;-19,97811606;-40,40780888;SPRF-ES;DEL02-ES;UOP01-DEL02-ES
580042;09/02/2024;sexta-feira;16:50:00;SP;116;183;SANTA ISABEL;Ausência de reação do condutor;Colisão frontal;Com Vítimas Feridas;Pleno dia;Crescente;Céu Claro;Múltipla;Reta;Sim;2;0;1;0;1;0;1;2;-23,34888216;-46,17091894;SPRF-SP;DEL01-SP;UOP01-DEL01-SP
580044;09/02/2024;sexta-feira;16:55:00;ES;101;280,8;SERRA;Desrespeitar a preferência no cruzamento;Colisão transversal;Com Vítimas Feridas;Pleno dia;Crescente;Céu Claro;Dupla;"Retorno Regulamentado;Reta";Não;2;0;1;0;0;1;1;2;-20,2193172;-40,3552572;SPRF-ES;DEL02-ES;UOP01-DEL02-ES
580045;09/02/2024;sexta-feira;16:30:00;MA;135;11;SAO LUIS;Acessar a via sem observar a presença dos outros veículos;Colisão transversal;Com Vítimas Feridas;Pleno dia;Decrescente;Céu Claro;Dupla;Reta;Sim;3;0;2;0;1;0;2;2;-2,66470782;-44,28673431;SPRF-MA;DEL01-MA;UOP01-DEL01-MA
580046;09/02/2024;sexta-feira;17:10:00;PB;101;82,1;BAYEUX;Condutor deixou de manter distância do veículo da frente;Engavetamento;Sem Vítimas;Anoitecer;Crescente;Céu Claro;Dupla;Reta;Sim;3;0;0;0;3;0;0;3;-7,12911;-34,93714;SPRF-PB;DEL01-PB;UOP01-DEL01-PB
580047;09/02/2024;sexta-feira;16:50:00;SP;116;448;REGISTRO;Acessar a via sem observar a presença dos outros veículos;Atropelamento de Pedestre;Com Vítimas Feridas;Pleno dia;Crescente;Céu Claro;Dupla;Reta;Não;3;0;1;1;1;0;2;2;-24,52099699;-47,85336602;SPRF-SP;DEL05-SP;UOP01-DEL05-SP
580048;09/02/2024;sexta-feira;16:30:00;PB;230;36,4;SANTA RITA;Reação tardia ou ineficiente do condutor;Engavetamento;Com Vítimas Feridas;Pleno dia;Decrescente;Céu Claro;Dupla;Reta;Sim;3;0;1;0;2;0;1;3;-7,1246;-34,9473;SPRF-PB;DEL01-PB;UOP03-DEL01-PB
580050;09/02/2024;sexta-feira;17:25:00;ES;101;293;CARIACICA;Trafegar com motocicleta (ou similar) entre as faixas;Colisão lateral mesmo sentido;Sem Vítimas;Anoitecer;Crescente;Céu Claro;Dupla;Reta;Sim;2;0;0;0;2;0;0;2;-20,31526144;-40,39567044;SPRF-ES;DEL01-ES;UOP01-DEL01-ES
580051;09/02/2024;sexta-feira;15:52:00;PE;232;9;RECIFE;Ausência de reação do condutor;Engavetamento;Com Vítimas Feridas;Pleno dia;Decrescente;Céu Claro;Dupla;Reta;Sim;7;0;1;0;5;1;1;6;-8,07764447;-34,97863609;SPRF-PE;DEL01-PE;UOP01-DEL01-PE
580052;09/02/2024;sexta-feira;16:45:00;BA;235;352;JUAZEIRO;Conversão proibida;Colisão transversal;Com Vítimas Feridas;Pleno dia;Crescente;Garoa/Chuvisco;Simples;Reta;Sim;2;0;1;0;1;0;1;2;-9,43151035;-40,50320148;SPRF-PE;DEL06-PE;UOP01-DEL06-PE
580053;09/02/2024;sexta-feira;17:20:00;PE;104;71,5;CARUARU;Ingestão de álcool pelo condutor;Colisão transversal;Com Vítimas Feridas;Pleno dia;Crescente;Ignorado;Dupla;"Declive;Reta";Não;3;0;1;0;2;0;1;3;-8,32804808;-35,98442478;SPRF-PE;DEL02-PE;UOP01-DEL02-PE
580054;09/02/2024;sexta-feira;17:05:00;RJ;40;113,5;DUQUE DE CAXIAS;Condutor deixou de manter distância do veículo da frente;Colisão lateral mesmo sentido;Sem Vítimas;Pleno dia;Decrescente;Céu Claro;Simples;"Retorno Regulamentado;Rotatória";Sim;2;0;0;0;2;0;0;2;-22,70948502;-43,29040354;SPRF-RJ;DEL01-RJ;UOP02-DEL01-RJ
580056;09/02/2024;sexta-feira;17:11:00;ES;101;190,5;ARACRUZ;Acessar a via sem observar a presença dos outros veículos;Colisão transversal;Com Vítimas Feridas;Anoitecer;Crescente;Céu Claro;Simples;Interseção de Vias;Não;2;0;0;1;1;0;1;2;-19,68560509;-40,27853793;SPRF-ES;DEL04-ES;UOP01-DEL04-ES
580057;09/02/2024;sexta-feira;17:20:00;SC;101;107,9;PENHA;Ausência de reação do condutor;Colisão traseira;Com Vítimas Feridas;Pleno dia;Crescente;Nublado;Múltipla;Declive;Não;2;0;1;0;1;0;1;2;-26,81930608;-48,68390282;SPRF-SC;DEL03-SC;UOP02-DEL03-SC
580058;09/02/2024;sexta-feira;16:30:00;AL;104;65;MURICI;Ultrapassagem Indevida;Colisão lateral sentido oposto;Com Vítimas Feridas;Pleno dia;Decrescente;Céu Claro;Simples;"Aclive;Reta";Não;3;0;1;1;1;0;2;2;-9,33313273;-35,8965549;SPRF-AL;DEL01-AL;UOP02-DEL01-AL
580059;09/02/2024;sexta-feira;17:00:00;PR;376;158;MANDAGUACU;Trafegar com motocicleta (ou similar) entre as faixas;Colisão lateral mesmo sentido;Com Vítimas Feridas;Pleno dia;Crescente;Céu Claro;Dupla;Reta;Sim;2;0;0;1;1;0;1;2;-23,36169997;-52,08593395;SPRF-PR;DEL09-PR;UOP01-DEL09-PR
580061;09/02/2024;sexta-feira;16:45:00;SC;153;99,8;CONCORDIA;Acessar a via sem observar a presença dos outros veículos;Colisão transversal;Com Vítimas Feridas;Pleno dia;Crescente;Céu Claro;Simples;Reta;Sim;3;0;1;0;2;0;1;2;-27,235508;-51,951069;SPRF-SC;DEL07-SC;UOP04-DEL07-SC
580062;09/02/2024;sexta-feira;17:45:00;SC;470;3;NAVEGANTES;Conversão proibida;Colisão transversal;Com Vítimas Feridas;Anoitecer;Crescente;Céu Claro;Simples;"Reta;Em Obras";Não;2;0;0;1;1;0;1;2;-26,868551;-48,674831;SPRF-SC;DEL04-SC;UOP04-DEL04-SC
580064;09/02/2024;sexta-feira;18:10:00;SC;101;143,5;ITAPEMA;Trafegar com motocicleta (ou similar) entre as faixas;Colisão lateral mesmo sentido;Com Vítimas Feridas;Anoitecer;Decrescente;Nublado;Dupla;Reta;Sim;3;0;1;0;2;0;1;3;-27,06436;-48,59599405;SPRF-SC;DEL04-SC;UOP03-DEL04-SC
580065;09/02/2024;sexta-feira;17:30:00;MG;381;941;EXTREMA;Avarias e/ou desgaste excessivo no pneu;Queda de ocupante de veículo;Com Vítimas Feridas;Pleno dia;Crescente;Céu Claro;Dupla;Reta;Não;2;0;0;1;0;1;1;2;-22,86021873;-46,34260711;SPRF-MG;DEL16-MG;UOP03-DEL16-MG
580066;09/02/2024;sexta-feira;17:20:00;PR;277;421,5;CANTAGALO;Desrespeitar a preferência no cruzamento;Colisão transversal;Com Vítimas Feridas;Pleno dia;Crescente;Céu Claro;Simples;"Curva;Interseção de Vias";Sim;3;0;1;1;1;0;2;2;-25,40516876;-52,09591501;SPRF-PR;DEL04-PR;UOP02-DEL04-PR
580067;09/02/2024;sexta-feira;18:40:00;MG;40;764;JUIZ DE FORA;Objeto estático sobre o leito carroçável;Colisão com objeto;Com Vítimas Feridas;Anoitecer;Decrescente;Céu Claro;Simples;Reta;Não;2;0;1;0;1;0;1;1;-21,58155741;-43,46811533;SPRF-MG;DEL05-MG;UOP01-DEL05-MG
580068;09/02/2024;sexta-feira;18:00:00;SC;280;69,9;JARAGUA DO SUL;Acessar a via sem observar a presença dos outros veículos;Colisão lateral mesmo sentido;Com Vítimas Feridas;Pleno dia;Crescente;Céu Claro;Simples;Reta;Sim;2;0;1;0;1;0;1;2;-26,46803296;-49,11833097;SPRF-SC;DEL03-SC;UOP03-DEL03-SC
580069;09/02/2024;sexta-feira;12:35:00;SC;280;306,3;PORTO UNIAO;Trafegar com motocicleta (ou similar) entre as faixas;Colisão lateral mesmo sentido;Com Vítimas Feridas;Pleno dia;Decrescente;Céu Claro;Simples;Reta;Sim;2;0;1;0;1;0;1;2;-26,25143864;-51,085456;SPRF-SC;DEL06-SC;UOP04-DEL06-SC
580070;02/02/2024;sexta-feira;08:20:00;DF;20;46;BRASILIA;Condutor Dormindo;Capotamento;Com Vítimas Feridas;Pleno dia;Crescente;Céu Claro;Dupla;"Declive;Curva";Não;1;0;1;0;0;0;1;1;-15,583345;-47,449738;SPRF-DF;DEL02-DF;UOP01-DEL02-DF
580072;09/02/2024;sexta-feira;12:30:00;MA;135;167;MATOES DO NORTE;Reação tardia ou ineficiente do condutor;Saída de leito carroçável;Com Vítimas Fatais;Pleno dia;Decrescente;Céu Claro;Simples;Curva;Não;2;2;0;0;0;0;0;1;-3,90481293;-44,48041583;SPRF-MA;DEL01-MA;UOP02-DEL01-MA
580073;09/02/2024;sexta-feira;18:44:00;PE;232;208;PESQUEIRA;Ultrapassagem Indevida;Colisão lateral mesmo sentido;Com Vítimas Feridas;Anoitecer;Decrescente;Céu Claro;Simples;Reta;Não;3;0;2;0;1;0;2;2;-8,36794109;-36,67972403;SPRF-PE;DEL03-PE;UOP02-DEL03-PE
580074;09/02/2024;sexta-feira;18:40:00;PR;277;704;SAO MIGUEL DO IGUACU;Reação tardia ou ineficiente do condutor;Colisão com objeto;Com Vítimas Feridas;Pleno dia;Decrescente;Céu Claro;Simples;Reta;Não;5;0;2;1;2;0;3;1;-25,428807;-54,366481;SPRF-PR;DEL05-PR;UOP01-DEL05-PR
580075;09/02/2024;sexta-feira;18:44:00;CE;116;10;FORTALEZA;Condutor deixou de manter distância do veículo da frente;Colisão traseira;Com Vítimas Feridas;Plena Noite;Crescente;Céu Claro;Dupla;Reta;Sim;6;0;2;0;4;0;2;4;-3,83603805;-38,5027281;SPRF-CE;DEL01-CE;UOP02-DEL01-CE
580076;09/02/2024;sexta-feira;18:10:00;MG;116;416,9;GOVERNADOR VALADARES;Animais na Pista;Atropelamento de Animal;Com Vítimas Feridas;Anoitecer;Decrescente;Nublado;Simples;Reta;Sim;1;0;1;0;0;0;1;1;-18,89215187;-41,94699543;SPRF-MG;DEL06-MG;UOP01-DEL06-MG
580078;09/02/2024;sexta-feira;19:20:00;AP;156;246;MACAPA;Animais na Pista;Atropelamento de Animal;Com Vítimas Feridas;Plena Noite;Decrescente;Céu Claro;Simples;Reta;Sim;1;0;1;0;0;0;1;1;0,2028299;-51,116314;SPRF-AP;DEL01-AP;UOP01-DEL01-AP
580079;09/02/2024;sexta-feira;19:10:00;PE;424;84,9;GARANHUNS;Iluminação deficiente;Atropelamento de Pedestre;Com Vítimas Fatais;Plena Noite;Decrescente;Céu Claro;Simples;Reta;Sim;2;1;0;0;0;1;0;2;-8,84941934;-36,51641817;SPRF-PE;DEL03-PE;UOP01-DEL03-PE
580080;09/02/2024;sexta-feira;18:30:00;SC;282;2;FLORIANOPOLIS;Reação tardia ou ineficiente do condutor;Colisão lateral mesmo sentido;Com Vítimas Feridas;Plena Noite;Crescente;Céu Claro;Múltipla;Reta;Sim;2;0;1;0;1;0;1;2;-27,603289;-48,590416;SPRF-SC;DEL01-SC;UOP01-DEL01-SC
580082;09/02/2024;sexta-feira;18:17:00;RN;304;30;MOSSORO;Condutor deixou de manter distância do veículo da frente;Colisão traseira;Com Vítimas Feridas;Plena Noite;Decrescente;Céu Claro;Simples;Reta;Sim;2;0;1;0;0;1;1;2;-5,11703801;-37,34100094;SPRF-RN;DEL04-RN;UOP02-DEL04-RN
580083;09/02/2024;sexta-feira;16:00:00;PE;232;16;JABOATAO DOS GUARARAPES;Reação tardia ou ineficiente do condutor;Tombamento;Com Vítimas Feridas;Anoitecer;Crescente;Céu Claro;Dupla;Reta;Não;2;0;1;0;1;0;1;1;-8,09414193;-35,03716601;SPRF-PE;DEL01-PE;UOP01-DEL01-PE
580084;09/02/2024;sexta-feira;16:15:00;RO;364;341;JI-PARANA;Reação tardia ou ineficiente do condutor;Colisão transversal;Com Vítimas Feridas;Pleno dia;Crescente;Céu Claro;Simples;Interseção de Vias;Sim;2;0;1;0;1;0;1;2;-10,88987987;-61,93126772;SPRF-RO;DEL02-RO;UOP01-DEL02-RO
580086;09/02/2024;sexta-feira;19:40:00;BA;110;0;PAULO AFONSO;Pista Escorregadia;Queda de ocupante de veículo;Com Vítimas Feridas;Plena Noite;Crescente;Chuva;Simples;Reta;Não;1;0;1;0;0;0;1;1;-9,454037;-38,202148;SPRF-BA;DEL07-BA;UOP01-DEL07-BA
580088;09/02/2024;sexta-feira;18:55:00;MG;40;43,4;PARACATU;Desrespeitar a preferência no cruzamento;Colisão transversal;Com Vítimas Feridas;Anoitecer;Crescente;Nublado;Simples;Reta;Sim;2;0;1;0;1;0;1;2;-17,22598002;-46,86163701;SPRF-MG;DEL14-MG;UOP01-DEL14-MG
580089;09/02/2024;sexta-feira;16:30:00;BA;101;204,5;MURITIBA;Acessar a via sem observar a presença dos outros veículos;Colisão transversal;Com Vítimas Feridas;Pleno dia;Crescente;Garoa/Chuvisco;Simples;"Reta;Interseção de Vias";Não;2;0;1;0;1;0;1;2;-12,63317306;-39,09398987;SPRF-BA;DEL01-BA;UOP02-DEL01-BA
580090;09/02/2024;sexta-feira;20:00:00;RS;116;222;DOIS IRMAOS;Condutor deixou de manter distância do veículo da frente;Colisão lateral mesmo sentido;Com Vítimas Feridas;Plena Noite;Crescente;Céu Claro;Múltipla;"Interseção de Vias;Curva";Sim;2;0;1;0;1;0;1;2;-29,58096695;-51,09515511;SPRF-RS;DEL01-RS;UOP02-DEL01-RS
580091;09/02/2024;sexta-feira;20:13:00;RS;392;18,9;RIO GRANDE;Acessar a via sem observar a presença dos outros veículos;Colisão transversal;Com Vítimas Feridas;Plena Noite;Crescente;Nublado;Dupla;"Retorno Regulamentado;Reta";Sim;3;0;0;1;1;1;1;3;-32,09017991;-52,17651198;SPRF-RS;DEL07-RS;UOP02-DEL07-RS
580092;09/02/2024;sexta-feira;19:30:00;RJ;101;331;RIO DE JANEIRO;Ausência de reação do condutor;Colisão com objeto;Com Vítimas Feridas;Plena Noite;Crescente;Nublado;Dupla;Reta;Sim;2;0;1;0;1;0;1;2;-22,867662;-43,195337;SPRF-RJ;DEL02-RJ;UOP01-DEL02-RJ
580093;09/02/2024;sexta-feira;18:15:00;PR;277;161;PALMEIRA;Reação tardia ou ineficiente do condutor;Queda de ocupante de veículo;Com Vítimas Feridas;Anoitecer;Crescente;Céu Claro;Simples;Reta;Não;2;0;1;0;0;1;1;2;-25,47289;-49,895964;SPRF-PR;DEL03-PR;UOP03-DEL03-PR
580095;09/02/2024;sexta-feira;17:35:00;PR;369;478;CORBELIA;Objeto estático sobre o leito carroçável;Colisão traseira;Sem Vítimas;Pleno dia;Crescente;Céu Claro;Simples;Aclive;Não;4;0;0;0;3;1;0;4;-24,816712;-53,296315;SPRF-PR;DEL04-PR;UOP03-DEL04-PR
580097;09/02/2024;sexta-feira;20:30:00;SC;282;339;CAMPOS NOVOS;Velocidade Incompatível;Colisão com objeto;Com Vítimas Feridas;Plena Noite;Decrescente;Céu Claro;Simples;Curva;Não;1;0;1;0;0;0;1;1;-27,392731;-51,195118;SPRF-SC;DEL07-SC;UOP06-DEL07-SC
580099;09/02/2024;sexta-feira;20:50:00;PI;343;9,9;PARNAIBA;Manobra de mudança de faixa;Colisão transversal;Com Vítimas Feridas;Plena Noite;Crescente;Chuva;Simples;Reta;Sim;2;0;1;0;1;0;1;2;-2,902034;-41,741646;SPRF-PI;DEL05-PI;UOP01-DEL05-PI
580101;09/02/2024;sexta-feira;15:00:00;SC;282;394;JOACABA;Pista Escorregadia;Queda de ocupante de veículo;Com Vítimas Feridas;Pleno dia;Crescente;Sol;Simples;Curva;Não;1;0;1;0;0;0;1;1;-27,16017;-51,58284;SPRF-SC;DEL07-SC;UOP05-DEL07-SC
580102;09/02/2024;sexta-feira;20:00:00;MG;381;457;BELO HORIZONTE;Reação tardia ou ineficiente do condutor;Capotamento;Com Vítimas Feridas;Plena Noite;Crescente;Céu Claro;Dupla;Reta;Sim;2;0;1;0;1;0;1;1;-19,84888939;-43,8878274;SPRF-MG;DEL01-MG;UOP01-DEL01-MG
580104;09/02/2024;sexta-feira;21:00:00;RJ;101;301;SAO GONCALO;Ausência de reação do condutor;Colisão traseira;Com Vítimas Feridas;Plena Noite;Crescente;Céu Claro;Dupla;Reta;Não;2;0;1;0;1;0;1;2;-22,77857497;-42,95745101;SPRF-RJ;DEL02-RJ;UOP02-DEL02-RJ
580106;09/02/2024;sexta-feira;19:30:00;PR;376;12,9;MARINGA;Ausência de reação do condutor;Tombamento;Com Vítimas Feridas;Pleno dia;Decrescente;Céu Claro;Dupla;Reta;Sim;2;0;1;1;0;0;2;1;-23,39600437;-51,88562751;SPRF-PR;DEL09-PR;UOP01-DEL09-PR
580108;09/02/2024;sexta-feira;21:10:00;GO;414;352;COCALZINHO DE GOIAS;Conversão proibida;Colisão lateral mesmo sentido;Com Vítimas Feridas;Plena Noite;Decrescente;Nublado;Simples;Reta;Não;4;0;3;0;1;0;3;2;-15,64746993;-48,67949609;SPRF-GO;DEL02-GO;UOP01-DEL02-GO
580109;09/02/2024;sexta-feira;21:30:00;RS;285;301;PASSO FUNDO;Conversão proibida;Saída de leito carroçável;Com Vítimas Feridas;Plena Noite;Crescente;Nublado;Simples;Reta;Não;1;0;1;0;0;0;1;1;-28,224813;-52,450539;SPRF-RS;DEL08-RS;UOP03-DEL08-RS
580110;09/02/2024;sexta-feira;21:30:00;RJ;101;448;MANGARATIBA;Velocidade Incompatível;Queda de ocupante de veículo;Com Vítimas Feridas;Plena Noite;Crescente;Céu Claro;Simples;Reta;Não;1;0;1;0;0;0;1;1;-23,00877098;-44,10488901;SPRF-RJ;DEL03-RJ;UOP02-DEL03-RJ
580111;09/02/2024;sexta-feira;21:05:00;RS;116;255;ESTEIO;Condutor deixou de manter distância do veículo da frente;Colisão traseira;Com Vítimas Feridas;Plena Noite;Crescente;Céu Claro;Múltipla;"Interseção de Vias;Reta";Sim;2;0;2;0;0;0;2;2;-29,83686546;-51,17545366;SPRF-RS;DEL01-RS;UOP02-DEL01-RS
580112;09/02/2024;sexta-feira;20:50:00;SC;101;424,9;ARARANGUA;Desrespeitar a preferência no cruzamento;Colisão transversal;Com Vítimas Feridas;Plena Noite;Crescente;Nublado;Múltipla;Reta;Sim;2;0;0;1;1;0;1;2;-29,01601155;-49,58269226;SPRF-SC;DEL02-SC;UOP02-DEL02-SC
580114;09/02/2024;sexta-feira;21:10:00;RO;364;197;PIMENTA BUENO;Animais na Pista;Atropelamento de Animal;Com Vítimas Feridas;Plena Noite;Crescente;Céu Claro;Simples;Curva;Sim;1;0;1;0;0;0;1;1;-11,66790525;-61,19216125;SPRF-RO;DEL02-RO;UOP02-DEL02-RO
580116;09/02/2024;sexta-feira;20:30:00;RJ;101;304;SAO GONCALO;Demais Fenômenos da natureza;Incêndio;Sem Vítimas;Plena Noite;Crescente;Céu Claro;Dupla;Reta;Não;1;0;0;0;1;0;0;1;-22,78491869;-42,98627706;SPRF-RJ;DEL02-RJ;UOP02-DEL02-RJ
580117;09/02/2024;sexta-feira;22:20:00;RS;158;333,4;SANTA MARIA;Entrada inopinada do pedestre;Atropelamento de Pedestre;Com Vítimas Feridas;Plena Noite;Decrescente;Céu Claro;Simples;"Interseção de Vias;Reta";Sim;4;0;2;0;2;0;2;2;-29,70762392;-53,85429382;SPRF-RS;DEL09-RS;UOP01-DEL09-RS
580118;09/02/2024;sexta-feira;21:30:00;ES;262;95,2;DOMINGOS MARTINS;Desrespeitar a preferência no cruzamento;Colisão transversal;Com Vítimas Feridas;Plena Noite;Crescente;Céu Claro;Simples;"Interseção de Vias;Reta";Não;2;0;0;1;0;1;1;2;-20,36472463;-41,06271029;SPRF-ES;DEL01-ES;UOP02-DEL01-ES
580119;09/02/2024;sexta-feira;20:47:00;PI;316;6;TERESINA;Reação tardia ou ineficiente do condutor;Colisão traseira;Sem Vítimas;Plena Noite;Crescente;Chuva;Dupla;Reta;Sim;2;0;0;0;1;1;0;2;-5,14702095;-42,77438982;SPRF-PI;DEL01-PI;UOP02-DEL01-PI
580120;09/02/2024;sexta-feira;22:05:00;AL;104;9,5;SAO JOSE DA LAJE;Condutor deixou de manter distância do veículo da frente;Colisão traseira;Com Vítimas Feridas;Plena Noite;Decrescente;Céu Claro;Simples;"Aclive;Curva";Não;4;0;4;0;0;0;4;2;-8,97108463;-36,01804588;SPRF-AL;DEL01-AL;UOP02-DEL01-AL
580121;09/02/2024;sexta-feira;22:15:00;PR;369;157,1;LONDRINA;Velocidade Incompatível;Atropelamento de Pedestre;Com Vítimas Feridas;Plena Noite;Decrescente;Nublado;Dupla;Reta;Sim;3;0;2;0;0;1;2;2;-23,28733;-51,226846;SPRF-PR;DEL07-PR;UOP01-DEL07-PR
580122;09/02/2024;sexta-feira;22:40:00;SP;116;139,4;SAO JOSE DOS CAMPOS;Manobra de mudança de faixa;Queda de ocupante de veículo;Com Vítimas Feridas;Plena Noite;Decrescente;Céu Claro;Dupla;Reta;Sim;3;0;1;1;0;1;2;2;-23,16153216;-45,80400592;SPRF-SP;DEL02-SP;UOP01-DEL02-SP
580124;09/02/2024;sexta-feira;21:00:00;PI;343;593;FLORIANO;Reação tardia ou ineficiente do condutor;Tombamento;Com Vítimas Feridas;Plena Noite;Crescente;Céu Claro;Simples;Reta;Sim;1;0;1;0;0;0;1;1;-6,781913;-43,038273;SPRF-PI;DEL03-PI;UOP01-DEL03-PI
580125;09/02/2024;sexta-feira;23:45:00;MG;262;36;MANHUACU;Conversão proibida;Colisão lateral mesmo sentido;Com Vítimas Feridas;Pleno dia;Crescente;Céu Claro;Simples;Curva;Sim;2;0;1;0;1;0;1;2;-20,25932046;-42,02298331;SPRF-MG;DEL06-MG;UOP03-DEL06-MG
580126;09/02/2024;sexta-feira;21:30:00;DF;60;3;BRASILIA;Reação tardia ou ineficiente do condutor;Tombamento;Com Vítimas Feridas;Plena Noite;Crescente;Chuva;Dupla;"Reta;Retorno Regulamentado";Sim;2;0;1;1;0;0;2;1;-15,89034582;-48,08731301;SPRF-DF;DEL03-DF;UOP01-DEL03-DF
580127;09/02/2024;sexta-feira;10:15:00;RJ;101;295;ITABORAI;Condutor deixou de manter distância do veículo da frente;Colisão lateral mesmo sentido;Com Vítimas Feridas;Pleno dia;Decrescente;Céu Claro;Dupla;Reta;Sim;2;0;1;0;1;0;1;2;-22,76365068;-42,90223623;SPRF-RJ;DEL02-RJ;UOP02-DEL02-RJ
580128;09/02/2024;sexta-feira;20:10:00;BA;101;230;SAPEACU;Estacionar ou parar em local proibido;Colisão traseira;Com Vítimas Fatais;Plena Noite;Decrescente;Nublado;Simples;"Aclive;Reta";Não;5;1;0;1;3;0;1;2;-12,83551106;-39,20129659;SPRF-BA;DEL01-BA;UOP02-DEL01-BA
580130;09/02/2024;sexta-feira;23:50:00;GO;153;413;PIRENOPOLIS;Chuva;Colisão com objeto;Com Vítimas Feridas;Plena Noite;Crescente;Chuva;Simples;"Ponte;Declive";Não;3;0;1;1;1;0;2;1;-16,119982;-49,036469;SPRF-GO;DEL02-GO;UOP02-DEL02-GO
580131;09/02/2024;sexta-feira;21:00:00;MT;163;743;SORRISO;Chuva;Saída de leito carroçável;Com Vítimas Feridas;Plena Noite;Decrescente;Chuva;Simples;Reta;Não;1;0;1;0;0;0;1;1;-12,72348109;-55,82831683;SPRF-MT;DEL06-MT;UOP01-DEL06-MT
580132;09/02/2024;sexta-feira;22:40:00;SC;101;209,5;SAO JOSE;Trafegar com motocicleta (ou similar) entre as faixas;Colisão lateral mesmo sentido;Com Vítimas Feridas;Plena Noite;Crescente;Garoa/Chuvisco;Simples;Interseção de Vias;Sim;2;0;1;0;0;1;1;2;-27,61000542;-48,63895057;SPRF-SC;DEL01-SC;UOP01-DEL01-SC