id;data_inversa;dia_semana;horario;uf;br;km;municipio;causa_acidente;tipo_acidente;classificacao_acidente;fase_dia;sentido_via;condicao_metereologica;tipo_pista;tracado_via;uso_solo;pessoas;mortos;feridos_leves;feridos_graves;ilesos;ignorados;feridos;veiculos;latitude;longitude;regional;delegacia;uop
580133;09/02/2024;sexta-feira;22:40:00;SC;101;325;CAPIVARI DE BAIXO;Avarias e/ou desgaste excessivo no pneu;Tombamento;Com Vítimas Feridas;Plena Noite;Decrescente;Céu Claro;Dupla;Reta;Não;2;0;2;0;0;0;2;1;-28,42516271;-48,93259193;SPRF-SC;DEL02-SC;UOP01-DEL02-SC
580134;10/02/2024;sábado;00:00:00;RJ;101;72,1;CAMPOS DOS GOYTACAZES;Entrada inopinada do pedestre;Atropelamento de Pedestre;Com Vítimas Feridas;Plena Noite;Decrescente;Nublado;Simples;Reta;Não;2;0;1;0;1;0;1;2;-21,798874;-41,393955;SPRF-RJ;DEL08-RJ;UOP02-DEL08-RJ
580137;09/02/2024;sexta-feira;23:40:00;BA;101;525;BUERAREMA;Reação tardia ou ineficiente do condutor;Colisão lateral sentido oposto;Com Vítimas Feridas;Plena Noite;Crescente;Chuva;Simples;Reta;Não;11;0;1;0;10;0;1;2;-14,97582686;-39,32690621;SPRF-BA;DEL05-BA;UOP01-DEL05-BA
580139;09/02/2024;sexta-feira;16:00:00;RJ;393;106,5;SAPUCAIA;Condutor deixou de manter distância do veículo da frente;Colisão traseira;Sem Vítimas;Pleno dia;Decrescente;Céu Claro;Simples;Reta;Sim;2;0;0;0;2;0;0;2;-21,87764485;-42,67025797;SPRF-RJ;DEL05-RJ;UOP01-DEL05-RJ
580140;09/02/2024;sexta-feira;22:09:00;AC;364;136;RIO BRANCO;Acessar a via sem observar a presença dos outros veículos;Colisão transversal;Com Vítimas Feridas;Plena Noite;Crescente;Nublado;Dupla;Reta;Sim;2;0;1;0;1;0;1;2;-9,98588117;-67,84523538;SPRF-AC;DEL01-AC;UOP01-DEL01-AC
580141;09/02/2024;sexta-feira;20:10:00;MT;163;758;SORRISO;Ausência de reação do condutor;Capotamento;Sem Vítimas;Plena Noite;Decrescente;Garoa/Chuvisco;Dupla;Curva;Não;1;0;0;0;0;1;0;1;-12,50739195;-55,69229364;SPRF-MT;DEL06-MT;UOP01-DEL06-MT
580142;09/02/2024;sexta-feira;23:50:00;RS;290;23;SANTO ANTONIO DA PATRULHA;Reação tardia ou ineficiente do condutor;Colisão lateral mesmo sentido;Com Vítimas Feridas;Plena Noite;Decrescente;Céu Claro;Dupla;Reta;Não;1;0;1;0;0;0;1;1;-29,885357;-50,484364;SPRF-RS;DEL03-RS;UOP01-DEL03-RS
580145;09/02/2024;sexta-feira;22:25:00;PI;NA;NA;CRISTINO CASTRO;Pista Escorregadia;Saída de leito carroçável;Sem Vítimas;Plena Noite;Não Informado;Nublado;Simples;"Reta;Interseção de Vias";Sim;3;0;0;0;3;0;0;1;-8,82244098;-44,22439098;SPRF-PI;DEL03-PI;UOP02-DEL03-PI
580147;09/02/2024;sexta-feira;23:50:00;PR;277;167;PALMEIRA;Reação tardia ou ineficiente do condutor;Queda de ocupante de veículo;Com Vítimas Feridas;Plena Noite;Decrescente;Céu Claro;Simples;Reta;Sim;2;0;1;0;0;1;1;2;-25,46815033;-49,9043132;SPRF-PR;DEL03-PR;UOP03-DEL03-PR
580148;10/02/2024;sábado;01:50:00;SC;101;212;PALHOCA;Pedestre cruzava a pista fora da faixa;Atropelamento de Pedestre;Sem Vítimas;Plena Noite;Decrescente;Céu Claro;Dupla;Reta;Sim;2;0;0;0;1;1;0;2;-27,62996929;-48,65903871;SPRF-SC;DEL01-SC;UOP02-DEL01-SC
580149;10/02/2024;sábado;01:23:00;ES;101;292;CARIACICA;Ausência de reação do condutor;Saída de leito carroçável;Sem Vítimas;Plena Noite;Decrescente;Céu Claro;Simples;Reta;Não;1;0;0;0;0;1;0;1;-20,30650512;-40,39488717;SPRF-ES;DEL01-ES;UOP01-DEL01-ES
580150;10/02/2024;sábado;01:29:00;PE;428;187;PETROLINA;Ingestão de álcool pelo condutor;Queda de ocupante de veículo;Com Vítimas Feridas;Plena Noite;Crescente;Céu Claro;Dupla;Reta;Sim;1;0;1;0;0;0;1;1;-9,35604301;-40,47854198;SPRF-PE;DEL06-PE;UOP01-DEL06-PE
580151;10/02/2024;sábado;01:30:00;RS;116;269;CANOAS;Acumulo de óleo sobre o pavimento;Tombamento;Com Vítimas Feridas;Plena Noite;Decrescente;Céu Claro;Dupla;Reta;Sim;2;0;1;0;1;0;1;1;-29,95942501;-51,17608515;SPRF-RS;DEL01-RS;UOP01-DEL01-RS
580152;10/02/2024;sábado;01:30:00;AL;104;87;RIO LARGO;Animais na Pista;Atropelamento de Animal;Com Vítimas Fatais;Plena Noite;Crescente;Nublado;Dupla;Reta;Sim;1;1;0;0;0;0;0;1;-9,47532901;-35,82160002;SPRF-AL;DEL01-AL;UOP01-DEL01-AL
580153;10/02/2024;sábado;01:55:00;RS;290;612;ALEGRETE;Reação tardia ou ineficiente do condutor;Saída de leito carroçável;Com Vítimas Feridas;Plena Noite;Crescente;Céu Claro;Simples;Reta;Não;4;0;1;0;3;0;1;1;-29,927664;-56,064651;SPRF-RS;DEL13-RS;UOP02-DEL13-RS
580154;10/02/2024;sábado;02:35:00;SP;116;418;JUQUIA;Trafegar com motocicleta (ou similar) entre as faixas;Capotamento;Com Vítimas Feridas;Plena Noite;Crescente;Céu Claro;Dupla;Reta;Não;5;0;3;0;2;0;3;1;-24,353607;-47,659347;SPRF-SP;DEL05-SP;UOP01-DEL05-SP
580155;10/02/2024;sábado;02:45:00;SP;153;64;SAO JOSE DO RIO PRETO;Ingestão de álcool pelo condutor;Colisão com objeto;Com Vítimas Feridas;Plena Noite;Crescente;Céu Claro;Dupla;Reta;Sim;1;0;1;0;0;0;1;1;-20,82919401;-49,36046325;SPRF-SP;DEL09-SP;UOP01-DEL09-SP
580156;10/02/2024;sábado;01:40:00;PR;277;721,8;FOZ DO IGUACU;Ingestão de álcool pelo condutor;Colisão traseira;Com Vítimas Feridas;Plena Noite;Crescente;Céu Claro;Dupla;Reta;Sim;3;0;1;0;2;0;1;2;-25,4911505;-54,51185421;SPRF-PR;DEL05-PR;UOP03-DEL05-PR
580157;10/02/2024;sábado;02:30:00;SP;153;281,8;OCAUCU;Ausência de reação do condutor;Saída de leito carroçável;Sem Vítimas;Plena Noite;Decrescente;Nublado;Simples;Reta;Não;1;0;0;0;1;0;0;1;-22,42209985;-49,86000837;SPRF-SP;DEL07-SP;UOP02-DEL07-SP
580160;10/02/2024;sábado;03:00:00;PR;277;7,5;PARANAGUA;Mal súbito do condutor;Saída de leito carroçável;Com Vítimas Feridas;Plena Noite;Decrescente;Nublado;Dupla;Reta;Não;1;0;1;0;0;0;1;1;-25,562173;-48,587989;SPRF-PR;DEL01-PR;UOP05-DEL01-PR
580161;10/02/2024;sábado;03:15:00;RJ;116;84;TERESOPOLIS;Reação tardia ou ineficiente do condutor;Colisão lateral mesmo sentido;Com Vítimas Feridas;Amanhecer;Crescente;Nublado;Simples;Reta;Sim;3;0;1;0;1;1;1;2;-22,4226117;-42,95115115;SPRF-RJ;DEL04-RJ;UOP01-DEL04-RJ
580163;10/02/2024;sábado;03:50:00;RS;290;721;URUGUAIANA;Ausência de reação do condutor;Saída de leito carroçável;Com Vítimas Fatais;Plena Noite;Crescente;Céu Claro;Dupla;"Rotatória;Curva";Não;1;1;0;0;0;0;0;1;-29,758587;-57,060295;SPRF-RS;DEL13-RS;UOP01-DEL13-RS
580164;10/02/2024;sábado;03:53:00;PE;232;247;ARCOVERDE;Animais na Pista;Atropelamento de Animal;Sem Vítimas;Plena Noite;Crescente;Céu Claro;Simples;"Aclive;Reta";Não;1;0;0;0;1;0;0;1;-8,42267285;-37,02554205;SPRF-PE;DEL04-PE;UOP02-DEL04-PE
580165;10/02/2024;sábado;04:00:00;MG;364;10,6;FRUTAL;Transitar na contramão;Colisão frontal;Com Vítimas Feridas;Plena Noite;Decrescente;Céu Claro;Simples;Reta;Não;2;0;0;1;0;1;1;2;-20,025185;-48,94096;SPRF-MG;DEL13-MG;UOP02-DEL13-MG
580168;10/02/2024;sábado;04:10:00;MA;135;8;SAO LUIS;Ingestão de álcool pelo condutor;Colisão traseira;Sem Vítimas;Plena Noite;Crescente;Chuva;Dupla;Reta;Sim;2;0;0;0;2;0;0;2;-2,64342093;-44,27374175;SPRF-MA;DEL01-MA;UOP01-DEL01-MA
580169;10/02/2024;sábado;04:00:00;MG;354;750;ITANHANDU;Ingestão de álcool pelo condutor;Saída de leito carroçável;Com Vítimas Feridas;Plena Noite;Decrescente;Nevoeiro/Neblina;Simples;"Aclive;Curva";Não;1;0;1;0;0;0;1;1;-22,28077569;-44,87170669;SPRF-MG;DEL17-MG;UOP01-DEL17-MG
580170;10/02/2024;sábado;02:40:00;RJ;116;105;GUAPIMIRIM;Demais falhas mecânicas ou elétricas;Incêndio;Sem Vítimas;Plena Noite;Decrescente;Céu Claro;Dupla;Reta;Não;1;0;0;0;1;0;0;1;-22,51502902;-43,00052292;SPRF-RJ;DEL04-RJ;UOP01-DEL04-RJ
580172;10/02/2024;sábado;03:45:00;RS;470;171;VERANOPOLIS;Transitar na contramão;Colisão frontal;Com Vítimas Feridas;Plena Noite;Crescente;Céu Claro;Simples;Reta;Não;4;0;3;0;1;0;3;2;-28,89298552;-51,55086637;SPRF-RS;DEL06-RS;UOP02-DEL06-RS
580173;10/02/2024;sábado;05:55:00;RS;392;5,6;RIO GRANDE;Acumulo de óleo sobre o pavimento;Colisão frontal;Com Vítimas Feridas;Amanhecer;Decrescente;Nublado;Simples;Reta;Sim;6;0;5;0;1;0;5;2;-32,07687877;-52,10166627;SPRF-RS;DEL07-RS;UOP02-DEL07-RS
580175;10/02/2024;sábado;06:05:00;RS;116;231;ESTANCIA VELHA;Transitar na contramão;Colisão transversal;Com Vítimas Fatais;Amanhecer;Decrescente;Céu Claro;Simples;"Declive;Curva";Não;4;1;2;1;0;0;3;2;-29,6282532;-51,14263415;SPRF-RS;DEL01-RS;UOP02-DEL01-RS
580176;10/02/2024;sábado;01:05:00;MG;50;179;UBERABA;Pista esburacada;Colisão lateral mesmo sentido;Com Vítimas Feridas;Plena Noite;Crescente;Céu Claro;Dupla;Reta;Sim;5;0;4;0;1;0;4;2;-19,77827047;-47,93140998;SPRF-MG;DEL13-MG;UOP01-DEL13-MG
580177;10/02/2024;sábado;05:45:00;PR;277;632,5;CEU AZUL;Ultrapassagem Indevida;Tombamento;Com Vítimas Feridas;Amanhecer;Decrescente;Céu Claro;Simples;"Reta;Rotatória";Não;2;0;2;0;0;0;2;1;-25,12477093;-53,81575584;SPRF-PR;DEL05-PR;UOP02-DEL05-PR
580178;09/02/2024;sexta-feira;22:40:00;MS;262;5;TRES LAGOAS;Desrespeitar a preferência no cruzamento;Colisão transversal;Com Vítimas Feridas;Plena Noite;Crescente;Nublado;Dupla;Rotatória;Sim;2;0;1;0;1;0;1;2;-20,78175479;-51,67011738;SPRF-MS;DEL07-MS;UOP01-DEL07-MS
580183;10/02/2024;sábado;04:30:00;MT;364;400;CUIABA;Acessar a via sem observar a presença dos outros veículos;Colisão transversal;Com Vítimas Fatais;Amanhecer;Crescente;Céu Claro;Dupla;Reta;Não;2;1;0;0;1;0;0;2;-15,67919104;-55,92995102;SPRF-MT;DEL01-MT;UOP02-DEL01-MT
580184;10/02/2024;sábado;05:40:00;PE;232;7,8;JABOATAO DOS GUARARAPES;Trafegar com motocicleta (ou similar) entre as faixas;Colisão lateral mesmo sentido;Sem Vítimas;Pleno dia;Decrescente;Céu Claro;Múltipla;Reta;Sim;2;0;0;0;1;1;0;2;-8,07566;-34,96841;SPRF-PE;DEL01-PE;UOP01-DEL01-PE
580185;10/02/2024;sábado;05:35:00;SC;282;578,2;PINHALZINHO;Transitar na contramão;Colisão lateral sentido oposto;Com Vítimas Feridas;Amanhecer;Crescente;Céu Claro;Simples;Curva;Sim;1;0;1;0;0;0;1;1;-26,838364;-52,985279;SPRF-SC;DEL07-SC;UOP02-DEL07-SC
580186;28/01/2024;domingo;09:45:00;GO;60;456;JATAI;Ausência de reação do condutor;Saída de leito carroçável;Com Vítimas Feridas;Pleno dia;Crescente;Céu Claro;Dupla;Reta;Não;1;0;1;0;0;0;1;1;-17,8666;-51,5789;SPRF-GO;DEL05-GO;UOP01-DEL05-GO
580188;09/02/2024;sexta-feira;19:00:00;PI;135;636;CRISTALANDIA DO PIAUI;Reação tardia ou ineficiente do condutor;Saída de leito carroçável;Com Vítimas Feridas;Plena Noite;Crescente;Chuva;Simples;"Reta;Aclive";Não;2;0;2;0;0;0;2;1;-10,79785607;-45,16192163;SPRF-PI;DEL03-PI;UOP02-DEL03-PI
580189;10/02/2024;sábado;01:50:00;SC;470;61,3;BLUMENAU;Reação tardia ou ineficiente do condutor;Saída de leito carroçável;Sem Vítimas;Plena Noite;Crescente;Céu Claro;Simples;Curva;Não;1;0;0;0;0;1;0;1;-26,878952;-49,17421;SPRF-SC;DEL04-SC;UOP01-DEL04-SC
580193;10/02/2024;sábado;06:30:00;SC;101;407,3;ARARANGUA;Acessar a via sem observar a presença dos outros veículos;Colisão lateral mesmo sentido;Sem Vítimas;Pleno dia;Decrescente;Céu Claro;Múltipla;"Interseção de Vias;Reta";Não;2;0;0;0;0;2;0;2;-28,9173;-49,488151;SPRF-SC;DEL02-SC;UOP02-DEL02-SC
580196;10/02/2024;sábado;07:30:00;BA;135;163;BARREIRAS;Chuva;Colisão com objeto;Com Vítimas Feridas;Pleno dia;Crescente;Chuva;Simples;Reta;Não;2;0;1;1;0;0;2;1;-12,01523273;-44,94727418;SPRF-BA;DEL08-BA;UOP04-DEL08-BA
580198;10/02/2024;sábado;00:52:00;DF;251;11;BRASILIA;Chuva;Colisão com objeto;Com Vítimas Feridas;Plena Noite;Crescente;Chuva;Simples;"Reta;Interseção de Vias;Rotatória";Não;3;0;2;0;0;1;2;1;-15,969707;-47,586941;SPRF-DF;DEL01-DF;UOP01-DEL01-DF
580199;10/02/2024;sábado;06:30:00;PR;277;97,3;CURITIBA;Ausência de reação do condutor;Saída de leito carroçável;Sem Vítimas;Pleno dia;Crescente;Sol;Dupla;"Aclive;Reta";Sim;2;0;0;0;0;2;0;2;-25,43036629;-49,34398955;SPRF-PR;DEL01-PR;UOP06-DEL01-PR
580200;10/02/2024;sábado;08:25:00;RN;406;159;CEARA-MIRIM;Chuva;Queda de ocupante de veículo;Com Vítimas Feridas;Pleno dia;Crescente;Chuva;Simples;Reta;Sim;2;0;0;2;0;0;2;1;-5,7065959;-35,37766687;SPRF-RN;DEL02-RN;UOP01-DEL02-RN
580202;10/02/2024;sábado;07:40:00;DF;20;6,7;BRASILIA;Ingestão de álcool pelo condutor;Saída de leito carroçável;Sem Vítimas;Pleno dia;Crescente;Chuva;Dupla;"Aclive;Reta";Sim;1;0;0;0;1;0;0;1;-15,665888;-47,808308;SPRF-DF;DEL02-DF;UOP01-DEL02-DF
580205;10/02/2024;sábado;06:30:00;RO;364;341;JI-PARANA;Ausência de reação do condutor;Colisão traseira;Com Vítimas Feridas;Amanhecer;Crescente;Céu Claro;Simples;"Reta;Aclive";Sim;2;0;1;0;0;1;1;2;-10,88987987;-61,93126772;SPRF-RO;DEL02-RO;UOP01-DEL02-RO
580206;10/02/2024;sábado;07:30:00;MG;40;509;RIBEIRAO DAS NEVES;Condutor deixou de manter distância do veículo da frente;Colisão traseira;Com Vítimas Feridas;Pleno dia;Decrescente;Céu Claro;Dupla;Reta;Sim;2;0;0;1;1;0;1;2;-19,76728744;-44,12855905;SPRF-MG;DEL01-MG;UOP02-DEL01-MG
580209;10/02/2024;sábado;08:50:00;GO;40;0,9;VALPARAISO DE GOIAS;Manobra de mudança de faixa;Colisão traseira;Com Vítimas Feridas;Pleno dia;Decrescente;Nublado;Dupla;Reta;Sim;2;0;1;0;1;0;1;2;-16,058273;-47,982655;SPRF-DF;DEL01-DF;UOP01-DEL01-DF
580211;10/02/2024;sábado;03:50:00;RJ;116;233;PIRAI;Condutor Dormindo;Colisão com objeto;Com Vítimas Feridas;Amanhecer;Decrescente;Nevoeiro/Neblina;Múltipla;Curva;Não;1;0;1;0;0;0;1;1;-22,66355363;-43,84062168;SPRF-RJ;DEL07-RJ;UOP01-DEL07-RJ
580212;10/02/2024;sábado;07:00:00;MS;158;81,3;PARANAIBA;Reação tardia ou ineficiente do condutor;Saída de leito carroçável;Com Vítimas Feridas;Pleno dia;Decrescente;Sol;Simples;"Reta;Declive";Não;2;0;1;0;0;1;1;2;-19,57253109;-51,23791112;SPRF-MS;DEL08-MS;UOP01-DEL08-MS
580213;10/02/2024;sábado;08:30:00;RJ;101;535;PARATY;Desrespeitar a preferência no cruzamento;Colisão transversal;Com Vítimas Feridas;Pleno dia;Crescente;Céu Claro;Simples;Reta;Não;3;0;1;1;1;0;2;2;-23,03389803;-44,55267499;SPRF-RJ;DEL03-RJ;UOP04-DEL03-RJ
580214;10/02/2024;sábado;08:40:00;PR;116;51;CAMPINA GRANDE DO SUL;Avarias e/ou desgaste excessivo no pneu;Saída de leito carroçável;Com Vítimas Feridas;Pleno dia;Decrescente;Céu Claro;Dupla;Curva;Não;2;0;1;0;1;0;1;1;-25,24249703;-48,90292205;SPRF-PR;DEL01-PR;UOP02-DEL01-PR
580215;10/02/2024;sábado;07:15:00;MG;50;177,4;UBERABA;Acessar a via sem observar a presença dos outros veículos;Colisão traseira;Com Vítimas Fatais;Pleno dia;Crescente;Sol;Dupla;"Reta;Declive";Sim;2;1;1;0;0;0;1;2;-19,77914852;-47,95047701;SPRF-MG;DEL13-MG;UOP01-DEL13-MG
580216;10/02/2024;sábado;09:00:00;SP;101;45;UBATUBA;Acessar a via sem observar a presença dos outros veículos;Colisão transversal;Com Vítimas Feridas;Pleno dia;Crescente;Céu Claro;Simples;Interseção de Vias;Sim;3;0;2;0;1;0;2;2;-23,42073014;-45,07075131;SPRF-SP;DEL06-SP;UOP01-DEL06-SP
580217;10/02/2024;sábado;08:20:00;SC;280;26;ARAQUARI;Acessar a via sem observar a presença dos outros veículos;Colisão transversal;Sem Vítimas;Pleno dia;Crescente;Céu Claro;Simples;Reta;Sim;3;0;0;0;3;0;0;2;-26,38972308;-48,73411593;SPRF-SC;DEL03-SC;UOP03-DEL03-SC
580218;10/02/2024;sábado;08:04:00;MT;364;390;CUIABA;Reação tardia ou ineficiente do condutor;Colisão com objeto;Sem Vítimas;Pleno dia;Decrescente;Céu Claro;Dupla;Curva;Não;3;0;0;0;3;0;0;1;-15,70146652;-55,854652;SPRF-MT;DEL01-MT;UOP02-DEL01-MT
580219;10/02/2024;sábado;08:50:00;MG;381;486;BETIM;Ausência de reação do condutor;Engavetamento;Com Vítimas Feridas;Pleno dia;Crescente;Céu Claro;Múltipla;Reta;Sim;7;0;5;0;2;0;5;4;-19,95644414;-44,13611598;SPRF-MG;DEL01-MG;UOP03-DEL01-MG
580223;10/02/2024;sábado;08:30:00;MG;262;460;ARAUJOS;Condutor deixou de manter distância do veículo da frente;Colisão traseira;Com Vítimas Feridas;Pleno dia;Crescente;Céu Claro;Simples;Reta;Não;4;0;3;0;1;0;3;2;-19,82719122;-45,07371312;SPRF-MG;DEL08-MG;UOP03-DEL08-MG
580224;10/02/2024;sábado;09:10:00;SC;282;20;PALHOCA;Velocidade Incompatível;Queda de ocupante de veículo;Com Vítimas Feridas;Pleno dia;Crescente;Sol;Simples;"Reta;Declive";Não;1;0;1;0;0;0;1;1;-27,68503868;-48,71166229;SPRF-SC;DEL01-SC;UOP02-DEL01-SC
580226;10/02/2024;sábado;10:20:00;PR;277;62;SAO JOSE DOS PINHAIS;Reação tardia ou ineficiente do condutor;Colisão traseira;Com Vítimas Feridas;Pleno dia;Decrescente;Céu Claro;Dupla;Reta;Não;3;0;1;0;2;0;1;2;-25,56498129;-49,00825813;SPRF-PR;DEL01-PR;UOP01-DEL01-PR
580229;10/02/2024;sábado;09:50:00;SP;116;222;GUARULHOS;Mal súbito do condutor;Saída de leito carroçável;Com Vítimas Fatais;Pleno dia;Crescente;Céu Claro;Dupla;Reta;Sim;1;1;0;0;0;0;0;1;-23,47093408;-46,51631097;SPRF-SP;DEL01-SP;UOP01-DEL01-SP
580231;10/02/2024;sábado;08:49:00;TO;153;643;ALIANCA DO TOCANTINS;Demais falhas mecânicas ou elétricas;Queda de ocupante de veículo;Com Vítimas Feridas;Pleno dia;Decrescente;Chuva;Simples;Reta;Não;1;0;1;0;0;0;1;1;-11,47437216;-48,99808252;SPRF-TO;DEL01-TO;UOP02-DEL01-TO
580232;10/02/2024;sábado;09:30:00;BA;324;354;CAPIM GROSSO;Manobra de mudança de faixa;Colisão lateral mesmo sentido;Com Vítimas Feridas;Pleno dia;Crescente;Céu Claro;Simples;Rotatória;Sim;3;0;2;1;0;0;3;2;-11,37817436;-40,01857996;SPRF-BA;DEL04-BA;UOP02-DEL04-BA
580233;10/02/2024;sábado;10:44:00;PE;104;65;CARUARU;Mal súbito do condutor;Colisão com objeto;Com Vítimas Feridas;Pleno dia;Decrescente;Nublado;Dupla;Curva;Sim;1;0;1;0;0;0;1;1;-8,2867;-35,9838;SPRF-PE;DEL02-PE;UOP01-DEL02-PE
580234;10/02/2024;sábado;11:20:00;RJ;40;109;DUQUE DE CAXIAS;Ausência de reação do condutor;Colisão traseira;Sem Vítimas;Pleno dia;Decrescente;Céu Claro;Múltipla;Reta;Sim;7;0;0;0;7;0;0;2;-22,67374628;-43,28638368;SPRF-RJ;DEL01-RJ;UOP02-DEL01-RJ
580235;10/02/2024;sábado;09:40:00;RJ;116;180;BELFORD ROXO;Ausência de reação do condutor;Engavetamento;Com Vítimas Feridas;Pleno dia;Crescente;Céu Claro;Dupla;Reta;Sim;4;0;2;0;2;0;2;3;-22,7651616;-43,4154728;SPRF-RJ;DEL06-RJ;UOP01-DEL06-RJ
580236;10/02/2024;sábado;11:00:00;GO;60;417;RIO VERDE;Condutor Dormindo;Saída de leito carroçável;Com Vítimas Feridas;Pleno dia;Crescente;Céu Claro;Dupla;Reta;Não;4;0;3;0;1;0;3;1;-17,82;-51,2115;SPRF-GO;DEL04-GO;UOP02-DEL04-GO
580238;10/02/2024;sábado;11:10:00;MG;381;385,5;SAO GONCALO DO RIO ABAIXO;Velocidade Incompatível;Capotamento;Com Vítimas Feridas;Pleno dia;Decrescente;Nublado;Simples;Curva;Não;1;0;1;0;0;0;1;1;-19,80286099;-43,409962;SPRF-MG;DEL01-MG;UOP01-DEL01-MG
580239;10/02/2024;sábado;11:34:00;SC;101;203,5;SAO JOSE;Reação tardia ou ineficiente do condutor;Colisão traseira;Com Vítimas Feridas;Pleno dia;Decrescente;Sol;Múltipla;Reta;Sim;2;0;1;0;1;0;1;2;-27,5650044;-48,61460082;SPRF-SC;DEL01-SC;UOP01-DEL01-SC
580240;21/01/2024;domingo;22:15:00;PE;232;5;RECIFE;Ausência de reação do condutor;Saída de leito carroçável;Com Vítimas Feridas;Plena Noite;Crescente;Céu Claro;Simples;Curva;Não;1;0;1;0;0;0;1;1;-8,06795766;-34,94535414;SPRF-PE;DEL01-PE;UOP01-DEL01-PE
580241;10/02/2024;sábado;06:35:00;PE;316;276;ITACURUBA;Animais na Pista;Colisão traseira;Com Vítimas Feridas;Pleno dia;Crescente;Nublado;Simples;"Declive;Reta";Não;8;0;0;1;6;1;1;3;-8,686905;-38,81919;SPRF-PE;DEL04-PE;UOP03-DEL04-PE
580243;10/02/2024;sábado;11:40:00;RJ;116;109;GUAPIMIRIM;Ausência de reação do condutor;Queda de ocupante de veículo;Com Vítimas Feridas;Pleno dia;Decrescente;Céu Claro;Dupla;Curva;Não;2;0;1;0;1;0;1;1;-22,54280711;-42,98518617;SPRF-RJ;DEL04-RJ;UOP01-DEL04-RJ
580244;10/02/2024;sábado;11:45:00;MG;40;600;OURO PRETO;Conversão proibida;Colisão transversal;Com Vítimas Feridas;Pleno dia;Decrescente;Céu Claro;Simples;Reta;Não;6;0;1;0;5;0;1;2;-20,42625199;-43,86231799;SPRF-MG;DEL05-MG;UOP02-DEL05-MG
580245;10/02/2024;sábado;11:30:00;PI;343;55;BURITI DOS LOPES;Acumulo de água sobre o pavimento;Saída de leito carroçável;Sem Vítimas;Pleno dia;Decrescente;Chuva;Simples;Reta;Não;1;0;0;0;0;1;0;1;-3,215801;-41,824821;SPRF-PI;DEL05-PI;UOP01-DEL05-PI
580246;10/02/2024;sábado;12:05:00;ES;262;69,7;MARECHAL FLORIANO;Ultrapassagem Indevida;Colisão transversal;Com Vítimas Feridas;Pleno dia;Crescente;Sol;Simples;Reta;Não;2;0;0;1;1;0;1;2;-20,4163942;-40,8632583;SPRF-ES;DEL01-ES;UOP02-DEL01-ES
580249;10/02/2024;sábado;12:41:00;GO;40;1,1;VALPARAISO DE GOIAS;Trafegar com motocicleta (ou similar) entre as faixas;Colisão lateral mesmo sentido;Com Vítimas Feridas;Pleno dia;Crescente;Céu Claro;Dupla;Reta;Sim;3;0;0;1;2;0;1;3;-16,058245;-47,982825;SPRF-DF;DEL01-DF;UOP01-DEL01-DF
580250;10/02/2024;sábado;12:00:00;GO;20;180;SIMOLANDIA;Transitar no Acostamento;Colisão frontal;Com Vítimas Fatais;Pleno dia;Crescente;Chuva;Simples;Ponte;Sim;3;1;0;0;1;1;0;3;-14,477743;-46,492165;SPRF-DF;DEL02-DF;UOP03-DEL02-DF
580251;10/02/2024;sábado;12:00:00;SP;116;115;TAUBATE;Reação tardia ou ineficiente do condutor;Colisão lateral mesmo sentido;Com Vítimas Feridas;Pleno dia;Decrescente;Sol;Dupla;Reta;Sim;2;0;1;0;1;0;1;2;-23,0496047;-45,59973712;SPRF-SP;DEL02-SP;UOP02-DEL02-SP
580252;10/02/2024;sábado;10:40:00;MS;262;288,8;RIBAS DO RIO PARDO;Demais falhas mecânicas ou elétricas;Tombamento;Com Vítimas Feridas;Pleno dia;Decrescente;Céu Claro;Simples;Reta;Não;2;0;1;1;0;0;2;1;-20,48773744;-54,17504591;SPRF-MS;DEL01-MS;UOP01-DEL01-MS
580253;10/02/2024;sábado;12:20:00;MG;116;634,7;DIVINO;Acessar a via sem observar a presença dos outros veículos;Colisão transversal;Com Vítimas Feridas;Pleno dia;Crescente;Sol;Simples;Reta;Não;2;0;1;0;1;0;1;2;-20,624257;-42,221314;SPRF-MG;DEL07-MG;UOP02-DEL07-MG
580254;10/02/2024;sábado;10:00:00;SC;282;234;LAGES;Demais falhas mecânicas ou elétricas;Saída de leito carroçável;Com Vítimas Feridas;Pleno dia;Crescente;Nublado;Simples;Reta;Não;5;0;4;0;1;0;4;1;-27,78341816;-50,46284437;SPRF-SC;DEL05-SC;UOP02-DEL05-SC
580255;10/02/2024;sábado;12:25:00;SC;470;76,7;INDAIAL;Condutor deixou de manter distância do veículo da frente;Colisão traseira;Com Vítimas Feridas;Pleno dia;Crescente;Céu Claro;Simples;"Em Obras;Reta";Não;4;0;3;0;0;1;3;3;-26,933308;-49,287426;SPRF-SC;DEL04-SC;UOP01-DEL04-SC
580256;10/02/2024;sábado;11:50:00;GO;40;61;LUZIANIA;Ingestão de álcool pelo condutor;Saída de leito carroçável;Sem Vítimas;Pleno dia;Decrescente;Céu Claro;Simples;Curva;Não;1;0;0;0;1;0;0;1;-16,534451;-47,799907;SPRF-DF;DEL01-DF;UOP02-DEL01-DF
580257;10/02/2024;sábado;12:33:00;RN;101;130;NISIA FLORESTA;Entrada inopinada do pedestre;Colisão transversal;Com Vítimas Feridas;Pleno dia;Decrescente;Céu Claro;Dupla;Rotatória;Não;2;0;1;0;1;0;1;2;-6,11942871;-35,22935423;SPRF-RN;DEL01-RN;UOP01-DEL01-RN