id;data_inversa;dia_semana;horario;uf;br;km;municipio;causa_acidente;tipo_acidente;classificacao_acidente;fase_dia;sentido_via;condicao_metereologica;tipo_pista;tracado_via;uso_solo;pessoas;mortos;feridos_leves;feridos_graves;ilesos;ignorados;feridos;veiculos;latitude;longitude;regional;delegacia;uop
580258;10/02/2024;sábado;12:47:00;RJ;101;474;ANGRA DOS REIS;Acessar a via sem observar a presença dos outros veículos;Atropelamento de Pedestre;Com Vítimas Feridas;Pleno dia;Crescente;Céu Claro;Simples;"Reta;Declive";Não;2;0;2;0;0;0;2;2;-22,99498627;-44,24919963;SPRF-RJ;DEL03-RJ;UOP03-DEL03-RJ
580260;10/02/2024;sábado;11:10:00;RS;116;634,5;JAGUARAO;Ingestão de álcool pelo condutor;Saída de leito carroçável;Sem Vítimas;Pleno dia;Crescente;Nublado;Simples;"Aclive;Reta";Não;2;0;0;0;2;0;0;1;-32,40225802;-53,22108655;SPRF-RS;DEL07-RS;UOP03-DEL07-RS
580261;10/02/2024;sábado;13:15:00;SP;116;276,3;EMBU DAS ARTES;Reação tardia ou ineficiente do condutor;Colisão traseira;Com Vítimas Feridas;Pleno dia;Crescente;Céu Claro;Dupla;Reta;Sim;2;0;1;0;1;0;1;2;-23,64262417;-46,83811382;SPRF-SP;DEL04-SP;UOP01-DEL04-SP
580262;10/02/2024;sábado;04:44:00;RS;392;16;RIO GRANDE;Velocidade Incompatível;Colisão com objeto;Com Vítimas Feridas;Amanhecer;Crescente;Céu Claro;Simples;"Curva;Declive;Viaduto";Sim;2;0;1;0;1;0;1;1;-32,1024397;-52,16347437;SPRF-RS;DEL07-RS;UOP02-DEL07-RS
580263;10/02/2024;sábado;11:30:00;SP;116;159;JACAREI;Reação tardia ou ineficiente do condutor;Colisão lateral mesmo sentido;Com Vítimas Feridas;Pleno dia;Decrescente;Sol;Dupla;Reta;Sim;3;0;2;0;1;0;2;2;-23,26585409;-45,95983994;SPRF-SP;DEL02-SP;UOP01-DEL02-SP
580264;10/02/2024;sábado;13:30:00;RS;116;247;SAO LEOPOLDO;Demais falhas mecânicas ou elétricas;Incêndio;Sem Vítimas;Pleno dia;Crescente;Céu Claro;Dupla;"Aclive;Reta";Sim;2;0;0;0;2;0;0;1;-29,7696607;-51,1533083;SPRF-RS;DEL01-RS;UOP02-DEL01-RS
580265;10/02/2024;sábado;13:30:00;GO;60;87;ANAPOLIS;Acessar a via sem observar a presença dos outros veículos;Colisão lateral mesmo sentido;Com Vítimas Feridas;Pleno dia;Decrescente;Nublado;Dupla;Reta;Sim;3;0;1;0;2;0;1;2;-16,3258;-48,8803;SPRF-GO;DEL02-GO;UOP01-DEL02-GO
580267;10/02/2024;sábado;12:59:00;PI;343;348,3;TERESINA;Manobra de mudança de faixa;Colisão lateral mesmo sentido;Com Vítimas Feridas;Pleno dia;Crescente;Céu Claro;Dupla;Reta;Sim;2;0;1;0;1;0;1;2;-5,118706;-42,786411;SPRF-PI;DEL01-PI;UOP01-DEL01-PI
580268;10/02/2024;sábado;11:05:00;SC;116;228,5;CORREIA PINTO;Acessar a via sem observar a presença dos outros veículos;Colisão transversal;Com Vítimas Fatais;Pleno dia;Crescente;Céu Claro;Simples;Reta;Não;46;1;0;2;43;0;2;2;-27,655347;-50,33649095;SPRF-SC;DEL05-SC;UOP03-DEL05-SC
580269;10/02/2024;sábado;14:00:00;PE;101;55;PAULISTA;Chuva;Queda de ocupante de veículo;Com Vítimas Feridas;Pleno dia;Decrescente;Chuva;Dupla;"Reta;Aclive";Sim;1;0;1;0;0;0;1;1;-7,94806621;-34,9062148;SPRF-PE;DEL01-PE;UOP02-DEL01-PE
580270;10/02/2024;sábado;12:00:00;MG;354;754,9;ITAMONTE;Ausência de reação do condutor;Colisão lateral sentido oposto;Sem Vítimas;Pleno dia;Decrescente;Céu Claro;Simples;"Curva;Declive";Sim;3;0;0;0;2;1;0;3;-22,29179659;-44,86477375;SPRF-MG;DEL17-MG;UOP01-DEL17-MG
580274;10/02/2024;sábado;12:20:00;RJ;101;503;ANGRA DOS REIS;Condutor deixou de manter distância do veículo da frente;Colisão traseira;Com Vítimas Feridas;Pleno dia;Crescente;Sol;Simples;Reta;Sim;3;0;1;0;2;0;1;2;-22,92894705;-44,37879998;SPRF-RJ;DEL03-RJ;UOP03-DEL03-RJ
580275;10/02/2024;sábado;11:35:00;RJ;101;129;CONCEICAO DE MACABU;Demais falhas mecânicas ou elétricas;Eventos atípicos;Com Vítimas Feridas;Pleno dia;Crescente;Chuva;Simples;Reta;Não;1;0;1;0;0;0;1;1;-22,10230199;-41,69021571;SPRF-RJ;DEL08-RJ;UOP04-DEL08-RJ
580278;10/02/2024;sábado;13:45:00;PR;277;681;MEDIANEIRA;Velocidade Incompatível;Saída de leito carroçável;Com Vítimas Fatais;Pleno dia;Crescente;Céu Claro;Dupla;"Reta;Declive";Não;14;1;4;0;9;0;4;4;-25,32705338;-54,17332888;SPRF-PR;DEL05-PR;UOP01-DEL05-PR
580279;10/02/2024;sábado;12:50:00;MG;116;537,2;SANTA RITA DE MINAS;Transitar na contramão;Colisão frontal;Com Vítimas Feridas;Pleno dia;Crescente;Nublado;Simples;"Reta;Interseção de Vias";Sim;2;0;1;1;0;0;2;2;-19,86620285;-42,1352356;SPRF-MG;DEL06-MG;UOP02-DEL06-MG
580280;10/02/2024;sábado;13:50:00;SC;101;315;LAGUNA;Avarias e/ou desgaste excessivo no pneu;Tombamento;Com Vítimas Feridas;Pleno dia;Crescente;Céu Claro;Múltipla;Reta;Não;2;0;2;0;0;0;2;1;-28,427928;-48,851248;SPRF-SC;DEL02-SC;UOP01-DEL02-SC
580281;10/02/2024;sábado;14:20:00;SC;101;211,1;PALHOCA;Ausência de reação do condutor;Colisão lateral mesmo sentido;Com Vítimas Feridas;Pleno dia;Decrescente;Céu Claro;Múltipla;Aclive;Sim;3;0;2;0;1;0;2;2;-27,62329313;-48,65245588;SPRF-SC;DEL01-SC;UOP02-DEL01-SC
580282;10/02/2024;sábado;13:25:00;PE;101;54,9;PAULISTA;Pista Escorregadia;Saída de leito carroçável;Sem Vítimas;Pleno dia;Decrescente;Chuva;Simples;"Curva;Declive";Sim;1;0;0;0;1;0;0;1;-7,93961103;-34,90356584;SPRF-PE;DEL01-PE;UOP02-DEL01-PE
580283;10/02/2024;sábado;14:10:00;SC;101;102,3;BALNEARIO PICARRAS;Reação tardia ou ineficiente do condutor;Colisão traseira;Com Vítimas Feridas;Pleno dia;Decrescente;Céu Claro;Dupla;"Reta;Declive";Sim;2;0;2;0;0;0;2;2;-26,77383397;-48,68594062;SPRF-SC;DEL03-SC;UOP02-DEL03-SC
580286;10/02/2024;sábado;14:05:00;RJ;40;51,7;PETROPOLIS;Reação tardia ou ineficiente do condutor;Queda de ocupante de veículo;Com Vítimas Feridas;Pleno dia;Crescente;Céu Claro;Dupla;Curva;Sim;1;0;1;0;0;0;1;1;-22,32705315;-43,13253559;SPRF-RJ;DEL05-RJ;UOP02-DEL05-RJ
580288;10/02/2024;sábado;13:50:00;MT;364;242,7;JUSCIMEIRA;Acessar a via sem observar a presença dos outros veículos;Colisão traseira;Com Vítimas Feridas;Pleno dia;Decrescente;Sol;Dupla;Reta;Não;2;0;1;0;1;0;1;2;-16,16260605;-54,79546977;SPRF-MT;DEL02-MT;UOP01-DEL02-MT
580289;10/02/2024;sábado;11:40:00;RJ;101;144;MACAE;Frear bruscamente;Tombamento;Com Vítimas Feridas;Pleno dia;Crescente;Céu Claro;Dupla;Curva;Não;1;0;1;0;0;0;1;1;-22,21328005;-41,75426573;SPRF-RJ;DEL08-RJ;UOP04-DEL08-RJ
580291;10/02/2024;sábado;14:30:00;RS;287;253,1;SANTA MARIA;Conversão proibida;Colisão lateral mesmo sentido;Com Vítimas Feridas;Pleno dia;Crescente;Céu Claro;Múltipla;Rotatória;Não;6;0;2;0;4;0;2;2;-29,68806284;-53,90069397;SPRF-RS;DEL09-RS;UOP01-DEL09-RS
580292;10/02/2024;sábado;14:40:00;RJ;116;296,9;BARRA MANSA;Velocidade Incompatível;Colisão com objeto;Com Vítimas Feridas;Pleno dia;Decrescente;Céu Claro;Dupla;Reta;Não;2;0;2;0;0;0;2;1;-22,45123547;-44,30844794;SPRF-RJ;DEL07-RJ;UOP02-DEL07-RJ
580294;10/02/2024;sábado;14:30:00;RJ;101;468;ANGRA DOS REIS;Condutor Dormindo;Saída de leito carroçável;Com Vítimas Feridas;Pleno dia;Crescente;Céu Claro;Simples;Curva;Não;6;0;1;0;5;0;1;3;-23,00721537;-44,22359287;SPRF-RJ;DEL03-RJ;UOP03-DEL03-RJ
580295;10/02/2024;sábado;04:20:00;RJ;116;293;BARRA MANSA;Velocidade Incompatível;Colisão lateral mesmo sentido;Sem Vítimas;Plena Noite;Decrescente;Céu Claro;Dupla;Reta;Sim;4;0;0;0;3;1;0;2;-22,45745983;-44,29161274;SPRF-RJ;DEL07-RJ;UOP02-DEL07-RJ
580296;10/02/2024;sábado;14:30:00;SP;381;34;ATIBAIA;Ausência de reação do condutor;Engavetamento;Com Vítimas Feridas;Pleno dia;Decrescente;Céu Claro;Dupla;"Reta;Aclive";Não;8;0;1;0;7;0;1;3;-23,079939;-46,569862;SPRF-SP;DEL03-SP;UOP02-DEL03-SP
580297;10/02/2024;sábado;15:20:00;CE;222;5;CAUCAIA;Manobra de mudança de faixa;Colisão lateral mesmo sentido;Com Vítimas Feridas;Pleno dia;Crescente;Chuva;Múltipla;Reta;Sim;2;0;1;0;1;0;1;2;-3,74296918;-38,61330997;SPRF-CE;DEL01-CE;UOP01-DEL01-CE
580299;10/02/2024;sábado;11:40:00;RJ;101;144;MACAE;Chuva;Saída de leito carroçável;Com Vítimas Feridas;Pleno dia;Crescente;Chuva;Simples;Curva;Não;2;0;1;0;1;0;1;1;-22,21328005;-41,75426573;SPRF-RJ;DEL08-RJ;UOP04-DEL08-RJ
580300;10/02/2024;sábado;13:15:00;SC;101;218;PALHOCA;Velocidade Incompatível;Saída de leito carroçável;Com Vítimas Feridas;Pleno dia;Decrescente;Sol;Múltipla;Reta;Sim;1;0;1;0;0;0;1;1;-27,6758601;-48,67052525;SPRF-SC;DEL01-SC;UOP02-DEL01-SC
580302;10/02/2024;sábado;12:30:00;RO;364;712;PORTO VELHO;Acessar a via sem observar a presença dos outros veículos;Colisão transversal;Com Vítimas Feridas;Pleno dia;Crescente;Céu Claro;Simples;Rotatória;Sim;2;0;2;0;0;0;2;2;-8,77644025;-63,87383223;SPRF-RO;DEL01-RO;UOP01-DEL01-RO
580303;10/02/2024;sábado;15:28:00;ES;101;311;VILA VELHA;Avarias e/ou desgaste excessivo no pneu;Tombamento;Com Vítimas Feridas;Pleno dia;Decrescente;Nublado;Dupla;Reta;Não;2;0;2;0;0;0;2;1;-20,43478198;-40,45963937;SPRF-ES;DEL01-ES;UOP01-DEL01-ES
580304;10/02/2024;sábado;14:00:00;RJ;393;216;VASSOURAS;Ingestão de álcool pelo condutor;Colisão com objeto;Sem Vítimas;Pleno dia;Crescente;Céu Claro;Simples;Reta;Não;1;0;0;0;1;0;0;1;-22,29667323;-43,4899208;SPRF-RJ;DEL05-RJ;UOP03-DEL05-RJ
580305;10/02/2024;sábado;14:30:00;RJ;116;84;TERESOPOLIS;Reação tardia ou ineficiente do condutor;Saída de leito carroçável;Sem Vítimas;Pleno dia;Decrescente;Céu Claro;Simples;Curva;Não;1;0;0;0;1;0;0;1;-22,4226117;-42,95115115;SPRF-RJ;DEL04-RJ;UOP01-DEL04-RJ
580307;10/02/2024;sábado;15:30:00;PI;316;40;LAGOA DO PIAUI;Acessar a via sem observar a presença dos outros veículos;Colisão transversal;Com Vítimas Feridas;Pleno dia;Crescente;Céu Claro;Simples;Reta;Sim;2;0;1;0;0;1;1;2;-5,40385598;-42,65110797;SPRF-PI;DEL01-PI;UOP02-DEL01-PI
580308;10/02/2024;sábado;11:45:00;RJ;493;6;ITABORAI;Pedestre - Ingestão de álcool/ substâncias psicoativas;Atropelamento de Pedestre;Com Vítimas Feridas;Pleno dia;Decrescente;Céu Claro;Simples;Reta;Sim;2;0;1;0;1;0;1;2;-22,73124198;-42,95145305;SPRF-RJ;DEL02-RJ;UOP02-DEL02-RJ
580309;10/02/2024;sábado;15:00:00;SC;101;89;BARRA VELHA;Condutor Dormindo;Capotamento;Com Vítimas Feridas;Pleno dia;Decrescente;Céu Claro;Múltipla;Reta;Não;2;0;2;0;0;0;2;1;-26,65175997;-48,68721921;SPRF-SC;DEL03-SC;UOP02-DEL03-SC
580311;10/02/2024;sábado;14:10:00;MS;262;611,5;MIRANDA;Demais falhas mecânicas ou elétricas;Incêndio;Sem Vítimas;Pleno dia;Decrescente;Céu Claro;Simples;Reta;Não;4;0;0;0;4;0;0;1;-20,0229278;-56,80398576;SPRF-MS;DEL03-MS;UOP02-DEL03-MS
580312;10/02/2024;sábado;17:00:00;SP;116;338;JUQUITIBA;Reação tardia ou ineficiente do condutor;Saída de leito carroçável;Com Vítimas Feridas;Pleno dia;Crescente;Céu Claro;Dupla;Reta;Sim;3;0;3;0;0;0;3;1;-23,990126;-47,147995;SPRF-SP;DEL04-SP;UOP03-DEL04-SP
580313;10/02/2024;sábado;16:00:00;SP;116;436;REGISTRO;Ausência de reação do condutor;Tombamento;Com Vítimas Feridas;Pleno dia;Decrescente;Céu Claro;Dupla;Reta;Não;1;0;0;1;0;0;1;1;-24,43589911;-47,7922419;SPRF-SP;DEL05-SP;UOP01-DEL05-SP
580314;10/02/2024;sábado;16:30:00;MG;381;524,8;ITATIAIUCU;Reação tardia ou ineficiente do condutor;Colisão com objeto;Com Vítimas Feridas;Pleno dia;Decrescente;Céu Claro;Dupla;"Aclive;Curva";Não;1;0;1;0;0;0;1;1;-20,160736;-44,329843;SPRF-MG;DEL04-MG;UOP03-DEL04-MG
580315;10/02/2024;sábado;17:10:00;CE;116;67,5;CHOROZINHO;Acessar a via sem observar a presença dos outros veículos;Atropelamento de Pedestre;Com Vítimas Feridas;Pleno dia;Decrescente;Céu Claro;Simples;Reta;Não;3;0;2;1;0;0;3;2;-4,3061949;-38,50142278;SPRF-CE;DEL03-CE;UOP02-DEL03-CE
580316;10/02/2024;sábado;15:00:00;MA;10;210;RIBAMAR FIQUENE;Ultrapassagem Indevida;Saída de leito carroçável;Com Vítimas Feridas;Pleno dia;Decrescente;Nublado;Simples;Curva;Não;4;0;3;0;1;0;3;1;-5,880962;-47,361721;SPRF-MA;DEL04-MA;UOP01-DEL04-MA
580317;10/02/2024;sábado;16:30:00;MG;40;790,2;JUIZ DE FORA;Acesso irregular;Colisão frontal;Com Vítimas Feridas;Pleno dia;Decrescente;Sol;Dupla;Reta;Não;1;0;1;0;0;0;1;1;-21,75969297;-43,44077628;SPRF-MG;DEL05-MG;UOP01-DEL05-MG
580318;10/02/2024;sábado;15:40:00;RJ;101;318;NITEROI;Avarias e/ou desgaste excessivo no pneu;Queda de ocupante de veículo;Com Vítimas Feridas;Pleno dia;Decrescente;Céu Claro;Dupla;Reta;Não;2;0;2;0;0;0;2;1;-22,84562994;-43,09841211;SPRF-RJ;DEL02-RJ;UOP02-DEL02-RJ
580319;10/02/2024;sábado;17:35:00;MG;50;175;UBERABA;Ausência de reação do condutor;Colisão traseira;Com Vítimas Feridas;Pleno dia;Crescente;Céu Claro;Dupla;"Reta;Aclive";Sim;2;0;1;0;1;0;1;2;-19,77880359;-47,9695118;SPRF-MG;DEL13-MG;UOP01-DEL13-MG
580321;10/02/2024;sábado;17:00:00;MA;135;13;SAO LUIS;Ausência de reação do condutor;Colisão traseira;Com Vítimas Feridas;Pleno dia;Decrescente;Céu Claro;Dupla;"Declive;Curva";Sim;2;0;2;0;0;0;2;2;-2,68053538;-44,29512283;SPRF-MA;DEL01-MA;UOP01-DEL01-MA
580322;10/02/2024;sábado;16:37:00;RS;386;413;MONTENEGRO;Ausência de reação do condutor;Capotamento;Com Vítimas Feridas;Pleno dia;Crescente;Céu Claro;Dupla;Reta;Não;1;0;1;0;0;0;1;1;-29,814081;-51,493126;SPRF-RS;DEL04-RS;UOP02-DEL04-RS
580323;10/02/2024;sábado;17:50:00;PR;116;118;CURITIBA;Manobra de mudança de faixa;Colisão lateral mesmo sentido;Com Vítimas Feridas;Pleno dia;Crescente;Céu Claro;Dupla;Reta;Não;1;0;1;0;0;0;1;1;-25,54657438;-49,29173608;SPRF-PR;DEL01-PR;UOP03-DEL01-PR
580324;10/02/2024;sábado;16:20:00;MG;116;494,1;INHAPIM;Condutor Dormindo;Saída de leito carroçável;Com Vítimas Feridas;Pleno dia;Decrescente;Céu Claro;Simples;"Aclive;Reta";Não;3;0;2;0;1;0;2;1;-19,50998002;-42,12818892;SPRF-MG;DEL06-MG;UOP02-DEL06-MG
580325;10/02/2024;sábado;16:40:00;BA;20;197,6;LUIS EDUARDO MAGALHAES;Acumulo de água sobre o pavimento;Saída de leito carroçável;Sem Vítimas;Pleno dia;Crescente;Chuva;Simples;Reta;Não;1;0;0;0;1;0;0;1;-12,2127;-45,8309;SPRF-BA;DEL10-BA;UOP01-DEL10-BA
580326;10/02/2024;sábado;18:10:00;RJ;101;74;CAMPOS DOS GOYTACAZES;Acessar a via sem observar a presença dos outros veículos;Atropelamento de Pedestre;Com Vítimas Feridas;Anoitecer;Decrescente;Céu Claro;Simples;Reta;Sim;2;0;1;0;1;0;1;2;-21,807232;-41,39734312;SPRF-RJ;DEL08-RJ;UOP02-DEL08-RJ
580328;10/02/2024;sábado;17:05:00;RJ;101;306;SAO GONCALO;Manobra de mudança de faixa;Colisão lateral mesmo sentido;Com Vítimas Feridas;Pleno dia;Decrescente;Sol;Dupla;Reta;Não;2;0;1;0;1;0;1;2;-22,78913759;-43,00550909;SPRF-RJ;DEL02-RJ;UOP02-DEL02-RJ
580330;10/02/2024;sábado;17:10:00;PR;376;149,6;PRESIDENTE CASTELO BRANCO;Ingestão de álcool pelo condutor;Saída de leito carroçável;Sem Vítimas;Pleno dia;Crescente;Céu Claro;Dupla;Reta;Não;1;0;0;0;1;0;0;1;-23,29627096;-52,11834898;SPRF-PR;DEL09-PR;UOP01-DEL09-PR
580332;10/02/2024;sábado;18:20:00;BA;324;567;SAO SEBASTIAO DO PASSE;Condutor deixou de manter distância do veículo da frente;Colisão traseira;Com Vítimas Feridas;Anoitecer;Crescente;Céu Claro;Dupla;Reta;Não;2;0;1;0;1;0;1;2;-12,529901;-38,603207;SPRF-BA;DEL01-BA;UOP01-DEL01-BA
580333;10/02/2024;sábado;18:20:00;RS;290;25;SANTO ANTONIO DA PATRULHA;Ingestão de álcool pelo condutor;Colisão traseira;Sem Vítimas;Pleno dia;Decrescente;Sol;Dupla;Reta;Não;2;0;0;0;2;0;0;2;-29,880203;-50,503971;SPRF-RS;DEL03-RS;UOP01-DEL03-RS
580334;10/02/2024;sábado;18:00:00;RJ;101;424;MANGARATIBA;Reação tardia ou ineficiente do condutor;Colisão frontal;Com Vítimas Feridas;Pleno dia;Crescente;Céu Claro;Simples;Reta;Não;3;0;0;2;1;0;2;2;-22,92127842;-43,95599173;SPRF-RJ;DEL03-RJ;UOP02-DEL03-RJ
580335;10/02/2024;sábado;16:44:00;MG;381;671,5;PERDOES;Reação tardia ou ineficiente do condutor;Saída de leito carroçável;Com Vítimas Feridas;Pleno dia;Crescente;Céu Claro;Dupla;"Curva;Declive";Não;3;0;2;0;1;0;2;1;-21,08945416;-45,06864195;SPRF-MG;DEL04-MG;UOP02-DEL04-MG
580336;10/02/2024;sábado;18:00:00;SC;101;330,3;TUBARAO;Avarias e/ou desgaste excessivo no pneu;Tombamento;Com Vítimas Feridas;Pleno dia;Decrescente;Céu Claro;Múltipla;Reta;Não;2;0;2;0;0;0;2;1;-28,45115639;-48,97286879;SPRF-SC;DEL02-SC;UOP01-DEL02-SC
580338;10/02/2024;sábado;18:35:00;PR;369;432;UBIRATA;Demais falhas mecânicas ou elétricas;Incêndio;Sem Vítimas;Anoitecer;Crescente;Sol;Simples;Reta;Sim;2;0;0;0;2;0;0;1;-24,557064;-52,989244;SPRF-PR;DEL04-PR;UOP03-DEL04-PR
580339;10/02/2024;sábado;09:50:00;GO;158;70;PIRANHAS;Condutor Dormindo;Saída de leito carroçável;Com Vítimas Feridas;Pleno dia;Decrescente;Céu Claro;Simples;Reta;Não;2;0;1;0;1;0;1;1;-16,34414294;-51,9333639;SPRF-GO;DEL04-GO;UOP02-DEL04-GO
580340;10/02/2024;sábado;17:40:00;MS;163;479,8;CAMPO GRANDE;Avarias e/ou desgaste excessivo no pneu;Tombamento;Com Vítimas Feridas;Pleno dia;Decrescente;Nublado;Simples;Reta;Não;2;0;2;0;0;0;2;1;-20,487322;-54,55929095;SPRF-MS;DEL01-MS;UOP01-DEL01-MS
580341;10/02/2024;sábado;19:00:00;PE;101;55;PAULISTA;Ingestão de álcool pelo condutor;Colisão lateral mesmo sentido;Com Vítimas Feridas;Plena Noite;Decrescente;Céu Claro;Dupla;Reta;Não;3;0;0;1;2;0;1;3;-7,94806621;-34,9062148;SPRF-PE;DEL01-PE;UOP02-DEL01-PE
580342;10/02/2024;sábado;17:50:00;PI;316;178;VALENCA DO PIAUI;Acumulo de água sobre o pavimento;Saída de leito carroçável;Com Vítimas Feridas;Anoitecer;Crescente;Chuva;Simples;"Declive;Curva";Não;2;0;2;0;0;0;2;1;-6,23305;-41,969242;SPRF-PI;DEL04-PI;UOP02-DEL04-PI
580344;10/02/2024;sábado;19:00:00;PI;343;19;PARNAIBA;Entrada inopinada do pedestre;Atropelamento de Pedestre;Com Vítimas Fatais;Plena Noite;Crescente;Nublado;Simples;Reta;Não;2;1;0;0;0;1;0;2;-2,972207;-41,760967;SPRF-PI;DEL05-PI;UOP01-DEL05-PI
580345;10/02/2024;sábado;18:45:00;RS;470;180;VERANOPOLIS;Reação tardia ou ineficiente do condutor;Saída de leito carroçável;Com Vítimas Feridas;Anoitecer;Crescente;Céu Claro;Simples;Reta;Sim;5;0;1;2;2;0;3;1;-28,96481707;-51,56355732;SPRF-RS;DEL06-RS;UOP02-DEL06-RS
580346;10/02/2024;sábado;17:25:00;SC;282;527,9;CORDILHEIRA ALTA;Reação tardia ou ineficiente do condutor;Tombamento;Com Vítimas Feridas;Pleno dia;Decrescente;Nublado;Simples;Curva;Não;2;0;0;2;0;0;2;1;-26,977688;-52,588146;SPRF-SC;DEL07-SC;UOP01-DEL07-SC
580347;10/02/2024;sábado;18:55:00;BA;324;515;FEIRA DE SANTANA;Ingestão de álcool pelo condutor;Colisão frontal;Com Vítimas Feridas;Plena Noite;Crescente;Céu Claro;Simples;Reta;Não;2;0;1;0;1;0;1;2;-12,23229233;-38,95215305;SPRF-BA;DEL02-BA;UOP01-DEL02-BA
580349;10/02/2024;sábado;17:50:00;PE;232;404;SERRA TALHADA;Animais na Pista;Atropelamento de Animal;Com Vítimas Feridas;Pleno dia;Decrescente;Céu Claro;Simples;Curva;Não;2;0;2;0;0;0;2;1;-7,992986;-38,245927;SPRF-PE;DEL04-PE;UOP01-DEL04-PE
580350;10/02/2024;sábado;19:00:00;MG;381;488;BETIM;Demais falhas mecânicas ou elétricas;Incêndio;Sem Vítimas;Plena Noite;Decrescente;Céu Claro;Múltipla;"Reta;Aclive";Sim;1;0;0;0;1;0;0;1;-19,9598656;-44,15489715;SPRF-MG;DEL01-MG;UOP03-DEL01-MG
580352;10/02/2024;sábado;19:20:00;PR;369;34;CAMBARA;Ingestão de álcool pelo condutor;Colisão frontal;Com Vítimas Fatais;Plena Noite;Crescente;Céu Claro;Simples;"Curva;Declive";Não;3;1;1;0;1;0;1;3;-23,02857588;-50,2086963;SPRF-PR;DEL07-PR;UOP05-DEL07-PR
580354;10/02/2024;sábado;18:20:00;SC;470;277;BRUNOPOLIS;Ingestão de álcool pelo condutor;Colisão lateral mesmo sentido;Com Vítimas Feridas;Pleno dia;Decrescente;Céu Claro;Simples;Rotatória;Não;2;0;1;0;1;0;1;2;-27,328163;-50,834103;SPRF-SC;DEL07-SC;UOP06-DEL07-SC
580355;09/02/2024;sexta-feira;20:30:00;SC;470;60;BLUMENAU;Ingestão de álcool pelo condutor;Colisão com objeto;Sem Vítimas;Plena Noite;Decrescente;Ignorado;Simples;Reta;Sim;2;0;0;0;0;2;0;2;-26,88138;-49,164543;SPRF-SC;DEL04-SC;UOP01-DEL04-SC
580356;10/02/2024;sábado;19:30:00;PR;153;1;IMBITUVA;Ingestão de álcool pelo condutor;Colisão transversal;Sem Vítimas;Plena Noite;Crescente;Céu Claro;Simples;Interseção de Vias;Não;3;0;0;0;3;0;0;2;-25,18111411;-50,59678853;SPRF-PR;DEL07-PR;UOP04-DEL07-PR
580357;10/02/2024;sábado;20:15:00;MG;116;478,3;DOM CAVATI;Ausência de reação do condutor;Colisão lateral mesmo sentido;Com Vítimas Feridas;Plena Noite;Crescente;Céu Claro;Simples;Reta;Sim;3;0;3;0;0;0;3;2;-19,37735625;-42,1085357;SPRF-MG;DEL06-MG;UOP02-DEL06-MG
580358;10/02/2024;sábado;14:30:00;MG;40;346,9;FELIXLANDIA;Velocidade Incompatível;Saída de leito carroçável;Sem Vítimas;Pleno dia;Decrescente;Nublado;Simples;Reta;Não;1;0;0;0;1;0;0;1;-18,69991936;-44,96574619;SPRF-MG;DEL02-MG;UOP01-DEL02-MG
580359;10/02/2024;sábado;19:29:00;RS;116;244;SAO LEOPOLDO;Velocidade Incompatível;Saída de leito carroçável;Com Vítimas Feridas;Plena Noite;Crescente;Céu Claro;Dupla;Reta;Sim;5;0;4;0;0;1;4;2;-29,74088003;-51,15039566;SPRF-RS;DEL01-RS;UOP02-DEL01-RS
580360;10/02/2024;sábado;19:02:00;SC;282;22,5;SANTO AMARO DA IMPERATRIZ;Trafegar com motocicleta (ou similar) entre as faixas;Colisão frontal;Com Vítimas Feridas;Anoitecer;Crescente;Nublado;Simples;Curva;Sim;3;0;0;3;0;0;3;2;-27,688507;-48,72739;SPRF-SC;DEL01-SC;UOP02-DEL01-SC
580362;10/02/2024;sábado;17:05:00;RJ;40;12,7;TRES RIOS;Condutor deixou de manter distância do veículo da frente;Colisão lateral mesmo sentido;Com Vítimas Feridas;Pleno dia;Crescente;Céu Claro;Dupla;"Aclive;Curva";Não;3;0;3;0;0;0;3;2;-22,06265309;-43,19862843;SPRF-RJ;DEL05-RJ;UOP02-DEL05-RJ
580363;10/02/2024;sábado;18:00:00;RS;392;294;SAO SEPE;Ingestão de álcool pelo condutor;Saída de leito carroçável;Com Vítimas Feridas;Plena Noite;Decrescente;Céu Claro;Simples;"Reta;Interseção de Vias";Não;2;0;2;0;0;0;2;1;-30,18664127;-53,5656134;SPRF-RS;DEL09-RS;UOP02-DEL09-RS
580364;10/02/2024;sábado;17:45:00;SC;470;60,2;BLUMENAU;Transitar no Acostamento;Colisão frontal;Com Vítimas Feridas;Pleno dia;Decrescente;Nublado;Simples;"Reta;Em Obras";Sim;2;0;2;0;0;0;2;2;-26,88138;-49,164543;SPRF-SC;DEL04-SC;UOP01-DEL04-SC
580367;10/02/2024;sábado;21:00:00;RN;405;75;APODI;Ingestão de álcool pelo condutor;Tombamento;Com Vítimas Feridas;Plena Noite;Decrescente;Chuva;Dupla;Reta;Sim;2;0;2;0;0;0;2;1;-5,6430151;-37,79996162;SPRF-RN;DEL04-RN;UOP02-DEL04-RN
580368;10/02/2024;sábado;21:00:00;SC;101;218;PALHOCA;Ausência de reação do condutor;Saída de leito carroçável;Sem Vítimas;Plena Noite;Decrescente;Céu Claro;Dupla;Reta;Sim;1;0;0;0;0;1;0;1;-27,6758601;-48,67052525;SPRF-SC;DEL01-SC;UOP02-DEL01-SC
580370;10/02/2024;sábado;19:50:00;PA;10;353;SANTA MARIA DO PARA;Transitar na contramão;Colisão frontal;Com Vítimas Feridas;Plena Noite;Decrescente;Céu Claro;Simples;Reta;Sim;2;0;0;2;0;0;2;2;-1,35646249;-47,57423141;SPRF-PA;DEL01-PA;UOP02-DEL01-PA