id;data_inversa;dia_semana;horario;uf;br;km;municipio;causa_acidente;tipo_acidente;classificacao_acidente;fase_dia;sentido_via;condicao_metereologica;tipo_pista;tracado_via;uso_solo;pessoas;mortos;feridos_leves;feridos_graves;ilesos;ignorados;feridos;veiculos;latitude;longitude;regional;delegacia;uop
580372;10/02/2024;sábado;20:50:00;RN;101;97,1;NATAL;Pedestre cruzava a pista fora da faixa;Atropelamento de Pedestre;Com Vítimas Feridas;Plena Noite;Decrescente;Céu Claro;Múltipla;Reta;Sim;4;0;0;1;3;0;1;2;-5,85691522;-35,21238689;SPRF-RN;DEL01-RN;UOP01-DEL01-RN
580373;10/02/2024;sábado;21:10:00;SP;116;146;SAO JOSE DOS CAMPOS;Demais falhas mecânicas ou elétricas;Colisão traseira;Com Vítimas Feridas;Plena Noite;Decrescente;Céu Claro;Dupla;Reta;Não;2;0;2;0;0;0;2;2;-23,19122919;-45,86327591;SPRF-SP;DEL02-SP;UOP01-DEL02-SP
580376;10/02/2024;sábado;21:20:00;RJ;393;283;VOLTA REDONDA;Conversão proibida;Colisão lateral sentido oposto;Com Vítimas Feridas;Plena Noite;Crescente;Céu Claro;Simples;Reta;Não;2;0;0;1;1;0;1;2;-22,49408115;-44,06720281;SPRF-RJ;DEL05-RJ;UOP04-DEL05-RJ
580377;10/02/2024;sábado;17:20:00;SC;101;161,5;TIJUCAS;Pista esburacada;Colisão com objeto;Com Vítimas Feridas;Pleno dia;Decrescente;Céu Claro;Múltipla;Reta;Não;2;0;2;0;0;0;2;2;-27,21673911;-48,6244238;SPRF-SC;DEL04-SC;UOP03-DEL04-SC
580378;10/02/2024;sábado;17:00:00;GO;153;307,9;RIALMA;Ausência de reação do condutor;Saída de leito carroçável;Com Vítimas Feridas;Pleno dia;Decrescente;Chuva;Simples;"Declive;Reta";Não;1;0;0;1;0;0;1;1;-15,338693;-49,569584;SPRF-GO;DEL02-GO;UOP02-DEL02-GO
580380;10/02/2024;sábado;21:00:00;MS;463;0,5;DOURADOS;Ultrapassagem Indevida;Colisão frontal;Com Vítimas Feridas;Plena Noite;Decrescente;Céu Claro;Simples;Reta;Sim;3;0;1;2;0;0;3;2;-22,258694;-54,804096;SPRF-MS;DEL04-MS;UOP01-DEL04-MS
580381;10/02/2024;sábado;21:40:00;RS;116;247,4;SAO LEOPOLDO;Conversão proibida;Colisão lateral mesmo sentido;Com Vítimas Feridas;Plena Noite;Decrescente;Céu Claro;Simples;Viaduto;Sim;4;0;1;0;3;0;1;2;-29,76733091;-51,1535296;SPRF-RS;DEL01-RS;UOP02-DEL01-RS
580382;10/02/2024;sábado;19:00:00;RS;285;195,3;LAGOA VERMELHA;Acessar a via sem observar a presença dos outros veículos;Colisão transversal;Com Vítimas Feridas;Anoitecer;Decrescente;Céu Claro;Simples;Reta;Não;3;0;2;0;1;0;2;2;-28,234371;-51,50174;SPRF-RS;DEL08-RS;UOP05-DEL08-RS
580383;10/02/2024;sábado;22:00:00;SC;101;179,7;BIGUACU;Desrespeitar a preferência no cruzamento;Colisão transversal;Com Vítimas Feridas;Plena Noite;Decrescente;Nublado;Múltipla;Viaduto;Sim;2;0;1;0;1;0;1;2;-27,37281717;-48,63322708;SPRF-SC;DEL01-SC;UOP01-DEL01-SC
580384;10/02/2024;sábado;22:30:00;MG;153;224;FRONTEIRA;Ausência de reação do condutor;Saída de leito carroçável;Com Vítimas Feridas;Plena Noite;Crescente;Céu Claro;Simples;Aclive;Não;2;0;1;0;1;0;1;1;-20,18906911;-49,12022586;SPRF-MG;DEL13-MG;UOP02-DEL13-MG
580386;10/02/2024;sábado;19:30:00;PE;116;30;SALGUEIRO;Animais na Pista;Atropelamento de Animal;Com Vítimas Feridas;Plena Noite;Crescente;Chuva;Simples;Reta;Não;2;0;0;1;1;0;1;1;-8,103991;-39,12421;SPRF-PE;DEL05-PE;UOP01-DEL05-PE
580387;10/02/2024;sábado;19:25:00;RJ;101;519;ANGRA DOS REIS;Ausência de reação do condutor;Colisão lateral sentido oposto;Com Vítimas Feridas;Plena Noite;Decrescente;Céu Claro;Simples;Curva;Não;2;0;1;0;1;0;1;2;-23,00804213;-44,44745093;SPRF-RJ;DEL03-RJ;UOP03-DEL03-RJ
580388;10/02/2024;sábado;22:00:00;RS;293;341,2;SANTANA DO LIVRAMENTO;Desrespeitar a preferência no cruzamento;Colisão transversal;Com Vítimas Feridas;Plena Noite;Decrescente;Céu Claro;Simples;Reta;Não;2;0;1;0;1;0;1;2;-30,85109755;-55,55395935;SPRF-RS;DEL11-RS;UOP01-DEL11-RS
580390;10/02/2024;sábado;16:20:00;RS;101;31,5;TRES CACHOEIRAS;Ausência de reação do condutor;Saída de leito carroçável;Com Vítimas Feridas;Pleno dia;Decrescente;Céu Claro;Múltipla;"Em Obras;Curva";Sim;2;0;1;0;1;0;1;1;-29,48566666;-49,97371445;SPRF-RS;DEL03-RS;UOP02-DEL03-RS
580391;10/02/2024;sábado;22:20:00;SC;282;52;AGUAS MORNAS;Ausência de reação do condutor;Saída de leito carroçável;Com Vítimas Feridas;Plena Noite;Crescente;Nublado;Simples;Curva;Não;1;0;1;0;0;0;1;1;-27,708536;-48,952251;SPRF-SC;DEL01-SC;UOP03-DEL01-SC
580394;10/02/2024;sábado;19:00:00;MT;174;0;PONTES E LACERDA;Acessar a via sem observar a presença dos outros veículos;Colisão frontal;Com Vítimas Feridas;Plena Noite;Crescente;Chuva;Simples;Reta;Sim;2;0;0;1;1;0;1;2;-15,24689306;-59,31983113;SPRF-MT;DEL03-MT;UOP01-DEL03-MT
580395;10/02/2024;sábado;19:20:00;RO;364;9;VILHENA;Falta de acostamento;Atropelamento de Pedestre;Com Vítimas Feridas;Plena Noite;Decrescente;Nublado;Simples;"Aclive;Reta";Não;1;0;1;0;0;0;1;1;-12,75881009;-60,1001711;SPRF-RO;DEL04-RO;UOP01-DEL04-RO
580396;10/02/2024;sábado;21:00:00;AC;364;143;RIO BRANCO;Condutor deixou de manter distância do veículo da frente;Colisão traseira;Com Vítimas Feridas;Plena Noite;Decrescente;Céu Claro;Dupla;"Aclive;Reta";Não;5;0;4;0;0;1;4;3;-9,92858308;-67,88590139;SPRF-AC;DEL01-AC;UOP01-DEL01-AC
580397;10/02/2024;sábado;23:00:00;SC;101;214;PALHOCA;Manobra de mudança de faixa;Colisão lateral mesmo sentido;Com Vítimas Feridas;Plena Noite;Decrescente;Céu Claro;Múltipla;"Interseção de Vias;Reta";Sim;2;0;1;0;1;0;1;2;-27,64443;-48,67057;SPRF-SC;DEL01-SC;UOP02-DEL01-SC
580399;10/02/2024;sábado;22:50:00;MS;267;363;MARACAJU;Ausência de reação do condutor;Saída de leito carroçável;Com Vítimas Fatais;Plena Noite;Decrescente;Céu Claro;Simples;Curva;Não;2;1;1;0;0;0;1;1;-21,64265676;-55,12117088;SPRF-MS;DEL02-MS;UOP02-DEL02-MS
580400;10/02/2024;sábado;23:27:00;SC;470;73,8;INDAIAL;Ausência de reação do condutor;Colisão frontal;Com Vítimas Fatais;Plena Noite;Decrescente;Céu Claro;Simples;"Reta;Em Obras";Não;3;1;0;0;2;0;0;2;-26,9155504;-49,2805602;SPRF-SC;DEL04-SC;UOP01-DEL04-SC
580404;10/02/2024;sábado;23:30:00;PR;376;2;MANDAGUARI;Ausência de reação do condutor;Colisão traseira;Sem Vítimas;Plena Noite;Decrescente;Céu Claro;Simples;Reta;Sim;2;0;0;0;2;0;0;2;-23,547966;-51,671265;SPRF-PR;DEL07-PR;UOP03-DEL07-PR
580405;11/02/2024;domingo;00:15:00;RS;287;248;SANTA MARIA;Ausência de reação do condutor;Atropelamento de Pedestre;Com Vítimas Feridas;Plena Noite;Decrescente;Nublado;Simples;"Desvio Temporário;Reta;Em Obras";Sim;3;0;0;1;0;2;1;2;-29,696018;-53,850956;SPRF-RS;DEL09-RS;UOP01-DEL09-RS
580406;10/02/2024;sábado;23:50:00;BA;235;348;JUAZEIRO;Ingestão de álcool pelo condutor;Colisão traseira;Com Vítimas Feridas;Plena Noite;Crescente;Céu Claro;Dupla;Reta;Sim;2;0;2;0;0;0;2;2;-9,45098798;-40,48451185;SPRF-PE;DEL06-PE;UOP01-DEL06-PE
580407;10/02/2024;sábado;22:11:00;PI;343;590,1;FLORIANO;Ausência de reação do condutor;Colisão com objeto;Com Vítimas Fatais;Plena Noite;Crescente;Chuva;Dupla;"Interseção de Vias;Rotatória";Sim;1;1;0;0;0;0;0;1;-6,783895;-43,015095;SPRF-PI;DEL03-PI;UOP01-DEL03-PI
580408;10/02/2024;sábado;23:20:00;SC;101;2,2;GARUVA;Velocidade Incompatível;Saída de leito carroçável;Sem Vítimas;Plena Noite;Crescente;Céu Claro;Dupla;Curva;Sim;1;0;0;0;1;0;0;1;-25,99841781;-48,87825966;SPRF-SC;DEL03-SC;UOP01-DEL03-SC
580409;10/02/2024;sábado;20:30:00;SC;470;274;BRUNOPOLIS;Condutor deixou de manter distância do veículo da frente;Colisão traseira;Sem Vítimas;Plena Noite;Decrescente;Céu Claro;Simples;Reta;Não;2;0;0;0;1;1;0;2;-27,328598;-50,803162;SPRF-SC;DEL07-SC;UOP06-DEL07-SC
580410;11/02/2024;domingo;00:05:00;RS;116;254;SAPUCAIA DO SUL;Velocidade Incompatível;Colisão traseira;Sem Vítimas;Plena Noite;Crescente;Céu Claro;Dupla;Reta;Sim;3;0;0;0;3;0;0;2;-29,82654797;-51,17241311;SPRF-RS;DEL01-RS;UOP02-DEL01-RS
580411;10/02/2024;sábado;22:50:00;SC;470;223;SAO CRISTOVAO DO SUL;Ingestão de álcool pelo condutor;Saída de leito carroçável;Com Vítimas Feridas;Plena Noite;Crescente;Céu Claro;Simples;"Declive;Curva";Não;5;0;4;1;0;0;5;1;-27,319908;-50,336388;SPRF-SC;DEL05-SC;UOP03-DEL05-SC
580412;11/02/2024;domingo;00:15:00;MS;163;256,4;DOURADOS;Pedestre andava na pista;Atropelamento de Pedestre;Com Vítimas Fatais;Plena Noite;Crescente;Céu Claro;Dupla;"Reta;Declive";Sim;2;1;0;0;0;1;0;2;-22,25907335;-54,79933262;SPRF-MS;DEL04-MS;UOP01-DEL04-MS
580413;10/02/2024;sábado;22:30:00;RJ;101;597;PARATY;Velocidade Incompatível;Queda de ocupante de veículo;Com Vítimas Feridas;Plena Noite;Decrescente;Céu Claro;Simples;Curva;Não;2;0;1;1;0;0;2;1;-23,34025796;-44,74508227;SPRF-RJ;DEL03-RJ;UOP04-DEL03-RJ
580414;11/02/2024;domingo;00:10:00;MS;163;257;DOURADOS;Entrada inopinada do pedestre;Capotamento;Com Vítimas Feridas;Plena Noite;Crescente;Céu Claro;Dupla;Reta;Não;3;0;2;0;0;1;2;2;-22,25888398;-54,793819;SPRF-MS;DEL04-MS;UOP01-DEL04-MS
580415;10/02/2024;sábado;22:00:00;PR;277;179;PALMEIRA;Manobra de mudança de faixa;Colisão traseira;Sem Vítimas;Plena Noite;Decrescente;Céu Claro;Simples;Reta;Não;2;0;0;0;0;2;0;2;-25,435076;-50,011779;SPRF-PR;DEL08-PR;UOP02-DEL08-PR
580416;11/02/2024;domingo;00:40:00;PR;376;214,7;JANDAIA DO SUL;Condutor Dormindo;Saída de leito carroçável;Sem Vítimas;Plena Noite;Crescente;Céu Claro;Dupla;Reta;Não;1;0;0;0;1;0;0;1;-23,588165;-51,64554;SPRF-PR;DEL09-PR;UOP01-DEL09-PR
580417;11/02/2024;domingo;01:20:00;PE;104;67;CARUARU;Condutor deixou de manter distância do veículo da frente;Colisão traseira;Sem Vítimas;Plena Noite;Crescente;Céu Claro;Dupla;"Aclive;Reta";Sim;2;0;0;0;2;0;0;2;-8,29111672;-35,98540823;SPRF-PE;DEL02-PE;UOP01-DEL02-PE
580418;10/02/2024;sábado;19:40:00;PI;230;308;FLORIANO;Ingestão de álcool pelo condutor;Colisão transversal;Com Vítimas Feridas;Plena Noite;Crescente;Nublado;Simples;Curva;Sim;3;0;1;2;0;0;3;2;-6,78159309;-43,00121707;SPRF-PI;DEL03-PI;UOP01-DEL03-PI
580419;11/02/2024;domingo;01:49:00;SP;153;219,5;MARILIA;Demais falhas mecânicas ou elétricas;Tombamento;Com Vítimas Feridas;Plena Noite;Crescente;Céu Claro;Simples;"Reta;Declive";Não;2;0;1;0;1;0;1;1;-21,98796487;-49,9149076;SPRF-SP;DEL07-SP;UOP02-DEL07-SP
580420;11/02/2024;domingo;00:34:00;SP;153;208;GUAIMBE;Ausência de reação do condutor;Colisão com objeto;Sem Vítimas;Plena Noite;Crescente;Céu Claro;Simples;Interseção de Vias;Não;1;0;0;0;0;1;0;1;-21,89112308;-49,91013961;SPRF-SP;DEL07-SP;UOP01-DEL07-SP
580422;11/02/2024;domingo;01:00:00;MG;116;547,7;SANTA BARBARA DO LESTE;Acumulo de óleo sobre o pavimento;Colisão com objeto;Com Vítimas Feridas;Plena Noite;Decrescente;Nublado;Simples;"Declive;Curva";Não;1;0;0;1;0;0;1;1;-19,94406896;-42,1320258;SPRF-MG;DEL06-MG;UOP02-DEL06-MG
580423;11/02/2024;domingo;02:15:00;PR;376;180,9;MARINGA;Velocidade Incompatível;Saída de leito carroçável;Com Vítimas Fatais;Plena Noite;Decrescente;Céu Claro;Dupla;Reta;Sim;7;1;0;0;5;1;0;3;-23,4268121;-51,8957515;SPRF-PR;DEL09-PR;UOP01-DEL09-PR
580424;11/02/2024;domingo;03:08:00;DF;40;6,9;BRASILIA;Ausência de reação do condutor;Colisão traseira;Com Vítimas Feridas;Plena Noite;Decrescente;Nublado;Dupla;"Reta;Aclive";Não;2;0;1;0;1;0;1;2;-16,029741;-47,978867;SPRF-DF;DEL01-DF;UOP01-DEL01-DF
580425;11/02/2024;domingo;03:37:00;ES;101;277;SERRA;Reação tardia ou ineficiente do condutor;Colisão com objeto;Com Vítimas Feridas;Plena Noite;Crescente;Céu Claro;Dupla;Reta;Sim;1;0;1;0;0;0;1;1;-20,21307738;-40,32125972;SPRF-ES;DEL02-ES;UOP01-DEL02-ES
580426;11/02/2024;domingo;02:40:00;RJ;40;84;PETROPOLIS;Reação tardia ou ineficiente do condutor;Colisão com objeto;Com Vítimas Feridas;Plena Noite;Decrescente;Céu Claro;Simples;Reta;Não;1;0;1;0;0;0;1;1;-22,52145512;-43,23707996;SPRF-RJ;DEL01-RJ;UOP01-DEL01-RJ
580427;11/02/2024;domingo;02:30:00;SP;153;110,1;JOSE BONIFACIO;Ingestão de álcool pelo condutor;Saída de leito carroçável;Com Vítimas Feridas;Plena Noite;Crescente;Céu Claro;Simples;"Aclive;Reta";Não;1;0;1;0;0;0;1;1;-21,08844419;-49,67470407;SPRF-SP;DEL09-SP;UOP01-DEL09-SP
580428;11/02/2024;domingo;02:30:00;MG;116;495;INHAPIM;Condutor Dormindo;Saída de leito carroçável;Com Vítimas Feridas;Pleno dia;Decrescente;Céu Claro;Simples;"Declive;Reta";Não;1;0;1;0;0;0;1;1;-19,51892699;-42,12765395;SPRF-MG;DEL06-MG;UOP02-DEL06-MG
580429;11/02/2024;domingo;03:50:00;SC;470;54,5;BLUMENAU;Ausência de reação do condutor;Saída de leito carroçável;Com Vítimas Feridas;Plena Noite;Crescente;Céu Claro;Simples;"Reta;Em Obras;Rotatória;Retorno Regulamentado";Sim;2;0;1;1;0;0;2;1;-26,871065;-49,110374;SPRF-SC;DEL04-SC;UOP01-DEL04-SC
580430;11/02/2024;domingo;04:10:00;SC;101;330,5;TUBARAO;Ingestão de álcool pelo condutor;Saída de leito carroçável;Sem Vítimas;Plena Noite;Decrescente;Céu Claro;Simples;Reta;Não;1;0;0;0;0;1;0;1;-28,45961502;-48,98842871;SPRF-SC;DEL02-SC;UOP01-DEL02-SC
580431;10/02/2024;sábado;22:20:00;GO;153;253;SAO LUIZ DO NORTE;Ingestão de álcool pelo condutor;Saída de leito carroçável;Sem Vítimas;Plena Noite;Decrescente;Chuva;Simples;Reta;Não;1;0;0;0;1;0;0;1;-14,940297;-49,371254;SPRF-GO;DEL07-GO;UOP02-DEL07-GO
580433;11/02/2024;domingo;02:40:00;GO;80;134;BARRO ALTO;Ingestão de álcool pelo condutor;Saída de leito carroçável;Sem Vítimas;Plena Noite;Decrescente;Céu Claro;Simples;Reta;Sim;1;0;0;0;0;1;0;1;-14,96468654;-48,93104553;SPRF-GO;DEL07-GO;UOP02-DEL07-GO
580435;11/02/2024;domingo;04:10:00;SC;101;100;BALNEARIO PICARRAS;Condutor Dormindo;Colisão com objeto;Com Vítimas Feridas;Plena Noite;Decrescente;Céu Claro;Múltipla;Reta;Não;1;0;1;0;0;0;1;1;-26,75482787;-48,68993675;SPRF-SC;DEL03-SC;UOP02-DEL03-SC
580436;11/02/2024;domingo;05:20:00;RJ;116;41;TERESOPOLIS;Ausência de reação do condutor;Colisão com objeto;Com Vítimas Feridas;Amanhecer;Crescente;Nublado;Simples;Reta;Não;2;0;1;0;0;1;1;1;-22,13943547;-42,78660142;SPRF-RJ;DEL04-RJ;UOP01-DEL04-RJ
580437;11/02/2024;domingo;03:45:00;PR;369;375,2;MAMBORE;Desrespeitar a preferência no cruzamento;Colisão transversal;Com Vítimas Feridas;Plena Noite;Decrescente;Céu Claro;Simples;"Reta;Interseção de Vias";Não;6;0;2;0;4;0;2;2;-24,281943;-52,545571;SPRF-PR;DEL09-PR;UOP03-DEL09-PR
580439;11/02/2024;domingo;04:45:00;PR;277;726;FOZ DO IGUACU;Ausência de reação do condutor;Atropelamento de Pedestre;Com Vítimas Fatais;Plena Noite;Crescente;Céu Claro;Dupla;Reta;Sim;2;1;0;0;0;1;0;2;-25,5106015;-54,55481999;SPRF-PR;DEL05-PR;UOP03-DEL05-PR
580441;02/02/2024;sexta-feira;16:05:00;MS;262;527,9;AQUIDAUANA;Reação tardia ou ineficiente do condutor;Queda de ocupante de veículo;Com Vítimas Feridas;Pleno dia;Crescente;Céu Claro;Simples;Reta;Não;2;0;1;0;0;1;1;2;-20,35846827;-56,12640381;SPRF-MS;DEL03-MS;UOP02-DEL03-MS
580442;11/02/2024;domingo;04:10:00;MG;365;731;MONTE ALEGRE DE MINAS;Reação tardia ou ineficiente do condutor;Saída de leito carroçável;Sem Vítimas;Plena Noite;Decrescente;Céu Claro;Simples;Reta;Não;1;0;0;0;1;0;0;1;-18,90077873;-49,28866004;SPRF-MG;DEL15-MG;UOP03-DEL15-MG
580443;11/02/2024;domingo;05:15:00;MG;267;124,2;JUIZ DE FORA;Transitar na contramão;Colisão frontal;Com Vítimas Fatais;Amanhecer;Crescente;Céu Claro;Simples;"Curva;Aclive";Não;5;2;0;0;3;0;0;2;-21,70786623;-43,51812169;SPRF-MG;DEL05-MG;UOP01-DEL05-MG
580444;11/02/2024;domingo;05:00:00;SC;470;35,4;GASPAR;Ausência de reação do condutor;Colisão com objeto;Com Vítimas Feridas;Plena Noite;Decrescente;Céu Claro;Simples;"Reta;Em Obras";Não;1;0;1;0;0;0;1;1;-26,91369929;-48,96299601;SPRF-SC;DEL04-SC;UOP01-DEL04-SC
580448;11/02/2024;domingo;06:28:00;RN;405;75,5;APODI;Retorno proibido;Colisão lateral mesmo sentido;Com Vítimas Feridas;Amanhecer;Decrescente;Nublado;Dupla;Retorno Regulamentado;Sim;2;0;1;0;1;0;1;2;-5,648592;-37,799319;SPRF-RN;DEL04-RN;UOP02-DEL04-RN
580449;11/02/2024;domingo;04:15:00;RJ;465;11;SEROPEDICA;Transitar na contramão;Colisão frontal;Com Vítimas Feridas;Amanhecer;Crescente;Céu Claro;Simples;Reta;Não;4;0;0;4;0;0;4;2;-22,784172;-43,656998;SPRF-RJ;DEL06-RJ;UOP02-DEL06-RJ
580450;10/02/2024;sábado;22:00:00;MG;40;128;JOAO PINHEIRO;Acessar a via sem observar a presença dos outros veículos;Colisão traseira;Com Vítimas Feridas;Plena Noite;Crescente;Chuva;Simples;Reta;Não;3;0;1;0;0;2;1;2;-17,70131701;-46,303719;SPRF-MG;DEL14-MG;UOP01-DEL14-MG
580451;11/02/2024;domingo;05:26:00;MT;70;621;POCONE;Ausência de reação do condutor;Queda de ocupante de veículo;Com Vítimas Feridas;Amanhecer;Decrescente;Céu Claro;Simples;Curva;Não;1;0;0;1;0;0;1;1;-15,936241;-56,93323;SPRF-MT;DEL03-MT;UOP02-DEL03-MT
580453;11/02/2024;domingo;06:05:00;SC;101;330,5;TUBARAO;Ingestão de álcool pelo condutor;Colisão traseira;Com Vítimas Feridas;Amanhecer;Crescente;Céu Claro;Dupla;Reta;Sim;2;0;2;0;0;0;2;2;-28,45863126;-48,98796201;SPRF-SC;DEL02-SC;UOP01-DEL02-SC
580454;11/02/2024;domingo;06:15:00;RS;287;347,7;JAGUARI;Ingestão de álcool pelo condutor;Tombamento;Sem Vítimas;Amanhecer;Decrescente;Céu Claro;Simples;Curva;Não;3;0;0;0;3;0;0;1;-29,53591613;-54,6860425;SPRF-RS;DEL12-RS;UOP02-DEL12-RS
580456;10/02/2024;sábado;16:30:00;RJ;101;532;ANGRA DOS REIS;Ingestão de álcool pelo condutor;Colisão com objeto;Com Vítimas Feridas;Pleno dia;Crescente;Sol;Simples;Reta;Sim;2;0;0;1;1;0;1;1;-23,02404234;-44,5180378;SPRF-RJ;DEL03-RJ;UOP03-DEL03-RJ
580457;11/02/2024;domingo;07:00:00;PE;101;75;RECIFE;Demais falhas mecânicas ou elétricas;Tombamento;Com Vítimas Feridas;Pleno dia;Crescente;Céu Claro;Dupla;Reta;Não;2;0;1;1;0;0;2;1;-8,10973523;-34,94660151;SPRF-PE;DEL01-PE;UOP01-DEL01-PE
580458;11/02/2024;domingo;01:40:00;SC;280;141;RIO NEGRINHO;Reação tardia ou ineficiente do condutor;Saída de leito carroçável;Com Vítimas Feridas;Plena Noite;Crescente;Nublado;Simples;Reta;Não;2;0;1;1;0;0;2;1;-26,25591654;-49,62226321;SPRF-SC;DEL06-SC;UOP03-DEL06-SC
580459;11/02/2024;domingo;06:00:00;PE;232;65,7;GRAVATA;Ausência de reação do condutor;Saída de leito carroçável;Com Vítimas Feridas;Pleno dia;Crescente;Céu Claro;Dupla;Curva;Não;1;0;1;0;0;0;1;1;-8,167371;-35,453807;SPRF-PE;DEL02-PE;UOP02-DEL02PE
580460;11/02/2024;domingo;05:50:00;MG;262;12,5;MARTINS SOARES;Falta de elemento de contenção que evite a saída do leito carroçável;Saída de leito carroçável;Com Vítimas Feridas;Amanhecer;Decrescente;Nublado;Simples;Reta;Não;1;0;1;0;0;0;1;1;-20,25303293;-41,85361008;SPRF-MG;DEL06-MG;UOP03-DEL06-MG
580463;11/02/2024;domingo;07:35:00;PR;116;118;CURITIBA;Velocidade Incompatível;Capotamento;Com Vítimas Feridas;Pleno dia;Crescente;Sol;Dupla;Reta;Sim;1;0;0;1;0;0;1;1;-25,54657438;-49,29173608;SPRF-PR;DEL01-PR;UOP03-DEL01-PR
580464;10/02/2024;sábado;22:30:00;SP;101;49,8;UBATUBA;Acessar a via sem observar a presença dos outros veículos;Colisão transversal;Com Vítimas Feridas;Plena Noite;Decrescente;Nublado;Simples;Reta;Sim;2;0;0;1;0;1;1;2;-23,44410908;-45,08375708;SPRF-SP;DEL06-SP;UOP01-DEL06-SP
580466;11/02/2024;domingo;07:15:00;RS;470;192;VERANOPOLIS;Ingestão de álcool pelo condutor;Colisão com objeto;Com Vítimas Feridas;Pleno dia;Decrescente;Céu Claro;Simples;Reta;Não;1;0;1;0;0;0;1;1;-29,03826903;-51,56647017;SPRF-RS;DEL06-RS;UOP02-DEL06-RS
580467;10/02/2024;sábado;19:50:00;BA;407;121,1;SENHOR DO BONFIM;Ultrapassagem Indevida;Colisão frontal;Com Vítimas Feridas;Plena Noite;Decrescente;Nublado;Simples;Reta;Não;4;0;0;2;2;0;2;2;-10,41234797;-40,1832681;SPRF-BA;DEL04-BA;UOP01-DEL04-BA
580468;11/02/2024;domingo;07:40:00;GO;153;497,5;GOIANIA;Condutor deixou de manter distância do veículo da frente;Colisão traseira;Com Vítimas Feridas;Pleno dia;Crescente;Céu Claro;Múltipla;"Reta;Aclive";Não;2;0;1;0;1;0;1;2;-16,6854;-49,2338;SPRF-GO;DEL01-GO;UOP01-DEL01-GO
580469;11/02/2024;domingo;07:35:00;ES;262;56;MARECHAL FLORIANO;Velocidade Incompatível;Queda de ocupante de veículo;Com Vítimas Feridas;Pleno dia;Decrescente;Céu Claro;Simples;"Curva;Declive";Não;1;0;1;0;0;0;1;1;-20,41088387;-40,75519403;SPRF-ES;DEL01-ES;UOP01-DEL01-ES
580470;11/02/2024;domingo;05:15:00;PA;230;1112;ITAITUBA;Ausência de reação do condutor;Saída de leito carroçável;Com Vítimas Feridas;Amanhecer;Crescente;Nublado;Simples;Reta;Não;1;0;1;0;0;0;1;1;-4,33991891;-55,77511606;SPRF-PA;DEL05-PA;UOP02-DEL05-PA
580471;11/02/2024;domingo;08:00:00;RJ;493;100,4;SEROPEDICA;Demais falhas mecânicas ou elétricas;Incêndio;Sem Vítimas;Pleno dia;Crescente;Céu Claro;Dupla;Reta;Não;1;0;0;0;1;0;0;1;-22,7451559;-43,72421265;SPRF-RJ;DEL01-RJ;UOP03-DEL01-RJ
580473;11/02/2024;domingo;08:20:00;RN;101;100,2;PARNAMIRIM;Ausência de reação do condutor;Colisão traseira;Com Vítimas Feridas;Pleno dia;Decrescente;Sol;Múltipla;Reta;Sim;3;0;2;0;1;0;2;2;-5,880487;-35,225159;SPRF-RN;DEL01-RN;UOP01-DEL01-RN
580474;11/02/2024;domingo;07:55:00;MG;50;150;UBERABA;Reação tardia ou ineficiente do condutor;Capotamento;Com Vítimas Feridas;Pleno dia;Decrescente;Céu Claro;Dupla;Reta;Não;5;0;1;4;0;0;5;2;-19,56472304;-48,03358933;SPRF-MG;DEL13-MG;UOP01-DEL13-MG
580475;11/02/2024;domingo;06:50:00;TO;153;132;ARAGUAINA;Velocidade Incompatível;Capotamento;Com Vítimas Feridas;Amanhecer;Crescente;Chuva;Simples;Rotatória;Sim;1;0;0;1;0;0;1;1;-7,10742769;-48,18194237;SPRF-TO;DEL02-TO;UOP01-DEL02-TO
580476;11/02/2024;domingo;07:00:00;AM;174;885;MANAUS;Condutor Dormindo;Saída de leito carroçável;Sem Vítimas;Pleno dia;Decrescente;Céu Claro;Simples;Reta;Não;1;0;0;0;0;1;0;1;-2,96448848;-60,02343676;SPRF-AM;DEL01-AM;UOP01-DEL01-AM
580477;11/02/2024;domingo;07:50:00;GO;153;496;GOIANIA;Velocidade Incompatível;Colisão transversal;Com Vítimas Feridas;Pleno dia;Crescente;Céu Claro;Múltipla;"Reta;Declive";Sim;2;0;2;0;0;0;2;2;-16,6776;-49,2314;SPRF-GO;DEL01-GO;UOP01-DEL01-GO
580478;11/02/2024;domingo;08:26:00;GO;40;28,8;LUZIANIA;Ingestão de álcool pelo condutor;Saída de leito carroçável;Sem Vítimas;Pleno dia;Decrescente;Nublado;Dupla;"Aclive;Reta";Não;1;0;0;0;1;0;0;1;-16,273718;-47,871456;SPRF-DF;DEL01-DF;UOP01-DEL01-DF
580479;11/02/2024;domingo;07:00:00;MG;356;270,8;MURIAE;Ausência de reação do condutor;Queda de ocupante de veículo;Com Vítimas Feridas;Pleno dia;Crescente;Nublado;Simples;Curva;Não;1;0;1;0;0;0;1;1;-21,12839937;-42,32458406;SPRF-MG;DEL07-MG;UOP02-DEL07-MG
580480;11/02/2024;domingo;08:50:00;DF;60;21,9;BRASILIA;Ingestão de álcool pelo condutor;Saída de leito carroçável;Sem Vítimas;Pleno dia;Crescente;Chuva;Dupla;Reta;Não;1;0;0;0;1;0;0;1;-15,979909;-48,206978;SPRF-DF;DEL03-DF;UOP01-DEL03-DF