id;data_inversa;dia_semana;horario;uf;br;km;municipio;causa_acidente;tipo_acidente;classificacao_acidente;fase_dia;sentido_via;condicao_metereologica;tipo_pista;tracado_via;uso_solo;pessoas;mortos;feridos_leves;feridos_graves;ilesos;ignorados;feridos;veiculos;latitude;longitude;regional;delegacia;uop
580483;11/02/2024;domingo;09:00:00;PR;369;502,8;CASCAVEL;Reação tardia ou ineficiente do condutor;Colisão frontal;Com Vítimas Feridas;Pleno dia;Decrescente;Sol;Simples;Reta;Não;2;0;1;0;1;0;1;2;-24,9193;-53,38929;SPRF-PR;DEL04-PR;UOP03-DEL04-PR
580487;11/02/2024;domingo;08:00:00;RJ;40;122;DUQUE DE CAXIAS;Mal súbito do condutor;Queda de ocupante de veículo;Com Vítimas Feridas;Pleno dia;Decrescente;Céu Claro;Dupla;Reta;Não;1;0;1;0;0;0;1;1;-22,79083113;-43,28611569;SPRF-RJ;DEL01-RJ;UOP02-DEL01-RJ
580488;11/02/2024;domingo;06:00:00;AL;101;234,2;PORTO REAL DO COLEGIO;Condutor Dormindo;Saída de leito carroçável;Com Vítimas Feridas;Amanhecer;Crescente;Céu Claro;Dupla;Reta;Não;3;0;1;0;2;0;1;1;-10,11607315;-36,76689488;SPRF-AL;DEL02-AL;UOP02-DEL02-AL
580489;11/02/2024;domingo;07:45:00;MG;116;496;INHAPIM;Ausência de reação do condutor;Saída de leito carroçável;Com Vítimas Feridas;Pleno dia;Decrescente;Céu Claro;Simples;"Curva;Declive";Não;1;0;1;0;0;0;1;1;-19,52772702;-42,12719586;SPRF-MG;DEL06-MG;UOP02-DEL06-MG
580490;11/02/2024;domingo;06:45:00;PR;153;377,8;MALLET;Ausência de reação do condutor;Saída de leito carroçável;Com Vítimas Fatais;Pleno dia;Crescente;Céu Claro;Simples;"Curva;Aclive";Não;1;1;0;0;0;0;0;1;-25,78885966;-50,85127115;SPRF-PR;DEL08-PR;UOP02-DEL08-PR
580491;11/02/2024;domingo;09:30:00;SC;101;197,7;BIGUACU;Ausência de reação do condutor;Saída de leito carroçável;Sem Vítimas;Pleno dia;Decrescente;Céu Claro;Dupla;Reta;Sim;1;0;0;0;1;0;0;1;-27,51844497;-48,63848496;SPRF-SC;DEL01-SC;UOP01-DEL01-SC
580493;11/02/2024;domingo;09:30:00;AP;210;38;MACAPA;Reação tardia ou ineficiente do condutor;Saída de leito carroçável;Com Vítimas Feridas;Pleno dia;Crescente;Nublado;Simples;Curva;Não;1;0;1;0;0;0;1;1;0,34781899;-51,09047964;SPRF-AP;DEL01-AP;UOP01-DEL01-AP
580494;11/02/2024;domingo;09:00:00;SC;101;138,5;BALNEARIO CAMBORIU;Reação tardia ou ineficiente do condutor;Colisão com objeto;Com Vítimas Feridas;Pleno dia;Decrescente;Céu Claro;Simples;Reta;Sim;3;0;1;1;1;0;2;2;-27,02397426;-48,60761649;SPRF-SC;DEL04-SC;UOP03-DEL04-SC
580495;11/02/2024;domingo;09:30:00;MG;40;556,5;NOVA LIMA;Demais falhas mecânicas ou elétricas;Capotamento;Com Vítimas Feridas;Pleno dia;Crescente;Nublado;Dupla;Reta;Não;4;0;1;0;0;3;1;2;-20,09356202;-43,97554136;SPRF-MG;DEL01-MG;UOP02-DEL01-MG
580496;11/02/2024;domingo;10:20:00;MG;40;760,9;JUIZ DE FORA;Ausência de reação do condutor;Saída de leito carroçável;Com Vítimas Feridas;Pleno dia;Crescente;Céu Claro;Simples;"Declive;Reta";Não;2;0;2;0;0;0;2;1;-21,52936511;-43,51813418;SPRF-MG;DEL05-MG;UOP01-DEL05-MG
580499;11/02/2024;domingo;10:40:00;PB;230;28;JOAO PESSOA;Velocidade Incompatível;Tombamento;Com Vítimas Feridas;Pleno dia;Decrescente;Sol;Simples;Curva;Sim;1;0;1;0;0;0;1;1;-7,1651;-34,8941;SPRF-PB;DEL01-PB;UOP01-DEL01-PB
580500;11/02/2024;domingo;10:45:00;AP;210;10;MACAPA;Reação tardia ou ineficiente do condutor;Tombamento;Com Vítimas Feridas;Pleno dia;Decrescente;Chuva;Simples;Reta;Sim;1;0;1;0;0;0;1;1;0,118133;-51,13286901;SPRF-AP;DEL01-AP;UOP01-DEL01-AP
580501;11/02/2024;domingo;10:45:00;PE;232;100,4;BEZERROS;Ausência de reação do condutor;Colisão traseira;Sem Vítimas;Pleno dia;Crescente;Céu Claro;Dupla;Reta;Sim;2;0;0;0;2;0;0;2;-8,240549;-35,749275;SPRF-PE;DEL02-PE;UOP02-DEL02PE
580503;14/01/2024;domingo;17:20:00;SC;280;78,5;CORUPA;Acessar a via sem observar a presença dos outros veículos;Colisão lateral mesmo sentido;Com Vítimas Feridas;Pleno dia;Crescente;Céu Claro;Simples;"Curva;Interseção de Vias";Não;3;0;0;2;1;0;2;2;-26,45019273;-49,1935729;SPRF-SC;DEL06-SC;UOP03-DEL06-SC
580504;11/02/2024;domingo;10:15:00;MG;381;888,8;CAMBUI;Mal súbito do condutor;Saída de leito carroçável;Com Vítimas Feridas;Pleno dia;Crescente;Sol;Dupla;Reta;Não;3;0;1;0;2;0;1;1;-22,57036508;-46,04169076;SPRF-MG;DEL16-MG;UOP03-DEL16-MG
580505;11/02/2024;domingo;10:35:00;PR;116;96;SAO JOSE DOS PINHAIS;Manobra de mudança de faixa;Colisão lateral mesmo sentido;Sem Vítimas;Pleno dia;Decrescente;Céu Claro;Dupla;Reta;Não;6;0;0;0;6;0;0;2;-25,54016371;-49,15048778;SPRF-PR;DEL01-PR;UOP07-DEL01-PR
580506;11/02/2024;domingo;10:40:00;SP;116;322;JUQUITIBA;Ausência de reação do condutor;Colisão com objeto;Com Vítimas Feridas;Pleno dia;Decrescente;Sol;Dupla;Reta;Sim;3;0;1;0;2;0;1;1;-23,935106;-47,026682;SPRF-SP;DEL04-SP;UOP03-DEL04-SP
580507;11/02/2024;domingo;10:05:00;MA;402;48;MORROS;Frear bruscamente;Colisão lateral mesmo sentido;Com Vítimas Feridas;Pleno dia;Crescente;Céu Claro;Simples;Reta;Não;2;0;1;0;1;0;1;2;-2,851166;-43,963924;SPRF-MA;DEL01-MA;UOP01-DEL01-MA
580509;11/02/2024;domingo;10:40:00;PB;230;7;CABEDELO;Reação tardia ou ineficiente do condutor;Colisão traseira;Com Vítimas Feridas;Pleno dia;Decrescente;Céu Claro;Dupla;Reta;Sim;4;0;4;0;0;0;4;2;-7,0355;-34,8429;SPRF-PB;DEL01-PB;UOP01-DEL01-PB
580510;11/02/2024;domingo;09:30:00;RS;287;259;SANTA MARIA;Ausência de reação do condutor;Saída de leito carroçável;Sem Vítimas;Pleno dia;Crescente;Céu Claro;Simples;"Reta;Declive";Não;1;0;0;0;0;1;0;1;-29,67610364;-53,96079095;SPRF-RS;DEL09-RS;UOP01-DEL09-RS
580511;11/02/2024;domingo;12:00:00;MG;365;623;UBERLANDIA;Manobra de mudança de faixa;Colisão traseira;Com Vítimas Feridas;Pleno dia;Crescente;Céu Claro;Dupla;Interseção de Vias;Sim;3;0;1;0;2;0;1;2;-18,9100325;-48,30694985;SPRF-MG;DEL15-MG;UOP01-DEL15-MG
580512;11/02/2024;domingo;11:53:00;DF;70;9,6;BRASILIA;Conversão proibida;Queda de ocupante de veículo;Com Vítimas Feridas;Pleno dia;Decrescente;Nublado;Múltipla;Reta;Sim;1;0;1;0;0;0;1;1;-15,784615;-48,132023;SPRF-DF;DEL03-DF;UOP02-DEL03-DF
580513;11/02/2024;domingo;12:00:00;SP;116;517;CAJATI;Reação tardia ou ineficiente do condutor;Saída de leito carroçável;Com Vítimas Feridas;Pleno dia;Decrescente;Céu Claro;Simples;"Curva;Declive";Não;2;0;0;1;1;0;1;1;-24,88067466;-48,22277069;SPRF-SP;DEL05-SP;UOP02-DEL05-SP
580514;11/02/2024;domingo;09:23:00;RO;364;318;PRESIDENTE MEDICI;Ausência de reação do condutor;Colisão traseira;Com Vítimas Feridas;Pleno dia;Crescente;Nublado;Simples;Reta;Não;5;0;1;0;4;0;1;2;-11,085351;-61,91477;SPRF-RO;DEL02-RO;UOP01-DEL02-RO
580515;11/02/2024;domingo;08:00:00;PE;428;186;PETROLINA;Ausência de reação do condutor;Saída de leito carroçável;Com Vítimas Feridas;Pleno dia;Crescente;Céu Claro;Dupla;Reta;Sim;1;0;1;0;0;0;1;1;-9,34807826;-40,47441248;SPRF-PE;DEL06-PE;UOP01-DEL06-PE
580517;11/02/2024;domingo;08:50:00;RO;425;52;NOVA MAMORE;Avarias e/ou desgaste excessivo no pneu;Saída de leito carroçável;Sem Vítimas;Pleno dia;Crescente;Nublado;Simples;Reta;Não;1;0;0;0;0;1;0;1;-10,01173;-65,314934;SPRF-RO;DEL01-RO;UOP03-DEL01-RO
580521;11/02/2024;domingo;12:30:00;MG;381;315;NOVA ERA;Velocidade Incompatível;Capotamento;Com Vítimas Feridas;Pleno dia;Decrescente;Céu Claro;Simples;"Curva;Declive";Não;2;0;2;0;0;0;2;1;-19,66992722;-42,96953761;SPRF-MG;DEL03-MG;UOP02-DEL03-MG
580522;11/02/2024;domingo;13:20:00;ES;262;46,5;MARECHAL FLORIANO;Condutor deixou de manter distância do veículo da frente;Colisão traseira;Com Vítimas Feridas;Pleno dia;Decrescente;Céu Claro;Simples;"Interseção de Vias;Reta";Sim;7;0;4;0;3;0;4;2;-20,40565705;-40,67280081;SPRF-ES;DEL01-ES;UOP01-DEL01-ES
580524;11/02/2024;domingo;13:00:00;PE;423;103;CAETES;Fumaça;Colisão traseira;Com Vítimas Feridas;Pleno dia;Crescente;Garoa/Chuvisco;Simples;Declive;Não;3;0;1;0;2;0;1;2;-8,87451577;-36,54667007;SPRF-PE;DEL03-PE;UOP01-DEL03-PE
580526;11/02/2024;domingo;13:50:00;SC;153;99;CONCORDIA;Acesso irregular;Colisão transversal;Sem Vítimas;Pleno dia;Decrescente;Céu Claro;Simples;Reta;Não;6;0;0;0;6;0;0;2;-27,235508;-51,951069;SPRF-SC;DEL07-SC;UOP04-DEL07-SC
580528;11/02/2024;domingo;11:35:00;MT;70;99;CACERES;Reação tardia ou ineficiente do condutor;Queda de ocupante de veículo;Com Vítimas Feridas;Pleno dia;Crescente;Sol;Simples;"Reta;Interseção de Vias";Sim;1;0;1;0;0;0;1;1;-15,84386872;-57,86036253;SPRF-MT;DEL07-MT;UOP01-DEL07-MT
580529;11/02/2024;domingo;09:30:00;PR;376;346;ORTIGUEIRA;Demais falhas mecânicas ou elétricas;Incêndio;Sem Vítimas;Pleno dia;Crescente;Céu Claro;Dupla;Reta;Não;1;0;0;0;0;1;0;1;-24,1819598;-50,9604365;SPRF-PR;DEL07-PR;UOP02-DEL07-PR
580531;11/02/2024;domingo;13:55:00;GO;60;30,9;ALEXANIA;Acessar a via sem observar a presença dos outros veículos;Colisão transversal;Sem Vítimas;Pleno dia;Crescente;Nublado;Dupla;"Reta;Interseção de Vias";Sim;3;0;0;0;2;1;0;2;-16,0963;-48,5202;SPRF-DF;DEL03-DF;UOP01-DEL03-DF
580533;11/02/2024;domingo;14:30:00;AL;104;91,8;RIO LARGO;Velocidade Incompatível;Saída de leito carroçável;Com Vítimas Feridas;Pleno dia;Crescente;Céu Claro;Dupla;Reta;Sim;1;0;0;1;0;0;1;1;-9,50094568;-35,81103086;SPRF-AL;DEL01-AL;UOP01-DEL01-AL
580534;11/02/2024;domingo;14:50:00;GO;70;3;AGUAS LINDAS DE GOIAS;Velocidade Incompatível;Saída de leito carroçável;Com Vítimas Feridas;Pleno dia;Crescente;Chuva;Dupla;Reta;Sim;2;0;2;0;0;0;2;1;-15,76177302;-48,2368693;SPRF-DF;DEL03-DF;UOP02-DEL03-DF
580535;11/02/2024;domingo;14:35:00;SP;116;109,3;TAUBATE;Reação tardia ou ineficiente do condutor;Colisão traseira;Com Vítimas Feridas;Pleno dia;Crescente;Céu Claro;Dupla;Reta;Sim;2;0;1;0;1;0;1;2;-23,02871304;-45,54517097;SPRF-SP;DEL02-SP;UOP02-DEL02-SP
580536;11/02/2024;domingo;15:08:00;PI;343;330,7;TERESINA;Ultrapassagem Indevida;Colisão lateral mesmo sentido;Sem Vítimas;Pleno dia;Decrescente;Sol;Simples;Reta;Não;2;0;0;0;2;0;0;2;-5,061753;-42,649815;SPRF-PI;DEL01-PI;UOP01-DEL01-PI
580537;11/02/2024;domingo;14:10:00;BA;242;480;IBITIARA;Demais falhas mecânicas ou elétricas;Saída de leito carroçável;Com Vítimas Fatais;Pleno dia;Crescente;Nublado;Simples;"Reta;Declive";Não;5;1;1;3;0;0;4;1;-12,45610881;-42,3110319;SPRF-BA;DEL06-BA;UOP01-DEL06-BA
580539;11/02/2024;domingo;14:50:00;SC;470;31,1;GASPAR;Ingestão de álcool pelo condutor;Colisão lateral mesmo sentido;Com Vítimas Feridas;Pleno dia;Crescente;Céu Claro;Dupla;Reta;Não;4;0;3;0;1;0;3;2;-26,897331;-48,923069;SPRF-SC;DEL04-SC;UOP01-DEL04-SC
580540;11/02/2024;domingo;11:40:00;PE;232;88;GRAVATA;Ausência de reação do condutor;Queda de ocupante de veículo;Com Vítimas Feridas;Pleno dia;Decrescente;Sol;Dupla;Reta;Não;1;0;1;0;0;0;1;1;-8,215178;-35,637814;SPRF-PE;DEL02-PE;UOP02-DEL02PE
580541;11/02/2024;domingo;13:00:00;MT;163;750,6;SORRISO;Velocidade Incompatível;Colisão lateral mesmo sentido;Com Vítimas Feridas;Pleno dia;Decrescente;Nublado;Dupla;Reta;Sim;5;0;2;0;2;1;2;3;-12,58696803;-55,73850811;SPRF-MT;DEL06-MT;UOP01-DEL06-MT
580543;11/02/2024;domingo;14:30:00;BA;415;48;ITABUNA;Demais falhas mecânicas ou elétricas;Incêndio;Sem Vítimas;Pleno dia;Decrescente;Céu Claro;Simples;Reta;Sim;3;0;0;0;3;0;0;1;-14,81894717;-39,30376053;SPRF-BA;DEL05-BA;UOP01-DEL05-BA
580544;11/02/2024;domingo;15:35:00;PE;101;41;IGARASSU;Acesso irregular;Colisão transversal;Com Vítimas Feridas;Pleno dia;Crescente;Céu Claro;Dupla;Reta;Sim;2;0;1;0;1;0;1;2;-7,828852;-34,914474;SPRF-PE;DEL01-PE;UOP02-DEL01-PE
580545;11/02/2024;domingo;14:50:00;PE;101;157,8;GAMELEIRA;Ingestão de álcool pelo condutor;Colisão com objeto;Sem Vítimas;Pleno dia;Decrescente;Céu Claro;Dupla;Reta;Não;1;0;0;0;1;0;0;1;-8,55352976;-35,3964161;SPRF-PE;DEL01-PE;UOP03-DEL01-PE
580546;11/02/2024;domingo;14:50:00;RJ;101;456;ANGRA DOS REIS;Pedestre cruzava a pista fora da faixa;Atropelamento de Pedestre;Com Vítimas Feridas;Pleno dia;Crescente;Sol;Simples;Reta;Sim;3;0;1;0;1;1;1;2;-23,03288558;-44,16793391;SPRF-RJ;DEL03-RJ;UOP02-DEL03-RJ
580548;11/02/2024;domingo;09:00:00;RJ;101;313;SAO GONCALO;Reação tardia ou ineficiente do condutor;Tombamento;Com Vítimas Feridas;Pleno dia;Decrescente;Céu Claro;Dupla;Reta;Sim;2;0;2;0;0;0;2;1;-22,81049093;-43,06983304;SPRF-RJ;DEL02-RJ;UOP02-DEL02-RJ
580549;11/02/2024;domingo;16:15:00;SC;282;18;PALHOCA;Trafegar com motocicleta (ou similar) entre as faixas;Colisão lateral sentido oposto;Com Vítimas Feridas;Pleno dia;Crescente;Céu Claro;Simples;"Em Obras;Curva";Sim;2;0;0;1;1;0;1;2;-27,672798;-48,694286;SPRF-SC;DEL01-SC;UOP02-DEL01-SC
580551;11/02/2024;domingo;12:15:00;RS;116;168;CAXIAS DO SUL;Reação tardia ou ineficiente do condutor;Colisão lateral mesmo sentido;Com Vítimas Feridas;Pleno dia;Crescente;Céu Claro;Simples;Reta;Não;4;0;2;0;2;0;2;2;-29,28313396;-51,16252272;SPRF-RS;DEL05-RS;UOP02-DEL05-RS
580552;11/02/2024;domingo;16:00:00;SP;381;89;SAO PAULO;Ingestão de álcool pelo condutor;Colisão traseira;Sem Vítimas;Pleno dia;Crescente;Céu Claro;Simples;"Curva;Declive";Sim;2;0;0;0;2;0;0;2;-23,48469299;-46,55983288;SPRF-SP;DEL03-SP;UOP01-DEL03-SP
580553;11/02/2024;domingo;14:30:00;RS;116;151,8;CAXIAS DO SUL;Reação tardia ou ineficiente do condutor;Queda de ocupante de veículo;Com Vítimas Feridas;Pleno dia;Crescente;Céu Claro;Dupla;"Curva;Declive";Sim;3;0;0;2;0;1;2;2;-29,18072584;-51,16418839;SPRF-RS;DEL05-RS;UOP01-DEL05-RS
580554;11/02/2024;domingo;14:25:00;SC;116;74;MONTE CASTELO;Problema na suspensão;Colisão com objeto;Com Vítimas Feridas;Pleno dia;Decrescente;Céu Claro;Simples;Reta;Não;1;0;1;0;0;0;1;1;-26,50510886;-50,23328349;SPRF-SC;DEL06-SC;UOP02-DEL06-SC
580555;14/01/2024;domingo;19:30:00;PI;316;44,1;LAGOA DO PIAUI;Animais na Pista;Atropelamento de Animal;Com Vítimas Feridas;Plena Noite;Decrescente;Nublado;Simples;"Interseção de Vias;Reta";Não;4;0;3;0;1;0;3;1;-5,44807;-42,633837;SPRF-PI;DEL01-PI;UOP02-DEL01-PI
580557;11/02/2024;domingo;16:30:00;RN;304;295,3;MACAIBA;Condutor deixou de manter distância do veículo da frente;Engavetamento;Sem Vítimas;Pleno dia;Decrescente;Sol;Simples;Aclive;Não;3;0;0;0;3;0;0;3;-5,86670972;-35,36335945;SPRF-RN;DEL01-RN;UOP02-DEL01-RN
580558;11/02/2024;domingo;15:53:00;GO;153;103;SANTA TEREZA DE GOIAS;Avarias e/ou desgaste excessivo no pneu;Eventos atípicos;Com Vítimas Feridas;Pleno dia;Crescente;Nublado;Simples;Reta;Não;2;0;2;0;0;0;2;1;-13,676991;-49,025154;SPRF-GO;DEL07-GO;UOP01-DEL07-GO
580559;11/02/2024;domingo;14:30:00;GO;153;597;MORRINHOS;Reação tardia ou ineficiente do condutor;Saída de leito carroçável;Com Vítimas Feridas;Pleno dia;Crescente;Chuva;Dupla;Curva;Não;3;0;1;0;2;0;1;1;-17,5271;-49,2152;SPRF-GO;DEL03-GO;UOP01-DEL03-GO
580561;11/02/2024;domingo;16:25:00;GO;20;114,1;FLORES DE GOIAS;Demais falhas mecânicas ou elétricas;Saída de leito carroçável;Com Vítimas Feridas;Pleno dia;Decrescente;Nublado;Simples;Reta;Não;5;0;2;3;0;0;5;1;-14,889873;-46,879147;SPRF-DF;DEL02-DF;UOP03-DEL02-DF
580562;11/02/2024;domingo;14:00:00;MG;116;678,2;MIRADOURO;Reação tardia ou ineficiente do condutor;Saída de leito carroçável;Sem Vítimas;Pleno dia;Crescente;Nublado;Simples;Reta;Não;3;0;0;0;0;3;0;2;-20,924714;-42,33700999;SPRF-MG;DEL07-MG;UOP02-DEL07-MG
580563;11/02/2024;domingo;17:00:00;PB;230;76,7;RIACHAO DO POCO;Acessar a via sem observar a presença dos outros veículos;Colisão transversal;Com Vítimas Feridas;Pleno dia;Crescente;Nublado;Dupla;Reta;Não;3;0;0;2;1;0;2;2;-7,1852162;-35,29422283;SPRF-PB;DEL01-PB;UOP03-DEL01-PB
580564;11/02/2024;domingo;17:45:00;SP;116;283;EMBU DAS ARTES;Reação tardia ou ineficiente do condutor;Colisão com objeto;Sem Vítimas;Pleno dia;Decrescente;Céu Claro;Dupla;Reta;Sim;1;0;0;0;1;0;0;1;-23,69297005;-46,86352786;SPRF-SP;DEL04-SP;UOP01-DEL04-SP
580565;11/02/2024;domingo;17:10:00;RS;290;114;ELDORADO DO SUL;Reação tardia ou ineficiente do condutor;Colisão transversal;Com Vítimas Feridas;Pleno dia;Decrescente;Céu Claro;Simples;Reta;Não;6;0;1;0;5;0;1;2;-30,044607;-51,347553;SPRF-RS;DEL02-RS;UOP01-DEL02-RS
580566;11/02/2024;domingo;17:20:00;PB;230;4;CABEDELO;Reação tardia ou ineficiente do condutor;Colisão com objeto;Sem Vítimas;Anoitecer;Decrescente;Chuva;Dupla;Viaduto;Sim;1;0;0;0;1;0;0;1;-7,0004;-34,8284;SPRF-PB;DEL01-PB;UOP01-DEL01-PB
580567;11/02/2024;domingo;16:40:00;RJ;393;284;VOLTA REDONDA;Reação tardia ou ineficiente do condutor;Colisão com objeto;Com Vítimas Feridas;Pleno dia;Crescente;Céu Claro;Simples;Curva;Não;1;0;0;1;0;0;1;1;-22,47341979;-44,05990606;SPRF-RJ;DEL05-RJ;UOP04-DEL05-RJ
580568;11/02/2024;domingo;17:00:00;PR;373;219,9;IMBITUVA;Ultrapassagem Indevida;Saída de leito carroçável;Com Vítimas Feridas;Pleno dia;Decrescente;Sol;Dupla;Reta;Não;3;0;2;0;1;0;2;1;-25,168;-50,566;SPRF-PR;DEL03-PR;UOP01-DEL03-PR
580569;11/02/2024;domingo;17:20:00;PR;116;128,7;FAZENDA RIO GRANDE;Velocidade Incompatível;Saída de leito carroçável;Com Vítimas Feridas;Pleno dia;Crescente;Céu Claro;Dupla;Retorno Regulamentado;Não;5;0;1;0;4;0;1;2;-25,66224934;-49,31355536;SPRF-PR;DEL01-PR;UOP03-DEL01-PR
580570;11/02/2024;domingo;18:00:00;RS;101;9,6;TORRES;Acessar a via sem observar a presença dos outros veículos;Colisão lateral mesmo sentido;Com Vítimas Feridas;Pleno dia;Decrescente;Céu Claro;Dupla;Retorno Regulamentado;Sim;7;0;5;0;1;1;5;3;-29,36685801;-49,81514399;SPRF-RS;DEL03-RS;UOP02-DEL03-RS
580571;11/02/2024;domingo;15:25:00;SC;282;354,5;CAMPOS NOVOS;Ingestão de álcool pelo condutor;Colisão frontal;Com Vítimas Feridas;Pleno dia;Crescente;Céu Claro;Simples;"Declive;Reta";Não;3;0;1;0;1;1;1;2;-27,35796;-51,330452;SPRF-SC;DEL07-SC;UOP06-DEL07-SC
580572;11/02/2024;domingo;18:10:00;RS;290;584;URUGUAIANA;Reação tardia ou ineficiente do condutor;Capotamento;Com Vítimas Feridas;Pleno dia;Crescente;Céu Claro;Simples;Reta;Não;2;0;1;0;0;1;1;2;-29,821992;-57,09992;SPRF-RS;DEL13-RS;UOP02-DEL13-RS
580573;11/02/2024;domingo;18:00:00;RJ;101;428;MANGARATIBA;Acessar a via sem observar a presença dos outros veículos;Colisão transversal;Com Vítimas Feridas;Pleno dia;Decrescente;Sol;Múltipla;"Reta;Retorno Regulamentado";Sim;4;0;1;0;3;0;1;2;-22,93391858;-43,9899979;SPRF-RJ;DEL03-RJ;UOP02-DEL03-RJ
580574;11/02/2024;domingo;14:10:00;RJ;116;181;NOVA IGUACU;Frear bruscamente;Colisão traseira;Com Vítimas Feridas;Pleno dia;Decrescente;Céu Claro;Dupla;Reta;Sim;3;0;0;1;2;0;1;2;-22,761312;-43,423492;SPRF-RJ;DEL06-RJ;UOP01-DEL06-RJ
580575;11/02/2024;domingo;18:30:00;PB;101;88;JOAO PESSOA;Acessar a via sem observar a presença dos outros veículos;Colisão lateral mesmo sentido;Com Vítimas Feridas;Plena Noite;Crescente;Chuva;Dupla;"Interseção de Vias;Viaduto;Reta";Sim;3;0;1;0;2;0;1;3;-7,16470016;-34,89993643;SPRF-PB;DEL01-PB;UOP01-DEL01-PB
580576;11/02/2024;domingo;16:45:00;MT;163;825;SINOP;Acesso irregular;Colisão transversal;Com Vítimas Feridas;Pleno dia;Decrescente;Céu Claro;Simples;Reta;Sim;2;0;1;0;1;0;1;2;-11,94843713;-55,51694155;SPRF-MT;DEL06-MT;UOP02-DEL06-MT
580577;11/02/2024;domingo;16:00:00;MG;262;403;PARA DE MINAS;Reação tardia ou ineficiente do condutor;Tombamento;Com Vítimas Feridas;Pleno dia;Decrescente;Nublado;Dupla;Reta;Não;3;0;2;0;1;0;2;2;-19,89468798;-44,57131499;SPRF-MG;DEL01-MG;UOP03-DEL01-MG
580578;11/02/2024;domingo;17:35:00;MG;40;510;RIBEIRAO DAS NEVES;Acessar a via sem observar a presença dos outros veículos;Colisão traseira;Com Vítimas Feridas;Anoitecer;Decrescente;Céu Claro;Dupla;Reta;Sim;3;0;2;0;1;0;2;2;-19,77463885;-44,12321882;SPRF-MG;DEL01-MG;UOP02-DEL01-MG
580579;11/02/2024;domingo;15:10:00;MT;364;1160;CAMPOS DE JULIO;Reação tardia ou ineficiente do condutor;Saída de leito carroçável;Com Vítimas Fatais;Pleno dia;Crescente;Chuva;Simples;Reta;Não;1;1;0;0;0;0;0;1;-13,58134277;-59,0708192;SPRF-MT;DEL04-MT;UOP02-DEL04-MT
580580;11/02/2024;domingo;17:00:00;MG;381;455;SABARA;Conversão proibida;Colisão transversal;Com Vítimas Feridas;Pleno dia;Decrescente;Céu Claro;Simples;Reta;Sim;2;0;1;0;1;0;1;2;-19,85777408;-43,90468298;SPRF-MG;DEL01-MG;UOP01-DEL01-MG
580581;11/02/2024;domingo;15:20:00;BA;330;830;IPIAU;Velocidade Incompatível;Colisão frontal;Com Vítimas Feridas;Pleno dia;Decrescente;Chuva;Simples;Curva;Não;3;0;3;0;0;0;3;2;-14,08149106;-39,78114237;SPRF-BA;DEL03-BA;UOP01-DEL03-BA
580582;11/02/2024;domingo;17:55:00;PI;316;32;DEMERVAL LOBAO;Manobra de mudança de faixa;Colisão transversal;Sem Vítimas;Anoitecer;Crescente;Nublado;Dupla;Reta;Sim;2;0;0;0;1;1;0;2;-5,34217984;-42,68627493;SPRF-PI;DEL01-PI;UOP02-DEL01-PI
580583;11/02/2024;domingo;18:20:00;GO;60;30;ALEXANIA;Chuva;Saída de leito carroçável;Com Vítimas Feridas;Plena Noite;Crescente;Chuva;Dupla;"Reta;Aclive";Sim;1;0;1;0;0;0;1;1;-16,09579418;-48,48678589;SPRF-DF;DEL03-DF;UOP01-DEL03-DF
580585;11/02/2024;domingo;19:00:00;RN;406;104,1;JOAO CAMARA;Pedestre andava na pista;Atropelamento de Pedestre;Com Vítimas Fatais;Plena Noite;Decrescente;Nublado;Simples;Declive;Sim;2;1;0;0;0;1;0;2;-5,54067796;-35,80553967;SPRF-RN;DEL02-RN;UOP01-DEL02-RN
580586;11/02/2024;domingo;18:20:00;MG;381;385;SAO GONCALO DO RIO ABAIXO;Ausência de reação do condutor;Colisão traseira;Com Vítimas Feridas;Anoitecer;Decrescente;Céu Claro;Simples;"Declive;Em Obras;Reta";Não;2;0;1;0;1;0;1;2;-19,829364;-43,381285;SPRF-MG;DEL01-MG;UOP01-DEL01-MG
580587;11/02/2024;domingo;13:50:00;MG;50;191;UBERABA;Avarias e/ou desgaste excessivo no pneu;Colisão com objeto;Sem Vítimas;Pleno dia;Crescente;Chuva;Dupla;Declive;Não;6;0;0;0;6;0;0;1;-19,8640909;-47,86418486;SPRF-MG;DEL13-MG;UOP01-DEL13-MG
580588;11/02/2024;domingo;18:00:00;MA;135;5;SAO LUIS;Manobra de mudança de faixa;Saída de leito carroçável;Com Vítimas Fatais;Anoitecer;Decrescente;Nublado;Dupla;Reta;Sim;2;1;0;0;0;1;0;2;-2,62145385;-44,25797421;SPRF-MA;DEL01-MA;UOP01-DEL01-MA
580589;11/02/2024;domingo;19:15:00;SC;470;12,7;NAVEGANTES;Ausência de reação do condutor;Tombamento;Com Vítimas Feridas;Plena Noite;Decrescente;Nublado;Dupla;"Reta;Declive";Não;2;0;0;2;0;0;2;1;-26,835169;-48,757267;SPRF-SC;DEL04-SC;UOP04-DEL04-SC
580590;11/02/2024;domingo;19:25:00;PE;101;46;IGARASSU;Acesso irregular;Colisão transversal;Com Vítimas Feridas;Plena Noite;Decrescente;Vento;Múltipla;Reta;Sim;2;0;1;0;0;1;1;2;-7,87406004;-34,90588126;SPRF-PE;DEL01-PE;UOP02-DEL01-PE