id;data_inversa;dia_semana;horario;uf;br;km;municipio;causa_acidente;tipo_acidente;classificacao_acidente;fase_dia;sentido_via;condicao_metereologica;tipo_pista;tracado_via;uso_solo;pessoas;mortos;feridos_leves;feridos_graves;ilesos;ignorados;feridos;veiculos;latitude;longitude;regional;delegacia;uop
580591;10/01/2024;quarta-feira;15:40:00;GO;40;41;LUZIANIA;Chuva;Colisão lateral sentido oposto;Com Vítimas Fatais;Pleno dia;Crescente;Chuva;Simples;Curva;Não;5;1;0;0;4;0;0;3;-16,367802;-47,826972;SPRF-DF;DEL01-DF;UOP02-DEL01-DF
580595;11/02/2024;domingo;20:00:00;PR;277;716;SANTA TEREZINHA DE ITAIPU;Demais falhas mecânicas ou elétricas;Incêndio;Sem Vítimas;Plena Noite;Crescente;Céu Claro;Dupla;Reta;Não;2;0;0;0;2;0;0;1;-25,47252277;-54,46707409;SPRF-PR;DEL05-PR;UOP01-DEL05-PR
580596;11/02/2024;domingo;18:15:00;PE;424;97;GARANHUNS;Faróis desregulados;Colisão lateral mesmo sentido;Com Vítimas Feridas;Plena Noite;Decrescente;Céu Claro;Simples;Reta;Não;2;0;0;1;0;1;1;2;-8,91590392;-36,48883344;SPRF-PE;DEL03-PE;UOP01-DEL03-PE
580598;11/02/2024;domingo;20:20:00;SC;101;193,5;BIGUACU;Manobra de mudança de faixa;Queda de ocupante de veículo;Com Vítimas Feridas;Plena Noite;Decrescente;Nublado;Múltipla;Reta;Sim;2;0;1;0;0;1;1;2;-27,489574;-48,655914;SPRF-SC;DEL01-SC;UOP01-DEL01-SC
580599;11/02/2024;domingo;17:00:00;MG;381;377,5;SAO GONCALO DO RIO ABAIXO;Ausência de reação do condutor;Saída de leito carroçável;Com Vítimas Feridas;Pleno dia;Decrescente;Céu Claro;Simples;"Aclive;Curva";Não;2;0;1;1;0;0;2;1;-19,842701;-43,319737;SPRF-MG;DEL01-MG;UOP01-DEL01-MG
580600;11/02/2024;domingo;19:00:00;TO;153;701,4;CARIRI DO TOCANTINS;Reação tardia ou ineficiente do condutor;Saída de leito carroçável;Com Vítimas Feridas;Plena Noite;Crescente;Nublado;Simples;"Interseção de Vias;Rotatória";Não;1;0;1;0;0;0;1;1;-11,9609026;-49,19947692;SPRF-TO;DEL01-TO;UOP02-DEL01-TO
580601;11/02/2024;domingo;18:00:00;PB;230;514;CAJAZEIRAS;Chuva;Queda de ocupante de veículo;Com Vítimas Feridas;Anoitecer;Crescente;Chuva;Simples;Aclive;Não;2;0;0;1;1;0;1;1;-6,8753;-38,6397;SPRF-PB;DEL03-PB;UOP03-DEL03-PB
580602;11/02/2024;domingo;20:15:00;RJ;101;57;CAMPOS DOS GOYTACAZES;Reação tardia ou ineficiente do condutor;Colisão transversal;Com Vítimas Feridas;Plena Noite;Crescente;Céu Claro;Simples;Reta;Sim;2;0;1;0;1;0;1;2;-21,69602101;-41,31017467;SPRF-RJ;DEL08-RJ;UOP01-DEL08-RJ
580603;11/02/2024;domingo;06:40:00;PR;277;72;SAO JOSE DOS PINHAIS;Condutor deixou de manter distância do veículo da frente;Colisão traseira;Sem Vítimas;Plena Noite;Crescente;Nublado;Dupla;Reta;Não;3;0;0;0;3;0;0;3;-25,52522628;-49,09755612;SPRF-PR;DEL01-PR;UOP07-DEL01-PR
580604;11/02/2024;domingo;16:15:00;RJ;40;121;DUQUE DE CAXIAS;Acesso irregular;Colisão transversal;Com Vítimas Feridas;Pleno dia;Decrescente;Sol;Múltipla;Reta;Sim;2;0;1;0;1;0;1;2;-22,78185499;-43,28571273;SPRF-RJ;DEL01-RJ;UOP02-DEL01-RJ
580606;11/02/2024;domingo;19:00:00;MT;163;1058;GUARANTA DO NORTE;Transitar na contramão;Colisão lateral sentido oposto;Com Vítimas Feridas;Plena Noite;Crescente;Nublado;Simples;Reta;Não;1;0;0;1;0;0;1;1;-10,012513;-54,908274;SPRF-MT;DEL06-MT;UOP03-DEL06-MT
580607;11/02/2024;domingo;18:00:00;RJ;493;18;GUAPIMIRIM;Ausência de reação do condutor;Queda de ocupante de veículo;Com Vítimas Feridas;Anoitecer;Decrescente;Céu Claro;Simples;Reta;Sim;2;0;2;0;0;0;2;1;-22,6687122;-43,01862696;SPRF-RJ;DEL04-RJ;UOP02-DEL04-RJ
580608;11/02/2024;domingo;16:45:00;SC;101;221;PALHOCA;Avarias e/ou desgaste excessivo no pneu;Queda de ocupante de veículo;Com Vítimas Feridas;Pleno dia;Decrescente;Céu Claro;Simples;Reta;Não;1;0;1;0;0;0;1;1;-27,70012652;-48,66021182;SPRF-SC;DEL01-SC;UOP02-DEL01-SC
580609;11/02/2024;domingo;14:00:00;MA;10;44;CAROLINA;Acessar a via sem observar a presença dos outros veículos;Colisão transversal;Com Vítimas Feridas;Pleno dia;Decrescente;Céu Claro;Simples;"Reta;Declive";Não;3;0;0;1;2;0;1;2;-7,259534;-47,446739;SPRF-MA;DEL04-MA;UOP02-DEL04-MA
580610;11/02/2024;domingo;15:40:00;SP;381;61,8;MAIRIPORA;Ausência de reação do condutor;Tombamento;Com Vítimas Feridas;Pleno dia;Crescente;Céu Claro;Dupla;Curva;Não;2;0;2;0;0;0;2;1;-23,29011611;-46,5800681;SPRF-SP;DEL03-SP;UOP01-DEL03-SP
580611;11/02/2024;domingo;20:30:00;RN;110;33,4;MOSSORO;Animais na Pista;Atropelamento de Animal;Com Vítimas Feridas;Plena Noite;Decrescente;Céu Claro;Simples;Reta;Não;1;0;1;0;0;0;1;1;-5,15244618;-37,21790957;SPRF-RN;DEL04-RN;UOP01-DEL04-RN
580612;11/02/2024;domingo;19:50:00;SC;282;668;SAO MIGUEL DO OESTE;Reação tardia ou ineficiente do condutor;Queda de ocupante de veículo;Com Vítimas Feridas;Plena Noite;Crescente;Céu Claro;Simples;Reta;Não;1;0;1;0;0;0;1;1;-26,641872;-53,625648;SPRF-SC;DEL07-SC;UOP03-DEL07-SC
580613;11/02/2024;domingo;20:15:00;RJ;116;316;ITATIAIA;Ausência de reação do condutor;Atropelamento de Pedestre;Com Vítimas Feridas;Plena Noite;Crescente;Garoa/Chuvisco;Simples;Curva;Não;2;0;1;0;0;1;1;2;-22,46624383;-44,50012207;SPRF-RJ;DEL07-RJ;UOP02-DEL07-RJ
580614;11/02/2024;domingo;18:00:00;RS;290;353,2;SAO SEPE;Reação tardia ou ineficiente do condutor;Colisão lateral mesmo sentido;Com Vítimas Fatais;Pleno dia;Crescente;Nublado;Simples;"Reta;Em Obras;Declive";Não;16;1;4;2;8;1;6;5;-30,374231;-53,702789;SPRF-RS;DEL09-RS;UOP02-DEL09-RS
580615;11/02/2024;domingo;21:45:00;RS;290;22,6;SANTO ANTONIO DA PATRULHA;Avarias e/ou desgaste excessivo no pneu;Capotamento;Com Vítimas Feridas;Plena Noite;Decrescente;Céu Claro;Dupla;Reta;Não;2;0;2;0;0;0;2;1;-29,888826;-50,474819;SPRF-RS;DEL03-RS;UOP01-DEL03-RS
580616;11/02/2024;domingo;21:00:00;PR;277;104;CAMPO LARGO;Transitar na contramão;Colisão frontal;Com Vítimas Feridas;Plena Noite;Crescente;Céu Claro;Simples;Viaduto;Não;2;0;1;0;1;0;1;2;-25,43444925;-49,41352987;SPRF-PR;DEL01-PR;UOP06-DEL01-PR
580617;11/02/2024;domingo;20:15:00;MT;163;850;SINOP;Ausência de reação do condutor;Atropelamento de Pedestre;Com Vítimas Feridas;Plena Noite;Crescente;Chuva;Simples;Reta;Não;2;0;2;0;0;0;2;2;-11,724;-55,459;SPRF-MT;DEL06-MT;UOP02-DEL06-MT
580618;11/02/2024;domingo;21:45:00;SE;101;3;PROPRIA;Animais na Pista;Atropelamento de Animal;Com Vítimas Feridas;Plena Noite;Crescente;Céu Claro;Dupla;"Reta;Declive";Não;4;0;1;0;3;0;1;1;-10,229956;-36,839184;SPRF-SE;DEL02-SE;UOP02-DEL02-SE
580619;11/02/2024;domingo;20:30:00;PR;376;142;NOVA ESPERANCA;Ausência de reação do condutor;Colisão traseira;Com Vítimas Feridas;Plena Noite;Decrescente;Céu Claro;Dupla;Reta;Não;3;0;0;2;1;0;2;2;-23,246198;-52,169348;SPRF-PR;DEL09-PR;UOP02-DEL09-PR
580620;11/02/2024;domingo;20:45:00;MG;381;654,8;SANTO ANTONIO DO AMPARO;Demais falhas mecânicas ou elétricas;Tombamento;Com Vítimas Feridas;Plena Noite;Decrescente;Ignorado;Dupla;"Reta;Declive";Não;2;0;2;0;0;0;2;1;-20,99437964;-44,96041633;SPRF-MG;DEL04-MG;UOP02-DEL04-MG
580622;11/02/2024;domingo;21:15:00;SC;282;264,3;SAO JOSE DO CERRITO;Animais na Pista;Atropelamento de Animal;Com Vítimas Feridas;Plena Noite;Decrescente;Céu Claro;Simples;Reta;Não;6;0;1;0;4;1;1;2;-27,627396;-50,623634;SPRF-SC;DEL05-SC;UOP02-DEL05-SC
580623;11/02/2024;domingo;21:30:00;RJ;465;4,9;SEROPEDICA;Ausência de reação do condutor;Colisão traseira;Com Vítimas Feridas;Plena Noite;Decrescente;Céu Claro;Simples;Reta;Sim;3;0;1;0;2;0;1;2;-22,740971;-43,705597;SPRF-RJ;DEL06-RJ;UOP02-DEL06-RJ
580624;11/02/2024;domingo;21:17:00;MS;262;504,9;ANASTACIO;Animais na Pista;Saída de leito carroçável;Com Vítimas Feridas;Plena Noite;Decrescente;Nublado;Simples;Reta;Não;4;0;4;0;0;0;4;1;-20,48812287;-55,94510593;SPRF-MS;DEL03-MS;UOP01-DEL03-MS
580625;11/02/2024;domingo;14:30:00;RJ;116;148;DUQUE DE CAXIAS;Manobra de mudança de faixa;Colisão lateral mesmo sentido;Com Vítimas Feridas;Pleno dia;Crescente;Céu Claro;Múltipla;"Aclive;Viaduto";Sim;2;0;1;0;0;1;1;2;-22,6723488;-43,28215398;SPRF-RJ;DEL01-RJ;UOP02-DEL01-RJ
580626;11/02/2024;domingo;22:20:00;MG;40;351,9;FELIXLANDIA;Velocidade Incompatível;Saída de leito carroçável;Com Vítimas Feridas;Plena Noite;Crescente;Céu Claro;Simples;Interseção de Vias;Não;2;0;2;0;0;0;2;1;-18,728718;-44,91955;SPRF-MG;DEL02-MG;UOP01-DEL02-MG
580630;11/02/2024;domingo;19:00:00;SC;282;547;CHAPECO;Ultrapassagem Indevida;Colisão frontal;Com Vítimas Feridas;Anoitecer;Decrescente;Céu Claro;Simples;Reta;Não;2;0;0;2;0;0;2;2;-26,973904;-52,745403;SPRF-SC;DEL07-SC;UOP01-DEL07-SC
580631;11/02/2024;domingo;18:00:00;ES;262;105;VENDA NOVA DO IMIGRANTE;Pedestre - Ingestão de álcool/ substâncias psicoativas;Atropelamento de Pedestre;Com Vítimas Feridas;Anoitecer;Crescente;Chuva;Simples;Reta;Não;2;0;0;1;1;0;1;2;-20,32624656;-41,13598921;SPRF-ES;DEL01-ES;UOP02-DEL01-ES
580632;11/02/2024;domingo;21:30:00;CE;222;210;FORQUILHA;Ingestão de álcool pelo condutor;Colisão frontal;Com Vítimas Feridas;Plena Noite;Crescente;Céu Claro;Simples;"Curva;Interseção de Vias";Não;4;0;2;1;0;1;3;2;-3,79403057;-40,27587891;SPRF-CE;DEL04-CE;UOP01-DEL04-CE
580634;11/02/2024;domingo;12:33:00;AC;364;202;BUJARI;Pista esburacada;Saída de leito carroçável;Sem Vítimas;Pleno dia;Crescente;Nublado;Simples;Reta;Não;1;0;0;0;1;0;0;1;-9,57761387;-68,27623886;SPRF-AC;DEL01-AC;UOP01-DEL01-AC
580635;11/02/2024;domingo;23:00:00;RS;158;332;SANTA MARIA;Acumulo de areia ou detritos sobre o pavimento;Tombamento;Com Vítimas Feridas;Plena Noite;Crescente;Nublado;Dupla;Retorno Regulamentado;Sim;1;0;1;0;0;0;1;1;-29,70557379;-53,84774923;SPRF-RS;DEL09-RS;UOP01-DEL09-RS
580636;11/02/2024;domingo;22:30:00;SC;101;65;ARAQUARI;Avarias e/ou desgaste excessivo no pneu;Colisão com objeto;Com Vítimas Feridas;Pleno dia;Crescente;Céu Claro;Dupla;Reta;Sim;3;0;1;0;2;0;1;2;-26,47135714;-48,74457217;SPRF-SC;DEL03-SC;UOP02-DEL03-SC
580637;11/02/2024;domingo;22:00:00;SC;101;155;ITAPEMA;Avarias e/ou desgaste excessivo no pneu;Queda de ocupante de veículo;Com Vítimas Feridas;Plena Noite;Crescente;Céu Claro;Dupla;Reta;Não;2;0;2;0;0;0;2;1;-27,16292;-48,61129;SPRF-SC;DEL04-SC;UOP03-DEL04-SC
580638;11/02/2024;domingo;22:31:00;RO;319;64;PORTO VELHO;Ingestão de álcool pelo condutor;Colisão traseira;Sem Vítimas;Plena Noite;Decrescente;Nublado;Dupla;Reta;Sim;3;0;0;0;3;0;0;2;-8,766685;-63,884052;SPRF-RO;DEL01-RO;UOP01-DEL01-RO
580640;11/02/2024;domingo;19:20:00;MT;174;384;CONQUISTA DOESTE;Manobra de mudança de faixa;Colisão frontal;Com Vítimas Feridas;Plena Noite;Crescente;Céu Claro;Simples;Reta;Não;2;0;0;1;1;0;1;2;-14,5025286;-59,5674037;SPRF-MT;DEL04-MT;UOP01-DEL04-MT
580641;11/02/2024;domingo;23:10:00;GO;60;19,1;ALEXANIA;Transitar na contramão;Colisão frontal;Com Vítimas Fatais;Plena Noite;Crescente;Chuva;Dupla;"Aclive;Reta";Não;4;1;2;1;0;0;3;2;-16,116914;-48,393592;SPRF-DF;DEL03-DF;UOP01-DEL03-DF
580642;11/02/2024;domingo;22:35:00;MA;10;308;ACAILANDIA;Transitar na contramão;Colisão frontal;Com Vítimas Fatais;Plena Noite;Decrescente;Céu Claro;Simples;Curva;Não;2;1;0;0;1;0;0;2;-5,044079;-47,551216;SPRF-MA;DEL04-MA;UOP03-DEL04-MA
580643;11/02/2024;domingo;21:10:00;RS;290;134;ELDORADO DO SUL;Demais falhas mecânicas ou elétricas;Incêndio;Sem Vítimas;Plena Noite;Decrescente;Nublado;Simples;Reta;Não;1;0;0;0;0;1;0;1;-30,064959;-51,551262;SPRF-RS;DEL02-RS;UOP01-DEL02-RS
580645;11/02/2024;domingo;22:30:00;SC;101;139;BALNEARIO CAMBORIU;Manobra de mudança de faixa;Colisão lateral mesmo sentido;Com Vítimas Feridas;Plena Noite;Crescente;Céu Claro;Dupla;Reta;Não;1;0;1;0;0;0;1;1;-27,03881189;-48,60025148;SPRF-SC;DEL04-SC;UOP03-DEL04-SC
580646;11/02/2024;domingo;21:15:00;RJ;101;511;ANGRA DOS REIS;Ausência de reação do condutor;Colisão transversal;Com Vítimas Feridas;Plena Noite;Crescente;Nublado;Simples;Reta;Não;4;0;1;0;1;2;1;3;-22,9609111;-44,4382966;SPRF-RJ;DEL03-RJ;UOP03-DEL03-RJ
580648;12/02/2024;segunda-feira;00:40:00;DF;40;2,9;BRASILIA;Acumulo de água sobre o pavimento;Tombamento;Com Vítimas Feridas;Plena Noite;Crescente;Chuva;Dupla;"Interseção de Vias;Ponte;Reta";Sim;2;0;2;0;0;0;2;1;-15,99435;-47,985947;SPRF-DF;DEL01-DF;UOP01-DEL01-DF
580649;11/02/2024;domingo;20:30:00;MG;381;549,3;ITATIAIUCU;Condutor Dormindo;Saída de leito carroçável;Com Vítimas Fatais;Plena Noite;Decrescente;Céu Claro;Dupla;"Aclive;Curva";Não;1;1;0;0;0;0;0;1;-20,31815092;-44,45448614;SPRF-MG;DEL04-MG;UOP03-DEL04-MG
580653;11/02/2024;domingo;19:00:00;PI;135;307;CRISTINO CASTRO;Transitar na contramão;Colisão frontal;Com Vítimas Fatais;Plena Noite;Decrescente;Nublado;Simples;"Reta;Declive";Não;3;1;0;0;2;0;0;2;-8,750607;-44,154432;SPRF-PI;DEL03-PI;UOP02-DEL03-PI
580654;11/02/2024;domingo;23:30:00;RR;174;473,3;BOA VISTA;Manobra de mudança de faixa;Colisão frontal;Com Vítimas Feridas;Plena Noite;Crescente;Céu Claro;Simples;Reta;Não;2;0;0;1;0;1;1;2;2,599424;-60,876957;SPRF-RR;DEL01-RR;UOP01-DEL01-RR
580655;11/02/2024;domingo;23:10:00;GO;60;394;RIO VERDE;Ingestão de álcool pelo condutor;Saída de leito carroçável;Sem Vítimas;Plena Noite;Crescente;Nublado;Dupla;Reta;Sim;2;0;0;0;2;0;0;1;-17,8228;-50,9983;SPRF-GO;DEL04-GO;UOP02-DEL04-GO
580656;12/02/2024;segunda-feira;00:50:00;RS;470;229,5;GARIBALDI;Ausência de reação do condutor;Saída de leito carroçável;Sem Vítimas;Plena Noite;Crescente;Nublado;Simples;Curva;Sim;2;0;0;0;1;1;0;2;-29,27470891;-51,49431467;SPRF-RS;DEL06-RS;UOP01-DEL06-RS
580659;12/02/2024;segunda-feira;01:35:00;SC;101;211,2;SAO JOSE;Reação tardia ou ineficiente do condutor;Tombamento;Com Vítimas Feridas;Plena Noite;Crescente;Céu Claro;Dupla;"Interseção de Vias;Reta";Sim;2;0;1;0;1;0;1;2;-27,62329313;-48,65245588;SPRF-SC;DEL01-SC;UOP02-DEL01-SC
580660;11/02/2024;domingo;23:05:00;RJ;101;485,2;ANGRA DOS REIS;Acessar a via sem observar a presença dos outros veículos;Colisão transversal;Com Vítimas Feridas;Plena Noite;Crescente;Céu Claro;Dupla;Reta;Sim;2;0;1;0;1;0;1;2;-22,98573526;-44,29709764;SPRF-RJ;DEL03-RJ;UOP03-DEL03-RJ
580661;12/02/2024;segunda-feira;01:45:00;PE;232;9,6;JABOATAO DOS GUARARAPES;Ausência de reação do condutor;Colisão traseira;Com Vítimas Feridas;Plena Noite;Crescente;Garoa/Chuvisco;Dupla;"Reta;Em Obras";Não;2;0;0;1;1;0;1;2;-8,07764447;-34,97863609;SPRF-PE;DEL01-PE;UOP01-DEL01-PE
580662;12/02/2024;segunda-feira;02:40:00;SC;101;215;PALHOCA;Condutor Dormindo;Colisão com objeto;Com Vítimas Feridas;Plena Noite;Decrescente;Céu Claro;Múltipla;"Reta;Aclive";Sim;1;0;1;0;0;0;1;1;-27,65184843;-48,67604941;SPRF-SC;DEL01-SC;UOP02-DEL01-SC
580664;12/02/2024;segunda-feira;01:40:00;MG;262;669,9;IBIA;Demais falhas mecânicas ou elétricas;Incêndio;Sem Vítimas;Plena Noite;Crescente;Céu Claro;Simples;Reta;Não;26;0;0;0;26;0;0;1;-19,55172772;-46,79118955;SPRF-MG;DEL08-MG;UOP01-DEL08-MG
580667;12/02/2024;segunda-feira;02:30:00;SP;116;391,3;MIRACATU;Animais na Pista;Atropelamento de Animal;Com Vítimas Feridas;Plena Noite;Decrescente;Nublado;Dupla;Curva;Não;2;0;1;0;1;0;1;1;-24,27280624;-47,4062269;SPRF-SP;DEL04-SP;UOP02-DEL04-SP
580669;12/02/2024;segunda-feira;04:23:00;DF;40;0;BRASILIA;Ausência de reação do condutor;Colisão lateral mesmo sentido;Sem Vítimas;Plena Noite;Crescente;Céu Claro;Dupla;Reta;Sim;2;0;0;0;2;0;0;2;-15,976897;-47,990129;SPRF-DF;DEL01-DF;UOP01-DEL01-DF
580670;12/02/2024;segunda-feira;03:00:00;SC;101;143;BALNEARIO CAMBORIU;Ausência de reação do condutor;Colisão traseira;Com Vítimas Feridas;Plena Noite;Crescente;Céu Claro;Dupla;Reta;Sim;3;0;0;1;2;0;1;2;-27,06436;-48,59599405;SPRF-SC;DEL04-SC;UOP03-DEL04-SC
580672;12/02/2024;segunda-feira;03:23:00;RJ;116;136;MAGE;Velocidade Incompatível;Colisão lateral mesmo sentido;Com Vítimas Feridas;Plena Noite;Crescente;Céu Claro;Dupla;Reta;Não;3;0;2;0;0;1;2;2;-22,64988985;-43,17250297;SPRF-RJ;DEL04-RJ;UOP02-DEL04-RJ
580673;11/02/2024;domingo;11:50:00;BA;324;613;SALVADOR;Chuva;Queda de ocupante de veículo;Com Vítimas Feridas;Pleno dia;Crescente;Chuva;Dupla;Reta;Sim;1;0;0;1;0;0;1;1;-12,85531601;-38,42055197;SPRF-BA;DEL01-BA;UOP01-DEL01-BA
580674;12/02/2024;segunda-feira;03:50:00;RJ;101;484;ANGRA DOS REIS;Ultrapassagem Indevida;Colisão frontal;Com Vítimas Feridas;Plena Noite;Crescente;Céu Claro;Simples;Curva;Sim;3;0;2;0;1;0;2;2;-22,99096308;-44,30429882;SPRF-RJ;DEL03-RJ;UOP03-DEL03-RJ
580675;12/02/2024;segunda-feira;04:38:00;DF;20;20;BRASILIA;Demais falhas mecânicas ou elétricas;Capotamento;Com Vítimas Feridas;Plena Noite;Crescente;Chuva;Dupla;"Ponte;Reta";Sim;1;0;1;0;0;0;1;1;-15,607905;-47,692791;SPRF-DF;DEL02-DF;UOP01-DEL02-DF
580677;12/02/2024;segunda-feira;04:45:00;MG;381;765;CAMPANHA;Demais falhas mecânicas ou elétricas;Tombamento;Com Vítimas Feridas;Amanhecer;Decrescente;Chuva;Dupla;Curva;Não;2;0;2;0;0;0;2;1;-21,75667108;-45,40552196;SPRF-MG;DEL16-MG;UOP02-DEL16-MG
580678;12/02/2024;segunda-feira;04:00:00;PE;232;145;SAO CAITANO;Ingestão de álcool pelo condutor;Queda de ocupante de veículo;Com Vítimas Feridas;Amanhecer;Decrescente;Céu Claro;Dupla;Reta;Não;1;0;1;0;0;0;1;1;-8,32868;-36,120811;SPRF-PE;DEL03-PE;UOP02-DEL03-PE
580680;12/02/2024;segunda-feira;06:00:00;SC;101;149;ITAPEMA;Reação tardia ou ineficiente do condutor;Tombamento;Com Vítimas Feridas;Pleno dia;Crescente;Sol;Múltipla;Curva;Não;1;0;1;0;0;0;1;1;-27,1089649;-48,61277586;SPRF-SC;DEL04-SC;UOP03-DEL04-SC
580682;12/02/2024;segunda-feira;06:00:00;RJ;116;291;BARRA MANSA;Condutor Dormindo;Colisão com objeto;Com Vítimas Feridas;Amanhecer;Crescente;Céu Claro;Dupla;Curva;Não;2;0;2;0;0;0;2;1;-22,47234102;-44,27715902;SPRF-RJ;DEL07-RJ;UOP02-DEL07-RJ
580683;12/02/2024;segunda-feira;05:00:00;RN;226;276,6;TRIUNFO POTIGUAR;Desrespeitar a preferência no cruzamento;Colisão transversal;Com Vítimas Feridas;Amanhecer;Decrescente;Céu Claro;Simples;"Interseção de Vias;Rotatória";Não;2;0;1;1;0;0;2;2;-5,85895066;-37,19635963;SPRF-RN;DEL03-RN;UOP01-DEL03-RN
580684;12/02/2024;segunda-feira;05:40:00;SP;116;274;TABOAO DA SERRA;Manobra de mudança de faixa;Queda de ocupante de veículo;Com Vítimas Feridas;Amanhecer;Decrescente;Céu Claro;Dupla;Reta;Sim;2;0;1;1;0;0;2;1;-23,63445084;-46,82418514;SPRF-SP;DEL04-SP;UOP01-DEL04-SP
580686;12/02/2024;segunda-feira;06:40:00;TO;10;463;PALMAS;Reação tardia ou ineficiente do condutor;Atropelamento de Pedestre;Com Vítimas Feridas;Plena Noite;Crescente;Céu Claro;Simples;Curva;Sim;2;0;1;0;0;1;1;2;-10,15618788;-48,16564032;SPRF-TO;DEL01-TO;UOP03-DEL01-TO
580689;12/02/2024;segunda-feira;06:00:00;MG;381;484;BETIM;Demais falhas mecânicas ou elétricas;Incêndio;Sem Vítimas;Amanhecer;Decrescente;Céu Claro;Múltipla;Viaduto;Sim;1;0;0;0;1;0;0;1;-19,95531717;-44,11722196;SPRF-MG;DEL01-MG;UOP03-DEL01-MG
580691;11/02/2024;domingo;21:30:00;BA;324;536;AMELIA RODRIGUES;Ausência de reação do condutor;Saída de leito carroçável;Com Vítimas Feridas;Plena Noite;Crescente;Céu Claro;Dupla;Curva;Sim;1;0;1;0;0;0;1;1;-12,363585;-38,820976;SPRF-BA;DEL01-BA;UOP03-DEL01-BA
580693;11/02/2024;domingo;21:50:00;SC;470;22,3;ILHOTA;Ausência de reação do condutor;Tombamento;Com Vítimas Feridas;Plena Noite;Crescente;Nublado;Dupla;Reta;Não;1;0;1;0;0;0;1;1;-26,880066;-48,836224;SPRF-SC;DEL04-SC;UOP04-DEL04-SC
580695;12/02/2024;segunda-feira;07:00:00;MG;40;511,5;RIBEIRAO DAS NEVES;Condutor deixou de manter distância do veículo da frente;Colisão traseira;Com Vítimas Feridas;Pleno dia;Decrescente;Sol;Dupla;Reta;Sim;2;0;0;1;1;0;1;2;-19,77348837;-44,12439823;SPRF-MG;DEL01-MG;UOP02-DEL01-MG
580696;11/02/2024;domingo;22:00:00;RJ;116;148;DUQUE DE CAXIAS;Reação tardia ou ineficiente do condutor;Colisão com objeto;Com Vítimas Feridas;Plena Noite;Crescente;Céu Claro;Simples;Reta;Não;1;0;1;0;0;0;1;1;-22,6723488;-43,28215398;SPRF-RJ;DEL01-RJ;UOP02-DEL01-RJ
580698;12/02/2024;segunda-feira;06:30:00;MG;267;48,5;MARIPA DE MINAS;Velocidade Incompatível;Saída de leito carroçável;Com Vítimas Fatais;Amanhecer;Crescente;Céu Claro;Simples;Curva;Não;1;1;0;0;0;0;0;1;-21,69635151;-42,98366547;SPRF-MG;DEL07-MG;UOP01-DEL07-MG
580701;12/02/2024;segunda-feira;02:30:00;MG;381;159,5;GOVERNADOR VALADARES;Ausência de reação do condutor;Saída de leito carroçável;Com Vítimas Feridas;Plena Noite;Decrescente;Nublado;Simples;Curva;Não;1;0;1;0;0;0;1;1;-18,88898998;-42,00506687;SPRF-MG;DEL06-MG;UOP01-DEL06-MG
580702;12/02/2024;segunda-feira;01:30:00;SP;116;279;EMBU DAS ARTES;Ausência de reação do condutor;Capotamento;Sem Vítimas;Plena Noite;Decrescente;Chuva;Dupla;Reta;Sim;1;0;0;0;0;1;0;1;-23,66233697;-46,85292907;SPRF-SP;DEL04-SP;UOP01-DEL04-SP
580703;12/02/2024;segunda-feira;06:56:00;SC;163;82,2;GUARACIABA;Acessar a via sem observar a presença dos outros veículos;Colisão transversal;Com Vítimas Feridas;Pleno dia;Decrescente;Céu Claro;Simples;"Reta;Declive";Não;2;0;1;0;1;0;1;2;-26,6327579;-53,51856923;SPRF-SC;DEL07-SC;UOP03-DEL07-SC
580704;12/02/2024;segunda-feira;07:30:00;RS;116;262,4;CANOAS;Acumulo de areia ou detritos sobre o pavimento;Colisão lateral mesmo sentido;Com Vítimas Feridas;Pleno dia;Crescente;Nublado;Dupla;"Reta;Em Obras";Sim;4;0;2;0;2;0;2;2;-29,8965193;-51,1761564;SPRF-RS;DEL01-RS;UOP01-DEL01-RS
580705;12/02/2024;segunda-feira;06:50:00;RJ;116;179;BELFORD ROXO;Curva acentuada;Colisão com objeto;Com Vítimas Feridas;Pleno dia;Crescente;Céu Claro;Múltipla;Curva;Sim;2;0;2;0;0;0;2;1;-22,769902;-43,408036;SPRF-RJ;DEL06-RJ;UOP01-DEL06-RJ
580706;12/02/2024;segunda-feira;07:10:00;PE;232;5,2;RECIFE;Reação tardia ou ineficiente do condutor;Colisão com objeto;Com Vítimas Feridas;Pleno dia;Decrescente;Céu Claro;Dupla;Curva;Não;1;0;0;1;0;0;1;1;-8,06795766;-34,94535414;SPRF-PE;DEL01-PE;UOP01-DEL01-PE
580707;12/02/2024;segunda-feira;07:50:00;RJ;101;322;NITEROI;Manobra de mudança de faixa;Colisão transversal;Sem Vítimas;Pleno dia;Decrescente;Céu Claro;Múltipla;Reta;Não;2;0;0;0;2;0;0;2;-22,878923;-43,110676;SPRF-RJ;DEL02-RJ;UOP01-DEL02-RJ
580708;12/02/2024;segunda-feira;06:50:00;RJ;116;251;PIRAI;Reação tardia ou ineficiente do condutor;Saída de leito carroçável;Sem Vítimas;Pleno dia;Crescente;Céu Claro;Dupla;Reta;Não;2;0;0;0;2;0;0;1;-22,58482223;-43,95961921;SPRF-RJ;DEL07-RJ;UOP01-DEL07-RJ
580709;12/02/2024;segunda-feira;04:00:00;SE;101;94;NOSSA SENHORA DO SOCORRO;Animais na Pista;Atropelamento de Animal;Com Vítimas Feridas;Plena Noite;Decrescente;Céu Claro;Dupla;Reta;Sim;1;0;1;0;0;0;1;1;-10,90732013;-37,15236691;SPRF-SE;DEL01-SE;UOP01-DEL01-SE