id;data_inversa;dia_semana;horario;uf;br;km;municipio;causa_acidente;tipo_acidente;classificacao_acidente;fase_dia;sentido_via;condicao_metereologica;tipo_pista;tracado_via;uso_solo;pessoas;mortos;feridos_leves;feridos_graves;ilesos;ignorados;feridos;veiculos;latitude;longitude;regional;delegacia;uop
580710;12/02/2024;segunda-feira;06:15:00;RJ;101;128;QUISSAMA;Condutor Dormindo;Capotamento;Com Vítimas Feridas;Pleno dia;Decrescente;Céu Claro;Dupla;Reta;Não;1;0;1;0;0;0;1;1;-22,09332808;-41,69019757;SPRF-RJ;DEL08-RJ;UOP04-DEL08-RJ
580711;12/02/2024;segunda-feira;08:00:00;RS;116;262,5;CANOAS;Acumulo de areia ou detritos sobre o pavimento;Tombamento;Com Vítimas Feridas;Pleno dia;Crescente;Sol;Dupla;"Reta;Em Obras";Não;1;0;1;0;0;0;1;1;-29,896475;-51,17593;SPRF-RS;DEL01-RS;UOP01-DEL01-RS
580712;12/02/2024;segunda-feira;07:01:00;MA;135;7;SAO LUIS;Reação tardia ou ineficiente do condutor;Colisão traseira;Com Vítimas Feridas;Pleno dia;Crescente;Céu Claro;Dupla;Reta;Sim;3;0;2;0;1;0;2;2;-2,63608835;-44,26848552;SPRF-MA;DEL01-MA;UOP01-DEL01-MA
580714;12/02/2024;segunda-feira;08:00:00;SP;116;290;ITAPECERICA DA SERRA;Demais falhas na via;Queda de ocupante de veículo;Com Vítimas Feridas;Plena Noite;Crescente;Céu Claro;Dupla;Reta;Sim;1;0;1;0;0;0;1;1;-23,7303281;-46,89425963;SPRF-SP;DEL04-SP;UOP01-DEL04-SP
580716;12/02/2024;segunda-feira;05:50:00;MT;163;832;SINOP;Manobra de mudança de faixa;Colisão transversal;Com Vítimas Feridas;Pleno dia;Decrescente;Céu Claro;Dupla;Retorno Regulamentado;Sim;2;0;1;0;1;0;1;2;-11,893;-55,503;SPRF-MT;DEL06-MT;UOP02-DEL06-MT
580717;12/02/2024;segunda-feira;08:30:00;MG;381;848;POUSO ALEGRE;Ausência de reação do condutor;Saída de leito carroçável;Com Vítimas Feridas;Pleno dia;Crescente;Céu Claro;Dupla;Reta;Não;1;0;1;0;0;0;1;1;-22,22479311;-45,87538719;SPRF-MG;DEL16-MG;UOP01-DEL16-MG
580718;06/02/2024;terça-feira;17:30:00;RS;290;19;SANTO ANTONIO DA PATRULHA;Velocidade Incompatível;Saída de leito carroçável;Sem Vítimas;Pleno dia;Decrescente;Céu Claro;Dupla;Reta;Não;2;0;0;0;2;0;0;1;-29,884407;-50,444893;SPRF-RS;DEL03-RS;UOP01-DEL03-RS
580719;12/02/2024;segunda-feira;08:15:00;GO;153;622,2;MORRINHOS;Condutor usando celular;Saída de leito carroçável;Com Vítimas Feridas;Pleno dia;Crescente;Céu Claro;Dupla;Reta;Não;4;0;4;0;0;0;4;1;-17,7397;-49,1575;SPRF-GO;DEL03-GO;UOP01-DEL03-GO
580720;12/02/2024;segunda-feira;08:50:00;PR;277;43;MORRETES;Ausência de reação do condutor;Queda de ocupante de veículo;Com Vítimas Feridas;Pleno dia;Decrescente;Céu Claro;Dupla;Reta;Não;1;0;1;0;0;0;1;1;-25,57437908;-48,85418905;SPRF-PR;DEL01-PR;UOP01-DEL01-PR
580721;12/02/2024;segunda-feira;09:21:00;PE;316;20;ARARIPINA;Pista Escorregadia;Tombamento;Com Vítimas Feridas;Pleno dia;Crescente;Garoa/Chuvisco;Simples;Reta;Sim;1;0;1;0;0;0;1;1;-7,55997805;-40,53416406;SPRF-PE;DEL05-PE;UOP02-DEL05-PE
580722;08/02/2024;quinta-feira;17:25:00;GO;20;2;FORMOSA;Pista esburacada;Eventos atípicos;Sem Vítimas;Pleno dia;Decrescente;Chuva;Simples;"Interseção de Vias;Reta";Sim;2;0;0;0;2;0;0;1;-15,57387;-47,327488;SPRF-DF;DEL02-DF;UOP02-DEL02-DF
580724;12/02/2024;segunda-feira;04:39:00;AL;101;126;SAO MIGUEL DOS CAMPOS;Demais falhas mecânicas ou elétricas;Incêndio;Sem Vítimas;Amanhecer;Crescente;Céu Claro;Dupla;Reta;Não;1;0;0;0;1;0;0;1;-9,72616116;-36,05167975;SPRF-AL;DEL02-AL;UOP01-DEL02-AL
580726;12/02/2024;segunda-feira;06:28:00;SC;101;184,9;BIGUACU;Reação tardia ou ineficiente do condutor;Queda de ocupante de veículo;Com Vítimas Feridas;Pleno dia;Crescente;Céu Claro;Múltipla;Reta;Não;2;0;1;0;1;0;1;1;-27,41613807;-48,6266443;SPRF-SC;DEL01-SC;UOP01-DEL01-SC
580727;12/02/2024;segunda-feira;08:50:00;RJ;101;66;CAMPOS DOS GOYTACAZES;Falta de acostamento;Queda de ocupante de veículo;Com Vítimas Feridas;Pleno dia;Crescente;Céu Claro;Dupla;Curva;Sim;1;0;1;0;0;0;1;1;-21,76090387;-41,34788959;SPRF-RJ;DEL08-RJ;UOP02-DEL08-RJ
580728;12/02/2024;segunda-feira;08:30:00;MG;40;526;CONTAGEM;Reação tardia ou ineficiente do condutor;Tombamento;Com Vítimas Feridas;Pleno dia;Decrescente;Céu Claro;Dupla;Reta;Sim;1;0;1;0;0;0;1;1;-19,89255399;-44,04985478;SPRF-MG;DEL01-MG;UOP02-DEL01-MG
580729;12/02/2024;segunda-feira;09:10:00;MA;230;404,7;BALSAS;Desrespeitar a preferência no cruzamento;Colisão transversal;Com Vítimas Feridas;Pleno dia;Crescente;Céu Claro;Simples;Reta;Sim;2;0;0;1;1;0;1;2;-7,52197982;-46,04785323;SPRF-MA;DEL05-MA;UOP01-DEL05-MA
580730;12/02/2024;segunda-feira;08:10:00;RS;470;179;VERANOPOLIS;Manobra de mudança de faixa;Colisão lateral mesmo sentido;Sem Vítimas;Pleno dia;Decrescente;Céu Claro;Dupla;Reta;Não;5;0;0;0;5;0;0;2;-28,95614928;-51,56242466;SPRF-RS;DEL06-RS;UOP02-DEL06-RS
580732;12/02/2024;segunda-feira;05:21:00;MS;463;91;PONTA PORA;Falta de elemento de contenção que evite a saída do leito carroçável;Saída de leito carroçável;Sem Vítimas;Amanhecer;Crescente;Céu Claro;Simples;Reta;Não;2;0;0;0;0;2;0;2;-22,597691;-55,538864;SPRF-MS;DEL04-MS;UOP03-DEL04-MS
580735;12/02/2024;segunda-feira;08:45:00;SC;282;133,5;BOM RETIRO;Demais falhas mecânicas ou elétricas;Queda de ocupante de veículo;Com Vítimas Feridas;Pleno dia;Decrescente;Céu Claro;Simples;Reta;Não;2;0;2;0;0;0;2;1;-27,807491;-49,532272;SPRF-SC;DEL05-SC;UOP01-DEL05-SC
580737;12/02/2024;segunda-feira;06:51:00;PA;308;202;BRAGANCA;Transitar na contramão;Colisão frontal;Com Vítimas Fatais;Amanhecer;Decrescente;Céu Claro;Simples;"Curva;Rotatória";Sim;3;1;0;0;2;0;0;3;-1,065242;-46,764686;SPRF-PA;DEL01-PA;UOP03-DEL01-PA
580738;12/02/2024;segunda-feira;10:30:00;MG;381;491;BETIM;Manobra de mudança de faixa;Colisão lateral mesmo sentido;Com Vítimas Feridas;Pleno dia;Crescente;Céu Claro;Dupla;Reta;Sim;3;0;2;0;1;0;2;2;-19,95720861;-44,15125738;SPRF-MG;DEL01-MG;UOP03-DEL01-MG
580741;12/02/2024;segunda-feira;07:10:00;GO;20;149,5;ALVORADA DO NORTE;Ausência de reação do condutor;Colisão traseira;Com Vítimas Feridas;Pleno dia;Crescente;Céu Claro;Simples;Reta;Não;6;0;0;3;1;2;3;3;-14,707157;-46,649918;SPRF-DF;DEL02-DF;UOP03-DEL02-DF
580742;12/02/2024;segunda-feira;01:30:00;MT;70;537;VARZEA GRANDE;Acumulo de água sobre o pavimento;Saída de leito carroçável;Com Vítimas Feridas;Plena Noite;Decrescente;Chuva;Simples;Curva;Não;2;0;2;0;0;0;2;1;-15,67948556;-56,2651062;SPRF-MT;DEL01-MT;UOP02-DEL01-MT
580745;12/02/2024;segunda-feira;12:00:00;DF;251;33;BRASILIA;Ausência de reação do condutor;Capotamento;Com Vítimas Feridas;Pleno dia;Crescente;Céu Claro;Simples;Reta;Sim;2;0;1;0;1;0;1;2;-15,937679;-47,748878;SPRF-DF;DEL01-DF;UOP01-DEL01-DF
580746;12/02/2024;segunda-feira;12:00:00;BA;324;585;CANDEIAS;Avarias e/ou desgaste excessivo no pneu;Tombamento;Com Vítimas Feridas;Pleno dia;Crescente;Céu Claro;Dupla;Reta;Não;1;0;0;1;0;0;1;1;-12,63012705;-38,47968619;SPRF-BA;DEL01-BA;UOP01-DEL01-BA
580748;12/02/2024;segunda-feira;12:45:00;PR;116;124;CURITIBA;Avarias e/ou desgaste excessivo no pneu;Tombamento;Com Vítimas Feridas;Pleno dia;Crescente;Sol;Dupla;Reta;Não;1;0;1;0;0;0;1;1;-25,58620703;-49,31436887;SPRF-PR;DEL01-PR;UOP03-DEL01-PR
580749;12/02/2024;segunda-feira;12:30:00;GO;60;104,2;GOIANAPOLIS;Velocidade Incompatível;Saída de leito carroçável;Com Vítimas Feridas;Pleno dia;Crescente;Céu Claro;Dupla;Curva;Não;2;0;1;0;1;0;1;1;-16,4118;-49,0004;SPRF-GO;DEL02-GO;UOP01-DEL02-GO
580750;12/02/2024;segunda-feira;08:30:00;MG;262;817;UBERABA;Transitar no Acostamento;Colisão lateral mesmo sentido;Com Vítimas Feridas;Pleno dia;Crescente;Sol;Dupla;Reta;Não;2;0;1;0;0;1;1;2;-19,76384526;-48,12927805;SPRF-MG;DEL13-MG;UOP01-DEL13-MG
580752;12/02/2024;segunda-feira;12:30:00;MG;40;442;PARAOPEBA;Curva acentuada;Saída de leito carroçável;Com Vítimas Feridas;Pleno dia;Crescente;Sol;Dupla;Retorno Regulamentado;Não;2;0;1;0;1;0;1;1;-19,28815;-44,392;SPRF-MG;DEL02-MG;UOP01-DEL02-MG
580753;12/02/2024;segunda-feira;12:20:00;PB;101;115,7;PEDRAS DE FOGO;Reação tardia ou ineficiente do condutor;Colisão traseira;Com Vítimas Feridas;Pleno dia;Decrescente;Sol;Dupla;"Aclive;Reta";Não;3;0;1;0;2;0;1;2;-7,396321;-34,95577703;SPRF-PB;DEL01-PB;UOP02-DEL01-PB
580754;12/02/2024;segunda-feira;12:10:00;DF;251;32,3;BRASILIA;Condutor deixou de manter distância do veículo da frente;Colisão traseira;Com Vítimas Feridas;Pleno dia;Crescente;Céu Claro;Simples;Reta;Não;3;0;1;1;1;0;2;2;-15,940314;-47,740455;SPRF-DF;DEL01-DF;UOP01-DEL01-DF
580756;12/02/2024;segunda-feira;11:30:00;SC;101;323;PESCARIA BRAVA;Ausência de reação do condutor;Colisão traseira;Sem Vítimas;Pleno dia;Decrescente;Céu Claro;Múltipla;Reta;Não;4;0;0;0;3;1;0;2;-28,42789556;-48,91248313;SPRF-SC;DEL02-SC;UOP01-DEL02-SC
580757;12/02/2024;segunda-feira;12:10:00;RJ;101;532;ANGRA DOS REIS;Condutor deixou de manter distância do veículo da frente;Colisão traseira;Com Vítimas Feridas;Pleno dia;Crescente;Céu Claro;Simples;Reta;Não;2;0;0;1;1;0;1;2;-23,01786953;-44,53024067;SPRF-RJ;DEL03-RJ;UOP03-DEL03-RJ
580758;12/02/2024;segunda-feira;13:40:00;SE;235;22,6;LARANJEIRAS;Afundamento ou ondulação no pavimento;Capotamento;Com Vítimas Feridas;Pleno dia;Crescente;Céu Claro;Simples;Reta;Não;1;0;1;0;0;0;1;1;-10,823149;-37,235428;SPRF-SE;DEL01-SE;UOP02-DEL01-SE
580759;12/02/2024;segunda-feira;13:40:00;MG;262;448,5;NOVA SERRANA;Mal súbito do condutor;Queda de ocupante de veículo;Com Vítimas Feridas;Pleno dia;Decrescente;Céu Claro;Simples;Reta;Não;2;0;1;0;0;1;1;2;-19,85536797;-45,01974106;SPRF-MG;DEL08-MG;UOP03-DEL08-MG
580760;12/02/2024;segunda-feira;11:40:00;SC;282;304;VARGEM;Condutor Dormindo;Colisão frontal;Com Vítimas Feridas;Pleno dia;Crescente;Sol;Simples;"Aclive;Reta";Não;2;0;2;0;0;0;2;2;-27,49730858;-50,93467712;SPRF-SC;DEL07-SC;UOP06-DEL07-SC
580761;12/02/2024;segunda-feira;12:45:00;PI;316;302,7;PICOS;Condutor deixou de manter distância do veículo da frente;Colisão traseira;Sem Vítimas;Pleno dia;Crescente;Céu Claro;Simples;Reta;Sim;3;0;0;0;3;0;0;2;-7,05254229;-41,53174821;SPRF-PI;DEL04-PI;UOP01-DEL04-PI
580764;12/02/2024;segunda-feira;14:00:00;SC;470;151;AGRONOMICA;Ingestão de álcool pelo condutor;Colisão lateral sentido oposto;Sem Vítimas;Pleno dia;Decrescente;Céu Claro;Simples;Reta;Não;2;0;0;0;2;0;0;2;-27,26028504;-49,71904983;SPRF-SC;DEL04-SC;UOP02-DEL04-SC
580765;12/02/2024;segunda-feira;08:10:00;PI;135;456;MONTE ALEGRE DO PIAUI;Condutor Dormindo;Saída de leito carroçável;Com Vítimas Feridas;Pleno dia;Decrescente;Céu Claro;Simples;Reta;Não;2;0;2;0;0;0;2;1;-9,56522397;-44,96010299;SPRF-PI;DEL03-PI;UOP02-DEL03-PI
580768;12/02/2024;segunda-feira;14:02:00;TO;153;141;ARAGUAINA;Velocidade Incompatível;Colisão traseira;Com Vítimas Feridas;Pleno dia;Crescente;Céu Claro;Dupla;"Rotatória;Reta";Sim;2;0;1;0;1;0;1;2;-7,1783291;-48,2215476;SPRF-TO;DEL02-TO;UOP01-DEL02-TO
580769;12/02/2024;segunda-feira;13:55:00;RJ;495;1,6;TERESOPOLIS;Conversão proibida;Colisão lateral mesmo sentido;Com Vítimas Feridas;Pleno dia;Crescente;Céu Claro;Simples;Reta;Sim;2;0;1;0;1;0;1;2;-22,40114933;-42,97924519;SPRF-RJ;DEL04-RJ;UOP01-DEL04-RJ
580770;25/01/2024;quinta-feira;01:48:00;PI;316;300;PICOS;Ingestão de álcool pelo condutor;Colisão lateral mesmo sentido;Sem Vítimas;Plena Noite;Decrescente;Céu Claro;Simples;Reta;Sim;4;0;0;0;4;0;0;2;-7,04184237;-41,54636128;SPRF-PI;DEL04-PI;UOP01-DEL04-PI
580771;12/02/2024;segunda-feira;15:10:00;RS;290;91;PORTO ALEGRE;Manobra de mudança de faixa;Colisão traseira;Com Vítimas Feridas;Pleno dia;Decrescente;Sol;Dupla;Reta;Sim;3;0;1;0;2;0;1;3;-29,969055;-51,167439;SPRF-RS;DEL01-RS;UOP01-DEL01-RS
580772;12/02/2024;segunda-feira;11:40:00;RJ;116;212;SEROPEDICA;Condutor deixou de manter distância do veículo da frente;Colisão traseira;Sem Vítimas;Pleno dia;Crescente;Céu Claro;Múltipla;Reta;Não;4;0;0;0;4;0;0;2;-22,71844298;-43,700897;SPRF-RJ;DEL06-RJ;UOP02-DEL06-RJ
580773;12/02/2024;segunda-feira;14:30:00;AL;104;89,5;RIO LARGO;Demais falhas mecânicas ou elétricas;Tombamento;Com Vítimas Feridas;Pleno dia;Crescente;Chuva;Dupla;Reta;Sim;2;0;2;0;0;0;2;1;-9,49216808;-35,81471324;SPRF-AL;DEL01-AL;UOP01-DEL01-AL
580774;12/02/2024;segunda-feira;14:45:00;PB;104;104;ESPERANCA;Condutor Dormindo;Saída de leito carroçável;Com Vítimas Feridas;Pleno dia;Crescente;Céu Claro;Simples;Reta;Não;2;0;2;0;0;0;2;1;-7,08061598;-35,85413977;SPRF-PB;DEL02-PB;UOP04-DEL02-PB
580775;12/02/2024;segunda-feira;15:30:00;CE;20;202;BOA VIAGEM;Conversão proibida;Colisão transversal;Com Vítimas Feridas;Pleno dia;Decrescente;Céu Claro;Simples;Curva;Sim;2;0;1;0;1;0;1;2;-5,0975698;-39,7128386;SPRF-CE;DEL02-CE;UOP02-DEL02-CE
580777;12/02/2024;segunda-feira;13:10:00;PI;343;307;ALTOS;Condutor desrespeitou a iluminação vermelha do semáforo;Colisão transversal;Com Vítimas Fatais;Pleno dia;Decrescente;Céu Claro;Simples;"Reta;Interseção de Vias";Sim;2;1;0;0;1;0;0;2;-5,03960413;-42,46107459;SPRF-PI;DEL01-PI;UOP01-DEL01-PI
580778;12/02/2024;segunda-feira;15:00:00;RJ;393;169;TRES RIOS;Reação tardia ou ineficiente do condutor;Colisão traseira;Com Vítimas Feridas;Pleno dia;Crescente;Céu Claro;Simples;Reta;Não;5;0;0;1;4;0;1;2;-22,1251196;-43,1800772;SPRF-RJ;DEL05-RJ;UOP02-DEL05-RJ
580779;12/02/2024;segunda-feira;15:40:00;RS;285;146,2;MUITOS CAPOES;Avarias e/ou desgaste excessivo no pneu;Tombamento;Com Vítimas Feridas;Pleno dia;Decrescente;Céu Claro;Simples;Reta;Não;2;0;2;0;0;0;2;1;-28,357988;-51,106682;SPRF-RS;DEL05-RS;UOP03-DEL05-RS
580780;12/02/2024;segunda-feira;10:50:00;MG;116;744;LEOPOLDINA;Ausência de reação do condutor;Tombamento;Com Vítimas Feridas;Pleno dia;Crescente;Céu Claro;Simples;Reta;Não;1;0;1;0;0;0;1;1;-21,42227206;-42,50880191;SPRF-MG;DEL07-MG;UOP01-DEL07-MG
580781;12/02/2024;segunda-feira;12:15:00;MA;316;263;SANTA INES;Acessar a via sem observar a presença dos outros veículos;Colisão transversal;Com Vítimas Feridas;Pleno dia;Crescente;Céu Claro;Simples;Interseção de Vias;Sim;2;0;0;1;1;0;1;2;-3,675226;-45,371643;SPRF-MA;DEL02-MA;UOP01-DEL02-MA
580782;12/02/2024;segunda-feira;13:30:00;GO;452;146,9;BOM JESUS DE GOIAS;Ingestão de álcool pelo condutor;Capotamento;Com Vítimas Feridas;Pleno dia;Decrescente;Céu Claro;Simples;Reta;Não;1;0;1;0;0;0;1;1;-18,28356456;-49,6162008;SPRF-GO;DEL03-GO;UOP02-DEL03-GO
580783;12/02/2024;segunda-feira;16:00:00;SE;235;46,4;ITABAIANA;Velocidade Incompatível;Colisão traseira;Com Vítimas Fatais;Pleno dia;Decrescente;Céu Claro;Simples;"Declive;Reta;Ponte";Não;4;1;2;1;0;0;3;3;-10,739394;-37,405602;SPRF-SE;DEL01-SE;UOP02-DEL01-SE
580784;12/02/2024;segunda-feira;13:45:00;SP;116;89;PINDAMONHANGABA;Avarias e/ou desgaste excessivo no pneu;Tombamento;Com Vítimas Feridas;Pleno dia;Crescente;Céu Claro;Dupla;Reta;Sim;2;0;2;0;0;0;2;1;-22,93930884;-45,37874708;SPRF-SP;DEL08-SP;UOP01-DEL08-SP
580786;12/02/2024;segunda-feira;16:15:00;MG;251;487;FRANCISCO SA;Ultrapassagem Indevida;Colisão frontal;Com Vítimas Fatais;Pleno dia;Crescente;Céu Claro;Simples;"Reta;Declive";Não;4;1;2;0;1;0;2;2;-16,51784211;-43,55947992;SPRF-MG;DEL12-MG;UOP01-DEL12-MG
580788;12/02/2024;segunda-feira;16:30:00;SC;101;438,2;SOMBRIO;Demais falhas mecânicas ou elétricas;Saída de leito carroçável;Com Vítimas Feridas;Pleno dia;Decrescente;Céu Claro;Dupla;Reta;Sim;1;0;1;0;0;0;1;1;-29,12374811;-49,65150833;SPRF-SC;DEL02-SC;UOP02-DEL02-SC
580791;12/02/2024;segunda-feira;16:30:00;MG;381;732;CARMO DA CACHOEIRA;Chuva;Capotamento;Com Vítimas Feridas;Pleno dia;Decrescente;Chuva;Dupla;Curva;Não;5;0;2;0;3;0;2;1;-21,55413799;-45,24499427;SPRF-MG;DEL16-MG;UOP02-DEL16-MG
580792;12/02/2024;segunda-feira;17:10:00;MG;365;627;UBERLANDIA;Reação tardia ou ineficiente do condutor;Queda de ocupante de veículo;Sem Vítimas;Pleno dia;Crescente;Céu Claro;Dupla;Reta;Não;2;0;0;0;0;2;0;1;-18,90359335;-48,34361612;SPRF-MG;DEL15-MG;UOP01-DEL15-MG
580797;12/02/2024;segunda-feira;16:00:00;MT;364;81;ALTO GARCAS;Mal súbito do condutor;Saída de leito carroçável;Com Vítimas Feridas;Pleno dia;Decrescente;Céu Claro;Simples;Declive;Não;1;0;1;0;0;0;1;1;-16,87954682;-53,67865184;SPRF-MT;DEL02-MT;UOP02-DEL02-MT
580798;12/02/2024;segunda-feira;18:00:00;PE;101;73;RECIFE;Entrada inopinada do pedestre;Colisão com objeto;Com Vítimas Feridas;Plena Noite;Crescente;Nublado;Dupla;Curva;Sim;3;0;1;0;2;0;1;2;-8,09920153;-34,95018125;SPRF-PE;DEL01-PE;UOP01-DEL01-PE
580799;12/02/2024;segunda-feira;18:05:00;SP;116;65,8;GUARATINGUETA;Curva acentuada;Colisão com objeto;Com Vítimas Feridas;Anoitecer;Crescente;Chuva;Dupla;Curva;Não;2;0;2;0;0;0;2;1;-22,823273;-45,192806;SPRF-SP;DEL08-SP;UOP01-DEL08-SP
580801;12/02/2024;segunda-feira;17:30:00;RJ;116;258;PIRAI;Pista Escorregadia;Queda de ocupante de veículo;Com Vítimas Feridas;Pleno dia;Crescente;Chuva;Dupla;Reta;Não;2;0;2;0;0;0;2;1;-22,58138777;-44,02160689;SPRF-RJ;DEL07-RJ;UOP02-DEL07-RJ
580803;12/02/2024;segunda-feira;14:30:00;MT;163;929;ITAUBA;Demais falhas mecânicas ou elétricas;Saída de leito carroçável;Com Vítimas Feridas;Pleno dia;Decrescente;Céu Claro;Simples;Reta;Não;2;0;1;0;1;0;1;1;-11,0600558;-55,2730939;SPRF-MT;DEL06-MT;UOP02-DEL06-MT
580804;12/02/2024;segunda-feira;18:30:00;MG;40;774;JUIZ DE FORA;Reação tardia ou ineficiente do condutor;Saída de leito carroçável;Com Vítimas Feridas;Amanhecer;Decrescente;Céu Claro;Dupla;Curva;Não;2;0;1;0;1;0;1;1;-21,63264999;-43,44311998;SPRF-MG;DEL05-MG;UOP01-DEL05-MG
580805;12/02/2024;segunda-feira;16:10:00;MG;50;192;UBERABA;Ausência de reação do condutor;Colisão com objeto;Com Vítimas Feridas;Pleno dia;Crescente;Chuva;Dupla;Declive;Não;3;0;2;1;0;0;3;1;-19,87187797;-47,85892196;SPRF-MG;DEL13-MG;UOP01-DEL13-MG
580806;12/02/2024;segunda-feira;16:30:00;MG;40;194;JOAO PINHEIRO;Ultrapassagem Indevida;Colisão frontal;Com Vítimas Fatais;Pleno dia;Crescente;Céu Claro;Simples;"Declive;Reta";Não;5;1;3;1;0;0;4;2;-18,00126118;-45,85592693;SPRF-MG;DEL14-MG;UOP02-DEL14-MG
580807;12/02/2024;segunda-feira;18:20:00;ES;101;231,5;FUNDAO;Ultrapassagem Indevida;Colisão lateral sentido oposto;Com Vítimas Feridas;Plena Noite;Crescente;Céu Claro;Simples;Reta;Não;4;0;0;2;1;1;2;3;-19,97811606;-40,40780888;SPRF-ES;DEL02-ES;UOP01-DEL02-ES
580808;12/02/2024;segunda-feira;17:58:00;RJ;40;110;DUQUE DE CAXIAS;Transitar no Acostamento;Colisão traseira;Com Vítimas Feridas;Pleno dia;Crescente;Céu Claro;Dupla;Reta;Sim;3;0;1;0;2;0;1;2;-22,68289906;-43,28549346;SPRF-RJ;DEL01-RJ;UOP02-DEL01-RJ
580809;12/02/2024;segunda-feira;18:10:00;RN;304;300,9;MACAIBA;Ingestão de álcool pelo condutor;Colisão traseira;Com Vítimas Feridas;Plena Noite;Crescente;Céu Claro;Dupla;Reta;Sim;2;0;1;0;0;1;1;2;-5,87578879;-35,30953288;SPRF-RN;DEL01-RN;UOP02-DEL01-RN
580810;12/02/2024;segunda-feira;18:15:00;GO;70;0,8;AGUAS LINDAS DE GOIAS;Reação tardia ou ineficiente do condutor;Colisão com objeto;Com Vítimas Feridas;Anoitecer;Crescente;Céu Claro;Dupla;"Reta;Aclive";Não;4;0;3;0;1;0;3;1;-15,783543;-48,2326;SPRF-DF;DEL03-DF;UOP02-DEL03-DF
580811;12/02/2024;segunda-feira;18:10:00;RJ;116;193,7;QUEIMADOS;Velocidade Incompatível;Queda de ocupante de veículo;Com Vítimas Feridas;Anoitecer;Decrescente;Nublado;Dupla;Reta;Sim;3;0;2;0;1;0;2;2;-22,73960178;-43,52859094;SPRF-RJ;DEL06-RJ;UOP01-DEL06-RJ
580812;12/02/2024;segunda-feira;19:20:00;GO;60;164,7;GOIANIA;Ausência de reação do condutor;Colisão com objeto;Com Vítimas Feridas;Plena Noite;Crescente;Garoa/Chuvisco;Simples;Reta;Sim;7;0;1;2;4;0;3;2;-16,7002;-49,3335;SPRF-GO;DEL01-GO;UOP02-DEL01-GO
580813;12/02/2024;segunda-feira;18:30:00;RS;285;181;LAGOA VERMELHA;Ultrapassagem Indevida;Saída de leito carroçável;Com Vítimas Feridas;Pleno dia;Crescente;Céu Claro;Simples;Curva;Não;1;0;1;0;0;0;1;1;-28,292761;-51,413475;SPRF-RS;DEL08-RS;UOP05-DEL08-RS
580815;12/02/2024;segunda-feira;18:45:00;BA;407;2,3;JUAZEIRO;Demais falhas mecânicas ou elétricas;Colisão lateral sentido oposto;Com Vítimas Feridas;Plena Noite;Crescente;Céu Claro;Simples;"Retorno Regulamentado;Rotatória";Sim;3;0;1;0;2;0;1;3;-9,42481471;-40,50535798;SPRF-PE;DEL06-PE;UOP01-DEL06-PE
580816;12/02/2024;segunda-feira;12:40:00;RJ;40;115;DUQUE DE CAXIAS;Ausência de reação do condutor;Colisão traseira;Com Vítimas Feridas;Pleno dia;Crescente;Céu Claro;Múltipla;Reta;Sim;2;0;1;0;1;0;1;2;-22,72756999;-43,2891609;SPRF-RJ;DEL01-RJ;UOP02-DEL01-RJ
580818;11/02/2024;domingo;13:44:00;PA;316;19;BENEVIDES;Manobra de mudança de faixa;Colisão traseira;Com Vítimas Feridas;Pleno dia;Crescente;Sol;Dupla;Reta;Sim;3;0;2;0;1;0;2;2;-1,3642339;-48,266582;SPRF-PA;DEL01-PA;UOP01-DEL01-PA
580819;12/02/2024;segunda-feira;19:20:00;MG;381;773,2;CAMPANHA;Demais falhas mecânicas ou elétricas;Incêndio;Sem Vítimas;Plena Noite;Decrescente;Céu Claro;Múltipla;Reta;Não;1;0;0;0;1;0;0;1;-21,80014143;-45,46715288;SPRF-MG;DEL16-MG;UOP02-DEL16-MG
580820;12/02/2024;segunda-feira;19:24:00;RJ;101;532,2;ANGRA DOS REIS;Acessar a via sem observar a presença dos outros veículos;Colisão lateral sentido oposto;Com Vítimas Feridas;Plena Noite;Crescente;Céu Claro;Simples;Reta;Sim;2;0;1;0;1;0;1;2;-23,01786953;-44,53024067;SPRF-RJ;DEL03-RJ;UOP03-DEL03-RJ
580821;12/02/2024;segunda-feira;17:30:00;SC;282;24,6;SANTO AMARO DA IMPERATRIZ;Desrespeitar a preferência no cruzamento;Colisão lateral sentido oposto;Com Vítimas Feridas;Pleno dia;Decrescente;Céu Claro;Múltipla;"Interseção de Vias;Viaduto";Sim;4;0;1;0;3;0;1;2;-27,68268;-48,744614;SPRF-SC;DEL01-SC;UOP03-DEL01-SC
580823;12/02/2024;segunda-feira;17:50:00;SC;116;53,7;PAPANDUVA;Ausência de reação do condutor;Colisão com objeto;Com Vítimas Feridas;Pleno dia;Decrescente;Céu Claro;Simples;Rotatória;Sim;1;0;1;0;0;0;1;1;-26,3932492;-50,15515026;SPRF-SC;DEL06-SC;UOP02-DEL06-SC
580825;12/02/2024;segunda-feira;21:00:00;SP;116;222,5;GUARULHOS;Reação tardia ou ineficiente do condutor;Tombamento;Com Vítimas Feridas;Plena Noite;Decrescente;Nublado;Múltipla;Reta;Sim;1;0;1;0;0;0;1;1;-23,47093408;-46,51631097;SPRF-SP;DEL01-SP;UOP01-DEL01-SP
580828;12/02/2024;segunda-feira;20:00:00;MG;116;529,9;CARATINGA;Desrespeitar a preferência no cruzamento;Colisão transversal;Com Vítimas Feridas;Plena Noite;Decrescente;Céu Claro;Simples;"Interseção de Vias;Reta";Não;2;0;1;0;1;0;1;2;-19,80209596;-42,13678193;SPRF-MG;DEL06-MG;UOP02-DEL06-MG