id;data_inversa;dia_semana;horario;uf;br;km;municipio;causa_acidente;tipo_acidente;classificacao_acidente;fase_dia;sentido_via;condicao_metereologica;tipo_pista;tracado_via;uso_solo;pessoas;mortos;feridos_leves;feridos_graves;ilesos;ignorados;feridos;veiculos;latitude;longitude;regional;delegacia;uop
580829;12/02/2024;segunda-feira;20:30:00;ES;101;144;LINHARES;Manobra de mudança de faixa;Colisão lateral mesmo sentido;Sem Vítimas;Plena Noite;Crescente;Céu Claro;Dupla;Reta;Não;2;0;0;0;2;0;0;2;-19,35188295;-40,0636685;SPRF-ES;DEL04-ES;UOP01-DEL04-ES
580830;12/02/2024;segunda-feira;01:15:00;RJ;116;251;PIRAI;Reação tardia ou ineficiente do condutor;Colisão com objeto;Com Vítimas Feridas;Plena Noite;Crescente;Céu Claro;Dupla;Reta;Não;1;0;1;0;0;0;1;1;-22,58482223;-43,95961921;SPRF-RJ;DEL07-RJ;UOP01-DEL07-RJ
580831;12/02/2024;segunda-feira;20:48:00;PE;101;51;ABREU E LIMA;Reação tardia ou ineficiente do condutor;Colisão traseira;Com Vítimas Feridas;Plena Noite;Decrescente;Garoa/Chuvisco;Dupla;Reta;Sim;4;0;1;0;3;0;1;2;-7,9169968;-34,89689272;SPRF-PE;DEL01-PE;UOP02-DEL01-PE
580832;12/02/2024;segunda-feira;21:00:00;SC;101;415,5;ARARANGUA;Manobra de mudança de faixa;Colisão transversal;Com Vítimas Feridas;Plena Noite;Decrescente;Céu Claro;Múltipla;"Reta;Interseção de Vias";Sim;2;0;1;0;1;0;1;2;-28,96040535;-49,51653267;SPRF-SC;DEL02-SC;UOP02-DEL02-SC
580834;12/02/2024;segunda-feira;19:40:00;BA;135;147;RIACHAO DAS NEVES;Reação tardia ou ineficiente do condutor;Capotamento;Com Vítimas Feridas;Plena Noite;Decrescente;Céu Claro;Simples;Reta;Não;4;0;2;1;1;0;3;1;-11,91582065;-44,88421236;SPRF-BA;DEL08-BA;UOP04-DEL08-BA
580836;12/02/2024;segunda-feira;08:10:00;RJ;101;425;MANGARATIBA;Acessar a via sem observar a presença dos outros veículos;Colisão transversal;Com Vítimas Feridas;Pleno dia;Decrescente;Céu Claro;Simples;"Reta;Declive";Não;4;0;2;0;2;0;2;2;-22,92618815;-43,96323294;SPRF-RJ;DEL03-RJ;UOP02-DEL03-RJ
580837;12/02/2024;segunda-feira;14:00:00;RJ;101;421;MANGARATIBA;Transitar no Acostamento;Colisão lateral mesmo sentido;Com Vítimas Feridas;Pleno dia;Crescente;Céu Claro;Simples;Reta;Sim;3;0;1;1;1;0;2;2;-22,91666975;-43,93080593;SPRF-RJ;DEL03-RJ;UOP02-DEL03-RJ
580838;12/02/2024;segunda-feira;22:30:00;RS;116;264;CANOAS;Manobra de mudança de faixa;Colisão traseira;Com Vítimas Feridas;Plena Noite;Decrescente;Céu Claro;Simples;Reta;Não;2;0;1;0;1;0;1;2;-29,914435;-51,17754495;SPRF-RS;DEL01-RS;UOP01-DEL01-RS
580839;12/02/2024;segunda-feira;22:30:00;RJ;101;320;NITEROI;Reação tardia ou ineficiente do condutor;Tombamento;Com Vítimas Feridas;Plena Noite;Decrescente;Céu Claro;Simples;Curva;Sim;1;0;1;0;0;0;1;1;-22,872023;-43,144062;SPRF-RJ;DEL02-RJ;UOP01-DEL02-RJ
580840;12/02/2024;segunda-feira;21:40:00;SC;101;415,1;ARARANGUA;Velocidade Incompatível;Colisão lateral mesmo sentido;Com Vítimas Feridas;Plena Noite;Crescente;Ignorado;Simples;Reta;Sim;2;0;0;1;1;0;1;2;-28,96729786;-49,52259064;SPRF-SC;DEL02-SC;UOP02-DEL02-SC
580841;12/02/2024;segunda-feira;22:40:00;RN;101;110,8;PARNAMIRIM;Demais falhas mecânicas ou elétricas;Tombamento;Com Vítimas Feridas;Plena Noite;Decrescente;Nublado;Dupla;Reta;Não;2;0;2;0;0;0;2;1;-5,946376;-35,26485;SPRF-RN;DEL01-RN;UOP01-DEL01-RN
580842;12/02/2024;segunda-feira;21:50:00;GO;60;102,6;ANAPOLIS;Animais na Pista;Atropelamento de Animal;Com Vítimas Feridas;Plena Noite;Decrescente;Céu Claro;Dupla;"Reta;Aclive";Não;2;0;1;0;1;0;1;2;-16,406;-48,9831;SPRF-GO;DEL02-GO;UOP01-DEL02-GO
580844;12/02/2024;segunda-feira;22:40:00;RJ;393;268;BARRA DO PIRAI;Acessar a via sem observar a presença dos outros veículos;Colisão transversal;Com Vítimas Feridas;Plena Noite;Decrescente;Nublado;Simples;Reta;Não;4;0;2;0;2;0;2;2;-22,48780458;-43,90932706;SPRF-RJ;DEL05-RJ;UOP04-DEL05-RJ
580845;12/02/2024;segunda-feira;19:50:00;PB;230;111,8;INGA;Reação tardia ou ineficiente do condutor;Colisão traseira;Sem Vítimas;Plena Noite;Crescente;Céu Claro;Dupla;Reta;Não;3;0;0;0;2;1;0;2;-7,2086;-35,5736;SPRF-PB;DEL01-PB;UOP03-DEL01-PB
580846;12/02/2024;segunda-feira;20:34:00;MT;163;886;CLAUDIA;Ausência de reação do condutor;Saída de leito carroçável;Sem Vítimas;Plena Noite;Decrescente;Céu Claro;Simples;Reta;Não;1;0;0;0;1;0;0;1;-11,52541078;-55,38351238;SPRF-MT;DEL06-MT;UOP02-DEL06-MT
580847;12/02/2024;segunda-feira;23:10:00;SC;101;145;ITAPEMA;Avarias e/ou desgaste excessivo no pneu;Tombamento;Com Vítimas Feridas;Plena Noite;Crescente;Nublado;Dupla;"Declive;Reta";Sim;2;0;2;0;0;0;2;1;-27,08139206;-48,60130993;SPRF-SC;DEL04-SC;UOP03-DEL04-SC
580849;12/02/2024;segunda-feira;18:10:00;GO;60;166,7;GOIANIA;Ingestão de álcool pelo condutor;Colisão com objeto;Sem Vítimas;Anoitecer;Crescente;Garoa/Chuvisco;Dupla;Aclive;Sim;2;0;0;0;2;0;0;1;-16,7129;-49,358;SPRF-GO;DEL01-GO;UOP02-DEL01-GO
580850;12/02/2024;segunda-feira;19:45:00;RS;471;176;RIO PARDO;Acessar a via sem observar a presença dos outros veículos;Colisão traseira;Com Vítimas Feridas;Plena Noite;Decrescente;Nublado;Simples;Reta;Não;2;0;1;0;1;0;1;2;-30,00162498;-52,36804962;SPRF-RS;DEL02-RS;UOP03-DEL02-RS
580852;12/02/2024;segunda-feira;21:28:00;MT;163;829;SINOP;Velocidade Incompatível;Colisão lateral mesmo sentido;Com Vítimas Feridas;Plena Noite;Crescente;Nublado;Simples;Reta;Não;2;0;1;0;0;1;1;2;-11,91194923;-55,50831556;SPRF-MT;DEL06-MT;UOP02-DEL06-MT
580853;12/02/2024;segunda-feira;23:20:00;SP;116;89;PINDAMONHANGABA;Ausência de reação do condutor;Saída de leito carroçável;Com Vítimas Feridas;Plena Noite;Decrescente;Nublado;Dupla;Reta;Não;1;0;0;1;0;0;1;1;-22,941544;-45,38306;SPRF-SP;DEL08-SP;UOP01-DEL08-SP
580854;12/02/2024;segunda-feira;23:50:00;BA;101;715;EUNAPOLIS;Reação tardia ou ineficiente do condutor;Queda de ocupante de veículo;Com Vítimas Feridas;Plena Noite;Crescente;Nublado;Simples;Reta;Sim;2;0;2;0;0;0;2;1;-16,34284543;-39,57916263;SPRF-BA;DEL09-BA;UOP01-DEL09-BA
580855;12/02/2024;segunda-feira;23:30:00;MG;50;58,6;ARAGUARI;Ausência de reação do condutor;Atropelamento de Animal;Sem Vítimas;Plena Noite;Decrescente;Céu Claro;Dupla;Reta;Não;2;0;0;0;2;0;0;1;-18,79408225;-48,23421867;SPRF-MG;DEL15-MG;UOP02-DEL15-MG
580856;13/02/2024;terça-feira;00:10:00;BA;116;3,9;VITORIA DA CONQUISTA;Ingestão de álcool pelo condutor;Colisão frontal;Com Vítimas Feridas;Plena Noite;Crescente;Nublado;Simples;Reta;Não;6;0;2;2;2;0;4;3;-14,82589628;-40,86729527;SPRF-BA;DEL08-BA;UOP01-DEL08-BA
580858;13/02/2024;terça-feira;00:30:00;GO;70;311;JUSSARA;Ausência de reação do condutor;Saída de leito carroçável;Com Vítimas Feridas;Plena Noite;Decrescente;Céu Claro;Simples;"Reta;Declive";Sim;2;0;1;1;0;0;2;1;-15,8755031;-50,857176;SPRF-GO;DEL04-GO;UOP02-DEL04-GO
580859;13/02/2024;terça-feira;01:20:00;PR;369;189;ARAPONGAS;Frear bruscamente;Colisão traseira;Com Vítimas Feridas;Plena Noite;Crescente;Nublado;Dupla;"Retorno Regulamentado;Reta";Sim;3;0;1;0;2;0;1;2;-23,442937;-51,42273;SPRF-PR;DEL07-PR;UOP03-DEL07-PR
580860;13/02/2024;terça-feira;02:45:00;RJ;356;174;SAO JOAO DA BARRA;Ausência de reação do condutor;Colisão traseira;Com Vítimas Feridas;Plena Noite;Crescente;Céu Claro;Simples;Reta;Sim;3;0;1;1;1;0;2;2;-21,707642;-41,05687;SPRF-RJ;DEL08-RJ;UOP02-DEL08-RJ
580861;13/02/2024;terça-feira;02:23:00;SC;101;139;BALNEARIO CAMBORIU;Ausência de reação do condutor;Colisão lateral mesmo sentido;Sem Vítimas;Plena Noite;Crescente;Céu Claro;Múltipla;Curva;Sim;2;0;0;0;2;0;0;2;-27,02982303;-48,60115006;SPRF-SC;DEL04-SC;UOP03-DEL04-SC
580863;13/02/2024;terça-feira;03:30:00;RS;392;627,5;SETE DE SETEMBRO;Velocidade Incompatível;Saída de leito carroçável;Com Vítimas Feridas;Plena Noite;Crescente;Chuva;Simples;Curva;Não;3;0;3;0;0;0;3;2;-28,17099378;-54,4152832;SPRF-RS;DEL10-RS;UOP01-DEL10-RS
580864;13/02/2024;terça-feira;02:52:00;TO;153;722;FIGUEIROPOLIS;Entrada inopinada do pedestre;Atropelamento de Pedestre;Com Vítimas Feridas;Plena Noite;Crescente;Nublado;Simples;Reta;Sim;2;0;0;1;1;0;1;2;-12,13719423;-49,16925477;SPRF-TO;DEL01-TO;UOP02-DEL01-TO
580865;13/02/2024;terça-feira;03:00:00;PA;316;26,5;BENEVIDES;Ausência de reação do condutor;Colisão traseira;Sem Vítimas;Plena Noite;Decrescente;Nublado;Dupla;Reta;Não;4;0;0;0;3;1;0;2;-1,3252697;-48,232117;SPRF-PA;DEL01-PA;UOP01-DEL01-PA
580866;13/02/2024;terça-feira;04:00:00;MG;116;687,8;MURIAE;Ingestão de álcool pelo condutor;Colisão lateral sentido oposto;Sem Vítimas;Plena Noite;Decrescente;Céu Claro;Simples;Reta;Não;3;0;0;0;2;1;0;3;-20,99763992;-42,36258307;SPRF-MG;DEL07-MG;UOP02-DEL07-MG
580867;13/02/2024;terça-feira;04:25:00;DF;20;3;BRASILIA;Condutor Dormindo;Colisão com objeto;Sem Vítimas;Plena Noite;Decrescente;Céu Claro;Dupla;Reta;Sim;1;0;0;0;1;0;0;1;-15,679851;-47,832211;SPRF-DF;DEL02-DF;UOP01-DEL02-DF
580868;13/02/2024;terça-feira;06:15:00;MG;50;44,6;ARAGUARI;Ausência de reação do condutor;Saída de leito carroçável;Com Vítimas Feridas;Amanhecer;Crescente;Céu Claro;Dupla;Reta;Não;1;0;1;0;0;0;1;1;-18,70561658;-48,19108255;SPRF-MG;DEL15-MG;UOP02-DEL15-MG
580869;13/02/2024;terça-feira;05:45:00;GO;153;644;MORRINHOS;Ingestão de álcool pelo condutor;Saída de leito carroçável;Sem Vítimas;Amanhecer;Decrescente;Céu Claro;Dupla;Reta;Não;1;0;0;0;1;0;0;1;-17,9146;-49,2398;SPRF-GO;DEL03-GO;UOP01-DEL03-GO
580870;13/02/2024;terça-feira;06:20:00;SC;101;374;ICARA;Ausência de reação do condutor;Colisão com objeto;Com Vítimas Feridas;Pleno dia;Crescente;Céu Claro;Dupla;Reta;Sim;2;0;2;0;0;0;2;1;-28,72423;-49,23838;SPRF-SC;DEL02-SC;UOP01-DEL02-SC
580872;13/02/2024;terça-feira;07:00:00;SC;101;203,1;SAO JOSE;Reação tardia ou ineficiente do condutor;Tombamento;Com Vítimas Feridas;Pleno dia;Crescente;Céu Claro;Dupla;Reta;Sim;1;0;1;0;0;0;1;1;-27,5650044;-48,61460082;SPRF-SC;DEL01-SC;UOP01-DEL01-SC
580875;13/02/2024;terça-feira;05:10:00;SC;101;138;BALNEARIO CAMBORIU;Demais falhas mecânicas ou elétricas;Incêndio;Sem Vítimas;Plena Noite;Decrescente;Nublado;Múltipla;Reta;Sim;1;0;0;0;1;0;0;1;-27,02397426;-48,60761649;SPRF-SC;DEL04-SC;UOP03-DEL04-SC
580876;13/02/2024;terça-feira;06:30:00;SC;101;397,7;MARACAJA;Reação tardia ou ineficiente do condutor;Colisão com objeto;Com Vítimas Feridas;Pleno dia;Crescente;Céu Claro;Múltipla;Reta;Sim;2;0;1;0;1;0;1;2;-28,83036461;-49,41244828;SPRF-SC;DEL02-SC;UOP02-DEL02-SC
580877;13/02/2024;terça-feira;05:10:00;RO;364;368,9;OURO PRETO DO OESTE;Entrada inopinada do pedestre;Atropelamento de Pedestre;Com Vítimas Feridas;Amanhecer;Crescente;Nublado;Simples;Reta;Não;3;0;0;1;2;0;1;2;-10,76480193;-62,12786798;SPRF-RO;DEL02-RO;UOP01-DEL02-RO
580878;13/02/2024;terça-feira;07:45:00;PR;277;586;CASCAVEL;Desrespeitar a preferência no cruzamento;Colisão transversal;Sem Vítimas;Pleno dia;Crescente;Céu Claro;Simples;Interseção de Vias;Não;2;0;0;0;2;0;0;2;-24,9649472;-53,4210459;SPRF-PR;DEL04-PR;UOP01-DEL04-PR
580879;13/02/2024;terça-feira;01:07:00;SC;282;528,2;XAXIM;Falta de elemento de contenção que evite a saída do leito carroçável;Saída de leito carroçável;Com Vítimas Feridas;Plena Noite;Crescente;Nublado;Simples;Reta;Não;1;0;1;0;0;0;1;1;-26,98046;-52,59069;SPRF-SC;DEL07-SC;UOP01-DEL07-SC
580880;12/02/2024;segunda-feira;23:50:00;GO;50;260,7;CATALAO;Ausência de reação do condutor;Colisão com objeto;Sem Vítimas;Plena Noite;Crescente;Céu Claro;Dupla;"Aclive;Curva";Não;1;0;0;0;0;1;0;1;-18,0387255;-47,85471175;SPRF-GO;DEL06-GO;UOP01-DEL06-GO
580881;13/02/2024;terça-feira;06:57:00;GO;153;57,9;PORANGATU;Reação tardia ou ineficiente do condutor;Queda de ocupante de veículo;Com Vítimas Feridas;Pleno dia;Decrescente;Céu Claro;Simples;Reta;Não;1;0;1;0;0;0;1;1;-13,31013;-49,118004;SPRF-GO;DEL07-GO;UOP01-DEL07-GO
580882;13/02/2024;terça-feira;06:05:00;MT;364;270;JACIARA;Acumulo de óleo sobre o pavimento;Queda de ocupante de veículo;Com Vítimas Feridas;Pleno dia;Decrescente;Céu Claro;Dupla;Reta;Sim;2;0;2;0;0;0;2;1;-15,9689785;-54,94463002;SPRF-MT;DEL05-MT;UOP02-DEL05-MT
580883;13/02/2024;terça-feira;07:39:00;PB;230;91,8;GURINHEM;Pista Escorregadia;Tombamento;Com Vítimas Fatais;Pleno dia;Decrescente;Chuva;Dupla;Reta;Não;3;1;1;0;1;0;1;2;-7,1746;-35,4022;SPRF-PB;DEL01-PB;UOP03-DEL01-PB
580884;13/02/2024;terça-feira;07:30:00;RJ;116;184;NOVA IGUACU;Manobra de mudança de faixa;Colisão lateral mesmo sentido;Com Vítimas Feridas;Pleno dia;Crescente;Céu Claro;Dupla;Reta;Não;4;0;2;0;2;0;2;2;-22,74647215;-43,44594311;SPRF-RJ;DEL06-RJ;UOP01-DEL06-RJ
580887;09/02/2024;sexta-feira;12:30:00;BA;101;543;SAO JOSE DA VITORIA;Chuva;Saída de leito carroçável;Com Vítimas Feridas;Pleno dia;Decrescente;Chuva;Simples;Curva;Não;4;0;2;0;2;0;2;1;-15,09587628;-39,35412884;SPRF-BA;DEL05-BA;UOP02-DEL05-BA
580888;13/02/2024;terça-feira;06:40:00;PE;101;117;ESCADA;Acumulo de água sobre o pavimento;Saída de leito carroçável;Sem Vítimas;Pleno dia;Crescente;Chuva;Múltipla;Curva;Não;1;0;0;0;1;0;0;1;-8,35274267;-35,15136019;SPRF-PE;DEL01-PE;UOP03-DEL01-PE
580889;13/02/2024;terça-feira;06:22:00;GO;80;44;PADRE BERNARDO;Ingestão de álcool pelo condutor;Saída de leito carroçável;Com Vítimas Fatais;Pleno dia;Crescente;Céu Claro;Simples;Reta;Sim;2;1;0;0;0;1;0;1;-15,18501;-48,284472;SPRF-DF;DEL03-DF;UOP02-DEL03-DF
580890;13/02/2024;terça-feira;07:35:00;PE;101;51,1;PAULISTA;Velocidade Incompatível;Saída de leito carroçável;Com Vítimas Feridas;Pleno dia;Decrescente;Céu Claro;Dupla;Reta;Não;1;0;1;0;0;0;1;1;-7,9169968;-34,89689272;SPRF-PE;DEL01-PE;UOP02-DEL01-PE
580891;13/02/2024;terça-feira;08:40:00;RJ;40;108;DUQUE DE CAXIAS;Reação tardia ou ineficiente do condutor;Colisão lateral mesmo sentido;Com Vítimas Feridas;Pleno dia;Decrescente;Céu Claro;Múltipla;Retorno Regulamentado;Sim;3;0;1;0;2;0;1;2;-22,6734218;-43,28544617;SPRF-RJ;DEL01-RJ;UOP02-DEL01-RJ
580892;13/02/2024;terça-feira;09:10:00;SP;381;89;GUARULHOS;Objeto estático sobre o leito carroçável;Colisão com objeto;Com Vítimas Feridas;Pleno dia;Crescente;Céu Claro;Dupla;Curva;Sim;1;0;1;0;0;0;1;1;-23,48469299;-46,55983288;SPRF-SP;DEL03-SP;UOP01-DEL03-SP
580895;13/02/2024;terça-feira;10:00:00;SC;101;114;ITAJAI;Trafegar com motocicleta (ou similar) entre as faixas;Queda de ocupante de veículo;Com Vítimas Feridas;Pleno dia;Decrescente;Céu Claro;Dupla;Reta;Sim;3;0;0;2;0;1;2;2;-26,86192886;-48,7286704;SPRF-SC;DEL04-SC;UOP04-DEL04-SC
580898;13/02/2024;terça-feira;10:20:00;SC;101;99;BALNEARIO PICARRAS;Avarias e/ou desgaste excessivo no pneu;Queda de ocupante de veículo;Com Vítimas Feridas;Pleno dia;Crescente;Sol;Dupla;Reta;Não;1;0;1;0;0;0;1;1;-26,7471002;-48,69654831;SPRF-SC;DEL03-SC;UOP02-DEL03-SC
580900;13/02/2024;terça-feira;10:30:00;MG;381;503,4;BETIM;Manobra de mudança de faixa;Colisão lateral mesmo sentido;Com Vítimas Feridas;Pleno dia;Crescente;Céu Claro;Dupla;"Reta;Aclive";Sim;2;0;1;0;1;0;1;2;-20,02813;-44,23418;SPRF-MG;DEL01-MG;UOP03-DEL01-MG
580901;13/02/2024;terça-feira;10:20:00;RS;285;312,6;PASSO FUNDO;Condutor deixou de manter distância do veículo da frente;Colisão traseira;Com Vítimas Feridas;Pleno dia;Decrescente;Chuva;Simples;"Curva;Ponte";Não;6;0;1;0;5;0;1;2;-28,241541;-52,553028;SPRF-RS;DEL08-RS;UOP03-DEL08-RS
580902;13/02/2024;terça-feira;10:15:00;PR;376;325,1;ORTIGUEIRA;Reação tardia ou ineficiente do condutor;Saída de leito carroçável;Com Vítimas Feridas;Pleno dia;Decrescente;Garoa/Chuvisco;Simples;Curva;Não;2;0;1;1;0;0;2;1;-24,053077;-51,066205;SPRF-PR;DEL07-PR;UOP02-DEL07-PR
580907;13/02/2024;terça-feira;12:00:00;MG;251;481,3;FRANCISCO SA;Condutor Dormindo;Saída de leito carroçável;Com Vítimas Feridas;Pleno dia;Crescente;Céu Claro;Simples;Reta;Sim;2;0;2;0;0;0;2;1;-16,48846512;-43,5126989;SPRF-MG;DEL12-MG;UOP01-DEL12-MG
580910;13/02/2024;terça-feira;12:00:00;RJ;101;281;TANGUA;Velocidade Incompatível;Colisão com objeto;Com Vítimas Feridas;Pleno dia;Crescente;Céu Claro;Dupla;Reta;Sim;1;0;1;0;0;0;1;1;-22,73786208;-42,78692501;SPRF-RJ;DEL02-RJ;UOP02-DEL02-RJ
580912;13/02/2024;terça-feira;12:40:00;RS;386;396,7;TRIUNFO;Acumulo de água sobre o pavimento;Saída de leito carroçável;Com Vítimas Feridas;Pleno dia;Decrescente;Chuva;Dupla;"Curva;Declive";Não;4;0;2;0;2;0;2;1;-29,732574;-51,631935;SPRF-RS;DEL04-RS;UOP02-DEL04-RS
580913;13/02/2024;terça-feira;13:00:00;PR;277;39;MORRETES;Demais falhas mecânicas ou elétricas;Incêndio;Sem Vítimas;Pleno dia;Crescente;Céu Claro;Múltipla;Reta;Sim;3;0;0;0;3;0;0;1;-25,571233;-48,817137;SPRF-PR;DEL01-PR;UOP05-DEL01-PR
580915;13/02/2024;terça-feira;12:50:00;RS;448;11;CANOAS;Demais falhas mecânicas ou elétricas;Colisão com objeto;Com Vítimas Feridas;Pleno dia;Crescente;Chuva;Dupla;Reta;Sim;2;0;1;0;1;0;1;2;-29,909166;-51,241253;SPRF-RS;DEL01-RS;UOP01-DEL01-RS
580916;13/02/2024;terça-feira;11:00:00;RJ;40;124;DUQUE DE CAXIAS;Manobra de mudança de faixa;Colisão transversal;Sem Vítimas;Pleno dia;Crescente;Céu Claro;Simples;Curva;Sim;2;0;0;0;2;0;0;2;-22,807953;-43,289124;SPRF-RJ;DEL01-RJ;UOP02-DEL01-RJ
580917;13/02/2024;terça-feira;10:40:00;PR;277;367,9;GUARAPUAVA;Acessar a via sem observar a presença dos outros veículos;Colisão transversal;Com Vítimas Feridas;Pleno dia;Crescente;Céu Claro;Simples;"Interseção de Vias;Reta";Não;6;0;2;0;4;0;2;2;-25,439212;-51,625785;SPRF-PR;DEL08-PR;UOP01-DEL08-PR
580919;13/02/2024;terça-feira;13:30:00;SP;116;301,9;SAO LOURENCO DA SERRA;Demais falhas mecânicas ou elétricas;Tombamento;Com Vítimas Feridas;Pleno dia;Decrescente;Sol;Dupla;Reta;Não;2;0;1;0;1;0;1;2;-23,81147602;-46,92298208;SPRF-SP;DEL04-SP;UOP01-DEL04-SP
580920;13/02/2024;terça-feira;14:10:00;SP;101;47,9;UBATUBA;Ingestão de álcool pelo condutor;Colisão lateral mesmo sentido;Sem Vítimas;Pleno dia;Crescente;Céu Claro;Simples;Rotatória;Sim;2;0;0;0;2;0;0;2;-23,429897;-45,082436;SPRF-SP;DEL06-SP;UOP01-DEL06-SP
580922;13/02/2024;terça-feira;10:50:00;PR;376;391;IMBAU;Reação tardia ou ineficiente do condutor;Saída de leito carroçável;Com Vítimas Feridas;Pleno dia;Decrescente;Céu Claro;Dupla;"Curva;Declive";Não;1;0;1;0;0;0;1;1;-24,48370189;-50,73413372;SPRF-PR;DEL03-PR;UOP02-DEL03-PR
580925;13/02/2024;terça-feira;12:00:00;SC;280;80;CORUPA;Condutor deixou de manter distância do veículo da frente;Colisão lateral mesmo sentido;Com Vítimas Feridas;Pleno dia;Decrescente;Céu Claro;Simples;Rotatória;Sim;3;0;1;0;2;0;1;2;-26,44049878;-49,22178626;SPRF-SC;DEL06-SC;UOP03-DEL06-SC
580926;13/02/2024;terça-feira;07:20:00;SC;470;7;NAVEGANTES;Velocidade Incompatível;Saída de leito carroçável;Com Vítimas Feridas;Pleno dia;Decrescente;Céu Claro;Dupla;Viaduto;Sim;1;0;1;0;0;0;1;1;-26,83955734;-48,71418074;SPRF-SC;DEL04-SC;UOP04-DEL04-SC
580927;13/02/2024;terça-feira;12:55:00;RS;293;139,6;CANDIOTA;Condutor Dormindo;Saída de leito carroçável;Com Vítimas Feridas;Pleno dia;Crescente;Céu Claro;Simples;"Reta;Declive";Não;1;0;1;0;0;0;1;1;-31,45195006;-53,67868423;SPRF-RS;DEL11-RS;UOP03-DEL11-RS
580929;13/02/2024;terça-feira;13:40:00;RS;386;307,5;POUSO NOVO;Chuva;Saída de leito carroçável;Com Vítimas Feridas;Pleno dia;Decrescente;Chuva;Simples;"Curva;Aclive";Não;2;0;1;0;1;0;1;1;-29,209391;-52,178665;SPRF-RS;DEL04-RS;UOP01-DEL04-RS
580931;13/02/2024;terça-feira;13:00:00;PR;277;404,2;CANDOI;Chuva;Saída de leito carroçável;Com Vítimas Feridas;Pleno dia;Decrescente;Chuva;Simples;"Aclive;Reta";Não;1;0;1;0;0;0;1;1;-25,45842513;-51,96393708;SPRF-PR;DEL04-PR;UOP02-DEL04-PR
580933;13/02/2024;terça-feira;14:40:00;RS;392;17,5;RIO GRANDE;Retorno proibido;Colisão transversal;Com Vítimas Feridas;Pleno dia;Decrescente;Nublado;Dupla;"Retorno Regulamentado;Reta";Sim;5;0;1;0;4;0;1;2;-32,09017991;-52,17651198;SPRF-RS;DEL07-RS;UOP02-DEL07-RS
580934;13/02/2024;terça-feira;14:30:00;RJ;116;105;GUAPIMIRIM;Ausência de reação do condutor;Colisão traseira;Com Vítimas Feridas;Pleno dia;Crescente;Chuva;Simples;"Reta;Declive";Não;2;0;1;0;1;0;1;2;-22,51502902;-43,00052292;SPRF-RJ;DEL04-RJ;UOP01-DEL04-RJ
580935;13/02/2024;terça-feira;13:45:00;PR;373;188,4;PONTA GROSSA;Velocidade Incompatível;Capotamento;Com Vítimas Feridas;Pleno dia;Crescente;Chuva;Simples;Curva;Não;3;0;3;0;0;0;3;1;-25,052328;-50,320107;SPRF-PR;DEL03-PR;UOP01-DEL03-PR
580936;13/02/2024;terça-feira;15:30:00;PB;230;16;JOAO PESSOA;Manobra de mudança de faixa;Colisão lateral mesmo sentido;Com Vítimas Feridas;Pleno dia;Decrescente;Céu Claro;Dupla;Reta;Não;2;0;1;0;1;0;1;2;-7,1039;-34,8458;SPRF-PB;DEL01-PB;UOP01-DEL01-PB
580938;13/02/2024;terça-feira;15:45:00;PE;101;66,1;RECIFE;Acessar a via sem observar a presença dos outros veículos;Colisão traseira;Com Vítimas Feridas;Pleno dia;Decrescente;Céu Claro;Dupla;Interseção de Vias;Não;3;0;1;0;1;1;1;3;-8,035056;-34,941393;SPRF-PE;DEL01-PE;UOP01-DEL01-PE
580939;13/02/2024;terça-feira;15:30:00;PA;230;119;MARABA;Avarias e/ou desgaste excessivo no pneu;Eventos atípicos;Com Vítimas Feridas;Pleno dia;Crescente;Nublado;Dupla;Reta;Sim;2;0;2;0;0;0;2;1;-5,350407;-49,105981;SPRF-PA;DEL03-PA;UOP01-DEL03-PA
580940;13/02/2024;terça-feira;15:40:00;SP;381;32;ATIBAIA;Reação tardia ou ineficiente do condutor;Colisão traseira;Sem Vítimas;Pleno dia;Crescente;Céu Claro;Dupla;"Aclive;Reta";Não;2;0;0;0;2;0;0;2;-23,06461405;-46,57048121;SPRF-SP;DEL03-SP;UOP02-DEL03-SP
580941;13/02/2024;terça-feira;16:00:00;SC;101;369,2;ICARA;Reação tardia ou ineficiente do condutor;Colisão com objeto;Com Vítimas Feridas;Pleno dia;Crescente;Garoa/Chuvisco;Múltipla;Reta;Não;4;0;2;0;2;0;2;1;-28,69775604;-49,182934;SPRF-SC;DEL02-SC;UOP01-DEL02-SC
580942;13/02/2024;terça-feira;16:16:00;MG;381;1;BETIM;Condutor deixou de manter distância do veículo da frente;Engavetamento;Com Vítimas Feridas;Pleno dia;Decrescente;Sol;Dupla;"Declive;Reta";Sim;4;0;2;0;2;0;2;3;-19,96848;-44,15974;SPRF-MG;DEL01-MG;UOP03-DEL01-MG
580943;13/02/2024;terça-feira;14:30:00;MG;262;874;CAMPO FLORIDO;Reação tardia ou ineficiente do condutor;Saída de leito carroçável;Com Vítimas Feridas;Pleno dia;Decrescente;Céu Claro;Dupla;"Aclive;Reta";Não;1;0;1;0;0;0;1;1;-19,77842718;-48,49424696;SPRF-MG;DEL13-MG;UOP01-DEL13-MG