id;data_inversa;dia_semana;horario;uf;br;km;municipio;causa_acidente;tipo_acidente;classificacao_acidente;fase_dia;sentido_via;condicao_metereologica;tipo_pista;tracado_via;uso_solo;pessoas;mortos;feridos_leves;feridos_graves;ilesos;ignorados;feridos;veiculos;latitude;longitude;regional;delegacia;uop
580944;13/02/2024;terça-feira;15:50:00;RO;364;241,9;CACOAL;Desrespeitar a preferência no cruzamento;Colisão transversal;Com Vítimas Feridas;Pleno dia;Crescente;Chuva;Simples;"Rotatória;Reta";Sim;2;0;1;0;1;0;1;2;-11,44082;-61,487685;SPRF-RO;DEL02-RO;UOP02-DEL02-RO
580945;13/02/2024;terça-feira;16:30:00;RS;116;238,5;SAO LEOPOLDO;Acumulo de água sobre o pavimento;Tombamento;Com Vítimas Feridas;Pleno dia;Decrescente;Chuva;Dupla;Curva;Sim;1;0;1;0;0;0;1;1;-29,68739789;-51,14197352;SPRF-RS;DEL01-RS;UOP02-DEL01-RS
580947;13/02/2024;terça-feira;12:30:00;CE;116;439,7;BARRO;Reação tardia ou ineficiente do condutor;Colisão traseira;Sem Vítimas;Pleno dia;Crescente;Chuva;Simples;"Aclive;Reta";Não;2;0;0;0;1;1;0;2;-7,02102292;-38,76387013;SPRF-CE;DEL05-CE;UOP03-DEL05-CE
580948;13/02/2024;terça-feira;16:30:00;SC;101;190;BIGUACU;Condutor deixou de manter distância do veículo da frente;Colisão traseira;Sem Vítimas;Pleno dia;Crescente;Garoa/Chuvisco;Dupla;Reta;Sim;2;0;0;0;2;0;0;2;-27,468056;-48,641712;SPRF-SC;DEL01-SC;UOP01-DEL01-SC
580949;13/02/2024;terça-feira;16:45:00;MG;381;907;CAMBUI;Velocidade Incompatível;Capotamento;Com Vítimas Feridas;Pleno dia;Decrescente;Chuva;Dupla;"Declive;Curva";Não;3;0;2;0;1;0;2;1;-22,71022398;-46,12178305;SPRF-MG;DEL16-MG;UOP03-DEL16-MG
580950;13/02/2024;terça-feira;17:20:00;SC;101;44;JOINVILLE;Acessar a via sem observar a presença dos outros veículos;Colisão lateral mesmo sentido;Com Vítimas Feridas;Pleno dia;Crescente;Nublado;Simples;Reta;Sim;2;0;1;0;1;0;1;2;-26,34006642;-48,85910869;SPRF-SC;DEL03-SC;UOP01-DEL03-SC
580951;13/02/2024;terça-feira;17:20:00;SP;116;210;GUARULHOS;Reação tardia ou ineficiente do condutor;Colisão traseira;Com Vítimas Feridas;Anoitecer;Crescente;Céu Claro;Múltipla;Reta;Sim;3;0;2;0;1;0;2;2;-23,42870023;-46,41085991;SPRF-SP;DEL01-SP;UOP01-DEL01-SP
580952;13/02/2024;terça-feira;17:22:00;SC;101;70,8;ARAQUARI;Ausência de reação do condutor;Colisão traseira;Com Vítimas Feridas;Pleno dia;Crescente;Garoa/Chuvisco;Múltipla;Reta;Sim;5;0;1;0;4;0;1;4;-26,51082007;-48,72345612;SPRF-SC;DEL03-SC;UOP02-DEL03-SC
580953;13/02/2024;terça-feira;16:00:00;PR;116;45;CAMPINA GRANDE DO SUL;Demais falhas mecânicas ou elétricas;Colisão com objeto;Com Vítimas Feridas;Pleno dia;Crescente;Nublado;Dupla;"Curva;Declive";Não;3;0;1;0;2;0;1;1;-25,199368;-48,895087;SPRF-PR;DEL01-PR;UOP02-DEL01-PR
580954;13/02/2024;terça-feira;16:45:00;PA;10;221,2;IPIXUNA DO PARA;Condutor Dormindo;Saída de leito carroçável;Com Vítimas Feridas;Pleno dia;Decrescente;Céu Claro;Simples;Curva;Não;4;0;2;0;2;0;2;1;-2,49604797;-47,50976192;SPRF-PA;DEL02-PA;UOP01-DEL02-PA
580955;13/02/2024;terça-feira;16:30:00;MS;163;519;JARAGUARI;Condutor Dormindo;Saída de leito carroçável;Com Vítimas Feridas;Pleno dia;Decrescente;Céu Claro;Simples;"Aclive;Reta";Não;2;0;2;0;0;0;2;1;-20,16993505;-54,4490649;SPRF-MS;DEL01-MS;UOP02-DEL01-MS
580956;13/02/2024;terça-feira;16:30:00;SC;101;146;ITAPEMA;Trafegar com motocicleta (ou similar) entre as faixas;Colisão lateral mesmo sentido;Com Vítimas Feridas;Pleno dia;Decrescente;Nublado;Dupla;Reta;Sim;3;0;1;0;2;0;1;3;-27,08666525;-48,60955587;SPRF-SC;DEL04-SC;UOP03-DEL04-SC
580957;13/02/2024;terça-feira;17:10:00;MG;459;72,1;SENADOR JOSE BENTO;Velocidade Incompatível;Colisão com objeto;Com Vítimas Feridas;Pleno dia;Decrescente;Céu Claro;Simples;"Curva;Aclive";Não;1;0;1;0;0;0;1;1;-22,1350568;-46,1614193;SPRF-MG;DEL09-MG;UOP01-DEL09-MG
580958;13/02/2024;terça-feira;13:30:00;SP;381;73;SAO PAULO;Ultrapassagem Indevida;Colisão traseira;Com Vítimas Feridas;Pleno dia;Crescente;Chuva;Dupla;"Curva;Declive";Não;2;0;1;0;1;0;1;2;-23,36553404;-46,55253934;SPRF-SP;DEL03-SP;UOP01-DEL03-SP
580959;13/02/2024;terça-feira;15:54:00;RN;304;100,8;ACU;Acumulo de água sobre o pavimento;Saída de leito carroçável;Com Vítimas Feridas;Pleno dia;Decrescente;Chuva;Simples;Reta;Não;2;0;1;0;1;0;1;1;-5,57799445;-37,02489374;SPRF-RN;DEL04-RN;UOP01-DEL04-RN
580960;13/02/2024;terça-feira;17:30:00;BA;116;778,2;PLANALTO;Manobra de mudança de faixa;Colisão traseira;Com Vítimas Feridas;Pleno dia;Crescente;Céu Claro;Simples;Reta;Não;2;0;1;0;1;0;1;2;-14,6157981;-40,44411375;SPRF-BA;DEL08-BA;UOP02-DEL08-BA
580961;13/02/2024;terça-feira;16:40:00;RS;116;40,5;VACARIA;Acessar a via sem observar a presença dos outros veículos;Colisão transversal;Com Vítimas Feridas;Pleno dia;Crescente;Chuva;Simples;Interseção de Vias;Sim;4;0;4;0;0;0;4;2;-28,52107961;-50,94231606;SPRF-RS;DEL05-RS;UOP03-DEL05-RS
580963;13/02/2024;terça-feira;15:00:00;PE;428;98,2;SANTA MARIA DA BOA VISTA;Demais falhas mecânicas ou elétricas;Capotamento;Sem Vítimas;Pleno dia;Crescente;Nublado;Simples;"Aclive;Reta";Não;1;0;0;0;1;0;0;1;-8,82848588;-39,94244307;SPRF-PE;DEL06-PE;UOP03-DEL06-PE
580964;13/02/2024;terça-feira;17:00:00;RJ;101;428;MANGARATIBA;Trafegar com motocicleta (ou similar) entre as faixas;Colisão transversal;Com Vítimas Feridas;Pleno dia;Decrescente;Céu Claro;Dupla;"Retorno Regulamentado;Interseção de Vias";Sim;3;0;2;0;1;0;2;2;-22,93391858;-43,9899979;SPRF-RJ;DEL03-RJ;UOP02-DEL03-RJ
580965;13/02/2024;terça-feira;16:40:00;RS;470;210;BENTO GONCALVES;Transitar na contramão;Colisão frontal;Com Vítimas Feridas;Pleno dia;Crescente;Garoa/Chuvisco;Simples;"Curva;Declive";Não;3;0;0;1;2;0;1;2;-29,11647449;-51,54258383;SPRF-RS;DEL06-RS;UOP01-DEL06-RS
580966;13/02/2024;terça-feira;17:35:00;PB;101;81,5;BAYEUX;Manobra de mudança de faixa;Colisão lateral mesmo sentido;Com Vítimas Feridas;Anoitecer;Decrescente;Céu Claro;Dupla;"Reta;Retorno Regulamentado";Sim;3;0;2;0;1;0;2;2;-7,12911;-34,93714;SPRF-PB;DEL01-PB;UOP01-DEL01-PB
580967;10/02/2024;sábado;08:41:00;RJ;116;289,8;BARRA MANSA;Condutor deixou de manter distância do veículo da frente;Colisão traseira;Com Vítimas Feridas;Pleno dia;Crescente;Céu Claro;Dupla;Curva;Não;3;0;2;0;1;0;2;2;-22,44937197;-44,32171194;SPRF-RJ;DEL07-RJ;UOP02-DEL07-RJ
580968;13/02/2024;terça-feira;17:00:00;RS;386;400,2;TRIUNFO;Velocidade Incompatível;Colisão frontal;Com Vítimas Feridas;Pleno dia;Decrescente;Chuva;Simples;Reta;Não;7;0;2;0;5;0;2;3;-29,751001;-51,599842;SPRF-RS;DEL04-RS;UOP02-DEL04-RS
580969;13/02/2024;terça-feira;15:30:00;RO;364;423;JARU;Desrespeitar a preferência no cruzamento;Colisão transversal;Com Vítimas Feridas;Pleno dia;Decrescente;Céu Claro;Simples;"Reta;Interseção de Vias";Sim;2;0;1;0;1;0;1;2;-10,44313339;-62,46678341;SPRF-RO;DEL03-RO;UOP02-DEL03-RO
580970;13/02/2024;terça-feira;17:40:00;SC;282;501,1;XANXERE;Manobra de mudança de faixa;Tombamento;Com Vítimas Feridas;Pleno dia;Crescente;Nublado;Dupla;"Rotatória;Reta";Sim;1;0;1;0;0;0;1;1;-26,88252479;-52,38010168;SPRF-SC;DEL07-SC;UOP01-DEL07-SC
580971;13/02/2024;terça-feira;18:00:00;RS;290;94;PORTO ALEGRE;Chuva;Tombamento;Com Vítimas Feridas;Pleno dia;Decrescente;Chuva;Dupla;"Curva;Viaduto;Aclive";Sim;1;0;1;0;0;0;1;1;-29,973856;-51,197853;SPRF-RS;DEL01-RS;UOP01-DEL01-RS
580973;13/02/2024;terça-feira;18:31:00;TO;153;670;GURUPI;Ingestão de álcool pelo condutor;Atropelamento de Pedestre;Com Vítimas Feridas;Pleno dia;Crescente;Chuva;Simples;Interseção de Vias;Sim;2;0;1;0;1;0;1;2;-11,70998005;-49,07471975;SPRF-TO;DEL01-TO;UOP02-DEL01-TO
580974;13/02/2024;terça-feira;18:20:00;SC;101;305,5;LAGUNA;Ausência de reação do condutor;Colisão com objeto;Com Vítimas Feridas;Anoitecer;Decrescente;Chuva;Múltipla;Reta;Sim;2;0;1;1;0;0;2;1;-28,37674574;-48,76400229;SPRF-SC;DEL02-SC;UOP03-DEL02-SC
580975;13/02/2024;terça-feira;18:30:00;PR;277;1;PARANAGUA;Reação tardia ou ineficiente do condutor;Queda de ocupante de veículo;Com Vítimas Feridas;Plena Noite;Decrescente;Chuva;Dupla;Reta;Sim;2;0;1;0;1;0;1;1;-25,552447;-48,553635;SPRF-PR;DEL01-PR;UOP05-DEL01-PR
580977;13/02/2024;terça-feira;18:50:00;PR;277;62;SAO JOSE DOS PINHAIS;Reação tardia ou ineficiente do condutor;Tombamento;Com Vítimas Feridas;Anoitecer;Crescente;Nublado;Dupla;Reta;Não;2;0;0;2;0;0;2;1;-25,56498129;-49,00825813;SPRF-PR;DEL01-PR;UOP01-DEL01-PR
580978;13/02/2024;terça-feira;17:50:00;RS;290;43;GLORINHA;Ausência de reação do condutor;Colisão lateral mesmo sentido;Com Vítimas Feridas;Pleno dia;Crescente;Chuva;Múltipla;Reta;Não;2;0;1;0;1;0;1;2;-29,889574;-50,689316;SPRF-RS;DEL03-RS;UOP01-DEL03-RS
580979;13/02/2024;terça-feira;18:30:00;SP;116;492,5;CAJATI;Acostamento em desnível;Saída de leito carroçável;Com Vítimas Feridas;Anoitecer;Decrescente;Nublado;Dupla;Reta;Sim;3;0;1;0;2;0;1;1;-24,74308052;-48,1325941;SPRF-SP;DEL05-SP;UOP01-DEL05-SP
580980;13/02/2024;terça-feira;18:40:00;RJ;101;419;MANGARATIBA;Trafegar com motocicleta (ou similar) entre as faixas;Queda de ocupante de veículo;Com Vítimas Feridas;Plena Noite;Decrescente;Céu Claro;Simples;Reta;Não;2;0;2;0;0;0;2;1;-22,91808988;-43,91359106;SPRF-RJ;DEL03-RJ;UOP02-DEL03-RJ
580981;13/02/2024;terça-feira;19:15:00;RS;116;517;PELOTAS;Desrespeitar a preferência no cruzamento;Colisão transversal;Com Vítimas Feridas;Anoitecer;Crescente;Céu Claro;Simples;Interseção de Vias;Não;2;0;0;1;1;0;1;2;-31,67908686;-52,34256731;SPRF-RS;DEL07-RS;UOP01-DEL07-RS
580982;13/02/2024;terça-feira;19:00:00;RJ;101;306;SAO GONCALO;Manobra de mudança de faixa;Colisão com objeto;Com Vítimas Feridas;Plena Noite;Crescente;Céu Claro;Múltipla;Reta;Sim;2;0;0;1;1;0;1;2;-22,78702832;-42,99589293;SPRF-RJ;DEL02-RJ;UOP02-DEL02-RJ
580983;13/02/2024;terça-feira;17:20:00;RJ;465;3;SEROPEDICA;Conversão proibida;Colisão transversal;Com Vítimas Feridas;Pleno dia;Crescente;Céu Claro;Simples;Reta;Não;4;0;1;1;2;0;2;2;-22,73427;-43,711994;SPRF-RJ;DEL06-RJ;UOP02-DEL06-RJ
580985;13/02/2024;terça-feira;19:55:00;MG;50;179;UBERABA;Condutor deixou de manter distância do veículo da frente;Colisão traseira;Com Vítimas Feridas;Plena Noite;Crescente;Nublado;Dupla;Reta;Sim;5;0;4;0;1;0;4;2;-19,77827047;-47,93140998;SPRF-MG;DEL13-MG;UOP01-DEL13-MG
580986;13/02/2024;terça-feira;18:40:00;MG;381;938,5;EXTREMA;Velocidade Incompatível;Tombamento;Com Vítimas Feridas;Plena Noite;Crescente;Chuva;Dupla;Reta;Não;3;0;1;1;0;1;2;2;-22,83909203;-46,32850893;SPRF-MG;DEL16-MG;UOP03-DEL16-MG
580987;13/02/2024;terça-feira;16:50:00;MG;381;704,5;LAVRAS;Chuva;Capotamento;Com Vítimas Feridas;Anoitecer;Decrescente;Nublado;Dupla;Curva;Não;2;0;1;0;1;0;1;1;-21,34177704;-45,17643719;SPRF-MG;DEL04-MG;UOP02-DEL04-MG
580990;13/02/2024;terça-feira;19:40:00;BA;116;5;VITORIA DA CONQUISTA;Animais na Pista;Atropelamento de Animal;Com Vítimas Feridas;Plena Noite;Decrescente;Nublado;Simples;"Reta;Declive";Não;2;0;2;0;0;0;2;1;-14,82556;-40,873963;SPRF-BA;DEL08-BA;UOP01-DEL08-BA
580991;13/02/2024;terça-feira;19:40:00;GO;414;399;CORUMBA DE GOIAS;Avarias e/ou desgaste excessivo no pneu;Queda de ocupante de veículo;Sem Vítimas;Plena Noite;Crescente;Nublado;Simples;Reta;Não;1;0;0;0;1;0;0;1;-15,96674819;-48,82199767;SPRF-GO;DEL02-GO;UOP01-DEL02-GO
580993;13/02/2024;terça-feira;19:00:00;MT;174;3;PONTES E LACERDA;Ultrapassagem Indevida;Colisão lateral mesmo sentido;Sem Vítimas;Anoitecer;Crescente;Chuva;Simples;Reta;Sim;2;0;0;0;2;0;0;2;-15,2409896;-59,3351677;SPRF-MT;DEL04-MT;UOP01-DEL04-MT
580994;13/02/2024;terça-feira;20:44:00;GO;40;9,3;LUZIANIA;Velocidade Incompatível;Atropelamento de Pedestre;Com Vítimas Feridas;Plena Noite;Crescente;Céu Claro;Dupla;Reta;Sim;3;0;0;1;2;0;1;2;-16,131158;-47,957739;SPRF-DF;DEL01-DF;UOP01-DEL01-DF
580996;13/02/2024;terça-feira;19:55:00;RS;290;372;VILA NOVA DO SUL;Acesso irregular;Colisão traseira;Com Vítimas Feridas;Plena Noite;Crescente;Céu Claro;Simples;Reta;Sim;3;0;0;1;1;1;1;3;-30,34336067;-53,88762295;SPRF-RS;DEL09-RS;UOP02-DEL09-RS
580997;13/02/2024;terça-feira;20:40:00;MG;116;410;GOVERNADOR VALADARES;Acessar a via sem observar a presença dos outros veículos;Colisão frontal;Com Vítimas Feridas;Plena Noite;Decrescente;Céu Claro;Simples;Reta;Não;4;0;2;1;1;0;3;2;-18,855625;-41,975623;SPRF-MG;DEL06-MG;UOP01-DEL06-MG
580998;13/02/2024;terça-feira;20:00:00;RS;116;148;CAXIAS DO SUL;Chuva;Saída de leito carroçável;Com Vítimas Feridas;Plena Noite;Crescente;Chuva;Dupla;Curva;Sim;1;0;1;0;0;0;1;1;-29,15444539;-51,15101681;SPRF-RS;DEL05-RS;UOP01-DEL05-RS
580999;13/02/2024;terça-feira;20:35:00;PR;116;121;CURITIBA;Avarias e/ou desgaste excessivo no pneu;Queda de ocupante de veículo;Com Vítimas Feridas;Plena Noite;Decrescente;Céu Claro;Dupla;Declive;Não;1;0;1;0;0;0;1;1;-25,56000019;-49,30728436;SPRF-PR;DEL01-PR;UOP03-DEL01-PR
581001;13/02/2024;terça-feira;14:10:00;RJ;101;325;NITEROI;Transtornos Mentais (exceto suicidio);Queda de ocupante de veículo;Com Vítimas Feridas;Pleno dia;Decrescente;Céu Claro;Dupla;"Ponte;Declive";Não;2;0;1;0;1;0;1;1;-22,87292569;-43,13625699;SPRF-RJ;DEL02-RJ;UOP01-DEL02-RJ
581002;13/02/2024;terça-feira;20:35:00;RJ;101;262;RIO BONITO;Ingestão de álcool pelo condutor;Tombamento;Sem Vítimas;Plena Noite;Crescente;Céu Claro;Dupla;Reta;Não;1;0;0;0;1;0;0;1;-22,71367506;-42,62052996;SPRF-RJ;DEL02-RJ;UOP03-DEL02-RJ
581003;13/02/2024;terça-feira;20:51:00;BA;242;402;SEABRA;Transitar na contramão;Colisão frontal;Com Vítimas Feridas;Plena Noite;Decrescente;Céu Claro;Simples;Reta;Não;2;0;0;2;0;0;2;2;-12,47110529;-41,70823799;SPRF-BA;DEL06-BA;UOP01-DEL06-BA
581004;13/02/2024;terça-feira;21:30:00;RJ;101;481;ANGRA DOS REIS;Acessar a via sem observar a presença dos outros veículos;Colisão transversal;Com Vítimas Feridas;Plena Noite;Decrescente;Céu Claro;Simples;Reta;Sim;7;0;6;0;1;0;6;2;-23,00976021;-44,29153237;SPRF-RJ;DEL03-RJ;UOP03-DEL03-RJ
581006;13/02/2024;terça-feira;21:50:00;SP;116;70,6;APARECIDA;Demais falhas mecânicas ou elétricas;Incêndio;Sem Vítimas;Plena Noite;Crescente;Nublado;Dupla;Reta;Sim;1;0;0;0;1;0;0;1;-22,84852898;-45,22705084;SPRF-SP;DEL08-SP;UOP01-DEL08-SP
581007;13/02/2024;terça-feira;21:10:00;GO;40;18;LUZIANIA;Transitar na contramão;Colisão frontal;Com Vítimas Fatais;Plena Noite;Decrescente;Céu Claro;Dupla;Reta;Sim;3;1;0;0;2;0;0;2;-16,19349;-47,925575;SPRF-DF;DEL01-DF;UOP01-DEL01-DF
581008;13/02/2024;terça-feira;19:00:00;MS;262;87;TRES LAGOAS;Animais na Pista;Atropelamento de Animal;Com Vítimas Feridas;Plena Noite;Decrescente;Céu Claro;Simples;Reta;Não;2;0;1;0;1;0;1;1;-20,6153519;-52,38313296;SPRF-MS;DEL07-MS;UOP02-DEL07-MS
581009;13/02/2024;terça-feira;22:00:00;MG;40;781,2;JUIZ DE FORA;Pedestre andava na pista;Atropelamento de Pedestre;Com Vítimas Fatais;Plena Noite;Decrescente;Nublado;Dupla;"Reta;Declive";Não;2;1;0;0;0;1;0;2;-21,68759907;-43,45049615;SPRF-MG;DEL05-MG;UOP01-DEL05-MG
581010;13/02/2024;terça-feira;20:25:00;RS;470;250;BARAO;Conversão proibida;Colisão traseira;Sem Vítimas;Plena Noite;Crescente;Garoa/Chuvisco;Simples;Reta;Não;3;0;0;0;2;1;0;2;-29,38948;-51,494038;SPRF-RS;DEL06-RS;UOP01-DEL06-RS
581013;13/02/2024;terça-feira;22:15:00;SP;101;49,9;UBATUBA;Modificação proibida;Colisão traseira;Com Vítimas Feridas;Plena Noite;Decrescente;Céu Claro;Simples;Reta;Sim;3;0;2;1;0;0;3;2;-23,44410908;-45,08375708;SPRF-SP;DEL06-SP;UOP01-DEL06-SP
581014;13/02/2024;terça-feira;22:10:00;SC;101;235;PALHOCA;Reação tardia ou ineficiente do condutor;Saída de leito carroçável;Sem Vítimas;Plena Noite;Crescente;Chuva;Dupla;Reta;Não;1;0;0;0;1;0;0;1;-27,8177775;-48,6315025;SPRF-SC;DEL01-SC;UOP02-DEL01-SC
581015;13/02/2024;terça-feira;22:45:00;RJ;101;57;CAMPOS DOS GOYTACAZES;Avarias e/ou desgaste excessivo no pneu;Tombamento;Com Vítimas Feridas;Plena Noite;Decrescente;Céu Claro;Simples;"Interseção de Vias;Reta";Sim;1;0;1;0;0;0;1;1;-21,70216318;-41,31000996;SPRF-RJ;DEL08-RJ;UOP01-DEL08-RJ
581016;13/02/2024;terça-feira;23:00:00;RS;116;246;SAO LEOPOLDO;Pista esburacada;Colisão frontal;Com Vítimas Feridas;Plena Noite;Crescente;Nublado;Simples;"Curva;Viaduto";Sim;2;0;1;0;1;0;1;2;-29,76071781;-51,15208288;SPRF-RS;DEL01-RS;UOP02-DEL01-RS
581017;13/02/2024;terça-feira;21:55:00;MA;NA;NA;ACAILANDIA;Transitar na contramão;Colisão frontal;Com Vítimas Feridas;Plena Noite;Não Informado;Céu Claro;Simples;Reta;Sim;3;0;2;0;1;0;2;2;-4,94234191;-47,50282288;SPRF-MA;DEL04-MA;UOP03-DEL04-MA
581018;13/02/2024;terça-feira;23:30:00;RJ;101;313;SAO GONCALO;Acessar a via sem observar a presença dos outros veículos;Atropelamento de Pedestre;Com Vítimas Feridas;Plena Noite;Crescente;Céu Claro;Dupla;Reta;Sim;2;0;0;1;1;0;1;2;-22,81049093;-43,06983304;SPRF-RJ;DEL02-RJ;UOP02-DEL02-RJ
581019;13/02/2024;terça-feira;23:30:00;SC;101;206,1;SAO JOSE;Condutor Dormindo;Colisão com objeto;Sem Vítimas;Plena Noite;Crescente;Nublado;Múltipla;Reta;Sim;2;0;0;0;2;0;0;2;-27,59193546;-48,61824557;SPRF-SC;DEL01-SC;UOP01-DEL01-SC
581020;13/02/2024;terça-feira;18:00:00;SC;101;150,5;ITAPEMA;Reação tardia ou ineficiente do condutor;Tombamento;Com Vítimas Feridas;Plena Noite;Crescente;Nublado;Múltipla;Reta;Sim;1;0;1;0;0;0;1;1;-27,11744799;-48,60940987;SPRF-SC;DEL04-SC;UOP03-DEL04-SC
581021;13/02/2024;terça-feira;21:10:00;SC;101;130;BALNEARIO CAMBORIU;Trafegar com motocicleta (ou similar) entre as faixas;Tombamento;Com Vítimas Feridas;Plena Noite;Decrescente;Nublado;Múltipla;Reta;Sim;1;0;0;1;0;0;1;1;-26,98407618;-48,66977107;SPRF-SC;DEL04-SC;UOP03-DEL04-SC
581022;13/02/2024;terça-feira;17:00:00;RS;101;49;TERRA DE AREIA;Reação tardia ou ineficiente do condutor;Saída de leito carroçável;Com Vítimas Feridas;Pleno dia;Crescente;Chuva;Dupla;Reta;Não;1;0;1;0;0;0;1;1;-29,60353613;-50,08319378;SPRF-RS;DEL03-RS;UOP02-DEL03-RS
581023;13/02/2024;terça-feira;22:10:00;RJ;101;456;MANGARATIBA;Animais na Pista;Queda de ocupante de veículo;Com Vítimas Feridas;Plena Noite;Decrescente;Céu Claro;Simples;Reta;Sim;1;0;1;0;0;0;1;1;-23,03288558;-44,16793391;SPRF-RJ;DEL03-RJ;UOP02-DEL03-RJ
581024;13/02/2024;terça-feira;22:40:00;PA;316;73;SAO FRANCISCO DO PARA;Transitar na contramão;Colisão lateral sentido oposto;Sem Vítimas;Plena Noite;Decrescente;Ignorado;Simples;Reta;Não;3;0;0;0;3;0;0;2;-1,2897166;-47,8360199;SPRF-PA;DEL01-PA;UOP01-DEL01-PA
581025;13/02/2024;terça-feira;23:42:00;MG;381;898,5;CAMBUI;Velocidade Incompatível;Colisão com objeto;Sem Vítimas;Pleno dia;Crescente;Nublado;Dupla;"Ponte;Reta";Não;1;0;0;0;0;1;0;1;-22,61239652;-46,06455803;SPRF-MG;DEL16-MG;UOP03-DEL16-MG
581026;13/02/2024;terça-feira;22:50:00;AL;316;110;CACIMBINHAS;Animais na Pista;Atropelamento de Animal;Com Vítimas Feridas;Plena Noite;Crescente;Céu Claro;Simples;Reta;Não;2;0;1;0;0;1;1;1;-9,39343365;-37,02683893;SPRF-AL;DEL03-AL;UOP01-DEL03-AL
581027;14/02/2024;quarta-feira;00:40:00;ES;101;76;SAO MATEUS;Demais falhas mecânicas ou elétricas;Capotamento;Com Vítimas Feridas;Plena Noite;Crescente;Céu Claro;Simples;Reta;Não;2;0;2;0;0;0;2;1;-18,79220409;-39,88463988;SPRF-ES;DEL04-ES;UOP02-DEL04-ES
581029;14/02/2024;quarta-feira;00:20:00;PR;376;490,8;PONTA GROSSA;Ausência de reação do condutor;Saída de leito carroçável;Sem Vítimas;Plena Noite;Decrescente;Nublado;Dupla;Reta;Sim;2;0;0;0;2;0;0;2;-25,106852;-50,192497;SPRF-PR;DEL03-PR;UOP04-DEL03-PR
581032;14/02/2024;quarta-feira;00:30:00;PI;407;436,9;GEMINIANO;Ausência de reação do condutor;Saída de leito carroçável;Com Vítimas Feridas;Plena Noite;Crescente;Céu Claro;Simples;Reta;Não;5;0;2;0;3;0;2;1;-7,16378037;-41,35266651;SPRF-PI;DEL04-PI;UOP01-DEL04-PI
581033;14/02/2024;quarta-feira;02:00:00;BA;324;615;SALVADOR;Reação tardia ou ineficiente do condutor;Colisão com objeto;Sem Vítimas;Plena Noite;Crescente;Céu Claro;Dupla;"Reta;Aclive";Sim;1;0;0;0;1;0;0;1;-12,88346244;-38,43481801;SPRF-BA;DEL01-BA;UOP01-DEL01-BA
581034;14/02/2024;quarta-feira;00:50:00;RS;101;59;MAQUINE;Velocidade Incompatível;Saída de leito carroçável;Com Vítimas Feridas;Plena Noite;Crescente;Garoa/Chuvisco;Dupla;Curva;Não;5;0;3;0;2;0;3;1;-29,674631;-50,140758;SPRF-RS;DEL03-RS;UOP02-DEL03-RS
581035;14/02/2024;quarta-feira;00:55:00;SC;282;222,6;LAGES;Reação tardia ou ineficiente do condutor;Saída de leito carroçável;Com Vítimas Feridas;Plena Noite;Decrescente;Garoa/Chuvisco;Simples;"Curva;Declive";Sim;38;0;37;1;0;0;38;1;-27,800127;-50,362751;SPRF-SC;DEL05-SC;UOP01-DEL05-SC
581036;14/02/2024;quarta-feira;01:30:00;PE;101;8,8;GOIANA;Ausência de reação do condutor;Saída de leito carroçável;Sem Vítimas;Plena Noite;Crescente;Céu Claro;Dupla;Retorno Regulamentado;Não;2;0;0;0;2;0;0;1;-7,56898134;-34,98959891;SPRF-PE;DEL01-PE;UOP02-DEL01-PE
581037;14/02/2024;quarta-feira;00:55:00;BA;415;31;ILHEUS;Ingestão de álcool pelo condutor;Capotamento;Com Vítimas Feridas;Plena Noite;Crescente;Céu Claro;Dupla;Curva;Não;3;0;1;1;1;0;2;1;-14,8482;-39,281986;SPRF-BA;DEL05-BA;UOP01-DEL05-BA
581040;14/02/2024;quarta-feira;02:40:00;SC;101;3,1;ARARANGUA;Ingestão de álcool pelo condutor;Saída de leito carroçável;Com Vítimas Feridas;Plena Noite;Decrescente;Chuva;Simples;Reta;Sim;1;0;1;0;0;0;1;1;-28,94564448;-49,50356841;SPRF-SC;DEL03-SC;UOP01-DEL03-SC
581041;14/02/2024;quarta-feira;02:30:00;PB;104;100,6;ESPERANCA;Animais na Pista;Atropelamento de Animal;Com Vítimas Feridas;Plena Noite;Decrescente;Nublado;Simples;"Ponte;Reta";Não;3;0;3;0;0;0;3;1;-7,04513085;-35,85718356;SPRF-PB;DEL02-PB;UOP04-DEL02-PB
581042;14/02/2024;quarta-feira;05:35:00;ES;101;288;CARIACICA;Demais falhas mecânicas ou elétricas;Incêndio;Sem Vítimas;Amanhecer;Crescente;Céu Claro;Dupla;Reta;Sim;1;0;0;0;0;1;0;1;-20,27160351;-40,39091743;SPRF-ES;DEL01-ES;UOP01-DEL01-ES
581044;14/02/2024;quarta-feira;06:00:00;ES;101;79,1;SAO MATEUS;Demais falhas mecânicas ou elétricas;Tombamento;Com Vítimas Feridas;Pleno dia;Crescente;Nublado;Simples;Reta;Não;1;0;0;1;0;0;1;1;-18,82149709;-39,90673788;SPRF-ES;DEL04-ES;UOP02-DEL04-ES
581045;14/02/2024;quarta-feira;06:00:00;SP;116;224;GUARULHOS;Ausência de reação do condutor;Colisão traseira;Com Vítimas Feridas;Pleno dia;Crescente;Céu Claro;Múltipla;Reta;Sim;6;0;4;0;2;0;4;2;-23,48071896;-46,53271603;SPRF-SP;DEL01-SP;UOP01-DEL01-SP