id;data_inversa;dia_semana;horario;uf;br;km;municipio;causa_acidente;tipo_acidente;classificacao_acidente;fase_dia;sentido_via;condicao_metereologica;tipo_pista;tracado_via;uso_solo;pessoas;mortos;feridos_leves;feridos_graves;ilesos;ignorados;feridos;veiculos;latitude;longitude;regional;delegacia;uop
581046;06/02/2024;terça-feira;19:00:00;RS;290;103;PORTO ALEGRE;Ausência de reação do condutor;Colisão traseira;Com Vítimas Feridas;Pleno dia;Decrescente;Céu Claro;Dupla;Reta;Sim;2;0;1;0;1;0;1;2;-29,99017;-51,265766;SPRF-RS;DEL01-RS;UOP01-DEL01-RS
581048;14/02/2024;quarta-feira;06:40:00;SC;101;0,1;GARUVA;Acumulo de água sobre o pavimento;Colisão com objeto;Com Vítimas Feridas;Pleno dia;Decrescente;Chuva;Dupla;Reta;Sim;2;0;1;0;1;0;1;1;-25,9815218;-48,88624191;SPRF-SC;DEL03-SC;UOP01-DEL03-SC
581049;14/02/2024;quarta-feira;06:30:00;SE;235;68,2;FREI PAULO;Avarias e/ou desgaste excessivo no pneu;Queda de ocupante de veículo;Com Vítimas Feridas;Pleno dia;Decrescente;Céu Claro;Simples;Declive;Não;3;0;2;0;0;1;2;2;-10,567424;-37,509323;SPRF-SE;DEL01-SE;UOP02-DEL01-SE
581050;14/02/2024;quarta-feira;01:00:00;PE;232;88,3;GRAVATA;Deficiência do Sistema de Iluminação/Sinalização;Colisão traseira;Com Vítimas Fatais;Plena Noite;Decrescente;Céu Claro;Dupla;Reta;Não;3;1;0;1;0;1;1;2;-8,215178;-35,637814;SPRF-PE;DEL02-PE;UOP02-DEL02PE
581051;14/02/2024;quarta-feira;05:55:00;SC;282;5,7;SAO JOSE;Reação tardia ou ineficiente do condutor;Tombamento;Com Vítimas Fatais;Amanhecer;Crescente;Chuva;Dupla;"Curva;Declive";Sim;10;1;2;3;4;0;5;5;-27,585219;-48,6177929;SPRF-SC;DEL01-SC;UOP01-DEL01-SC
581053;14/02/2024;quarta-feira;05:45:00;MG;116;520,5;CARATINGA;Acessar a via sem observar a presença dos outros veículos;Colisão traseira;Com Vítimas Feridas;Pleno dia;Decrescente;Céu Claro;Simples;"Reta;Ponte";Não;2;0;1;0;1;0;1;2;-19,7313815;-42,13320136;SPRF-MG;DEL06-MG;UOP02-DEL06-MG
581055;14/02/2024;quarta-feira;06:50:00;PE;101;76,2;RECIFE;Acostamento em desnível;Tombamento;Com Vítimas Feridas;Pleno dia;Decrescente;Nublado;Dupla;Curva;Sim;2;0;2;0;0;0;2;1;-8,119992;-34,942738;SPRF-PE;DEL01-PE;UOP01-DEL01-PE
581056;14/02/2024;quarta-feira;06:50:00;MG;365;665;MONTE ALEGRE DE MINAS;Ausência de reação do condutor;Colisão com objeto;Com Vítimas Feridas;Pleno dia;Crescente;Céu Claro;Dupla;"Declive;Reta";Não;1;0;1;0;0;0;1;1;-18,89216;-48,686496;SPRF-MG;DEL15-MG;UOP01-DEL15-MG
581057;14/02/2024;quarta-feira;07:30:00;SC;101;16;GARUVA;Acumulo de água sobre o pavimento;Saída de leito carroçável;Com Vítimas Feridas;Pleno dia;Crescente;Chuva;Dupla;Reta;Não;1;0;1;0;0;0;1;1;-26,11427473;-48,87647034;SPRF-SC;DEL03-SC;UOP01-DEL03-SC
581059;14/02/2024;quarta-feira;07:14:00;SE;101;105,5;SAO CRISTOVAO;Manobra de mudança de faixa;Saída de leito carroçável;Com Vítimas Fatais;Pleno dia;Decrescente;Céu Claro;Dupla;"Declive;Reta";Não;2;1;0;0;0;1;0;2;-10,95817959;-37,23594898;SPRF-SE;DEL02-SE;UOP01-DEL02-SE
581060;14/02/2024;quarta-feira;07:30:00;MG;381;864;POUSO ALEGRE;Acessar a via sem observar a presença dos outros veículos;Colisão lateral mesmo sentido;Com Vítimas Feridas;Pleno dia;Decrescente;Nublado;Dupla;"Declive;Curva";Não;4;0;1;0;3;0;1;3;-22,38757269;-45,95265452;SPRF-MG;DEL16-MG;UOP01-DEL16-MG
581063;14/02/2024;quarta-feira;04:00:00;GO;50;275;CATALAO;Ausência de reação do condutor;Saída de leito carroçável;Sem Vítimas;Plena Noite;Decrescente;Céu Claro;Dupla;"Em Obras;Reta";Sim;1;0;0;0;0;1;0;1;-18,1483;-47,907;SPRF-GO;DEL06-GO;UOP01-DEL06-GO
581064;14/02/2024;quarta-feira;08:20:00;RJ;116;75;TERESOPOLIS;Reação tardia ou ineficiente do condutor;Queda de ocupante de veículo;Com Vítimas Feridas;Pleno dia;Crescente;Céu Claro;Simples;Curva;Sim;1;0;1;0;0;0;1;1;-22,363604;-42,943953;SPRF-RJ;DEL04-RJ;UOP01-DEL04-RJ
581066;14/02/2024;quarta-feira;08:30:00;RN;101;145;GOIANINHA;Acessar a via sem observar a presença dos outros veículos;Atropelamento de Pedestre;Com Vítimas Feridas;Pleno dia;Decrescente;Céu Claro;Dupla;Reta;Não;2;0;1;0;1;0;1;2;-6,25332906;-35,21460513;SPRF-RN;DEL01-RN;UOP01-DEL01-RN
581067;14/02/2024;quarta-feira;08:30:00;MG;381;864;POUSO ALEGRE;Ausência de reação do condutor;Colisão traseira;Com Vítimas Feridas;Pleno dia;Crescente;Nublado;Múltipla;Reta;Não;2;0;0;1;1;0;1;2;-22,38757269;-45,95265452;SPRF-MG;DEL16-MG;UOP01-DEL16-MG
581069;14/02/2024;quarta-feira;08:20:00;PR;277;33,1;MORRETES;Avarias e/ou desgaste excessivo no pneu;Saída de leito carroçável;Com Vítimas Feridas;Pleno dia;Crescente;Chuva;Dupla;Curva;Não;3;0;2;1;0;0;3;1;-25,56660098;-48,81156921;SPRF-PR;DEL01-PR;UOP05-DEL01-PR
581071;14/02/2024;quarta-feira;07:13:00;SC;101;450,2;SAO JOAO DO SUL;Condutor Dormindo;Saída de leito carroçável;Com Vítimas Fatais;Pleno dia;Crescente;Nublado;Dupla;Curva;Não;3;2;1;0;0;0;1;1;-29,179705;-49,754645;SPRF-SC;DEL02-SC;UOP02-DEL02-SC
581072;14/02/2024;quarta-feira;08:00:00;MT;364;199;RONDONOPOLIS;Reação tardia ou ineficiente do condutor;Tombamento;Com Vítimas Feridas;Pleno dia;Crescente;Céu Claro;Dupla;Reta;Sim;1;0;1;0;0;0;1;1;-16,5011709;-54,63072394;SPRF-MT;DEL02-MT;UOP01-DEL02-MT
581073;14/02/2024;quarta-feira;08:15:00;PE;232;83,3;GRAVATA;Acessar a via sem observar a presença dos outros veículos;Colisão traseira;Com Vítimas Feridas;Pleno dia;Crescente;Céu Claro;Dupla;Reta;Não;3;0;2;0;0;1;2;2;-8,20314225;-35,59760663;SPRF-PE;DEL02-PE;UOP02-DEL02PE
581074;14/02/2024;quarta-feira;06:00:00;MT;163;978;TERRA NOVA DO NORTE;Transitar na contramão;Saída de leito carroçável;Sem Vítimas;Pleno dia;Crescente;Céu Claro;Simples;"Curva;Declive";Não;1;0;0;0;1;0;0;1;-10,71188798;-55,12321472;SPRF-MT;DEL06-MT;UOP03-DEL06-MT
581075;14/02/2024;quarta-feira;07:20:00;GO;60;444,4;JATAI;Ausência de reação do condutor;Saída de leito carroçável;Com Vítimas Feridas;Pleno dia;Decrescente;Céu Claro;Dupla;Reta;Não;2;0;2;0;0;0;2;1;-17,8449;-51,4691;SPRF-GO;DEL05-GO;UOP01-DEL05-GO
581079;14/02/2024;quarta-feira;07:20:00;PB;104;145,9;QUEIMADAS;Animais na Pista;Atropelamento de Animal;Sem Vítimas;Pleno dia;Crescente;Nublado;Simples;Curva;Não;2;0;0;0;2;0;0;1;-7,425687;-35,895172;SPRF-PB;DEL02-PB;UOP03-DEL02-PB
581080;14/02/2024;quarta-feira;09:44:00;PB;101;81;SANTA RITA;Condutor deixou de manter distância do veículo da frente;Engavetamento;Sem Vítimas;Pleno dia;Decrescente;Céu Claro;Dupla;Reta;Sim;5;0;0;0;5;0;0;5;-7,12508575;-34,94513217;SPRF-PB;DEL01-PB;UOP01-DEL01-PB
581082;14/02/2024;quarta-feira;10:00:00;SP;116;516;CAJATI;Reação tardia ou ineficiente do condutor;Saída de leito carroçável;Com Vítimas Feridas;Pleno dia;Decrescente;Chuva;Simples;"Declive;Curva";Não;4;0;2;0;2;0;2;1;-24,87423036;-48,2190838;SPRF-SP;DEL05-SP;UOP02-DEL05-SP
581083;14/02/2024;quarta-feira;09:10:00;MG;381;450,8;SABARA;Conversão proibida;Colisão transversal;Com Vítimas Feridas;Pleno dia;Decrescente;Céu Claro;Simples;"Aclive;Reta";Sim;2;0;1;0;1;0;1;2;-19,83128892;-43,84482622;SPRF-MG;DEL01-MG;UOP01-DEL01-MG
581084;14/02/2024;quarta-feira;07:30:00;ES;262;115,7;CONCEICAO DO CASTELO;Acessar a via sem observar a presença dos outros veículos;Colisão transversal;Com Vítimas Feridas;Pleno dia;Decrescente;Sol;Simples;"Reta;Declive";Não;4;0;2;1;1;0;3;2;-20,32053818;-41,21864322;SPRF-ES;DEL01-ES;UOP02-DEL01-ES
581085;14/02/2024;quarta-feira;08:25:00;MT;70;522;VARZEA GRANDE;Acesso irregular;Colisão transversal;Com Vítimas Feridas;Pleno dia;Crescente;Céu Claro;Simples;Reta;Sim;2;0;1;0;0;1;1;2;-15,666638;-56,182598;SPRF-MT;DEL01-MT;UOP02-DEL01-MT
581086;14/02/2024;quarta-feira;09:20:00;MS;163;504;JARAGUARI;Reação tardia ou ineficiente do condutor;Saída de leito carroçável;Com Vítimas Feridas;Pleno dia;Decrescente;Céu Claro;Dupla;Reta;Não;1;0;1;0;0;0;1;1;-20,29465516;-54,50087672;SPRF-MS;DEL01-MS;UOP02-DEL01-MS
581087;05/01/2024;sexta-feira;11:30:00;MG;381;404,5;BOM JESUS DO AMPARO;Velocidade Incompatível;Saída de leito carroçável;Com Vítimas Feridas;Pleno dia;Decrescente;Nublado;Dupla;"Curva;Declive";Não;2;0;1;0;1;0;1;1;-19,7431674;-43,5207252;SPRF-MG;DEL01-MG;UOP01-DEL01-MG
581089;14/02/2024;quarta-feira;10:45:00;SP;116;205;ARUJA;Condutor deixou de manter distância do veículo da frente;Colisão lateral mesmo sentido;Com Vítimas Feridas;Pleno dia;Crescente;Nublado;Dupla;"Reta;Em Obras";Sim;2;0;1;0;1;0;1;2;-23,41475243;-46,36600788;SPRF-SP;DEL01-SP;UOP01-DEL01-SP
581092;14/02/2024;quarta-feira;11:00:00;MG;381;752,5;TRES CORACOES;Velocidade Incompatível;Tombamento;Com Vítimas Feridas;Pleno dia;Crescente;Chuva;Simples;Curva;Não;1;0;1;0;0;0;1;1;-21,65537758;-45,30253301;SPRF-MG;DEL16-MG;UOP02-DEL16-MG
581093;14/02/2024;quarta-feira;11:20:00;PB;101;86;JOAO PESSOA;Condutor deixou de manter distância do veículo da frente;Engavetamento;Com Vítimas Feridas;Pleno dia;Decrescente;Céu Claro;Dupla;Reta;Sim;9;0;1;0;8;0;1;4;-7,15118983;-34,91012184;SPRF-PB;DEL01-PB;UOP01-DEL01-PB
581096;14/02/2024;quarta-feira;11:00:00;MG;40;525;CONTAGEM;Condutor deixou de manter distância do veículo da frente;Colisão traseira;Com Vítimas Feridas;Pleno dia;Crescente;Sol;Dupla;Reta;Sim;2;0;2;0;0;0;2;2;-19,89306361;-44,04994011;SPRF-MG;DEL01-MG;UOP02-DEL01-MG
581098;14/02/2024;quarta-feira;10:30:00;SC;101;131,9;BALNEARIO CAMBORIU;Trafegar com motocicleta (ou similar) entre as faixas;Tombamento;Com Vítimas Feridas;Pleno dia;Decrescente;Chuva;Múltipla;Curva;Sim;2;0;1;0;1;0;1;2;-26,99064209;-48,66310912;SPRF-SC;DEL04-SC;UOP03-DEL04-SC
581100;14/02/2024;quarta-feira;12:00:00;SC;101;193;BIGUACU;Pista Escorregadia;Tombamento;Com Vítimas Feridas;Pleno dia;Crescente;Chuva;Dupla;Curva;Sim;1;0;1;0;0;0;1;1;-27,489574;-48,655914;SPRF-SC;DEL01-SC;UOP01-DEL01-SC
581101;14/02/2024;quarta-feira;10:50:00;SP;381;33;ATIBAIA;Frear bruscamente;Engavetamento;Com Vítimas Feridas;Pleno dia;Crescente;Garoa/Chuvisco;Dupla;Declive;Não;4;0;2;0;2;0;2;3;-23,0728028;-46,56673562;SPRF-SP;DEL03-SP;UOP02-DEL03-SP
581103;14/02/2024;quarta-feira;12:00:00;SP;116;561;BARRA DO TURVO;Reação tardia ou ineficiente do condutor;Capotamento;Com Vítimas Feridas;Pleno dia;Crescente;Chuva;Dupla;"Declive;Curva";Não;5;0;1;0;4;0;1;1;-25,02045097;-48,51586004;SPRF-SP;DEL05-SP;UOP02-DEL05-SP
581106;14/02/2024;quarta-feira;12:10:00;MG;40;785;JUIZ DE FORA;Condutor Dormindo;Saída de leito carroçável;Com Vítimas Feridas;Pleno dia;Decrescente;Céu Claro;Dupla;Reta;Não;2;0;2;0;0;0;2;1;-21,71976086;-43,44303569;SPRF-MG;DEL05-MG;UOP01-DEL05-MG
581107;14/02/2024;quarta-feira;12:25:00;PR;116;33;CAMPINA GRANDE DO SUL;Chuva;Saída de leito carroçável;Sem Vítimas;Pleno dia;Decrescente;Chuva;Dupla;"Curva;Declive";Não;2;0;0;0;2;0;0;1;-25,11427389;-48,84687781;SPRF-PR;DEL01-PR;UOP02-DEL01-PR
581108;14/02/2024;quarta-feira;11:15:00;RJ;40;110;DUQUE DE CAXIAS;Manobra de mudança de faixa;Colisão lateral mesmo sentido;Com Vítimas Feridas;Pleno dia;Crescente;Céu Claro;Dupla;Reta;Sim;3;0;1;0;2;0;1;2;-22,68289906;-43,28549346;SPRF-RJ;DEL01-RJ;UOP02-DEL01-RJ
581109;14/02/2024;quarta-feira;12:50:00;PR;116;39;CAMPINA GRANDE DO SUL;Avarias e/ou desgaste excessivo no pneu;Saída de leito carroçável;Com Vítimas Feridas;Pleno dia;Crescente;Chuva;Dupla;Curva;Não;5;0;1;2;2;0;3;3;-25,156168;-48,8613401;SPRF-PR;DEL01-PR;UOP02-DEL01-PR
581110;14/02/2024;quarta-feira;12:15:00;SC;282;216;LAGES;Mal súbito do condutor;Colisão com objeto;Sem Vítimas;Pleno dia;Decrescente;Chuva;Simples;"Reta;Aclive;Viaduto";Sim;1;0;0;0;1;0;0;1;-27,797529;-50,291862;SPRF-SC;DEL05-SC;UOP01-DEL05-SC
581111;14/02/2024;quarta-feira;09:30:00;MG;262;426,3;SAO GONCALO DO PARA;Ausência de reação do condutor;Saída de leito carroçável;Com Vítimas Feridas;Pleno dia;Crescente;Sol;Dupla;Reta;Não;2;0;1;1;0;0;2;1;-19,89155348;-44,83588855;SPRF-MG;DEL08-MG;UOP03-DEL08-MG
581112;14/02/2024;quarta-feira;11:30:00;RJ;101;422;MANGARATIBA;Acessar a via sem observar a presença dos outros veículos;Colisão transversal;Com Vítimas Feridas;Pleno dia;Crescente;Céu Claro;Simples;Reta;Não;3;0;2;0;1;0;2;2;-22,91608393;-43,94022903;SPRF-RJ;DEL03-RJ;UOP02-DEL03-RJ
581113;14/02/2024;quarta-feira;13:05:00;SC;101;213,8;PALHOCA;Manobra de mudança de faixa;Colisão traseira;Com Vítimas Feridas;Pleno dia;Crescente;Chuva;Múltipla;Reta;Não;3;0;1;0;2;0;1;3;-27,63697369;-48,66514142;SPRF-SC;DEL01-SC;UOP02-DEL01-SC
581115;14/02/2024;quarta-feira;11:30:00;SC;101;32,4;JOINVILLE;Condutor deixou de manter distância do veículo da frente;Colisão traseira;Com Vítimas Feridas;Pleno dia;Crescente;Chuva;Dupla;Reta;Não;3;0;1;0;2;0;1;3;-26,226987;-48,91657;SPRF-SC;DEL03-SC;UOP01-DEL03-SC
581117;14/02/2024;quarta-feira;13:30:00;SC;101;198,5;SAO JOSE;Trafegar com motocicleta (ou similar) entre as faixas;Colisão lateral mesmo sentido;Com Vítimas Feridas;Pleno dia;Crescente;Chuva;Múltipla;Reta;Sim;2;0;1;0;1;0;1;2;-27,52658712;-48,63506019;SPRF-SC;DEL01-SC;UOP01-DEL01-SC
581118;14/02/2024;quarta-feira;12:00:00;AL;101;41;FLEXEIRAS;Acumulo de água sobre o pavimento;Capotamento;Com Vítimas Feridas;Pleno dia;Decrescente;Chuva;Dupla;"Curva;Declive";Não;2;0;1;0;1;0;1;1;-9,17104293;-35,77460326;SPRF-AL;DEL01-AL;UOP02-DEL01-AL
581119;14/02/2024;quarta-feira;08:30:00;PR;376;440;TIBAGI;Velocidade Incompatível;Colisão com objeto;Sem Vítimas;Pleno dia;Decrescente;Chuva;Dupla;Curva;Não;1;0;0;0;1;0;0;1;-24,85877828;-50,45246312;SPRF-PR;DEL03-PR;UOP02-DEL03-PR
581120;14/02/2024;quarta-feira;12:00:00;MA;135;47;BACABEIRA;Reação tardia ou ineficiente do condutor;Colisão traseira;Com Vítimas Feridas;Pleno dia;Decrescente;Céu Claro;Dupla;Reta;Não;3;0;1;0;2;0;1;2;-2,93871687;-44,33065366;SPRF-MA;DEL01-MA;UOP01-DEL01-MA
581121;14/02/2024;quarta-feira;13:45:00;PE;428;184;PETROLINA;Acessar a via sem observar a presença dos outros veículos;Colisão transversal;Com Vítimas Feridas;Pleno dia;Decrescente;Céu Claro;Dupla;"Retorno Regulamentado;Reta";Sim;2;0;1;0;1;0;1;2;-9,34807826;-40,47441248;SPRF-PE;DEL06-PE;UOP01-DEL06-PE
581123;14/02/2024;quarta-feira;11:50:00;SC;470;181;POUSO REDONDO;Desrespeitar a preferência no cruzamento;Colisão transversal;Com Vítimas Feridas;Pleno dia;Decrescente;Chuva;Simples;Reta;Não;5;0;5;0;0;0;5;2;-27,251818;-49,996815;SPRF-SC;DEL04-SC;UOP02-DEL04-SC
581124;14/02/2024;quarta-feira;14:30:00;SP;116;504;CAJATI;Velocidade Incompatível;Saída de leito carroçável;Com Vítimas Feridas;Pleno dia;Crescente;Chuva;Simples;"Aclive;Curva";Não;1;0;1;0;0;0;1;1;-24,78266496;-48,20865858;SPRF-SP;DEL05-SP;UOP02-DEL05-SP
581126;14/02/2024;quarta-feira;13:00:00;PR;277;136,2;BALSA NOVA;Reação tardia ou ineficiente do condutor;Capotamento;Sem Vítimas;Pleno dia;Crescente;Chuva;Dupla;"Reta;Aclive";Não;1;0;0;0;1;0;0;1;-25,4716979;-49,69549097;SPRF-PR;DEL03-PR;UOP03-DEL03-PR
581129;14/02/2024;quarta-feira;14:11:00;PE;104;76;CARUARU;Condutor deixou de manter distância do veículo da frente;Colisão traseira;Com Vítimas Feridas;Pleno dia;Decrescente;Céu Claro;Simples;"Aclive;Reta";Não;3;0;2;0;1;0;2;2;-8,367286;-35,985153;SPRF-PE;DEL02-PE;UOP01-DEL02-PE
581131;14/02/2024;quarta-feira;15:00:00;SP;116;340;MIRACATU;Reação tardia ou ineficiente do condutor;Capotamento;Com Vítimas Feridas;Pleno dia;Decrescente;Chuva;Dupla;"Curva;Aclive";Sim;1;0;1;0;0;0;1;1;-24,00328505;-47,15633198;SPRF-SP;DEL04-SP;UOP03-DEL04-SP
581132;14/02/2024;quarta-feira;14:40:00;MG;381;478;CONTAGEM;Manobra de mudança de faixa;Colisão lateral mesmo sentido;Com Vítimas Feridas;Pleno dia;Crescente;Nublado;Múltipla;"Aclive;Reta";Sim;2;0;1;0;1;0;1;2;-19,95826094;-44,05921101;SPRF-MG;DEL01-MG;UOP03-DEL01-MG
581133;14/02/2024;quarta-feira;15:05:00;RJ;493;86;JAPERI;Ausência de reação do condutor;Colisão traseira;Com Vítimas Feridas;Pleno dia;Decrescente;Céu Claro;Simples;Reta;Não;6;0;1;0;5;0;1;2;-22,66249212;-43,62361908;SPRF-RJ;DEL01-RJ;UOP03-DEL01-RJ
581137;03/02/2024;sábado;18:55:00;SC;101;295,5;IMBITUBA;Reação tardia ou ineficiente do condutor;Colisão com objeto;Com Vítimas Fatais;Plena Noite;Decrescente;Céu Claro;Múltipla;Reta;Sim;1;1;0;0;0;0;0;1;-28,324153;-48,72976;SPRF-SC;DEL02-SC;UOP03-DEL02-SC
581138;14/02/2024;quarta-feira;13:25:00;SC;163;107,1;GUARUJA DO SUL;Ausência de reação do condutor;Saída de leito carroçável;Com Vítimas Feridas;Pleno dia;Decrescente;Chuva;Simples;"Declive;Reta";Não;1;0;0;1;0;0;1;1;-26,42911689;-53,52001976;SPRF-SC;DEL07-SC;UOP03-DEL07-SC
581139;14/02/2024;quarta-feira;12:45:00;PR;277;33,1;MORRETES;Pista Escorregadia;Tombamento;Com Vítimas Feridas;Pleno dia;Crescente;Chuva;Múltipla;"Aclive;Curva";Não;1;0;1;0;0;0;1;1;-25,5660977;-48,8111186;SPRF-PR;DEL01-PR;UOP05-DEL01-PR
581140;14/02/2024;quarta-feira;15:30:00;SC;101;211,5;PALHOCA;Condutor deixou de manter distância do veículo da frente;Colisão traseira;Com Vítimas Feridas;Pleno dia;Decrescente;Garoa/Chuvisco;Dupla;Aclive;Não;2;0;1;0;1;0;1;2;-27,62329313;-48,65245588;SPRF-SC;DEL01-SC;UOP02-DEL01-SC
581144;14/02/2024;quarta-feira;09:30:00;PR;116;23;ANTONINA;Chuva;Saída de leito carroçável;Com Vítimas Feridas;Pleno dia;Crescente;Chuva;Dupla;"Curva;Declive";Não;1;0;1;0;0;0;1;1;-25,11109;-48,75116;SPRF-PR;DEL01-PR;UOP02-DEL01-PR
581145;14/02/2024;quarta-feira;15:50:00;PR;116;165;QUITANDINHA;Chuva;Saída de leito carroçável;Com Vítimas Feridas;Pleno dia;Crescente;Chuva;Simples;Curva;Sim;1;0;0;1;0;0;1;1;-25,87408699;-49,47888136;SPRF-PR;DEL01-PR;UOP03-DEL01-PR
581146;14/02/2024;quarta-feira;16:20:00;SC;470;243;CURITIBANOS;Reação tardia ou ineficiente do condutor;Saída de leito carroçável;Com Vítimas Feridas;Pleno dia;Decrescente;Chuva;Simples;"Rotatória;Curva;Declive;Retorno Regulamentado";Não;2;0;2;0;0;0;2;1;-27,315144;-50,506874;SPRF-SC;DEL05-SC;UOP03-DEL05-SC
581147;14/02/2024;quarta-feira;10:10:00;PR;277;321;GUARAPUAVA;Reação tardia ou ineficiente do condutor;Engavetamento;Sem Vítimas;Pleno dia;Crescente;Nublado;Simples;Reta;Sim;6;0;0;0;6;0;0;3;-25,374295;-51,284036;SPRF-PR;DEL08-PR;UOP01-DEL08-PR
581148;14/02/2024;quarta-feira;16:30:00;MG;40;824,9;SIMAO PEREIRA;Velocidade Incompatível;Colisão com objeto;Com Vítimas Feridas;Pleno dia;Crescente;Nublado;Dupla;Curva;Não;3;0;1;0;2;0;1;1;-21,96689732;-43,29126511;SPRF-MG;DEL05-MG;UOP01-DEL05-MG
581149;14/02/2024;quarta-feira;15:54:00;PR;163;173;LINDOESTE;Acumulo de água sobre o pavimento;Colisão com objeto;Com Vítimas Feridas;Pleno dia;Decrescente;Chuva;Dupla;Reta;Não;1;0;1;0;0;0;1;1;-25,23379293;-53,58962939;SPRF-PR;DEL05-PR;UOP05-DEL05-PR
581150;14/02/2024;quarta-feira;16:32:00;MG;40;783,4;JUIZ DE FORA;Velocidade Incompatível;Saída de leito carroçável;Com Vítimas Feridas;Pleno dia;Decrescente;Chuva;Dupla;"Curva;Declive";Não;1;0;1;0;0;0;1;1;-21,72314505;-43,44135761;SPRF-MG;DEL05-MG;UOP01-DEL05-MG
581151;14/02/2024;quarta-feira;16:20:00;GO;153;509,1;APARECIDA DE GOIANIA;Reação tardia ou ineficiente do condutor;Queda de ocupante de veículo;Com Vítimas Feridas;Pleno dia;Decrescente;Sol;Simples;Reta;Sim;1;0;1;0;0;0;1;1;-16,7888;-49,2379;SPRF-GO;DEL01-GO;UOP03-DEL01-GO
581152;14/02/2024;quarta-feira;17:30:00;BA;116;413,5;FEIRA DE SANTANA;Acesso irregular;Colisão transversal;Com Vítimas Feridas;Pleno dia;Decrescente;Céu Claro;Dupla;"Declive;Curva";Sim;2;0;0;1;1;0;1;2;-12,15091699;-38,96471948;SPRF-BA;DEL02-BA;UOP01-DEL02-BA
581153;14/02/2024;quarta-feira;16:20:00;RS;386;365,9;FAZENDA VILANOVA;Afundamento ou ondulação no pavimento;Tombamento;Com Vítimas Feridas;Pleno dia;Crescente;Céu Claro;Dupla;Curva;Não;1;0;1;0;0;0;1;1;-29,570097;-51,865437;SPRF-RS;DEL04-RS;UOP01-DEL04-RS
581155;14/02/2024;quarta-feira;17:27:00;PB;230;15,1;JOAO PESSOA;Ausência de reação do condutor;Tombamento;Com Vítimas Feridas;Anoitecer;Crescente;Céu Claro;Dupla;Reta;Sim;3;0;2;1;0;0;3;2;-7,098476;-34,847892;SPRF-PB;DEL01-PB;UOP01-DEL01-PB
581156;14/02/2024;quarta-feira;16:20:00;MG;381;589,7;CARMOPOLIS DE MINAS;Velocidade Incompatível;Saída de leito carroçável;Com Vítimas Feridas;Pleno dia;Decrescente;Nublado;Dupla;Curva;Sim;3;0;3;0;0;0;3;1;-20,56175976;-44,66523212;SPRF-MG;DEL04-MG;UOP01-DEL04-MG
581158;14/02/2024;quarta-feira;14:45:00;PR;376;407;TIBAGI;Velocidade Incompatível;Capotamento;Com Vítimas Feridas;Pleno dia;Decrescente;Ignorado;Dupla;Curva;Não;2;0;0;1;1;0;1;1;-24,64521802;-50,62349002;SPRF-PR;DEL03-PR;UOP02-DEL03-PR
581159;14/02/2024;quarta-feira;17:50:00;SP;116;159;SAO JOSE DOS CAMPOS;Reação tardia ou ineficiente do condutor;Engavetamento;Sem Vítimas;Pleno dia;Decrescente;Nublado;Dupla;Reta;Sim;2;0;0;0;2;0;0;2;-23,26585409;-45,95983994;SPRF-SP;DEL02-SP;UOP01-DEL02-SP
581160;14/02/2024;quarta-feira;18:00:00;RN;101;109;PARNAMIRIM;Acumulo de areia ou detritos sobre o pavimento;Queda de ocupante de veículo;Com Vítimas Feridas;Plena Noite;Decrescente;Céu Claro;Dupla;Reta;Sim;1;0;0;1;0;0;1;1;-5,92825102;-35,26465683;SPRF-RN;DEL01-RN;UOP01-DEL01-RN
581161;14/02/2024;quarta-feira;18:00:00;SC;116;9;MAFRA;Reação tardia ou ineficiente do condutor;Colisão traseira;Com Vítimas Feridas;Pleno dia;Decrescente;Garoa/Chuvisco;Simples;Reta;Sim;5;0;2;0;3;0;2;2;-26,16297778;-49,84696715;SPRF-SC;DEL06-SC;UOP01-DEL06-SC
581162;14/02/2024;quarta-feira;16:10:00;PR;376;620;SAO JOSE DOS PINHAIS;Reação tardia ou ineficiente do condutor;Engavetamento;Com Vítimas Feridas;Pleno dia;Decrescente;Chuva;Dupla;Reta;Não;6;0;1;0;5;0;1;3;-25,60925907;-49,17205834;SPRF-PR;DEL01-PR;UOP04-DEL01-PR
581163;14/02/2024;quarta-feira;17:30:00;MG;365;657,3;MONTE ALEGRE DE MINAS;Velocidade Incompatível;Saída de leito carroçável;Com Vítimas Fatais;Anoitecer;Crescente;Chuva;Dupla;"Curva;Declive";Não;3;1;2;0;0;0;2;1;-18,886467;-48,614495;SPRF-MG;DEL15-MG;UOP01-DEL15-MG
581164;14/02/2024;quarta-feira;15:29:00;MG;381;568,5;ITAGUARA;Velocidade Incompatível;Saída de leito carroçável;Com Vítimas Feridas;Pleno dia;Crescente;Nublado;Dupla;Curva;Não;1;0;1;0;0;0;1;1;-20,42649228;-44,54458383;SPRF-MG;DEL04-MG;UOP03-DEL04-MG
581165;14/02/2024;quarta-feira;18:20:00;PR;369;101,9;URAI;Reação tardia ou ineficiente do condutor;Saída de leito carroçável;Sem Vítimas;Anoitecer;Crescente;Garoa/Chuvisco;Dupla;Reta;Não;1;0;0;0;1;0;0;1;-23,2477066;-50,7326833;SPRF-PR;DEL07-PR;UOP05-DEL07-PR
581166;14/02/2024;quarta-feira;17:20:00;GO;60;38;GOIANIA;Ausência de reação do condutor;Colisão traseira;Com Vítimas Feridas;Pleno dia;Crescente;Céu Claro;Dupla;Reta;Sim;2;0;0;1;1;0;1;2;-16,6777;-49,2676;SPRF-GO;DEL01-GO;UOP02-DEL01-GO