id;data_inversa;dia_semana;horario;uf;br;km;municipio;causa_acidente;tipo_acidente;classificacao_acidente;fase_dia;sentido_via;condicao_metereologica;tipo_pista;tracado_via;uso_solo;pessoas;mortos;feridos_leves;feridos_graves;ilesos;ignorados;feridos;veiculos;latitude;longitude;regional;delegacia;uop
581675;17/02/2024;sábado;13:55:00;RJ;116;308;RESENDE;Demais falhas mecânicas ou elétricas;Queda de ocupante de veículo;Com Vítimas Feridas;Pleno dia;Crescente;Céu Claro;Dupla;Reta;Sim;2;0;2;0;0;0;2;1;-22,45783299;-44,418685;SPRF-RJ;DEL07-RJ;UOP02-DEL07-RJ
581677;17/02/2024;sábado;10:45:00;SC;280;151,6;MAFRA;Ausência de reação do condutor;Saída de leito carroçável;Com Vítimas Feridas;Pleno dia;Crescente;Chuva;Simples;Curva;Não;2;0;2;0;0;0;2;1;-26,23049098;-49,70386505;SPRF-SC;DEL06-SC;UOP03-DEL06-SC
581679;17/02/2024;sábado;09:30:00;MG;381;897,8;CAMBUI;Ausência de reação do condutor;Colisão com objeto;Sem Vítimas;Pleno dia;Crescente;Nublado;Dupla;Reta;Sim;4;0;0;0;3;1;0;3;-22,60618652;-46,06027186;SPRF-MG;DEL16-MG;UOP03-DEL16-MG
581683;17/02/2024;sábado;13:30:00;CE;222;43;SAO GONCALO DO AMARANTE;Avarias e/ou desgaste excessivo no pneu;Queda de ocupante de veículo;Com Vítimas Feridas;Pleno dia;Decrescente;Céu Claro;Simples;Reta;Não;1;0;0;1;0;0;1;1;-3,67885144;-38,93266816;SPRF-CE;DEL01-CE;UOP03-DEL01-CE
581684;17/02/2024;sábado;14:10:00;PR;376;137,7;NOVA ESPERANCA;Ausência de reação do condutor;Colisão traseira;Com Vítimas Feridas;Pleno dia;Decrescente;Nublado;Dupla;Reta;Não;5;0;5;0;0;0;5;2;-23,21631106;-52,18536405;SPRF-PR;DEL09-PR;UOP02-DEL09-PR
581688;17/02/2024;sábado;15:23:00;RN;304;287;MACAIBA;Condutor Dormindo;Saída de leito carroçável;Com Vítimas Feridas;Pleno dia;Decrescente;Céu Claro;Dupla;Reta;Não;1;0;0;1;0;0;1;1;-5,8711714;-35,42930088;SPRF-RN;DEL01-RN;UOP02-DEL01-RN
581689;17/02/2024;sábado;14:30:00;CE;116;7;FORTALEZA;Ausência de reação do condutor;Colisão traseira;Com Vítimas Feridas;Pleno dia;Crescente;Sol;Múltipla;Reta;Sim;2;0;1;0;1;0;1;2;-3,81073099;-38,50074867;SPRF-CE;DEL01-CE;UOP02-DEL01-CE
581691;17/02/2024;sábado;16:00:00;GO;414;433;ANAPOLIS;Avarias e/ou desgaste excessivo no pneu;Tombamento;Com Vítimas Feridas;Pleno dia;Crescente;Céu Claro;Simples;Reta;Não;1;0;1;0;0;0;1;1;-16,225345;-48,92535;SPRF-GO;DEL02-GO;UOP01-DEL02-GO
581692;17/02/2024;sábado;14:45:00;RJ;393;279;BARRA DO PIRAI;Conversão proibida;Colisão transversal;Com Vítimas Feridas;Pleno dia;Crescente;Nublado;Simples;Curva;Sim;3;0;1;0;0;2;1;3;-22,47615736;-44,00889998;SPRF-RJ;DEL05-RJ;UOP04-DEL05-RJ
581693;17/02/2024;sábado;14:45:00;RJ;101;577;PARATY;Velocidade Incompatível;Capotamento;Com Vítimas Feridas;Pleno dia;Decrescente;Céu Claro;Simples;Curva;Não;1;0;1;0;0;0;1;1;-23,23072667;-44,72004486;SPRF-RJ;DEL03-RJ;UOP04-DEL03-RJ
581694;17/02/2024;sábado;15:45:00;SC;470;51,4;BLUMENAU;Desrespeitar a preferência no cruzamento;Colisão transversal;Com Vítimas Feridas;Pleno dia;Decrescente;Céu Claro;Dupla;Reta;Sim;3;0;2;0;1;0;2;2;-26,862339;-49,084038;SPRF-SC;DEL04-SC;UOP01-DEL04-SC
581695;17/02/2024;sábado;16:40:00;RS;116;236,1;NOVO HAMBURGO;Desrespeitar a preferência no cruzamento;Colisão lateral mesmo sentido;Com Vítimas Feridas;Pleno dia;Decrescente;Chuva;Dupla;Viaduto;Sim;2;0;1;0;1;0;1;2;-29,66938502;-51,14304731;SPRF-RS;DEL01-RS;UOP02-DEL01-RS
581698;17/02/2024;sábado;08:30:00;MG;262;811;UBERABA;Reação tardia ou ineficiente do condutor;Colisão com objeto;Com Vítimas Feridas;Pleno dia;Crescente;Céu Claro;Simples;"Viaduto;Curva";Não;2;0;1;1;0;0;2;1;-19,76527861;-48,11638905;SPRF-MG;DEL13-MG;UOP01-DEL13-MG
581699;17/02/2024;sábado;16:30:00;DF;20;19;BRASILIA;Acessar a via sem observar a presença dos outros veículos;Colisão traseira;Com Vítimas Feridas;Pleno dia;Crescente;Nublado;Dupla;Declive;Não;6;0;1;0;4;1;1;3;-15,612175;-47,700928;SPRF-DF;DEL02-DF;UOP01-DEL02-DF
581700;17/02/2024;sábado;16:05:00;SC;282;609,8;MARAVILHA;Condutor deixou de manter distância do veículo da frente;Colisão traseira;Com Vítimas Feridas;Pleno dia;Crescente;Sol;Simples;Reta;Não;3;0;0;1;2;0;1;2;-26,761354;-53,221897;SPRF-SC;DEL07-SC;UOP02-DEL07-SC
581702;17/02/2024;sábado;17:00:00;SC;282;22,2;PALHOCA;Ultrapassagem Indevida;Colisão lateral mesmo sentido;Com Vítimas Feridas;Pleno dia;Crescente;Nublado;Simples;Reta;Sim;3;0;0;2;1;0;2;3;-27,688507;-48,72739;SPRF-SC;DEL01-SC;UOP02-DEL01-SC
581704;17/02/2024;sábado;17:16:00;MG;153;32,4;CENTRALINA;Ausência de reação do condutor;Tombamento;Com Vítimas Feridas;Pleno dia;Crescente;Céu Claro;Dupla;Reta;Não;2;0;2;0;0;0;2;2;-18,69533703;-49,14697105;SPRF-MG;DEL15-MG;UOP03-DEL15-MG
581706;17/02/2024;sábado;17:20:00;PB;230;18,6;JOAO PESSOA;Velocidade Incompatível;Tombamento;Com Vítimas Feridas;Anoitecer;Crescente;Nublado;Dupla;Curva;Sim;2;0;2;0;0;0;2;1;-7,1198;-34,8453;SPRF-PB;DEL01-PB;UOP01-DEL01-PB
581707;17/02/2024;sábado;15:50:00;MS;163;267,9;DOURADOS;Condutor deixou de manter distância do veículo da frente;Colisão lateral mesmo sentido;Com Vítimas Feridas;Pleno dia;Crescente;Sol;Dupla;Rotatória;Não;2;0;1;0;1;0;1;2;-22,21242493;-54,71536905;SPRF-MS;DEL04-MS;UOP01-DEL04-MS
581708;17/02/2024;sábado;08:55:00;RO;429;122;ALVORADA DOESTE;Transitar na contramão;Colisão lateral sentido oposto;Com Vítimas Feridas;Pleno dia;Crescente;Céu Claro;Simples;Reta;Não;3;0;1;1;1;0;2;2;-11,51139077;-62,48962;SPRF-RO;DEL02-RO;UOP03-DEL02-RO
581709;17/02/2024;sábado;17:45:00;DF;60;19;BRASILIA;Acumulo de água sobre o pavimento;Queda de ocupante de veículo;Com Vítimas Feridas;Pleno dia;Decrescente;Nublado;Dupla;Reta;Sim;2;0;1;0;0;1;1;2;-15,974583;-48,189411;SPRF-DF;DEL03-DF;UOP01-DEL03-DF
581710;17/02/2024;sábado;17:40:00;RS;116;257,7;ESTEIO;Demais falhas mecânicas ou elétricas;Tombamento;Com Vítimas Feridas;Pleno dia;Crescente;Garoa/Chuvisco;Dupla;Reta;Sim;1;0;1;0;0;0;1;1;-29,85262195;-51,17968329;SPRF-RS;DEL01-RS;UOP02-DEL01-RS
581712;17/02/2024;sábado;17:20:00;SP;116;294;ITAPECERICA DA SERRA;Acessar a via sem observar a presença dos outros veículos;Atropelamento de Pedestre;Com Vítimas Feridas;Anoitecer;Decrescente;Nublado;Dupla;Reta;Sim;2;0;0;1;1;0;1;2;-23,76154691;-46,90483412;SPRF-SP;DEL04-SP;UOP01-DEL04-SP
581713;17/02/2024;sábado;15:35:00;GO;80;122;BARRO ALTO;Velocidade Incompatível;Saída de leito carroçável;Com Vítimas Feridas;Pleno dia;Crescente;Chuva;Simples;Curva;Não;1;0;1;0;0;0;1;1;-15,050526;-48,885943;SPRF-GO;DEL07-GO;UOP02-DEL07-GO
581714;17/02/2024;sábado;18:00:00;SC;101;42;JOINVILLE;Condutor deixou de manter distância do veículo da frente;Colisão traseira;Com Vítimas Feridas;Pleno dia;Decrescente;Nublado;Dupla;Reta;Não;4;0;1;0;3;0;1;2;-26,29251598;-48,88474385;SPRF-SC;DEL03-SC;UOP01-DEL03-SC
581715;17/02/2024;sábado;13:40:00;PI;230;195;OEIRAS;Acessar a via sem observar a presença dos outros veículos;Colisão transversal;Com Vítimas Feridas;Pleno dia;Crescente;Céu Claro;Simples;Curva;Sim;2;0;1;0;1;0;1;2;-6,99904236;-42,1126988;SPRF-PI;DEL04-PI;UOP01-DEL04-PI
581716;17/02/2024;sábado;18:20:00;PE;101;48,5;ABREU E LIMA;Reação tardia ou ineficiente do condutor;Colisão traseira;Com Vítimas Feridas;Plena Noite;Crescente;Céu Claro;Múltipla;Reta;Sim;3;0;0;1;2;0;1;2;-7,89174705;-34,9033493;SPRF-PE;DEL01-PE;UOP02-DEL01-PE
581717;17/02/2024;sábado;16:10:00;SP;381;69;MAIRIPORA;Reação tardia ou ineficiente do condutor;Colisão com objeto;Com Vítimas Feridas;Pleno dia;Decrescente;Nublado;Dupla;"Curva;Aclive";Não;2;0;0;2;0;0;2;1;-23,34553108;-46,56787903;SPRF-SP;DEL03-SP;UOP01-DEL03-SP
581718;17/02/2024;sábado;18:45:00;MG;381;493,8;BETIM;Demais falhas mecânicas ou elétricas;Tombamento;Com Vítimas Feridas;Anoitecer;Crescente;Nublado;Múltipla;Reta;Sim;2;0;2;0;0;0;2;1;-19,96550362;-44,17600393;SPRF-MG;DEL01-MG;UOP03-DEL01-MG
581720;17/02/2024;sábado;18:50:00;SC;280;30;ARAQUARI;Ultrapassagem Indevida;Tombamento;Com Vítimas Feridas;Anoitecer;Decrescente;Nublado;Simples;Reta;Sim;1;0;1;0;0;0;1;1;-26,4141523;-48,76209493;SPRF-SC;DEL03-SC;UOP03-DEL03-SC
581722;17/02/2024;sábado;17:42:00;CE;222;89;UMIRIM;Acessar a via sem observar a presença dos outros veículos;Colisão frontal;Com Vítimas Feridas;Pleno dia;Decrescente;Céu Claro;Simples;Curva;Sim;2;0;1;0;1;0;1;2;-3,67541618;-39,33870394;SPRF-CE;DEL04-CE;UOP03-DEL04-CE
581723;17/02/2024;sábado;18:45:00;MG;116;704,1;MURIAE;Reação tardia ou ineficiente do condutor;Engavetamento;Com Vítimas Feridas;Plena Noite;Decrescente;Nublado;Simples;Reta;Sim;4;0;1;0;3;0;1;2;-21,13416858;-42,38722798;SPRF-MG;DEL07-MG;UOP02-DEL07-MG
581724;17/02/2024;sábado;16:30:00;PR;376;415;PONTA GROSSA;Ausência de reação do condutor;Capotamento;Com Vítimas Feridas;Pleno dia;Decrescente;Céu Claro;Dupla;Reta;Não;4;0;2;0;2;0;2;1;-25,252405;-50,016975;SPRF-PR;DEL03-PR;UOP02-DEL03-PR
581726;17/02/2024;sábado;19:45:00;CE;116;3;FORTALEZA;Ausência de reação do condutor;Colisão com objeto;Com Vítimas Feridas;Plena Noite;Decrescente;Céu Claro;Múltipla;Viaduto;Sim;1;0;0;1;0;0;1;1;-3,77866493;-38,51490171;SPRF-CE;DEL01-CE;UOP02-DEL01-CE
581727;17/02/2024;sábado;18:00:00;MG;116;459,8;ENGENHEIRO CALDAS;Velocidade Incompatível;Saída de leito carroçável;Com Vítimas Fatais;Anoitecer;Decrescente;Nublado;Simples;Reta;Não;1;1;0;0;0;0;0;1;-19,22520501;-42,05823777;SPRF-MG;DEL06-MG;UOP02-DEL06-MG
581728;17/02/2024;sábado;20:00:00;MG;381;428;CAETE;Velocidade Incompatível;Colisão com objeto;Com Vítimas Feridas;Plena Noite;Crescente;Nublado;Dupla;Curva;Não;2;0;2;0;0;0;2;1;-19,78885371;-43,70613892;SPRF-MG;DEL01-MG;UOP01-DEL01-MG
581729;17/02/2024;sábado;18:50:00;RN;101;12;TOUROS;Animais na Pista;Atropelamento de Animal;Com Vítimas Feridas;Plena Noite;Crescente;Nublado;Simples;Reta;Não;1;0;1;0;0;0;1;1;-5,250035;-35,480935;SPRF-RN;DEL02-RN;UOP01-DEL02-RN
581730;17/02/2024;sábado;18:05:00;PR;153;25;JACAREZINHO;Objeto estático sobre o leito carroçável;Saída de leito carroçável;Com Vítimas Feridas;Pleno dia;Decrescente;Céu Claro;Simples;Reta;Não;1;0;1;0;0;0;1;1;-23,19178786;-49,98571648;SPRF-PR;DEL07-PR;UOP04-DEL07-PR
581731;17/02/2024;sábado;20:40:00;RJ;116;300;PORTO REAL;Velocidade Incompatível;Colisão traseira;Com Vítimas Feridas;Plena Noite;Crescente;Nublado;Dupla;"Viaduto;Reta";Não;3;0;2;0;1;0;2;2;-22,45223481;-44,35432502;SPRF-RJ;DEL07-RJ;UOP02-DEL07-RJ
581732;17/02/2024;sábado;19:15:00;MG;365;0,9;MONTES CLAROS;Ausência de reação do condutor;Colisão traseira;Com Vítimas Fatais;Plena Noite;Crescente;Céu Claro;Simples;"Reta;Declive";Sim;2;1;0;0;0;1;0;2;-16,716154;-43,863327;SPRF-MG;DEL12-MG;UOP01-DEL12-MG
581733;17/02/2024;sábado;20:35:00;PE;101;62,9;RECIFE;Manobra de mudança de faixa;Colisão lateral mesmo sentido;Com Vítimas Feridas;Plena Noite;Crescente;Céu Claro;Dupla;Reta;Sim;3;0;2;0;1;0;2;2;-8,00742918;-34,93785381;SPRF-PE;DEL01-PE;UOP02-DEL01-PE
581734;17/02/2024;sábado;19:32:00;RO;435;122,4;CEREJEIRAS;Desrespeitar a preferência no cruzamento;Colisão transversal;Sem Vítimas;Plena Noite;Crescente;Céu Claro;Dupla;Reta;Sim;2;0;0;0;2;0;0;2;-13,18775891;-60,79986605;SPRF-RO;DEL04-RO;UOP02-DEL04-RO
581735;16/01/2024;terça-feira;08:20:00;SP;153;74;SAO JOSE DO RIO PRETO;Reação tardia ou ineficiente do condutor;Engavetamento;Com Vítimas Feridas;Pleno dia;Decrescente;Céu Claro;Dupla;Reta;Não;4;0;2;0;2;0;2;4;-20,88538598;-49,42676402;SPRF-SP;DEL09-SP;UOP01-DEL09-SP
581736;17/02/2024;sábado;19:20:00;BA;116;11;VITORIA DA CONQUISTA;Acessar a via sem observar a presença dos outros veículos;Colisão transversal;Com Vítimas Feridas;Plena Noite;Decrescente;Nublado;Simples;Interseção de Vias;Sim;3;0;0;1;2;0;1;2;-14,873228;-40,871331;SPRF-PE;DEL05-PE;UOP03-DEL05-PE
581737;17/02/2024;sábado;19:45:00;MA;135;6;SAO LUIS;Ingestão de álcool pelo condutor;Atropelamento de Pedestre;Com Vítimas Feridas;Plena Noite;Decrescente;Céu Claro;Dupla;Reta;Sim;2;0;1;0;1;0;1;2;-2,62877986;-44,26321818;SPRF-MA;DEL01-MA;UOP01-DEL01-MA
581740;17/02/2024;sábado;20:57:00;DF;70;11;BRASILIA;Ausência de reação do condutor;Saída de leito carroçável;Com Vítimas Feridas;Plena Noite;Crescente;Céu Claro;Dupla;Reta;Sim;1;0;1;0;0;0;1;1;-15,789762;-48,148727;SPRF-DF;DEL03-DF;UOP02-DEL03-DF
581741;17/02/2024;sábado;19:30:00;SC;470;138;RIO DO SUL;Acessar a via sem observar a presença dos outros veículos;Colisão transversal;Com Vítimas Feridas;Anoitecer;Decrescente;Garoa/Chuvisco;Simples;Interseção de Vias;Sim;4;0;2;0;2;0;2;2;-27,207214;-49,648476;SPRF-SC;DEL04-SC;UOP02-DEL04-SC
581742;17/02/2024;sábado;20:30:00;PE;428;11,5;CABROBO;Ausência de reação do condutor;Colisão traseira;Com Vítimas Feridas;Plena Noite;Crescente;Céu Claro;Simples;Reta;Sim;2;0;0;1;1;0;1;2;-8,5063914;-39,3161128;SPRF-PE;DEL05-PE;UOP03-DEL05-PE
581743;17/02/2024;sábado;19:40:00;SC;285;50,3;TIMBE DO SUL;Velocidade Incompatível;Colisão com objeto;Com Vítimas Feridas;Plena Noite;Decrescente;Céu Claro;Simples;"Declive;Curva";Não;1;0;1;0;0;0;1;1;-28,806377;-49,934865;SPRF-SC;DEL02-SC;UOP02-DEL02-SC
581744;17/02/2024;sábado;17:45:00;RJ;101;175;MACAE;Transitar na contramão;Colisão lateral sentido oposto;Com Vítimas Feridas;Pleno dia;Decrescente;Céu Claro;Simples;Curva;Não;6;0;4;0;2;0;4;3;-22,37846293;-41,96901206;SPRF-RJ;DEL08-RJ;UOP04-DEL08-RJ
581746;17/02/2024;sábado;20:47:00;RJ;116;188;NOVA IGUACU;Demais falhas mecânicas ou elétricas;Tombamento;Com Vítimas Feridas;Plena Noite;Crescente;Céu Claro;Dupla;Reta;Não;5;0;2;0;3;0;2;4;-22,7380709;-43,48213999;SPRF-RJ;DEL06-RJ;UOP01-DEL06-RJ
581747;17/02/2024;sábado;20:00:00;GO;60;127;GOIANAPOLIS;Ausência de reação do condutor;Capotamento;Com Vítimas Feridas;Plena Noite;Decrescente;Chuva;Dupla;"Declive;Curva";Não;1;0;1;0;0;0;1;1;-16,5412;-49,1495;SPRF-GO;DEL01-GO;UOP01-DEL01-GO
581748;17/02/2024;sábado;21:25:00;PE;232;8,5;RECIFE;Reação tardia ou ineficiente do condutor;Saída de leito carroçável;Sem Vítimas;Plena Noite;Decrescente;Céu Claro;Dupla;"Declive;Em Obras";Sim;1;0;0;0;0;1;0;1;-8,077007;-34,974409;SPRF-PE;DEL01-PE;UOP01-DEL01-PE
581749;17/02/2024;sábado;18:00:00;MG;262;561,2;CORREGO DANTA;Acessar a via sem observar a presença dos outros veículos;Colisão frontal;Com Vítimas Feridas;Anoitecer;Decrescente;Chuva;Simples;Reta;Não;4;0;1;2;1;0;3;2;-19,74235817;-45,94580685;SPRF-MG;DEL08-MG;UOP02-DEL08-MG
581750;17/02/2024;sábado;21:45:00;SC;282;207;LAGES;Acesso irregular;Saída de leito carroçável;Sem Vítimas;Plena Noite;Crescente;Nublado;Simples;Declive;Não;1;0;0;0;1;0;0;1;-27,773464;-50,202095;SPRF-SC;DEL05-SC;UOP01-DEL05-SC
581751;17/02/2024;sábado;20:45:00;SC;280;25,3;ARAQUARI;Ingestão de álcool pelo condutor;Tombamento;Com Vítimas Feridas;Plena Noite;Crescente;Nublado;Simples;Reta;Sim;1;0;1;0;0;0;1;1;-26,38352781;-48,72677516;SPRF-SC;DEL03-SC;UOP03-DEL03-SC
581753;17/02/2024;sábado;18:30:00;BA;110;238;OLINDINA;Acumulo de água sobre o pavimento;Colisão frontal;Com Vítimas Feridas;Plena Noite;Decrescente;Chuva;Simples;Reta;Não;19;0;0;1;18;0;1;2;-11,356341;-38,334884;SPRF-BA;DEL07-BA;UOP02-DEL07-BA
581755;17/02/2024;sábado;20:45:00;PR;116;70;CAMPINA GRANDE DO SUL;Ausência de reação do condutor;Saída de leito carroçável;Com Vítimas Feridas;Plena Noite;Decrescente;Nublado;Dupla;Reta;Não;1;0;1;0;0;0;1;1;-25,33849717;-49,03792883;SPRF-PR;DEL01-PR;UOP02-DEL01-PR
581756;17/02/2024;sábado;20:00:00;RS;285;590;BOSSOROCA;Ingestão de álcool pelo condutor;Colisão lateral sentido oposto;Com Vítimas Feridas;Plena Noite;Crescente;Nublado;Simples;Reta;Não;3;0;0;1;2;0;1;2;-28,477087;-55,183197;SPRF-RS;DEL12-RS;UOP01-DEL12-RS
581760;17/02/2024;sábado;21:20:00;PI;316;350,9;CAMPO GRANDE DO PIAUI;Animais na Pista;Atropelamento de Animal;Com Vítimas Feridas;Plena Noite;Decrescente;Céu Claro;Simples;Reta;Não;2;0;0;2;0;0;2;1;-7,12347967;-41,11935696;SPRF-PI;DEL04-PI;UOP03-DEL04-PI
581761;17/02/2024;sábado;23:00:00;AL;316;148;PALMEIRA DOS INDIOS;Ingestão de álcool pelo condutor;Queda de ocupante de veículo;Com Vítimas Feridas;Plena Noite;Decrescente;Céu Claro;Simples;Reta;Não;1;0;0;1;0;0;1;1;-9,40718239;-36,68829724;SPRF-AL;DEL03-AL;UOP01-DEL03-AL
581762;17/02/2024;sábado;22:20:00;CE;116;168,2;RUSSAS;Acessar a via sem observar a presença dos outros veículos;Colisão lateral mesmo sentido;Com Vítimas Feridas;Plena Noite;Crescente;Céu Claro;Simples;"Reta;Em Obras";Não;2;0;1;1;0;0;2;2;-4,97562655;-38,01382028;SPRF-CE;DEL03-CE;UOP01-DEL03-CE
581763;17/02/2024;sábado;22:30:00;RS;116;240,1;NOVO HAMBURGO;Ingestão de álcool pelo condutor;Saída de leito carroçável;Com Vítimas Feridas;Plena Noite;Decrescente;Céu Claro;Dupla;"Em Obras;Aclive";Sim;3;0;0;2;0;1;2;1;-29,70496497;-51,14676523;SPRF-RS;DEL01-RS;UOP02-DEL01-RS
581767;17/02/2024;sábado;19:40:00;BA;30;901;MARAU;Pista esburacada;Colisão frontal;Com Vítimas Fatais;Plena Noite;Crescente;Ignorado;Simples;Reta;Não;2;1;0;1;0;0;1;2;-14,04455949;-38,95535454;SPRF-BA;DEL05-BA;UOP01-DEL05-BA
581768;17/02/2024;sábado;23:00:00;PR;376;5,5;MANDAGUARI;Ausência de reação do condutor;Colisão com objeto;Com Vítimas Feridas;Plena Noite;Crescente;Céu Claro;Simples;Reta;Sim;1;0;0;1;0;0;1;1;-23,547966;-51,671265;SPRF-PR;DEL03-PR;UOP03-DEL03-PR
581771;17/02/2024;sábado;23:00:00;PR;153;106,3;IBAITI;Acesso irregular;Queda de ocupante de veículo;Sem Vítimas;Plena Noite;Crescente;Nublado;Simples;"Reta;Interseção de Vias";Sim;2;0;0;0;2;0;0;2;-23,82508711;-50,18502653;SPRF-PR;DEL07-PR;UOP04-DEL07-PR
581774;17/02/2024;sábado;23:40:00;SC;163;76,5;SAO MIGUEL DO OESTE;Ingestão de álcool pelo condutor;Tombamento;Com Vítimas Feridas;Plena Noite;Decrescente;Céu Claro;Simples;Retorno Regulamentado;Não;1;0;1;0;0;0;1;1;-26,67822362;-53,51556838;SPRF-SC;DEL07-SC;UOP03-DEL07-SC
581775;17/02/2024;sábado;20:20:00;PA;153;124;SAO GERALDO DO ARAGUAIA;Transitar na contramão;Colisão frontal;Com Vítimas Fatais;Plena Noite;Crescente;Céu Claro;Simples;Curva;Não;2;1;0;0;1;0;0;2;-6,175991;-48,595367;SPRF-PA;DEL03-PA;UOP01-DEL03-PA
581776;18/02/2024;domingo;00:30:00;AL;101;58;MESSIAS;Ingestão de álcool pelo condutor;Colisão lateral sentido oposto;Com Vítimas Feridas;Plena Noite;Decrescente;Céu Claro;Dupla;Reta;Não;2;0;0;1;0;1;1;2;-9,27933304;-35,79839595;SPRF-AL;DEL01-AL;UOP02-DEL01-AL
581780;17/02/2024;sábado;22:20:00;MG;365;148;PIRAPORA;Ultrapassagem Indevida;Colisão frontal;Com Vítimas Fatais;Plena Noite;Decrescente;Nublado;Simples;Reta;Não;4;1;1;1;1;0;2;2;-17,2736065;-44,86318856;SPRF-MG;DEL10-MG;UOP02-DEL010-MG
581781;18/02/2024;domingo;00:15:00;BA;110;177;RIBEIRA DO POMBAL;Ausência de reação do condutor;Colisão traseira;Com Vítimas Feridas;Plena Noite;Crescente;Chuva;Simples;Reta;Sim;4;0;0;2;2;0;2;2;-10,887348;-38,52479999;SPRF-BA;DEL07-BA;UOP02-DEL07-BA
581782;17/02/2024;sábado;19:30:00;PI;316;14;TERESINA;Ingestão de álcool pelo condutor;Colisão com objeto;Com Vítimas Feridas;Plena Noite;Crescente;Garoa/Chuvisco;Dupla;Reta;Não;2;0;1;0;1;0;1;1;-5,21847177;-42,75266826;SPRF-PI;DEL01-PI;UOP02-DEL01-PI
581783;18/02/2024;domingo;01:30:00;RN;304;37;MOSSORO;Ingestão de álcool pelo condutor;Queda de ocupante de veículo;Com Vítimas Feridas;Plena Noite;Crescente;Céu Claro;Dupla;"Viaduto;Declive";Sim;1;0;0;1;0;0;1;1;-5,17455933;-37,36227171;SPRF-RN;DEL04-RN;UOP02-DEL04-RN
581785;17/02/2024;sábado;23:28:00;MT;163;668;LUCAS DO RIO VERDE;Reação tardia ou ineficiente do condutor;Saída de leito carroçável;Com Vítimas Feridas;Plena Noite;Decrescente;Ignorado;Simples;Reta;Não;1;0;1;0;0;0;1;1;-13,3396959;-56,05511323;SPRF-MT;DEL06-MT;UOP01-DEL06-MT
581786;18/02/2024;domingo;01:40:00;SP;116;224;SAO PAULO;Ingestão de álcool pelo condutor;Colisão com objeto;Sem Vítimas;Plena Noite;Decrescente;Nublado;Múltipla;Reta;Sim;2;0;0;0;1;1;0;1;-23,48071896;-46,53271603;SPRF-SP;DEL01-SP;UOP01-DEL01-SP
581790;18/02/2024;domingo;02:00:00;RJ;116;108;GUAPIMIRIM;Demais falhas mecânicas ou elétricas;Saída de leito carroçável;Sem Vítimas;Pleno dia;Crescente;Céu Claro;Dupla;Curva;Não;1;0;0;0;1;0;0;1;-22,535843;-42,99125;SPRF-RJ;DEL04-RJ;UOP01-DEL04-RJ
581792;18/02/2024;domingo;02:40:00;PR;376;186,1;MARIALVA;Animais na Pista;Atropelamento de Animal;Com Vítimas Feridas;Plena Noite;Crescente;Nublado;Dupla;"Aclive;Reta";Não;1;0;1;0;0;0;1;1;-23,454104;-51,849346;SPRF-PR;DEL09-PR;UOP01-DEL09-PR
581793;18/02/2024;domingo;03:20:00;SC;470;34,9;GASPAR;Velocidade Incompatível;Colisão com objeto;Sem Vítimas;Plena Noite;Decrescente;Céu Claro;Dupla;"Em Obras;Reta";Não;1;0;0;0;0;1;0;1;-26,91302004;-48,9599061;SPRF-SC;DEL04-SC;UOP01-DEL04-SC
581794;18/02/2024;domingo;03:30:00;SC;101;294,3;IMBITUBA;Pedestre andava na pista;Atropelamento de Pedestre;Com Vítimas Feridas;Plena Noite;Crescente;Chuva;Simples;Reta;Não;5;0;1;1;2;1;2;3;-28,2913726;-48,709656;SPRF-SC;DEL02-SC;UOP03-DEL02-SC
581795;18/02/2024;domingo;01:45:00;PE;316;57,8;TRINDADE;Manobra de mudança de faixa;Colisão lateral sentido oposto;Com Vítimas Feridas;Plena Noite;Crescente;Nublado;Simples;Reta;Sim;4;0;0;1;3;0;1;2;-7,74765771;-40,2710428;SPRF-PE;DEL05-PE;UOP02-DEL05-PE
581796;18/02/2024;domingo;01:20:00;RJ;493;6;ITABORAI;Ausência de reação do condutor;Queda de ocupante de veículo;Com Vítimas Feridas;Plena Noite;Decrescente;Céu Claro;Dupla;Reta;Sim;1;0;1;0;0;0;1;1;-22,73124198;-42,95145305;SPRF-RJ;DEL02-RJ;UOP02-DEL02-RJ
581797;18/02/2024;domingo;05:15:00;SC;101;427,9;SOMBRIO;Condutor deixou de manter distância do veículo da frente;Colisão traseira;Com Vítimas Feridas;Amanhecer;Crescente;Garoa/Chuvisco;Múltipla;Reta;Não;4;0;2;0;1;1;2;2;-29,045754;-49,616932;SPRF-SC;DEL02-SC;UOP02-DEL02-SC
581799;18/02/2024;domingo;04:45:00;RS;116;266,9;CANOAS;Velocidade Incompatível;Colisão traseira;Sem Vítimas;Amanhecer;Decrescente;Céu Claro;Dupla;Reta;Sim;2;0;0;0;2;0;0;1;-29,93242399;-51,17742077;SPRF-RS;DEL01-RS;UOP01-DEL01-RS
581800;18/02/2024;domingo;05:00:00;SC;101;195;BIGUACU;Ausência de reação do condutor;Colisão com objeto;Sem Vítimas;Amanhecer;Decrescente;Nublado;Dupla;"Reta;Declive";Sim;1;0;0;0;0;1;0;1;-27,5047092;-48,65010819;SPRF-SC;DEL01-SC;UOP01-DEL01-SC