id;data_inversa;dia_semana;horario;uf;br;km;municipio;causa_acidente;tipo_acidente;classificacao_acidente;fase_dia;sentido_via;condicao_metereologica;tipo_pista;tracado_via;uso_solo;pessoas;mortos;feridos_leves;feridos_graves;ilesos;ignorados;feridos;veiculos;latitude;longitude;regional;delegacia;uop
582070;19/02/2024;segunda-feira;14:45:00;MG;251;509,5;FRANCISCO SA;Transitar na contramão;Colisão frontal;Com Vítimas Feridas;Pleno dia;Decrescente;Nublado;Simples;"Aclive;Reta";Não;29;0;0;1;28;0;1;2;-16,64971316;-43,71299785;SPRF-MG;DEL12-MG;UOP01-DEL12-MG
582073;19/02/2024;segunda-feira;15:40:00;SP;101;46;UBATUBA;Velocidade Incompatível;Colisão lateral mesmo sentido;Com Vítimas Feridas;Pleno dia;Decrescente;Céu Claro;Simples;Reta;Sim;2;0;1;0;1;0;1;2;-23,42403383;-45,07492113;SPRF-SP;DEL06-SP;UOP01-DEL06-SP
582074;19/02/2024;segunda-feira;14:15:00;SP;153;87,8;MIRASSOL;Condutor deixou de manter distância do veículo da frente;Colisão traseira;Com Vítimas Feridas;Pleno dia;Decrescente;Chuva;Simples;"Aclive;Reta;Em Obras";Não;2;0;1;0;1;0;1;2;-20,94498178;-49,53459612;SPRF-SP;DEL09-SP;UOP01-DEL09-SP
582075;08/02/2024;quinta-feira;06:45:00;BA;101;224,6;CONCEICAO DO ALMEIDA;Transitar no Acostamento;Colisão frontal;Sem Vítimas;Pleno dia;Crescente;Céu Claro;Simples;Reta;Não;2;0;0;0;0;2;0;2;-12,78435291;-39,18869531;SPRF-BA;DEL01-BA;UOP02-DEL01-BA
582076;19/02/2024;segunda-feira;12:50:00;MT;174;520;COMODORO;Avarias e/ou desgaste excessivo no pneu;Saída de leito carroçável;Com Vítimas Feridas;Pleno dia;Decrescente;Céu Claro;Simples;Reta;Não;3;0;2;0;0;1;2;2;-13,36325973;-59,86695251;SPRF-MT;DEL04-MT;UOP02-DEL04-MT
582077;17/02/2024;sábado;23:15:00;SC;470;12;NAVEGANTES;Acumulo de água sobre o pavimento;Saída de leito carroçável;Com Vítimas Feridas;Plena Noite;Crescente;Chuva;Dupla;Reta;Não;3;0;3;0;0;0;3;1;-26,835169;-48,757267;SPRF-SC;DEL04-SC;UOP04-DEL04-SC
582078;15/01/2024;segunda-feira;07:10:00;SC;280;82;CORUPA;Acessar a via sem observar a presença dos outros veículos;Colisão lateral sentido oposto;Com Vítimas Feridas;Amanhecer;Crescente;Céu Claro;Simples;Reta;Não;3;0;1;0;2;0;1;3;-26,44009491;-49,22605498;SPRF-SC;DEL06-SC;UOP03-DEL06-SC
582080;19/02/2024;segunda-feira;14:20:00;SC;470;52,3;BLUMENAU;Desrespeitar a preferência no cruzamento;Colisão transversal;Com Vítimas Feridas;Pleno dia;Decrescente;Sol;Simples;Retorno Regulamentado;Sim;3;0;2;0;1;0;2;2;-26,86616821;-49,1003412;SPRF-SC;DEL04-SC;UOP01-DEL04-SC
582081;13/01/2024;sábado;06:00:00;PI;343;0,9;TERESINA;Retorno proibido;Colisão traseira;Sem Vítimas;Amanhecer;Crescente;Nublado;Dupla;"Reta;Retorno Regulamentado;Aclive";Sim;3;0;0;0;3;0;0;3;-5,080156;-42,757565;SPRF-PI;DEL05-PI;UOP01-DEL05-PI
582083;19/02/2024;segunda-feira;12:30:00;MG;381;528;BRUMADINHO;Reação tardia ou ineficiente do condutor;Colisão com objeto;Com Vítimas Feridas;Pleno dia;Decrescente;Nublado;Dupla;Curva;Não;5;0;1;1;3;0;2;1;-20,17327539;-44,37545454;SPRF-MG;DEL04-MG;UOP03-DEL04-MG
582084;19/02/2024;segunda-feira;16:00:00;MG;381;481,8;CONTAGEM;Reação tardia ou ineficiente do condutor;Engavetamento;Com Vítimas Feridas;Pleno dia;Crescente;Garoa/Chuvisco;Múltipla;Reta;Não;5;0;2;0;3;0;2;3;-19,95896803;-44,06990129;SPRF-MG;DEL01-MG;UOP03-DEL01-MG
582085;19/02/2024;segunda-feira;16:00:00;RS;471;587,4;SANTA VITORIA DO PALMAR;Manobra de mudança de faixa;Colisão frontal;Com Vítimas Feridas;Pleno dia;Crescente;Nublado;Simples;Reta;Não;6;0;2;0;3;1;2;3;-33,099941;-52,914959;SPRF-RS;DEL07-RS;UOP04-DEL07-RS
582086;19/02/2024;segunda-feira;16:30:00;RS;290;93;PORTO ALEGRE;Manobra de mudança de faixa;Colisão lateral mesmo sentido;Com Vítimas Feridas;Pleno dia;Decrescente;Céu Claro;Múltipla;Reta;Sim;2;0;1;0;1;0;1;2;-29,970839;-51,187725;SPRF-RS;DEL01-RS;UOP01-DEL01-RS
582087;19/02/2024;segunda-feira;12:15:00;PR;277;361,7;GUARAPUAVA;Reação tardia ou ineficiente do condutor;Colisão frontal;Com Vítimas Fatais;Pleno dia;Crescente;Garoa/Chuvisco;Simples;Reta;Não;7;1;1;5;0;0;6;3;-25,439285;-51,62458;SPRF-PR;DEL08-PR;UOP01-DEL08-PR
582088;19/02/2024;segunda-feira;16:20:00;SC;101;204,7;SAO JOSE;Condutor deixou de manter distância do veículo da frente;Colisão lateral mesmo sentido;Com Vítimas Feridas;Pleno dia;Decrescente;Céu Claro;Múltipla;Reta;Sim;2;0;1;0;1;0;1;2;-27,58039713;-48,61405134;SPRF-SC;DEL01-SC;UOP01-DEL01-SC
582090;19/02/2024;segunda-feira;16:10:00;MT;70;8;BARRA DO GARCAS;Área urbana sem a presença de local apropriado para a travessia de pedestres;Atropelamento de Pedestre;Com Vítimas Feridas;Pleno dia;Crescente;Nublado;Simples;Reta;Não;2;0;1;0;1;0;1;2;-15,87825854;-52,325823;SPRF-MT;DEL07-MT;UOP01-DEL07-MT
582091;19/02/2024;segunda-feira;16:20:00;RJ;116;181;NOVA IGUACU;Ausência de reação do condutor;Colisão traseira;Com Vítimas Feridas;Pleno dia;Crescente;Sol;Múltipla;"Aclive;Reta";Não;2;0;1;0;1;0;1;2;-22,761312;-43,423492;SPRF-RJ;DEL06-RJ;UOP01-DEL06-RJ
582092;19/02/2024;segunda-feira;17:00:00;PR;277;7,5;PARANAGUA;Reação tardia ou ineficiente do condutor;Colisão traseira;Com Vítimas Feridas;Pleno dia;Crescente;Céu Claro;Dupla;Rotatória;Sim;2;0;1;0;1;0;1;2;-25,568198;-48,615292;SPRF-PR;DEL01-PR;UOP05-DEL01-PR
582094;19/02/2024;segunda-feira;12:20:00;MG;365;376,9;PATOS DE MINAS;Chuva;Colisão frontal;Com Vítimas Fatais;Pleno dia;Crescente;Chuva;Simples;Reta;Não;4;2;1;1;0;0;2;2;-18,54013425;-46,18821401;SPRF-MG;DEL10-MG;UOP01-DEL10-MG
582095;19/02/2024;segunda-feira;13:30:00;MG;40;694,9;ALFREDO VASCONCELOS;Demais falhas mecânicas ou elétricas;Incêndio;Sem Vítimas;Pleno dia;Crescente;Nublado;Simples;Curva;Não;1;0;0;0;1;0;0;1;-21,163649;-43,759724;SPRF-MG;DEL05-MG;UOP02-DEL05-MG
582096;07/02/2024;quarta-feira;09:30:00;SP;116;219;GUARULHOS;Reação tardia ou ineficiente do condutor;Colisão lateral mesmo sentido;Com Vítimas Feridas;Pleno dia;Crescente;Céu Claro;Múltipla;Reta;Sim;3;0;1;0;2;0;1;3;-23,46143954;-46,48885316;SPRF-SP;DEL01-SP;UOP01-DEL01-SP
582099;19/02/2024;segunda-feira;17:45:00;PE;428;189;PETROLINA;Condutor deixou de manter distância do veículo da frente;Colisão lateral mesmo sentido;Com Vítimas Feridas;Anoitecer;Crescente;Nublado;Dupla;Reta;Sim;3;0;2;0;0;1;2;2;-9,37666155;-40,49815357;SPRF-PE;DEL06-PE;UOP01-DEL06-PE
582100;19/02/2024;segunda-feira;16:20:00;RS;290;81;GRAVATAI;Velocidade Incompatível;Saída de leito carroçável;Com Vítimas Feridas;Pleno dia;Crescente;Céu Claro;Simples;Curva;Não;1;0;1;0;0;0;1;1;-29,954445;-51,06881;SPRF-RS;DEL01-RS;UOP01-DEL01-RS
582102;19/02/2024;segunda-feira;17:20:00;SP;101;50;UBATUBA;Reação tardia ou ineficiente do condutor;Colisão lateral mesmo sentido;Com Vítimas Feridas;Pleno dia;Decrescente;Nublado;Simples;Reta;Sim;2;0;2;0;0;0;2;2;-23,45018939;-45,07743735;SPRF-SP;DEL06-SP;UOP01-DEL06-SP
582103;19/02/2024;segunda-feira;17:45:00;PR;376;5,3;MARINGA;Pista Escorregadia;Saída de leito carroçável;Com Vítimas Feridas;Pleno dia;Crescente;Chuva;Dupla;Declive;Não;4;0;2;1;1;0;3;2;-23,38035298;-51,95200682;SPRF-PR;DEL09-PR;UOP01-DEL09-PR
582106;19/02/2024;segunda-feira;18:30:00;PR;376;178,5;MARINGA;Pista Escorregadia;Tombamento;Com Vítimas Feridas;Pleno dia;Decrescente;Nublado;Dupla;Interseção de Vias;Sim;2;0;1;0;1;0;1;2;-23,4192146;-51,91293985;SPRF-PR;DEL09-PR;UOP01-DEL09-PR
582107;19/02/2024;segunda-feira;18:00:00;PE;101;49;IGARASSU;Acessar a via sem observar a presença dos outros veículos;Colisão lateral mesmo sentido;Com Vítimas Feridas;Plena Noite;Crescente;Céu Claro;Múltipla;Curva;Sim;3;0;2;0;1;0;2;2;-7,9005152;-34,90180641;SPRF-PE;DEL01-PE;UOP02-DEL01-PE
582108;19/02/2024;segunda-feira;18:05:00;CE;116;5,2;FORTALEZA;Reação tardia ou ineficiente do condutor;Colisão lateral mesmo sentido;Com Vítimas Feridas;Plena Noite;Crescente;Céu Claro;Dupla;Reta;Sim;4;0;2;0;2;0;2;3;-3,79467116;-38,50772734;SPRF-CE;DEL01-CE;UOP02-DEL01-CE
582109;19/02/2024;segunda-feira;17:45:00;MG;381;850;POUSO ALEGRE;Velocidade Incompatível;Colisão transversal;Com Vítimas Feridas;Pleno dia;Decrescente;Chuva;Simples;Interseção de Vias;Sim;2;0;1;0;1;0;1;2;-22,24346643;-45,88278365;SPRF-MG;DEL16-MG;UOP01-DEL16-MG
582110;19/02/2024;segunda-feira;18:50:00;RJ;465;10;SEROPEDICA;Acessar a via sem observar a presença dos outros veículos;Colisão transversal;Sem Vítimas;Plena Noite;Crescente;Garoa/Chuvisco;Simples;Reta;Sim;2;0;0;0;1;1;0;2;-22,777218;-43,663025;SPRF-RJ;DEL06-RJ;UOP02-DEL06-RJ
582111;19/02/2024;segunda-feira;19:10:00;PB;230;516;CAJAZEIRAS;Demais falhas mecânicas ou elétricas;Queda de ocupante de veículo;Com Vítimas Feridas;Plena Noite;Crescente;Céu Claro;Simples;Reta;Não;1;0;0;1;0;0;1;1;-6,8753;-38,6397;SPRF-PB;DEL03-PB;UOP03-DEL03-PB
582115;19/02/2024;segunda-feira;10:50:00;MG;116;763,1;LEOPOLDINA;Condutor deixou de manter distância do veículo da frente;Colisão traseira;Com Vítimas Feridas;Pleno dia;Crescente;Céu Claro;Simples;Curva;Sim;2;0;1;0;1;0;1;2;-21,52635545;-42,63256914;SPRF-MG;DEL07-MG;UOP01-DEL07-MG
582116;19/02/2024;segunda-feira;14:50:00;RJ;40;112;DUQUE DE CAXIAS;Avarias e/ou desgaste excessivo no pneu;Tombamento;Com Vítimas Feridas;Pleno dia;Decrescente;Chuva;Múltipla;Reta;Sim;2;0;1;0;1;0;1;1;-22,7004454;-43,29014851;SPRF-RJ;DEL01-RJ;UOP02-DEL01-RJ
582119;19/02/2024;segunda-feira;20:20:00;CE;116;11;FORTALEZA;Acessar a via sem observar a presença dos outros veículos;Colisão transversal;Com Vítimas Feridas;Plena Noite;Crescente;Céu Claro;Dupla;Reta;Sim;3;0;1;0;1;1;1;2;-3,84273001;-38,49954646;SPRF-CE;DEL01-CE;UOP02-DEL01-CE
582120;19/02/2024;segunda-feira;20:30:00;PE;101;79,4;RECIFE;Animais na Pista;Atropelamento de Animal;Com Vítimas Feridas;Plena Noite;Decrescente;Céu Claro;Dupla;Curva;Não;2;0;2;0;0;0;2;1;-8,14366112;-34,94723453;SPRF-PE;DEL01-PE;UOP01-DEL01-PE
582121;19/02/2024;segunda-feira;19:00:00;GO;60;374;RIO VERDE;Reação tardia ou ineficiente do condutor;Saída de leito carroçável;Com Vítimas Feridas;Plena Noite;Decrescente;Chuva;Dupla;"Reta;Declive";Não;2;0;1;0;1;0;1;1;-17,7179;-50,8566;SPRF-GO;DEL04-GO;UOP02-DEL04-GO
582122;19/02/2024;segunda-feira;20:45:00;ES;101;298;VIANA;Velocidade Incompatível;Colisão com objeto;Com Vítimas Fatais;Plena Noite;Decrescente;Nublado;Dupla;"Reta;Viaduto";Sim;1;1;0;0;0;0;0;1;-20,35374444;-40,4156433;SPRF-ES;DEL01-ES;UOP01-DEL01-ES
582125;19/02/2024;segunda-feira;07:20:00;BA;407;126;SENHOR DO BONFIM;Ingestão de álcool pelo condutor;Colisão lateral mesmo sentido;Sem Vítimas;Plena Noite;Decrescente;Nublado;Simples;Rotatória;Sim;3;0;0;0;3;0;0;2;-10,4558193;-40,18119143;SPRF-BA;DEL04-BA;UOP01-DEL04-BA
582127;19/02/2024;segunda-feira;19:15:00;MS;163;615;SAO GABRIEL DO OESTE;Acessar a via sem observar a presença dos outros veículos;Colisão transversal;Com Vítimas Feridas;Plena Noite;Crescente;Céu Claro;Simples;"Reta;Interseção de Vias";Sim;2;0;1;0;1;0;1;2;-19,39850778;-54,56579964;SPRF-MS;DEL06-MS;UOP02-DEL06-MS
582128;19/02/2024;segunda-feira;20:15:00;SC;101;132,8;BALNEARIO CAMBORIU;Reação tardia ou ineficiente do condutor;Colisão traseira;Com Vítimas Feridas;Plena Noite;Crescente;Céu Claro;Simples;Reta;Sim;2;0;0;1;1;0;1;2;-26,99654133;-48,65564711;SPRF-SC;DEL04-SC;UOP03-DEL04-SC
582129;19/02/2024;segunda-feira;19:30:00;MG;365;267;JOAO PINHEIRO;Transitar na contramão;Colisão lateral sentido oposto;Sem Vítimas;Plena Noite;Crescente;Nublado;Simples;Curva;Não;5;0;0;0;5;0;0;2;-17,90390408;-45,56772102;SPRF-MG;DEL10-MG;UOP02-DEL010-MG
582130;19/02/2024;segunda-feira;21:30:00;SP;381;10;VARGEM;Ingestão de álcool pelo condutor;Saída de leito carroçável;Com Vítimas Feridas;Plena Noite;Decrescente;Nublado;Dupla;"Reta;Declive";Não;2;0;1;0;1;0;1;1;-22,92240388;-46,44345503;SPRF-SP;DEL03-SP;UOP02-DEL03-SP
582131;19/02/2024;segunda-feira;21:00:00;PR;277;18;PARANAGUA;Suicídio (presumido);Atropelamento de Pedestre;Com Vítimas Feridas;Plena Noite;Crescente;Nublado;Dupla;Reta;Não;2;0;1;0;1;0;1;2;-25,56147568;-48,6441859;SPRF-PR;DEL01-PR;UOP05-DEL01-PR
582132;19/02/2024;segunda-feira;18:30:00;AL;104;88,5;RIO LARGO;Animais na Pista;Atropelamento de Animal;Com Vítimas Feridas;Plena Noite;Crescente;Céu Claro;Dupla;Reta;Sim;1;0;0;1;0;0;1;1;-9,48375193;-35,81815581;SPRF-AL;DEL01-AL;UOP01-DEL01-AL
582135;19/02/2024;segunda-feira;20:21:00;MS;163;341,3;RIO BRILHANTE;Entrada inopinada do pedestre;Atropelamento de Pedestre;Com Vítimas Feridas;Plena Noite;Crescente;Céu Claro;Simples;Reta;Sim;3;0;2;1;0;0;3;2;-21,65950995;-54,43842301;SPRF-MS;DEL02-MS;UOP02-DEL02-MS
582138;19/02/2024;segunda-feira;22:30:00;CE;116;2,5;FORTALEZA;Ausência de reação do condutor;Tombamento;Com Vítimas Feridas;Plena Noite;Crescente;Céu Claro;Múltipla;Reta;Não;2;0;1;0;0;1;1;1;-3,77019802;-38,51724508;SPRF-CE;DEL01-CE;UOP02-DEL01-CE
582141;19/02/2024;segunda-feira;19:00:00;MG;116;450,1;ENGENHEIRO CALDAS;Ausência de reação do condutor;Capotamento;Com Vítimas Feridas;Pleno dia;Decrescente;Chuva;Simples;Reta;Não;1;0;1;0;0;0;1;1;-19,15284006;-42,02187888;SPRF-MG;DEL06-MG;UOP02-DEL06-MG
582142;19/02/2024;segunda-feira;18:15:00;RJ;393;241;VASSOURAS;Ingestão de álcool pelo condutor;Colisão frontal;Com Vítimas Fatais;Anoitecer;Decrescente;Nublado;Simples;"Declive;Curva";Não;4;1;1;2;0;0;3;2;-22,43570065;-43,73104155;SPRF-RJ;DEL05-RJ;UOP04-DEL05-RJ
582143;19/02/2024;segunda-feira;23:15:00;SP;116;49;LORENA;Ausência de reação do condutor;Capotamento;Com Vítimas Feridas;Plena Noite;Crescente;Céu Claro;Dupla;Reta;Não;1;0;1;0;0;0;1;1;-22,73051614;-45,0765859;SPRF-SP;DEL08-SP;UOP02-DEL08-SP
582145;19/02/2024;segunda-feira;21:30:00;SC;116;34,2;ITAIOPOLIS;Condutor deixou de manter distância do veículo da frente;Colisão traseira;Com Vítimas Feridas;Plena Noite;Crescente;Chuva;Simples;Reta;Não;2;0;1;0;1;0;1;2;-26,33118709;-49,99664695;SPRF-SC;DEL06-SC;UOP01-DEL06-SC
582146;20/02/2024;terça-feira;00:40:00;RS;386;360,5;BOM RETIRO DO SUL;Acumulo de areia ou detritos sobre o pavimento;Colisão com objeto;Com Vítimas Feridas;Plena Noite;Crescente;Céu Claro;Dupla;Curva;Não;1;0;1;0;0;0;1;1;-29,5476;-51,908142;SPRF-RS;DEL04-RS;UOP01-DEL04-RS
582147;20/02/2024;terça-feira;01:00:00;SP;116;107;TAUBATE;Reação tardia ou ineficiente do condutor;Saída de leito carroçável;Sem Vítimas;Plena Noite;Decrescente;Céu Claro;Simples;Interseção de Vias;Sim;1;0;0;0;0;1;0;1;-23,01791287;-45,53009409;SPRF-SP;DEL02-SP;UOP02-DEL02-SP
582148;20/02/2024;terça-feira;01:40:00;BA;116;489;RAFAEL JAMBEIRO;Ausência de reação do condutor;Tombamento;Com Vítimas Feridas;Plena Noite;Crescente;Chuva;Dupla;Reta;Não;1;0;1;0;0;0;1;1;-12,56024;-39,472781;SPRF-BA;DEL02-BA;UOP01-DEL02-BA
582150;19/02/2024;segunda-feira;19:30:00;SC;101;106;PENHA;Avarias e/ou desgaste excessivo no pneu;Queda de ocupante de veículo;Com Vítimas Feridas;Plena Noite;Crescente;Céu Claro;Dupla;Reta;Não;2;0;0;1;0;1;1;1;-26,81031601;-48,68293896;SPRF-SC;DEL03-SC;UOP02-DEL03-SC
582151;20/02/2024;terça-feira;02:40:00;MG;262;65;MATIPO;Ausência de reação do condutor;Colisão com objeto;Com Vítimas Feridas;Plena Noite;Crescente;Céu Claro;Simples;Reta;Não;1;0;1;0;0;0;1;1;-20,29814971;-42,25292916;SPRF-MG;DEL06-MG;UOP03-DEL06-MG
582152;20/02/2024;terça-feira;04:45:00;PR;277;451,9;LARANJEIRAS DO SUL;Ingestão de álcool pelo condutor;Colisão traseira;Sem Vítimas;Plena Noite;Decrescente;Nublado;Simples;Reta;Sim;2;0;0;0;2;0;0;2;-25,37729315;-52,3939098;SPRF-PR;DEL04-PR;UOP02-DEL04-PR
582155;20/02/2024;terça-feira;05:10:00;SC;101;123,2;ITAJAI;Ausência de reação do condutor;Tombamento;Com Vítimas Feridas;Pleno dia;Crescente;Nublado;Dupla;"Reta;Viaduto;Declive";Não;1;0;0;1;0;0;1;1;-26,93668609;-48,69876905;SPRF-SC;DEL04-SC;UOP04-DEL04-SC
582157;20/02/2024;terça-feira;05:30:00;RS;116;242;SAO LEOPOLDO;Velocidade Incompatível;Colisão com objeto;Sem Vítimas;Amanhecer;Crescente;Céu Claro;Múltipla;"Curva;Em Obras";Sim;1;0;0;0;0;1;0;1;-29,71893618;-51,14848137;SPRF-RS;DEL01-RS;UOP02-DEL01-RS
582159;20/02/2024;terça-feira;06:00:00;GO;153;87;SANTA TEREZA DE GOIAS;Ausência de reação do condutor;Saída de leito carroçável;Com Vítimas Feridas;Amanhecer;Decrescente;Chuva;Simples;"Curva;Declive";Não;2;0;1;0;1;0;1;1;-13,556277;-49,065784;SPRF-GO;DEL07-GO;UOP01-DEL07-GO
582160;20/02/2024;terça-feira;05:00:00;MT;364;269,6;JACIARA;Condutor Dormindo;Saída de leito carroçável;Com Vítimas Feridas;Pleno dia;Crescente;Céu Claro;Dupla;Reta;Não;1;0;1;0;0;0;1;1;-15,974228;-54,938;SPRF-MT;DEL02-MT;UOP01-DEL02-MT
582161;20/02/2024;terça-feira;05:41:00;MS;262;466;ANASTACIO;Demais falhas mecânicas ou elétricas;Tombamento;Com Vítimas Feridas;Amanhecer;Decrescente;Céu Claro;Simples;"Aclive;Reta";Não;2;0;1;1;0;0;2;1;-20,52641002;-55,59061601;SPRF-MS;DEL03-MS;UOP01-DEL03-MS
582162;20/02/2024;terça-feira;06:00:00;SP;153;178,8;LINS;Ausência de reação do condutor;Colisão traseira;Sem Vítimas;Amanhecer;Decrescente;Céu Claro;Simples;Reta;Não;3;0;0;0;3;0;0;2;-21,67316;-49,79013;SPRF-SP;DEL07-SP;UOP01-DEL07-SP
582163;20/02/2024;terça-feira;07:00:00;RJ;101;322;NITEROI;Condutor deixou de manter distância do veículo da frente;Colisão traseira;Com Vítimas Feridas;Pleno dia;Crescente;Céu Claro;Simples;"Ponte;Reta";Sim;3;0;1;0;2;0;1;3;-22,878923;-43,110676;SPRF-RJ;DEL02-RJ;UOP01-DEL02-RJ
582164;20/02/2024;terça-feira;05:47:00;TO;153;393;RIO DOS BOIS;Animais na Pista;Atropelamento de Animal;Com Vítimas Feridas;Amanhecer;Crescente;Garoa/Chuvisco;Simples;Curva;Não;4;0;2;1;1;0;3;2;-9,33758166;-48,5351171;SPRF-TO;DEL02-TO;UOP02-DEL02-TO
582166;20/02/2024;terça-feira;07:10:00;SP;153;60;SAO JOSE DO RIO PRETO;Condutor deixou de manter distância do veículo da frente;Colisão traseira;Com Vítimas Feridas;Pleno dia;Crescente;Nublado;Dupla;Reta;Sim;4;0;1;0;3;0;1;4;-20,79627979;-49,35480206;SPRF-SP;DEL09-SP;UOP01-DEL09-SP
582171;20/02/2024;terça-feira;06:20:00;CE;116;46;PACAJUS;Reação tardia ou ineficiente do condutor;Saída de leito carroçável;Com Vítimas Feridas;Pleno dia;Crescente;Chuva;Dupla;Curva;Sim;1;0;1;0;0;0;1;1;-4,13924054;-38,47994882;SPRF-CE;DEL01-CE;UOP02-DEL01-CE
582172;19/02/2024;segunda-feira;22:20:00;PE;110;100;SERTANIA;Animais na Pista;Atropelamento de Animal;Com Vítimas Feridas;Plena Noite;Decrescente;Céu Claro;Simples;Reta;Não;3;0;1;0;1;1;1;2;-8,38381286;-37,31768106;SPRF-PE;DEL04-PE;UOP02-DEL04-PE
582173;19/02/2024;segunda-feira;19:20:00;RJ;116;40;TERESOPOLIS;Condutor deixou de manter distância do veículo da frente;Colisão transversal;Com Vítimas Feridas;Plena Noite;Crescente;Céu Claro;Simples;Reta;Não;5;0;3;2;0;0;5;2;-22,133427;-42,779522;SPRF-RJ;DEL04-RJ;UOP01-DEL04-RJ
582174;20/02/2024;terça-feira;07:20:00;MG;50;180;UBERABA;Reação tardia ou ineficiente do condutor;Tombamento;Com Vítimas Feridas;Pleno dia;Crescente;Sol;Dupla;Reta;Não;1;0;1;0;0;0;1;1;-19,77848216;-47,92194709;SPRF-MG;DEL13-MG;UOP01-DEL13-MG
582175;20/02/2024;terça-feira;06:50:00;PE;408;55,8;NAZARE DA MATA;Desrespeitar a preferência no cruzamento;Colisão transversal;Com Vítimas Feridas;Pleno dia;Decrescente;Céu Claro;Simples;"Interseção de Vias;Reta";Não;3;0;0;3;0;0;3;2;-7,77176315;-35,23566726;SPRF-PE;DEL01-PE;UOP01-DEL01-PE
582176;20/02/2024;terça-feira;08:00:00;DF;20;17;BRASILIA;Condutor deixou de manter distância do veículo da frente;Colisão traseira;Com Vítimas Feridas;Pleno dia;Decrescente;Chuva;Dupla;Reta;Sim;2;0;1;0;1;0;1;2;-15,621374;-47,71698;SPRF-DF;DEL02-DF;UOP01-DEL02-DF
582177;11/02/2024;domingo;15:20:00;CE;222;272,5;COREAU;Manobra de mudança de faixa;Colisão frontal;Com Vítimas Fatais;Pleno dia;Crescente;Céu Claro;Simples;Reta;Não;3;1;0;0;2;0;0;2;-3,76416585;-40,7490142;SPRF-CE;DEL04-CE;UOP02-DEL04-CE
582178;20/02/2024;terça-feira;07:55:00;MG;381;502;BETIM;Chuva;Tombamento;Com Vítimas Feridas;Pleno dia;Decrescente;Chuva;Dupla;Reta;Sim;1;0;1;0;0;0;1;1;-20,03619694;-44,24586303;SPRF-MG;DEL01-MG;UOP03-DEL01-MG
582179;20/02/2024;terça-feira;07:40:00;RS;392;8,5;RIO GRANDE;Reação tardia ou ineficiente do condutor;Colisão transversal;Sem Vítimas;Pleno dia;Decrescente;Céu Claro;Simples;Reta;Não;2;0;0;0;1;1;0;2;-32,10246718;-52,11069415;SPRF-RS;DEL07-RS;UOP02-DEL07-RS
582180;20/02/2024;terça-feira;06:50:00;SC;470;139;RIO DO SUL;Conversão proibida;Colisão transversal;Com Vítimas Feridas;Amanhecer;Crescente;Nublado;Simples;Reta;Sim;2;0;0;1;1;0;1;2;-27,217564;-49,65461;SPRF-SC;DEL04-SC;UOP02-DEL04-SC
582181;20/02/2024;terça-feira;08:20:00;ES;101;298,5;CARIACICA;Frear bruscamente;Queda de ocupante de veículo;Com Vítimas Feridas;Pleno dia;Crescente;Nublado;Dupla;"Reta;Viaduto";Sim;1;0;1;0;0;0;1;1;-20,35374444;-40,4156433;SPRF-ES;DEL01-ES;UOP01-DEL01-ES
582182;20/02/2024;terça-feira;08:25:00;PE;101;66;RECIFE;Demais falhas mecânicas ou elétricas;Tombamento;Com Vítimas Feridas;Pleno dia;Decrescente;Céu Claro;Dupla;Reta;Sim;2;0;2;0;0;0;2;1;-8,04261511;-34,94302511;SPRF-PE;DEL01-PE;UOP01-DEL01-PE
582183;01/01/2024;segunda-feira;01:20:00;PI;343;338,9;TERESINA;Ingestão de álcool pelo condutor;Colisão traseira;Com Vítimas Feridas;Plena Noite;Crescente;Céu Claro;Dupla;Curva;Sim;2;0;0;1;0;1;1;2;-5,063362;-42,722912;SPRF-PI;DEL01-PI;UOP01-DEL01-PI
582184;20/02/2024;terça-feira;08:10:00;RS;290;142;ELDORADO DO SUL;Acessar a via sem observar a presença dos outros veículos;Colisão transversal;Com Vítimas Feridas;Pleno dia;Crescente;Céu Claro;Simples;Reta;Não;2;0;0;1;1;0;1;2;-30,089678;-51,628311;SPRF-RS;DEL02-RS;UOP01-DEL02-RS
582185;20/02/2024;terça-feira;08:05:00;SP;101;50;UBATUBA;Reação tardia ou ineficiente do condutor;Colisão frontal;Com Vítimas Feridas;Pleno dia;Crescente;Nublado;Simples;Reta;Sim;3;0;2;0;1;0;2;2;-23,45018939;-45,07743735;SPRF-SP;DEL06-SP;UOP01-DEL06-SP
582186;15/01/2024;segunda-feira;17:40:00;RN;304;75,2;MOSSORO;Demais falhas mecânicas ou elétricas;Tombamento;Com Vítimas Feridas;Anoitecer;Crescente;Céu Claro;Simples;Reta;Não;2;0;0;1;1;0;1;1;-5,43735203;-37,19777204;SPRF-RN;DEL04-RN;UOP01-DEL04-RN
582187;20/02/2024;terça-feira;08:05:00;SC;280;167,8;MAFRA;Acessar a via sem observar a presença dos outros veículos;Colisão transversal;Com Vítimas Feridas;Pleno dia;Decrescente;Nublado;Simples;"Retorno Regulamentado;Reta;Aclive";Sim;2;0;1;0;1;0;1;2;-26,16857105;-49,81820938;SPRF-SC;DEL06-SC;UOP01-DEL06-SC