id;data_inversa;dia_semana;horario;uf;br;km;municipio;causa_acidente;tipo_acidente;classificacao_acidente;fase_dia;sentido_via;condicao_metereologica;tipo_pista;tracado_via;uso_solo;pessoas;mortos;feridos_leves;feridos_graves;ilesos;ignorados;feridos;veiculos;latitude;longitude;regional;delegacia;uop
582190;20/02/2024;terça-feira;08:05:00;PE;101;58;RECIFE;Ausência de reação do condutor;Engavetamento;Com Vítimas Feridas;Pleno dia;Crescente;Céu Claro;Dupla;Reta;Sim;4;0;1;0;3;0;1;4;-7,97063209;-34,92064675;SPRF-PE;DEL01-PE;UOP02-DEL01-PE
582191;20/02/2024;terça-feira;08:50:00;SC;116;5,5;MAFRA;Desrespeitar a preferência no cruzamento;Colisão transversal;Com Vítimas Feridas;Pleno dia;Decrescente;Garoa/Chuvisco;Simples;Interseção de Vias;Sim;3;0;2;0;1;0;2;2;-26,14094396;-49,81508303;SPRF-SC;DEL06-SC;UOP01-DEL06-SC
582192;20/02/2024;terça-feira;08:05:00;SC;101;326;CAPIVARI DE BAIXO;Condutor deixou de manter distância do veículo da frente;Colisão traseira;Com Vítimas Feridas;Pleno dia;Crescente;Céu Claro;Dupla;Reta;Sim;3;0;1;0;2;0;1;3;-28,42524483;-48,94302707;SPRF-SC;DEL02-SC;UOP01-DEL02-SC
582195;05/02/2024;segunda-feira;06:35:00;SP;116;219;GUARULHOS;Trafegar com motocicleta (ou similar) entre as faixas;Colisão lateral mesmo sentido;Com Vítimas Feridas;Pleno dia;Crescente;Céu Claro;Múltipla;Reta;Sim;5;0;4;0;1;0;4;3;-23,46143954;-46,48885316;SPRF-SP;DEL01-SP;UOP01-DEL01-SP
582196;20/02/2024;terça-feira;09:20:00;ES;101;274;SERRA;Avarias e/ou desgaste excessivo no pneu;Queda de ocupante de veículo;Com Vítimas Feridas;Pleno dia;Crescente;Nublado;Dupla;Reta;Não;1;0;1;0;0;0;1;1;-20,21288515;-40,29612219;SPRF-ES;DEL02-ES;UOP01-DEL02-ES
582198;20/02/2024;terça-feira;08:50:00;DF;70;7;BRASILIA;Manobra de mudança de faixa;Colisão traseira;Com Vítimas Feridas;Pleno dia;Decrescente;Garoa/Chuvisco;Dupla;Reta;Sim;2;0;0;1;1;0;1;2;-15,787601;-48,114429;SPRF-DF;DEL03-DF;UOP02-DEL03-DF
582199;20/02/2024;terça-feira;07:30:00;RS;290;232,7;RIO PARDO;Ultrapassagem Indevida;Saída de leito carroçável;Com Vítimas Feridas;Pleno dia;Decrescente;Sol;Simples;"Reta;Aclive";Não;3;0;3;0;0;0;3;1;-30,2157618;-52,56374359;SPRF-RS;DEL02-RS;UOP03-DEL02-RS
582200;20/02/2024;terça-feira;09:20:00;PA;316;139;PEIXE-BOI;Acessar a via sem observar a presença dos outros veículos;Colisão transversal;Com Vítimas Feridas;Pleno dia;Crescente;Céu Claro;Simples;Reta;Não;2;0;1;0;1;0;1;2;-1,26637177;-47,27492515;SPRF-PA;DEL01-PA;UOP03-DEL01-PA
582202;20/02/2024;terça-feira;09:05:00;BA;101;112;ALAGOINHAS;Ultrapassagem Indevida;Saída de leito carroçável;Sem Vítimas;Pleno dia;Decrescente;Nublado;Simples;Reta;Não;3;0;0;0;2;1;0;2;-12,170127;-38,428549;SPRF-BA;DEL01-BA;UOP04-DEL01-BA
582203;20/02/2024;terça-feira;09:50:00;SE;235;55,4;ITABAIANA;Manobra de mudança de faixa;Tombamento;Com Vítimas Feridas;Pleno dia;Decrescente;Céu Claro;Dupla;Curva;Sim;2;0;2;0;0;0;2;1;-10,667386;-37,446014;SPRF-SE;DEL01-SE;UOP02-DEL01-SE
582206;10/02/2024;sábado;17:30:00;MA;10;137;ESTREITO;Transitar na contramão;Colisão lateral sentido oposto;Com Vítimas Feridas;Pleno dia;Crescente;Céu Claro;Simples;Reta;Não;4;0;0;2;1;1;2;3;-6,517204;-47,389497;SPRF-MA;DEL04-MA;UOP02-DEL04-MA
582207;20/02/2024;terça-feira;10:15:00;MG;40;531,9;BELO HORIZONTE;Condutor deixou de manter distância do veículo da frente;Colisão lateral mesmo sentido;Com Vítimas Feridas;Pleno dia;Crescente;Chuva;Dupla;Reta;Sim;2;0;1;0;1;0;1;2;-19,91962483;-44,02522683;SPRF-MG;DEL01-MG;UOP02-DEL01-MG
582210;20/02/2024;terça-feira;10:15:00;SC;280;164,9;MAFRA;Acessar a via sem observar a presença dos outros veículos;Atropelamento de Pedestre;Com Vítimas Feridas;Pleno dia;Decrescente;Nublado;Simples;Reta;Sim;2;0;0;2;0;0;2;2;-26,19131398;-49,80487298;SPRF-SC;DEL06-SC;UOP01-DEL06-SC
582211;20/02/2024;terça-feira;10:35:00;RS;116;249;SAO LEOPOLDO;Ausência de reação do condutor;Colisão lateral mesmo sentido;Com Vítimas Feridas;Pleno dia;Decrescente;Sol;Múltipla;Reta;Sim;2;0;1;0;1;0;1;2;-29,7831804;-51,16099063;SPRF-RS;DEL01-RS;UOP02-DEL01-RS
582212;13/01/2024;sábado;09:20:00;RN;406;117;POCO BRANCO;Ausência de reação do condutor;Colisão traseira;Com Vítimas Feridas;Pleno dia;Decrescente;Céu Claro;Simples;Reta;Não;2;0;0;1;0;1;1;2;-5,57560522;-35,69347206;SPRF-RN;DEL02-RN;UOP01-DEL02-RN
582213;20/02/2024;terça-feira;10:40:00;SC;101;204;SAO JOSE;Transitar na contramão;Queda de ocupante de veículo;Com Vítimas Feridas;Pleno dia;Crescente;Céu Claro;Múltipla;"Aclive;Reta";Sim;2;0;1;0;1;0;1;2;-27,57413014;-48,61363083;SPRF-SC;DEL01-SC;UOP01-DEL01-SC
582214;20/02/2024;terça-feira;10:15:00;CE;116;64,8;CHOROZINHO;Desrespeitar a preferência no cruzamento;Colisão transversal;Com Vítimas Feridas;Pleno dia;Decrescente;Nublado;Simples;Curva;Sim;3;0;1;0;2;0;1;2;-4,28125187;-38,49423541;SPRF-CE;DEL03-CE;UOP02-DEL03-CE
582217;20/02/2024;terça-feira;09:10:00;SC;101;95;BARRA VELHA;Demais falhas mecânicas ou elétricas;Capotamento;Com Vítimas Feridas;Pleno dia;Crescente;Nublado;Simples;"Viaduto;Aclive;Reta";Não;2;0;1;0;1;0;1;1;-26,71539749;-48,70275736;SPRF-SC;DEL03-SC;UOP02-DEL03-SC
582218;20/02/2024;terça-feira;09:25:00;RJ;40;120;DUQUE DE CAXIAS;Trafegar com motocicleta (ou similar) entre as faixas;Colisão lateral mesmo sentido;Com Vítimas Feridas;Pleno dia;Crescente;Céu Claro;Múltipla;Reta;Sim;2;0;1;0;1;0;1;2;-22,77280597;-43,28626763;SPRF-RJ;DEL01-RJ;UOP02-DEL01-RJ
582219;19/02/2024;segunda-feira;18:45:00;CE;20;59;TAUA;Acessar a via sem observar a presença dos outros veículos;Colisão transversal;Com Vítimas Feridas;Plena Noite;Decrescente;Céu Claro;Simples;Reta;Sim;2;0;0;1;1;0;1;2;-6,12992495;-40,46153506;SPRF-CE;DEL02-CE;UOP02-DEL02-CE
582220;20/02/2024;terça-feira;10:00:00;SC;101;152;ITAPEMA;Manobra de mudança de faixa;Colisão lateral mesmo sentido;Com Vítimas Feridas;Pleno dia;Decrescente;Céu Claro;Múltipla;Reta;Sim;2;0;1;0;1;0;1;2;-27,13563503;-48,61004665;SPRF-SC;DEL04-SC;UOP03-DEL04-SC
582222;20/02/2024;terça-feira;10:37:00;RO;364;242;CACOAL;Acessar a via sem observar a presença dos outros veículos;Colisão transversal;Com Vítimas Feridas;Pleno dia;Crescente;Céu Claro;Simples;"Reta;Interseção de Vias";Não;2;0;1;0;1;0;1;2;-11,44079;-61,487627;SPRF-RO;DEL02-RO;UOP02-DEL02-RO
582224;20/02/2024;terça-feira;11:00:00;BA;324;587;CANDEIAS;Transitar no Acostamento;Atropelamento de Pedestre;Com Vítimas Feridas;Pleno dia;Crescente;Chuva;Dupla;Reta;Não;3;0;1;1;1;0;2;2;-12,64715411;-38,47504041;SPRF-BA;DEL01-BA;UOP01-DEL01-BA
582226;20/02/2024;terça-feira;12:30:00;MG;381;793;SAO GONCALO DO SAPUCAI;Velocidade Incompatível;Saída de leito carroçável;Sem Vítimas;Pleno dia;Decrescente;Chuva;Dupla;Reta;Não;1;0;0;0;1;0;0;1;-21,90328867;-45,55672359;SPRF-MG;DEL16-MG;UOP02-DEL16-MG
582227;17/02/2024;sábado;05:00:00;RS;116;235;NOVO HAMBURGO;Ingestão de álcool pelo condutor;Colisão frontal;Sem Vítimas;Amanhecer;Decrescente;Nublado;Simples;Reta;Sim;1;0;0;0;1;0;0;1;-29,66037586;-51,14386509;SPRF-RS;DEL01-RS;UOP02-DEL01-RS
582228;20/02/2024;terça-feira;12:00:00;MG;116;422,4;ALPERCATA;Mal súbito do condutor;Saída de leito carroçável;Com Vítimas Feridas;Pleno dia;Crescente;Nublado;Simples;Reta;Sim;1;0;0;1;0;0;1;1;-18,94601944;-41,95023848;SPRF-MG;DEL06-MG;UOP01-DEL06-MG
582230;19/02/2024;segunda-feira;16:00:00;TO;242;230,5;PARANA;Reação tardia ou ineficiente do condutor;Saída de leito carroçável;Com Vítimas Fatais;Pleno dia;Crescente;Chuva;Simples;"Declive;Curva";Não;2;1;0;1;0;0;1;1;-12,33441806;-48,07165612;SPRF-TO;DEL01-TO;UOP02-DEL01-TO
582232;20/02/2024;terça-feira;13:00:00;SC;282;15,8;PALHOCA;Conversão proibida;Colisão lateral mesmo sentido;Com Vítimas Feridas;Pleno dia;Crescente;Céu Claro;Simples;Reta;Sim;3;0;2;0;1;0;2;2;-27,651848;-48,676048;SPRF-SC;DEL01-SC;UOP02-DEL01-SC
582233;20/02/2024;terça-feira;13:15:00;ES;101;74;SAO MATEUS;Acessar a via sem observar a presença dos outros veículos;Colisão transversal;Com Vítimas Feridas;Pleno dia;Crescente;Nublado;Simples;Reta;Não;2;0;1;0;1;0;1;2;-18,77756015;-39,87357381;SPRF-ES;DEL04-ES;UOP02-DEL04-ES
582236;20/02/2024;terça-feira;01:15:00;PA;230;169,5;ITUPIRANGA;Animais na Pista;Atropelamento de Animal;Sem Vítimas;Plena Noite;Decrescente;Chuva;Simples;Reta;Não;5;0;0;0;5;0;0;1;-5,14560797;-49,38950692;SPRF-PA;DEL03-PA;UOP01-DEL03-PA
582237;20/02/2024;terça-feira;11:00:00;RS;290;96;PORTO ALEGRE;Manobra de mudança de faixa;Colisão lateral mesmo sentido;Com Vítimas Feridas;Pleno dia;Crescente;Céu Claro;Dupla;Reta;Sim;2;0;1;0;1;0;1;2;-29,9836977;-51,2021631;SPRF-RS;DEL01-RS;UOP01-DEL01-RS
582239;20/02/2024;terça-feira;14:10:00;RS;392;12,3;RIO GRANDE;Ausência de reação do condutor;Colisão traseira;Com Vítimas Fatais;Pleno dia;Crescente;Céu Claro;Dupla;Reta;Sim;2;1;1;0;0;0;1;2;-32,12601434;-52,13875392;SPRF-RS;DEL07-RS;UOP02-DEL07-RS
582240;20/02/2024;terça-feira;14:15:00;PR;116;10;CAMPINA GRANDE DO SUL;Chuva;Colisão com objeto;Com Vítimas Feridas;Pleno dia;Crescente;Chuva;Simples;Curva;Não;2;0;1;0;1;0;1;1;-25,08357197;-48,64281407;SPRF-PR;DEL01-PR;UOP02-DEL01-PR
582244;04/02/2024;domingo;19:00:00;RS;116;471;SAO LOURENCO DO SUL;Ausência de reação do condutor;Colisão traseira;Com Vítimas Feridas;Anoitecer;Decrescente;Céu Claro;Simples;"Ponte;Reta";Não;2;0;1;0;1;0;1;2;-31,35745994;-52,07532304;SPRF-RS;DEL07-RS;UOP01-DEL07-RS
582245;20/02/2024;terça-feira;14:30:00;ES;101;296;CARIACICA;Reação tardia ou ineficiente do condutor;Queda de ocupante de veículo;Com Vítimas Feridas;Pleno dia;Crescente;Céu Claro;Dupla;Curva;Sim;1;0;1;0;0;0;1;1;-20,34029997;-40,40405712;SPRF-ES;DEL01-ES;UOP01-DEL01-ES
582248;20/02/2024;terça-feira;12:30:00;MS;60;420;SIDROLANDIA;Ausência de reação do condutor;Colisão com objeto;Com Vítimas Feridas;Pleno dia;Crescente;Sol;Simples;Reta;Não;1;0;1;0;0;0;1;1;-20,90087364;-54,9260509;SPRF-MS;DEL01-MS;UOP04-DEL01-MS
582251;20/02/2024;terça-feira;14:45:00;RS;116;268;CANOAS;Manobra de mudança de faixa;Colisão lateral mesmo sentido;Com Vítimas Feridas;Pleno dia;Decrescente;Sol;Múltipla;Reta;Sim;2;0;1;0;1;0;1;2;-29,95042502;-51,17652939;SPRF-RS;DEL01-RS;UOP01-DEL01-RS
582252;20/02/2024;terça-feira;15:00:00;PR;116;2,8;CAMPINA GRANDE DO SUL;Velocidade Incompatível;Colisão com objeto;Com Vítimas Feridas;Pleno dia;Crescente;Chuva;Dupla;Curva;Não;2;0;1;0;1;0;1;1;-25,07163889;-48,58564619;SPRF-PR;DEL01-PR;UOP02-DEL01-PR
582257;20/02/2024;terça-feira;13:20:00;MA;10;255,7;IMPERATRIZ;Acesso irregular;Colisão transversal;Com Vítimas Feridas;Pleno dia;Decrescente;Nublado;Simples;Reta;Sim;2;0;1;0;1;0;1;2;-5,508798;-47,471718;SPRF-MA;DEL04-MA;UOP01-DEL04-MA
582260;20/02/2024;terça-feira;13:50:00;SC;101;141;ITAPEMA;Condutor deixou de manter distância do veículo da frente;Colisão traseira;Com Vítimas Feridas;Pleno dia;Decrescente;Sol;Dupla;Reta;Não;2;0;1;0;1;0;1;2;-27,04761729;-48,59995855;SPRF-SC;DEL04-SC;UOP03-DEL04-SC
582261;20/02/2024;terça-feira;11:50:00;GO;452;0;RIO VERDE;Avarias e/ou desgaste excessivo no pneu;Colisão com objeto;Com Vítimas Feridas;Pleno dia;Crescente;Nublado;Dupla;Viaduto;Sim;1;0;1;0;0;0;1;1;-17,786345;-50,901516;SPRF-GO;DEL04-GO;UOP01-DEL04-GO
582263;20/02/2024;terça-feira;14:30:00;BA;101;717,5;EUNAPOLIS;Condutor deixou de manter distância do veículo da frente;Colisão traseira;Com Vítimas Feridas;Pleno dia;Crescente;Nublado;Simples;"Curva;Declive;Interseção de Vias";Sim;2;0;1;0;0;1;1;2;-16,368781;-39,583301;SPRF-BA;DEL09-BA;UOP01-DEL09-BA
582264;20/02/2024;terça-feira;12:30:00;MT;163;685;LUCAS DO RIO VERDE;Mal súbito do condutor;Saída de leito carroçável;Com Vítimas Feridas;Pleno dia;Decrescente;Nublado;Simples;Reta;Não;1;0;1;0;0;0;1;1;-13,095628;-55,946443;SPRF-MT;DEL06-MT;UOP01-DEL06-MT
582267;20/02/2024;terça-feira;15:10:00;PR;369;163;CAMBE;Condutor deixou de manter distância do veículo da frente;Colisão traseira;Com Vítimas Feridas;Pleno dia;Crescente;Céu Claro;Dupla;Reta;Sim;3;0;2;0;1;0;2;2;-23,29675;-51,27584;SPRF-PR;DEL07-PR;UOP01-DEL07-PR
582270;20/02/2024;terça-feira;16:50:00;SP;116;225;GUARULHOS;Pista Escorregadia;Queda de ocupante de veículo;Com Vítimas Feridas;Pleno dia;Decrescente;Nublado;Dupla;"Em Obras;Reta";Sim;1;0;1;0;0;0;1;1;-23,48586772;-46,54075317;SPRF-SP;DEL01-SP;UOP01-DEL01-SP
582272;20/02/2024;terça-feira;16:15:00;SP;153;19;NOVA GRANADA;Reação tardia ou ineficiente do condutor;Colisão traseira;Com Vítimas Feridas;Pleno dia;Decrescente;Céu Claro;Simples;Reta;Não;2;0;1;0;0;1;1;2;-20,44382107;-49,28091485;SPRF-SP;DEL09-SP;UOP01-DEL09-SP
582275;20/02/2024;terça-feira;17:00:00;CE;116;35;HORIZONTE;Acessar a via sem observar a presença dos outros veículos;Colisão transversal;Com Vítimas Feridas;Pleno dia;Decrescente;Sol;Dupla;Reta;Não;2;0;1;0;0;1;1;2;-4,05218058;-38,50627716;SPRF-CE;DEL01-CE;UOP02-DEL01-CE
582277;20/02/2024;terça-feira;17:15:00;SC;470;54,4;BLUMENAU;Ausência de reação do condutor;Colisão transversal;Com Vítimas Feridas;Pleno dia;Crescente;Nublado;Simples;Interseção de Vias;Não;2;0;1;0;1;0;1;2;-26,871065;-49,110374;SPRF-SC;DEL04-SC;UOP01-DEL04-SC
582278;20/02/2024;terça-feira;17:28:00;PB;101;89;JOAO PESSOA;Ausência de reação do condutor;Tombamento;Com Vítimas Feridas;Anoitecer;Crescente;Céu Claro;Dupla;"Reta;Retorno Regulamentado;Declive";Sim;1;0;1;0;0;0;1;1;-7,1710694;-34,89765372;SPRF-PB;DEL01-PB;UOP02-DEL01-PB
582279;20/02/2024;terça-feira;17:40:00;RS;471;163,1;RIO PARDO;Frear bruscamente;Colisão transversal;Com Vítimas Feridas;Pleno dia;Crescente;Sol;Simples;Interseção de Vias;Sim;2;0;0;1;1;0;1;2;-29,8894502;-52,39302099;SPRF-RS;DEL02-RS;UOP03-DEL02-RS
582281;20/02/2024;terça-feira;16:00:00;AP;210;0;MACAPA;Condutor deixou de manter distância do veículo da frente;Colisão traseira;Sem Vítimas;Pleno dia;Decrescente;Sol;Dupla;Reta;Sim;5;0;0;0;5;0;0;2;0,07832048;-51,07066512;SPRF-AP;DEL01-AP;UOP01-DEL01-AP
582283;03/01/2024;quarta-feira;20:20:00;RN;304;33,6;MOSSORO;Transitar na contramão;Colisão frontal;Com Vítimas Fatais;Plena Noite;Decrescente;Céu Claro;Dupla;Reta;Sim;4;1;0;0;3;0;0;2;-5,149633;-37,348075;SPRF-RN;DEL04-RN;UOP02-DEL04-RN
582284;14/01/2024;domingo;11:10:00;MG;116;573,1;MANHUACU;Acessar a via sem observar a presença dos outros veículos;Colisão transversal;Com Vítimas Fatais;Pleno dia;Crescente;Nublado;Simples;Reta;Não;10;1;5;1;3;0;6;3;-20,13004403;-42,17794986;SPRF-MG;DEL06-MG;UOP03-DEL06-MG
582285;20/02/2024;terça-feira;18:45:00;SC;470;5,4;NAVEGANTES;Ingestão de álcool pelo condutor;Colisão traseira;Com Vítimas Feridas;Anoitecer;Crescente;Nublado;Dupla;Reta;Não;2;0;1;0;1;0;1;2;-26,855688;-48,700333;SPRF-SC;DEL04-SC;UOP04-DEL04-SC
582287;20/02/2024;terça-feira;18:20:00;SC;282;15,5;PALHOCA;Desrespeitar a preferência no cruzamento;Colisão transversal;Com Vítimas Feridas;Pleno dia;Crescente;Céu Claro;Simples;"Interseção de Vias;Em Obras";Sim;2;0;1;0;1;0;1;2;-27,651848;-48,676048;SPRF-SC;DEL01-SC;UOP02-DEL01-SC
582288;20/02/2024;terça-feira;15:45:00;MG;365;387,3;PATOS DE MINAS;Ultrapassagem Indevida;Colisão traseira;Sem Vítimas;Pleno dia;Crescente;Chuva;Simples;"Reta;Aclive";Não;2;0;0;0;2;0;0;2;-18,61055297;-46,28857506;SPRF-MG;DEL10-MG;UOP01-DEL10-MG
582289;20/02/2024;terça-feira;18:50:00;SC;101;204;SAO JOSE;Acessar a via sem observar a presença dos outros veículos;Colisão transversal;Com Vítimas Feridas;Anoitecer;Crescente;Céu Claro;Múltipla;Aclive;Sim;3;0;2;0;1;0;2;2;-27,57413014;-48,61363083;SPRF-SC;DEL01-SC;UOP01-DEL01-SC
582291;20/02/2024;terça-feira;16:10:00;BA;324;625;SALVADOR;Chuva;Colisão traseira;Com Vítimas Feridas;Pleno dia;Decrescente;Chuva;Simples;Reta;Sim;2;0;1;0;1;0;1;2;-12,94194706;-38,47081224;SPRF-BA;DEL01-BA;UOP01-DEL01-BA
582292;20/02/2024;terça-feira;18:50:00;RS;287;328;SANTA MARIA;Manobra de mudança de faixa;Colisão lateral mesmo sentido;Com Vítimas Feridas;Anoitecer;Crescente;Céu Claro;Múltipla;"Declive;Viaduto;Reta";Sim;3;0;1;0;2;0;1;2;-29,70329442;-53,83389831;SPRF-RS;DEL09-RS;UOP01-DEL09-RS
582293;20/02/2024;terça-feira;17:30:00;MG;381;894;CAMBUI;Demais falhas mecânicas ou elétricas;Incêndio;Sem Vítimas;Pleno dia;Decrescente;Céu Claro;Dupla;Retorno Regulamentado;Não;1;0;0;0;1;0;0;1;-22,61659879;-46,0689412;SPRF-MG;DEL16-MG;UOP03-DEL16-MG
582294;20/02/2024;terça-feira;18:45:00;SC;101;207;SAO JOSE;Ausência de reação do condutor;Queda de ocupante de veículo;Com Vítimas Feridas;Plena Noite;Decrescente;Céu Claro;Dupla;Declive;Sim;1;0;1;0;0;0;1;1;-27,60001226;-48,6226467;SPRF-SC;DEL01-SC;UOP01-DEL01-SC
582296;20/02/2024;terça-feira;19:00:00;PR;116;115;CURITIBA;Trafegar com motocicleta (ou similar) entre as faixas;Colisão lateral mesmo sentido;Com Vítimas Feridas;Plena Noite;Decrescente;Nublado;Dupla;Reta;Sim;2;0;1;0;1;0;1;2;-25,55142442;-49,30526733;SPRF-PR;DEL01-PR;UOP07-DEL01-PR
582300;20/02/2024;terça-feira;20:15:00;CE;116;17;ITAITINGA;Acessar a via sem observar a presença dos outros veículos;Colisão lateral mesmo sentido;Com Vítimas Feridas;Plena Noite;Crescente;Céu Claro;Múltipla;Retorno Regulamentado;Sim;2;0;0;1;0;1;1;2;-3,89617918;-38,50336042;SPRF-CE;DEL01-CE;UOP02-DEL01-CE
582302;20/02/2024;terça-feira;18:10:00;RO;364;346;JI-PARANA;Acessar a via sem observar a presença dos outros veículos;Colisão transversal;Com Vítimas Feridas;Plena Noite;Crescente;Chuva;Simples;Reta;Sim;2;0;1;1;0;0;2;2;-10,87376391;-61,95256893;SPRF-RO;DEL02-RO;UOP01-DEL02-RO
582303;20/02/2024;terça-feira;18:40:00;RN;304;66,8;MOSSORO;Pedestre - Ingestão de álcool/ substâncias psicoativas;Atropelamento de Pedestre;Com Vítimas Feridas;Plena Noite;Crescente;Céu Claro;Simples;Reta;Não;2;0;0;1;0;1;1;2;-5,37075985;-37,24333774;SPRF-RN;DEL04-RN;UOP01-DEL04-RN
582305;20/02/2024;terça-feira;19:00:00;MS;376;129;IVINHEMA;Mal súbito do condutor;Tombamento;Com Vítimas Feridas;Plena Noite;Decrescente;Céu Claro;Simples;Reta;Não;1;0;0;1;0;0;1;1;-22,34282558;-53,74250285;SPRF-MS;DEL04-MS;UOP04-DEL04-MS
582306;20/02/2024;terça-feira;19:00:00;SC;101;166;TIJUCAS;Avarias e/ou desgaste excessivo no pneu;Tombamento;Com Vítimas Feridas;Plena Noite;Crescente;Nublado;Dupla;Reta;Não;1;0;1;0;0;0;1;1;-27,26147697;-48,63180349;SPRF-SC;DEL04-SC;UOP03-DEL04-SC
582307;20/02/2024;terça-feira;20:06:00;ES;262;27;VIANA;Ingestão de álcool pelo condutor;Colisão lateral sentido oposto;Sem Vítimas;Plena Noite;Crescente;Chuva;Simples;Reta;Não;2;0;0;0;2;0;0;2;-20,38398959;-40,55226465;SPRF-ES;DEL01-ES;UOP01-DEL01-ES
582308;20/02/2024;terça-feira;17:50:00;AC;364;99;SENADOR GUIOMARD;Ausência de reação do condutor;Saída de leito carroçável;Com Vítimas Feridas;Anoitecer;Decrescente;Céu Claro;Simples;Rotatória;Não;1;0;1;0;0;0;1;1;-10,06854519;-67,58357633;SPRF-AC;DEL01-AC;UOP03-DEL01-AC
582309;20/02/2024;terça-feira;21:09:00;MG;381;487;BETIM;Mal súbito do condutor;Queda de ocupante de veículo;Com Vítimas Feridas;Plena Noite;Crescente;Garoa/Chuvisco;Dupla;"Declive;Reta";Não;1;0;1;0;0;0;1;1;-19,9556008;-44,11319733;SPRF-MG;DEL01-MG;UOP03-DEL01-MG
582312;20/02/2024;terça-feira;20:35:00;PE;424;91,6;GARANHUNS;Ausência de reação do condutor;Saída de leito carroçável;Com Vítimas Feridas;Pleno dia;Decrescente;Céu Claro;Simples;Reta;Sim;1;0;1;0;0;0;1;1;-8,90409633;-36,49974647;SPRF-PE;DEL03-PE;UOP01-DEL03-PE
582313;20/02/2024;terça-feira;21:30:00;RN;101;77,7;NATAL;Objeto estático sobre o leito carroçável;Colisão transversal;Com Vítimas Feridas;Plena Noite;Decrescente;Garoa/Chuvisco;Simples;Reta;Sim;2;0;2;0;0;0;2;2;-5,73180495;-35,29112135;SPRF-RN;DEL02-RN;UOP01-DEL02-RN
582316;20/02/2024;terça-feira;19:30:00;RS;386;41;SEBERI;Manobra de mudança de faixa;Colisão transversal;Sem Vítimas;Plena Noite;Crescente;Céu Claro;Simples;Reta;Sim;3;0;0;0;3;0;0;2;-27,412638;-53,416378;SPRF-RS;DEL08-RS;UOP02-DEL08-RS
582317;20/02/2024;terça-feira;21:30:00;BA;116;12,1;VITORIA DA CONQUISTA;Acessar a via sem observar a presença dos outros veículos;Colisão frontal;Com Vítimas Fatais;Plena Noite;Decrescente;Chuva;Simples;Reta;Sim;2;1;0;0;0;1;0;2;-14,87766536;-40,8711791;SPRF-BA;DEL08-BA;UOP01-DEL08-BA
582318;20/02/2024;terça-feira;22:15:00;ES;447;13,9;VILA VELHA;Acumulo de água sobre o pavimento;Colisão traseira;Com Vítimas Feridas;Plena Noite;Crescente;Chuva;Dupla;Reta;Sim;2;0;1;0;0;1;1;2;-20,36563213;-40,32798019;SPRF-ES;DEL01-ES;UOP01-DEL01-ES
582320;20/02/2024;terça-feira;22:40:00;MG;381;939;EXTREMA;Ingestão de álcool pelo condutor;Tombamento;Com Vítimas Feridas;Plena Noite;Decrescente;Nublado;Dupla;Curva;Sim;1;0;1;0;0;0;1;1;-22,821677;-46,300583;SPRF-MG;DEL16-MG;UOP03-DEL16-MG
582323;20/02/2024;terça-feira;15:40:00;CE;NA;NA;FORTALEZA;Frear bruscamente;Colisão traseira;Com Vítimas Feridas;Pleno dia;Não Informado;Céu Claro;Simples;Reta;Não;3;0;2;0;1;0;2;2;-3,854565;-38,509238;SPRF-CE;DEL01-CE;UOP02-DEL01-CE
582325;20/02/2024;terça-feira;19:50:00;MT;174;35;VILA BELA DA SANTISSIMA TRINDADE;Velocidade Incompatível;Saída de leito carroçável;Com Vítimas Fatais;Plena Noite;Decrescente;Céu Claro;Simples;Reta;Não;1;1;0;0;0;0;0;1;-15,13798067;-59,61671948;SPRF-MT;DEL03-MT;UOP01-DEL03-MT
582327;20/02/2024;terça-feira;21:35:00;PR;476;325;PAULO FRONTIN;Reação tardia ou ineficiente do condutor;Colisão com objeto;Com Vítimas Feridas;Plena Noite;Decrescente;Nublado;Simples;Curva;Não;1;0;1;0;0;0;1;1;-26,0944936;-50,77466726;SPRF-PR;DEL02-PR;UOP03-DEL02-PR
582328;21/02/2024;quarta-feira;01:00:00;SC;116;245,6;LAGES;Ingestão de álcool pelo condutor;Colisão com objeto;Sem Vítimas;Plena Noite;Crescente;Nublado;Simples;"Interseção de Vias;Rotatória";Não;1;0;0;0;0;1;0;1;-27,79544281;-50,36187437;SPRF-SC;DEL05-SC;UOP02-DEL05-SC
582332;21/02/2024;quarta-feira;05:00:00;RJ;40;118;DUQUE DE CAXIAS;Ausência de reação do condutor;Colisão frontal;Com Vítimas Feridas;Amanhecer;Crescente;Céu Claro;Simples;"Viaduto;Retorno Regulamentado";Sim;4;0;3;0;0;1;3;3;-22,75470802;-43,28737838;SPRF-RJ;DEL01-RJ;UOP02-DEL01-RJ