id;data_inversa;dia_semana;horario;uf;br;km;municipio;causa_acidente;tipo_acidente;classificacao_acidente;fase_dia;sentido_via;condicao_metereologica;tipo_pista;tracado_via;uso_solo;pessoas;mortos;feridos_leves;feridos_graves;ilesos;ignorados;feridos;veiculos;latitude;longitude;regional;delegacia;uop
582613;22/02/2024;quinta-feira;15:20:00;GO;153;571;PROFESSOR JAMIL;Reação tardia ou ineficiente do condutor;Saída de leito carroçável;Com Vítimas Feridas;Pleno dia;Decrescente;Nublado;Dupla;Reta;Não;2;0;2;0;0;0;2;1;-17,3118;-49,238;SPRF-GO;DEL03-GO;UOP01-DEL03-GO
582614;22/02/2024;quinta-feira;16:00:00;RS;290;81,5;GRAVATAI;Objeto estático sobre o leito carroçável;Colisão lateral mesmo sentido;Com Vítimas Feridas;Pleno dia;Decrescente;Céu Claro;Múltipla;Reta;Não;3;0;1;0;2;0;1;3;-29,959141;-51,088791;SPRF-RS;DEL01-RS;UOP01-DEL01-RS
582617;22/02/2024;quinta-feira;15:50:00;MT;364;399;CUIABA;Acessar a via sem observar a presença dos outros veículos;Colisão traseira;Com Vítimas Feridas;Pleno dia;Crescente;Céu Claro;Dupla;Reta;Sim;2;0;1;0;1;0;1;2;-15,660937;-55,973288;SPRF-MT;DEL01-MT;UOP02-DEL01-MT
582622;22/02/2024;quinta-feira;16:00:00;RJ;116;179;MESQUITA;Ausência de reação do condutor;Colisão traseira;Com Vítimas Feridas;Pleno dia;Decrescente;Nublado;Dupla;Reta;Sim;3;0;3;0;0;0;3;2;-22,76832096;-43,41079116;SPRF-RJ;DEL06-RJ;UOP01-DEL06-RJ
582623;22/02/2024;quinta-feira;16:50:00;SP;116;224;GUARULHOS;Pedestre andava na pista;Atropelamento de Pedestre;Com Vítimas Feridas;Pleno dia;Decrescente;Nublado;Dupla;Reta;Não;2;0;0;1;1;0;1;2;-23,48071896;-46,53271603;SPRF-SP;DEL01-SP;UOP01-DEL01-SP
582624;22/02/2024;quinta-feira;17:15:00;CE;116;11;FORTALEZA;Reação tardia ou ineficiente do condutor;Colisão com objeto;Sem Vítimas;Anoitecer;Decrescente;Céu Claro;Múltipla;Reta;Sim;3;0;0;0;2;1;0;3;-3,84394724;-38,49891546;SPRF-CE;DEL01-CE;UOP02-DEL01-CE
582626;22/02/2024;quinta-feira;16:30:00;RJ;40;78;PETROPOLIS;Pista Escorregadia;Saída de leito carroçável;Com Vítimas Feridas;Pleno dia;Crescente;Chuva;Múltipla;Curva;Não;1;0;1;0;0;0;1;1;-22,48485874;-43,22843406;SPRF-RJ;DEL01-RJ;UOP01-DEL01-RJ
582627;22/02/2024;quinta-feira;16:20:00;MS;163;117,8;NAVIRAI;Reação tardia ou ineficiente do condutor;Tombamento;Com Vítimas Feridas;Pleno dia;Crescente;Céu Claro;Simples;Reta;Não;2;0;1;0;1;0;1;1;-23,13474276;-54,19685366;SPRF-MS;DEL09-MS;UOP01-DEL09-MS
582628;07/02/2024;quarta-feira;16:50:00;DF;NA;NA;BRASILIA;Condutor deixou de manter distância do veículo da frente;Colisão traseira;Sem Vítimas;Pleno dia;Não Informado;Céu Claro;Dupla;Reta;Sim;2;0;0;0;2;0;0;2;-15,76669005;-47,92455196;SPRF-DF;N/A;N/A
582630;22/02/2024;quinta-feira;17:25:00;SP;381;89;SAO PAULO;Reação tardia ou ineficiente do condutor;Colisão lateral mesmo sentido;Com Vítimas Feridas;Pleno dia;Decrescente;Céu Claro;Múltipla;Reta;Sim;2;0;1;1;0;0;2;2;-23,48469299;-46,55983288;SPRF-SP;DEL03-SP;UOP01-DEL03-SP
582631;22/02/2024;quinta-feira;17:29:00;CE;222;4,2;CAUCAIA;Condutor deixou de manter distância do veículo da frente;Colisão lateral mesmo sentido;Com Vítimas Feridas;Anoitecer;Decrescente;Nublado;Múltipla;Reta;Sim;2;0;1;1;0;0;2;2;-3,74164754;-38,60449792;SPRF-CE;DEL01-CE;UOP01-DEL01-CE
582633;22/02/2024;quinta-feira;17:50:00;PB;230;23,8;JOAO PESSOA;Acessar a via sem observar a presença dos outros veículos;Colisão transversal;Com Vítimas Feridas;Amanhecer;Decrescente;Nublado;Simples;Reta;Sim;3;0;3;0;0;0;3;2;-7,1562;-34,8574;SPRF-PB;DEL01-PB;UOP01-DEL01-PB
582635;22/02/2024;quinta-feira;12:10:00;BA;330;813;JITAUNA;Suicídio (presumido);Atropelamento de Pedestre;Com Vítimas Feridas;Pleno dia;Crescente;Céu Claro;Simples;Reta;Não;2;0;0;1;1;0;1;2;-14,00984943;-39,89588438;SPRF-BA;DEL03-BA;UOP01-DEL03-BA
582636;22/02/2024;quinta-feira;18:05:00;PE;232;101,1;BEZERROS;Acessar a via sem observar a presença dos outros veículos;Colisão frontal;Com Vítimas Feridas;Plena Noite;Crescente;Céu Claro;Simples;Reta;Não;2;0;0;1;1;0;1;2;-8,24461972;-35,75516582;SPRF-PE;DEL02-PE;UOP02-DEL02PE
582637;22/02/2024;quinta-feira;17:40:00;SC;470;246,6;CURITIBANOS;Condutor deixou de manter distância do veículo da frente;Colisão lateral mesmo sentido;Com Vítimas Feridas;Anoitecer;Decrescente;Céu Claro;Simples;"Reta;Aclive";Sim;7;0;1;0;4;2;1;3;-27,314163;-50,550713;SPRF-SC;DEL05-SC;UOP03-DEL05-SC
582639;22/02/2024;quinta-feira;18:30:00;DF;40;5;BRASILIA;Manobra de mudança de faixa;Colisão traseira;Com Vítimas Feridas;Anoitecer;Crescente;Céu Claro;Dupla;Reta;Sim;2;0;1;0;1;0;1;2;-16,020903;-47,980541;SPRF-DF;DEL01-DF;UOP01-DEL01-DF
582640;22/02/2024;quinta-feira;18:05:00;PE;232;130;CARUARU;Pedestre cruzava a pista fora da faixa;Atropelamento de Pedestre;Com Vítimas Feridas;Plena Noite;Crescente;Nublado;Dupla;"Reta;Aclive";Sim;2;0;1;0;1;0;1;2;-8,29983303;-35,989662;SPRF-PE;DEL02-PE;UOP01-DEL02-PE
582641;22/02/2024;quinta-feira;18:15:00;SP;116;154;SAO JOSE DOS CAMPOS;Manobra de mudança de faixa;Colisão lateral mesmo sentido;Com Vítimas Feridas;Anoitecer;Crescente;Nublado;Dupla;Reta;Não;3;0;1;0;2;0;1;3;-23,23903999;-45,92061901;SPRF-SP;DEL02-SP;UOP01-DEL02-SP
582642;22/02/2024;quinta-feira;08:25:00;RS;116;397,7;CAMAQUA;Desrespeitar a preferência no cruzamento;Colisão transversal;Com Vítimas Feridas;Pleno dia;Decrescente;Nublado;Simples;Rotatória;Sim;2;0;1;0;1;0;1;2;-30,85668978;-51,7840381;SPRF-RS;DEL02-RS;UOP02-DEL02-RS
582643;22/02/2024;quinta-feira;19:00:00;SE;235;34;AREIA BRANCA;Desrespeitar a preferência no cruzamento;Colisão transversal;Com Vítimas Feridas;Plena Noite;Decrescente;Céu Claro;Simples;Reta;Sim;2;0;1;0;1;0;1;2;-10,760385;-37,313049;SPRF-SE;DEL01-SE;UOP02-DEL01-SE
582644;22/02/2024;quinta-feira;18:15:00;PR;376;3;APUCARANA;Condutor deixou de manter distância do veículo da frente;Engavetamento;Com Vítimas Feridas;Anoitecer;Decrescente;Céu Claro;Simples;"Declive;Reta";Sim;12;0;1;1;10;0;2;4;-23,5592863;-51,43785954;SPRF-PR;DEL07-PR;UOP03-DEL07-PR
582646;22/02/2024;quinta-feira;18:20:00;GO;153;428,4;ANAPOLIS;Acessar a via sem observar a presença dos outros veículos;Colisão transversal;Com Vítimas Fatais;Anoitecer;Crescente;Nublado;Simples;"Interseção de Vias;Reta;Retorno Regulamentado";Sim;2;1;0;0;1;0;0;2;-16,237425;-49,005501;SPRF-GO;DEL02-GO;UOP01-DEL02-GO
582647;22/02/2024;quinta-feira;18:38:00;CE;20;300,4;CANINDE;Demais falhas mecânicas ou elétricas;Queda de ocupante de veículo;Com Vítimas Feridas;Plena Noite;Decrescente;Céu Claro;Simples;Reta;Sim;2;0;2;0;0;0;2;1;-4,41415585;-39,32807231;SPRF-CE;DEL02-CE;UOP01-DEL02-CE
582648;22/02/2024;quinta-feira;18:45:00;BA;324;624;SALVADOR;Condutor deixou de manter distância do veículo da frente;Colisão traseira;Sem Vítimas;Plena Noite;Decrescente;Céu Claro;Dupla;Reta;Não;3;0;0;0;3;0;0;2;-12,933839;-38,47190701;SPRF-BA;DEL01-BA;UOP01-DEL01-BA
582649;22/02/2024;quinta-feira;18:10:00;RJ;101;318;SAO GONCALO;Reação tardia ou ineficiente do condutor;Colisão traseira;Com Vítimas Feridas;Anoitecer;Decrescente;Céu Claro;Simples;Reta;Sim;2;0;1;0;1;0;1;2;-22,84562994;-43,09841211;SPRF-RJ;DEL02-RJ;UOP02-DEL02-RJ
582650;22/02/2024;quinta-feira;18:20:00;MT;163;832;SINOP;Trafegar com motocicleta (ou similar) entre as faixas;Colisão lateral mesmo sentido;Com Vítimas Feridas;Anoitecer;Crescente;Céu Claro;Dupla;Reta;Sim;6;0;2;3;0;1;5;4;-11,88579795;-55,5016315;SPRF-MT;DEL06-MT;UOP02-DEL06-MT
582651;22/02/2024;quinta-feira;19:00:00;MG;381;457;BELO HORIZONTE;Ausência de reação do condutor;Colisão com objeto;Com Vítimas Feridas;Plena Noite;Decrescente;Nublado;Dupla;"Reta;Aclive";Sim;3;0;3;0;0;0;3;1;-19,86134886;-43,92063055;SPRF-MG;DEL01-MG;UOP01-DEL01-MG
582652;22/02/2024;quinta-feira;17:40:00;SC;101;44,3;JOINVILLE;Reação tardia ou ineficiente do condutor;Capotamento;Com Vítimas Feridas;Pleno dia;Crescente;Nublado;Dupla;Reta;Sim;3;0;2;0;0;1;2;2;-26,31238996;-48,87458997;SPRF-SC;DEL03-SC;UOP01-DEL03-SC
582653;22/02/2024;quinta-feira;19:00:00;PI;343;315;ALTOS;Avarias e/ou desgaste excessivo no pneu;Saída de leito carroçável;Com Vítimas Feridas;Plena Noite;Decrescente;Garoa/Chuvisco;Simples;Reta;Não;2;0;2;0;0;0;2;1;-5,047249;-42,527164;SPRF-PI;DEL01-PI;UOP01-DEL01-PI
582658;22/02/2024;quinta-feira;19:35:00;RS;285;458;IJUI;Acessar a via sem observar a presença dos outros veículos;Colisão transversal;Sem Vítimas;Plena Noite;Decrescente;Céu Claro;Simples;Curva;Não;2;0;0;0;2;0;0;2;-28,400869;-53,898464;SPRF-RS;DEL10-RS;UOP01-DEL10-RS
582660;22/02/2024;quinta-feira;19:50:00;SP;116;277;EMBU DAS ARTES;Demais falhas mecânicas ou elétricas;Tombamento;Com Vítimas Feridas;Plena Noite;Decrescente;Céu Claro;Dupla;Declive;Não;1;0;1;0;0;0;1;1;-23,64870535;-46,84395469;SPRF-SP;DEL04-SP;UOP01-DEL04-SP
582661;22/02/2024;quinta-feira;19:40:00;SP;116;142,5;SAO JOSE DOS CAMPOS;Reação tardia ou ineficiente do condutor;Colisão traseira;Com Vítimas Feridas;Plena Noite;Decrescente;Céu Claro;Dupla;Reta;Sim;3;0;1;0;2;0;1;2;-23,17849879;-45,83787411;SPRF-SP;DEL02-SP;UOP01-DEL02-SP
582666;22/02/2024;quinta-feira;20:40:00;MG;50;36;ARAGUARI;Acumulo de areia ou detritos sobre o pavimento;Queda de ocupante de veículo;Com Vítimas Feridas;Plena Noite;Crescente;Céu Claro;Dupla;Viaduto;Não;1;0;1;0;0;0;1;1;-18,65616355;-48,15017402;SPRF-MG;DEL15-MG;UOP02-DEL15-MG
582668;22/02/2024;quinta-feira;20:30:00;MS;163;462,4;CAMPO GRANDE;Entrada inopinada do pedestre;Atropelamento de Pedestre;Com Vítimas Feridas;Plena Noite;Crescente;Céu Claro;Simples;Reta;Não;3;0;1;0;2;0;1;2;-20,62069293;-54,5742707;SPRF-MS;DEL01-MS;UOP01-DEL01-MS
582670;22/02/2024;quinta-feira;16:30:00;SC;282;501,3;XANXERE;Acessar a via sem observar a presença dos outros veículos;Colisão transversal;Com Vítimas Feridas;Pleno dia;Crescente;Sol;Simples;Interseção de Vias;Sim;4;0;1;1;2;0;2;2;-26,88244026;-52,38146067;SPRF-SC;DEL07-SC;UOP01-DEL07-SC
582671;22/02/2024;quinta-feira;17:00:00;RJ;101;329;RIO DE JANEIRO;Trafegar com motocicleta (ou similar) entre as faixas;Colisão lateral mesmo sentido;Com Vítimas Feridas;Pleno dia;Decrescente;Céu Claro;Múltipla;"Reta;Ponte";Não;2;0;1;0;1;0;1;2;-22,86939305;-43,175642;SPRF-RJ;DEL02-RJ;UOP01-DEL02-RJ
582672;22/02/2024;quinta-feira;21:16:00;MG;354;753,9;ITAMONTE;Ausência de reação do condutor;Colisão transversal;Com Vítimas Feridas;Plena Noite;Decrescente;Céu Claro;Simples;Reta;Sim;3;0;1;1;0;1;2;3;-22,2836484;-44,8695749;SPRF-MG;DEL17-MG;UOP01-DEL17-MG
582676;22/02/2024;quinta-feira;18:30:00;SC;282;273,5;SAO JOSE DO CERRITO;Pedestre andava na pista;Atropelamento de Pedestre;Com Vítimas Fatais;Anoitecer;Decrescente;Céu Claro;Simples;"Reta;Declive";Não;2;1;0;0;1;0;0;2;-27,6140454;-50,7104734;SPRF-SC;DEL05-SC;UOP02-DEL05-SC
582677;22/02/2024;quinta-feira;19:00:00;RS;392;352;SANTA MARIA;Acessar a via sem observar a presença dos outros veículos;Colisão transversal;Com Vítimas Feridas;Anoitecer;Decrescente;Céu Claro;Dupla;Interseção de Vias;Sim;2;0;0;1;1;0;1;2;-29,71778923;-53,80859435;SPRF-RS;DEL09-RS;UOP01-DEL09-RS
582679;22/02/2024;quinta-feira;21:10:00;PA;316;55;CASTANHAL;Reação tardia ou ineficiente do condutor;Queda de ocupante de veículo;Com Vítimas Feridas;Plena Noite;Crescente;Nublado;Dupla;"Reta;Aclive";Não;1;0;0;1;0;0;1;1;-1,30561339;-47,99919919;SPRF-PA;DEL01-PA;UOP01-DEL01-PA
582680;22/02/2024;quinta-feira;22:33:00;RS;293;436;QUARAI;Deficiência do Sistema de Iluminação/Sinalização;Colisão lateral sentido oposto;Com Vítimas Feridas;Plena Noite;Crescente;Céu Claro;Simples;Reta;Não;3;0;1;0;2;0;1;3;-30,41793846;-56,38160016;SPRF-RS;DEL11-RS;UOP01-DEL11-RS
582682;22/02/2024;quinta-feira;22:10:00;SC;101;207;SAO JOSE;Entrada inopinada do pedestre;Atropelamento de Pedestre;Com Vítimas Feridas;Plena Noite;Crescente;Garoa/Chuvisco;Dupla;Curva;Não;3;0;0;1;1;1;1;2;-27,60001226;-48,6226467;SPRF-SC;DEL01-SC;UOP01-DEL01-SC
582684;22/02/2024;quinta-feira;20:55:00;RO;364;12,1;VILHENA;Desrespeitar a preferência no cruzamento;Colisão transversal;Com Vítimas Feridas;Plena Noite;Decrescente;Nublado;Simples;Interseção de Vias;Não;2;0;1;0;1;0;1;2;-12,74379092;-60,12366772;SPRF-RO;DEL04-RO;UOP01-DEL04-RO
582685;22/02/2024;quinta-feira;21:45:00;RO;364;552;ALTO PARAISO;Ultrapassagem Indevida;Colisão frontal;Com Vítimas Fatais;Plena Noite;Crescente;Céu Claro;Simples;Reta;Não;4;2;2;0;0;0;2;2;-9,63381497;-63,07388824;SPRF-RO;DEL03-RO;UOP01-DEL03-RO
582687;22/02/2024;quinta-feira;23:50:00;MG;40;723,1;BARBACENA;Ausência de reação do condutor;Saída de leito carroçável;Com Vítimas Feridas;Plena Noite;Decrescente;Chuva;Dupla;Curva;Não;1;0;1;0;0;0;1;1;-21,29864253;-43,62857213;SPRF-MG;DEL05-MG;UOP01-DEL05-MG
582688;22/02/2024;quinta-feira;23:25:00;MT;364;339;SANTO ANTONIO DO LEVERGER;Reação tardia ou ineficiente do condutor;Atropelamento de Animal;Com Vítimas Feridas;Plena Noite;Decrescente;Garoa/Chuvisco;Dupla;"Declive;Reta";Não;1;0;1;0;0;0;1;1;-15,83561357;-55,47671408;SPRF-MT;DEL05-MT;UOP02-DEL05-MT
582690;22/02/2024;quinta-feira;23:41:00;SC;NA;NA;BIGUACU;Ingestão de álcool pelo condutor;Tombamento;Sem Vítimas;Plena Noite;Não Informado;Garoa/Chuvisco;Simples;Curva;Sim;1;0;0;0;1;0;0;1;-27,49048911;-48,655985;SPRF-SC;DEL01-SC;UOP01-DEL01-SC
582693;23/02/2024;sexta-feira;01:25:00;RN;101;96;NATAL;Ingestão de álcool pelo condutor;Tombamento;Com Vítimas Feridas;Plena Noite;Crescente;Céu Claro;Múltipla;Reta;Sim;1;0;1;0;0;0;1;1;-5,84949622;-35,20890752;SPRF-RN;DEL01-RN;UOP01-DEL01-RN
582694;22/02/2024;quinta-feira;11:20:00;MG;116;411;GOVERNADOR VALADARES;Pista Escorregadia;Queda de ocupante de veículo;Com Vítimas Feridas;Pleno dia;Crescente;Garoa/Chuvisco;Dupla;Reta;Sim;1;0;0;1;0;0;1;1;-18,86244705;-41,97405237;SPRF-MG;DEL06-MG;UOP01-DEL06-MG
582695;23/02/2024;sexta-feira;00:40:00;GO;153;506;GOIANIA;Ausência de reação do condutor;Queda de ocupante de veículo;Com Vítimas Feridas;Plena Noite;Crescente;Céu Claro;Dupla;Reta;Sim;1;0;1;0;0;0;1;1;-16,7633;-49,24;SPRF-GO;DEL01-GO;UOP01-DEL01-GO
582696;23/02/2024;sexta-feira;02:50:00;MG;381;492;BETIM;Ausência de reação do condutor;Colisão com objeto;Com Vítimas Feridas;Plena Noite;Decrescente;Céu Claro;Simples;Reta;Sim;2;0;0;1;1;0;1;1;-19,97490091;-44,19004301;SPRF-MG;DEL01-MG;UOP03-DEL01-MG
582699;23/02/2024;sexta-feira;03:30:00;AL;104;87,9;RIO LARGO;Animais na Pista;Atropelamento de Animal;Com Vítimas Feridas;Amanhecer;Decrescente;Céu Claro;Dupla;Reta;Sim;1;0;1;0;0;0;1;1;-9,47532901;-35,82160002;SPRF-AL;DEL01-AL;UOP01-DEL01-AL
582701;23/02/2024;sexta-feira;04:30:00;PR;476;118;COLOMBO;Demais falhas mecânicas ou elétricas;Incêndio;Sem Vítimas;Amanhecer;Crescente;Nublado;Dupla;Reta;Não;1;0;0;0;0;1;0;1;-25,35634;-49,180828;SPRF-PR;DEL01-PR;UOP01-DEL01-PR
582702;23/02/2024;sexta-feira;05:30:00;GO;40;8,5;VALPARAISO DE GOIAS;Transitar no Acostamento;Colisão lateral sentido oposto;Com Vítimas Feridas;Amanhecer;Crescente;Céu Claro;Dupla;Reta;Sim;2;0;1;0;1;0;1;2;-16,116158;-47,96761;SPRF-DF;DEL01-DF;UOP01-DEL01-DF
582705;23/02/2024;sexta-feira;06:10:00;SP;153;58,2;SAO JOSE DO RIO PRETO;Condutor Dormindo;Colisão com objeto;Com Vítimas Feridas;Amanhecer;Decrescente;Céu Claro;Dupla;Reta;Sim;1;0;1;0;0;0;1;1;-20,780939;-49,353258;SPRF-SP;DEL09-SP;UOP01-DEL09-SP
582706;23/02/2024;sexta-feira;01:15:00;RJ;101;395;ITAGUAI;Animais na Pista;Atropelamento de Animal;Com Vítimas Feridas;Plena Noite;Decrescente;Céu Claro;Dupla;Reta;Não;1;0;1;0;0;0;1;1;-22,88237391;-43,72205597;SPRF-RJ;DEL03-RJ;UOP01-DEL03-RJ
582709;23/02/2024;sexta-feira;06:30:00;SC;282;5;SAO JOSE;Trafegar com motocicleta (ou similar) entre as faixas;Colisão lateral mesmo sentido;Com Vítimas Feridas;Pleno dia;Decrescente;Sol;Dupla;Reta;Sim;4;0;1;0;3;0;1;4;-27,588425;-48,612919;SPRF-SC;DEL01-SC;UOP01-DEL01-SC
582710;23/02/2024;sexta-feira;06:30:00;PR;376;490,8;PONTA GROSSA;Ausência de reação do condutor;Colisão traseira;Com Vítimas Feridas;Amanhecer;Decrescente;Céu Claro;Múltipla;Aclive;Não;2;0;1;0;1;0;1;2;-25,14692309;-50,15072006;SPRF-PR;DEL03-PR;UOP04-DEL03-PR
582711;23/02/2024;sexta-feira;05:55:00;BA;324;621,7;SALVADOR;Condutor deixou de manter distância do veículo da frente;Colisão traseira;Com Vítimas Feridas;Pleno dia;Crescente;Nublado;Dupla;Reta;Sim;16;0;14;0;2;0;14;2;-12,91233708;-38,45956983;SPRF-BA;DEL01-BA;UOP01-DEL01-BA
582714;23/02/2024;sexta-feira;07:15:00;SP;381;36;ATIBAIA;Reação tardia ou ineficiente do condutor;Saída de leito carroçável;Sem Vítimas;Amanhecer;Decrescente;Céu Claro;Dupla;Reta;Sim;1;0;0;0;0;1;0;1;-23,09707232;-46,57180706;SPRF-SP;DEL03-SP;UOP01-DEL03-SP
582715;23/02/2024;sexta-feira;07:05:00;RS;116;537,5;CAPAO DO LEAO;Condutor Dormindo;Saída de leito carroçável;Sem Vítimas;Pleno dia;Crescente;Céu Claro;Simples;"Aclive;Reta";Não;1;0;0;0;0;1;0;1;-31,799409;-52,492569;SPRF-RS;DEL07-RS;UOP01-DEL07-RS
582717;23/02/2024;sexta-feira;07:20:00;SC;101;156;PORTO BELO;Reação tardia ou ineficiente do condutor;Colisão traseira;Com Vítimas Feridas;Pleno dia;Decrescente;Sol;Múltipla;Reta;Sim;2;0;1;0;1;0;1;2;-27,17142957;-48,61131549;SPRF-SC;DEL04-SC;UOP03-DEL04-SC
582719;22/02/2024;quinta-feira;23:30:00;RJ;493;104;ITAGUAI;Ausência de reação do condutor;Colisão com objeto;Sem Vítimas;Plena Noite;Crescente;Vento;Dupla;Reta;Não;1;0;0;0;0;1;0;1;-22,74633334;-43,72485638;SPRF-RJ;DEL01-RJ;UOP03-DEL01-RJ
582720;23/02/2024;sexta-feira;07:20:00;SC;101;210;SAO JOSE;Manobra de mudança de faixa;Colisão lateral mesmo sentido;Com Vítimas Feridas;Pleno dia;Decrescente;Sol;Múltipla;Reta;Sim;2;0;1;0;1;0;1;2;-27,6167305;-48,6457265;SPRF-SC;DEL01-SC;UOP01-DEL01-SC
582722;23/02/2024;sexta-feira;07:40:00;SC;470;60,2;BLUMENAU;Acessar a via sem observar a presença dos outros veículos;Colisão transversal;Com Vítimas Feridas;Pleno dia;Decrescente;Céu Claro;Simples;Retorno Regulamentado;Não;2;0;1;0;1;0;1;2;-26,88138;-49,164543;SPRF-SC;DEL04-SC;UOP01-DEL04-SC
582723;02/01/2024;terça-feira;13:30:00;MG;251;472;FRANCISCO SA;Reação tardia ou ineficiente do condutor;Atropelamento de Pedestre;Com Vítimas Feridas;Pleno dia;Crescente;Chuva;Simples;"Reta;Declive";Não;2;0;0;1;1;0;1;2;-16,4669101;-43,43947986;SPRF-MG;DEL12-MG;UOP01-DEL12-MG
582724;23/02/2024;sexta-feira;07:30:00;PR;376;601,8;CURITIBA;Manobra de mudança de faixa;Colisão traseira;Com Vítimas Feridas;Amanhecer;Decrescente;Céu Claro;Dupla;Reta;Não;2;0;1;0;1;0;1;2;-25,54329052;-49,30719981;SPRF-PR;DEL01-PR;UOP06-DEL01-PR
582725;23/02/2024;sexta-feira;07:20:00;RS;285;293;PASSO FUNDO;Acessar a via sem observar a presença dos outros veículos;Colisão lateral mesmo sentido;Com Vítimas Feridas;Pleno dia;Crescente;Céu Claro;Simples;Rotatória;Sim;2;0;1;0;1;0;1;2;-28,236645;-52,375156;SPRF-RS;DEL08-RS;UOP03-DEL08-RS
582727;23/02/2024;sexta-feira;08:00:00;MG;262;803;UBERABA;Demais falhas mecânicas ou elétricas;Tombamento;Com Vítimas Feridas;Pleno dia;Crescente;Céu Claro;Dupla;Reta;Não;1;0;0;1;0;0;1;1;-19,77509606;-47,97201785;SPRF-MG;DEL13-MG;UOP01-DEL13-MG
582731;23/02/2024;sexta-feira;08:39:00;ES;101;144;LINHARES;Animais na Pista;Tombamento;Com Vítimas Feridas;Pleno dia;Crescente;Céu Claro;Múltipla;Reta;Sim;2;0;2;0;0;0;2;1;-19,35188295;-40,0636685;SPRF-ES;DEL04-ES;UOP01-DEL04-ES
582733;23/02/2024;sexta-feira;08:36:00;PB;230;162,7;CAMPINA GRANDE;Acessar a via sem observar a presença dos outros veículos;Colisão transversal;Com Vítimas Feridas;Pleno dia;Decrescente;Céu Claro;Simples;Reta;Sim;3;0;1;1;1;0;2;2;-7,22688783;-35,94373584;SPRF-PB;DEL02-PB;UOP01-DEL02-PB
582735;23/02/2024;sexta-feira;08:30:00;SC;101;202,7;SAO JOSE;Condutor deixou de manter distância do veículo da frente;Engavetamento;Com Vítimas Feridas;Pleno dia;Decrescente;Céu Claro;Dupla;Reta;Não;9;0;1;0;8;0;1;4;-27,55711595;-48,61897889;SPRF-SC;DEL01-SC;UOP01-DEL01-SC
582736;23/02/2024;sexta-feira;06:10:00;AC;364;121;RIO BRANCO;Manobra de mudança de faixa;Colisão lateral mesmo sentido;Com Vítimas Feridas;Pleno dia;Decrescente;Céu Claro;Dupla;Rotatória;Sim;2;0;1;0;1;0;1;2;-10,012119;-67,770767;SPRF-AC;DEL01-AC;UOP01-DEL01-AC
582738;23/02/2024;sexta-feira;08:10:00;RS;158;407,7;SAO GABRIEL;Demais falhas na via;Capotamento;Com Vítimas Feridas;Pleno dia;Decrescente;Céu Claro;Simples;Reta;Não;2;0;1;0;1;0;1;1;-29,99016322;-54,48532698;SPRF-RS;DEL11-RS;UOP02-DEL11-RS
582742;23/02/2024;sexta-feira;08:00:00;BA;324;521;FEIRA DE SANTANA;Manobra de mudança de faixa;Tombamento;Com Vítimas Feridas;Pleno dia;Decrescente;Nublado;Dupla;Reta;Sim;1;0;1;0;0;0;1;1;-12,27918591;-38,92645693;SPRF-BA;DEL01-BA;UOP03-DEL01-BA
582746;21/02/2024;quarta-feira;11:54:00;PR;376;258;CALIFORNIA;Ultrapassagem Indevida;Colisão lateral mesmo sentido;Sem Vítimas;Pleno dia;Crescente;Céu Claro;Simples;Reta;Sim;2;0;0;0;1;1;0;2;-23,66802522;-51,35860562;SPRF-PR;DEL07-PR;UOP03-DEL07-PR
582747;23/02/2024;sexta-feira;07:45:00;PR;376;498;PONTA GROSSA;Reação tardia ou ineficiente do condutor;Colisão com objeto;Sem Vítimas;Pleno dia;Decrescente;Céu Claro;Dupla;Reta;Sim;1;0;0;0;1;0;0;1;-25,14964819;-50,14526659;SPRF-PR;DEL03-PR;UOP04-DEL03-PR
582748;23/02/2024;sexta-feira;10:40:00;MG;40;511,8;RIBEIRAO DAS NEVES;Condutor deixou de manter distância do veículo da frente;Colisão traseira;Sem Vítimas;Pleno dia;Decrescente;Chuva;Dupla;"Retorno Regulamentado;Reta;Aclive";Sim;2;0;0;0;2;0;0;2;-19,78164295;-44,11733194;SPRF-MG;DEL01-MG;UOP02-DEL01-MG
582749;23/02/2024;sexta-feira;09:30:00;SP;116;201;ARUJA;Demais falhas mecânicas ou elétricas;Incêndio;Sem Vítimas;Pleno dia;Crescente;Céu Claro;Dupla;Reta;Sim;1;0;0;0;1;0;0;1;-23,40362877;-46,33050107;SPRF-SP;DEL01-SP;UOP01-DEL01-SP
582750;23/02/2024;sexta-feira;09:45:00;GO;40;96,1;CRISTALINA;Acessar a via sem observar a presença dos outros veículos;Colisão transversal;Com Vítimas Feridas;Pleno dia;Crescente;Céu Claro;Simples;Interseção de Vias;Sim;2;0;0;1;1;0;1;2;-16,75768;-47,601613;SPRF-DF;DEL01-DF;UOP02-DEL01-DF
582751;23/02/2024;sexta-feira;10:10:00;RS;290;25,5;SANTO ANTONIO DA PATRULHA;Demais falhas mecânicas ou elétricas;Incêndio;Sem Vítimas;Pleno dia;Crescente;Sol;Dupla;Reta;Não;1;0;0;0;1;0;0;1;-29,879961;-50,509163;SPRF-RS;DEL03-RS;UOP01-DEL03-RS