id;data_inversa;dia_semana;horario;uf;br;km;municipio;causa_acidente;tipo_acidente;classificacao_acidente;fase_dia;sentido_via;condicao_metereologica;tipo_pista;tracado_via;uso_solo;pessoas;mortos;feridos_leves;feridos_graves;ilesos;ignorados;feridos;veiculos;latitude;longitude;regional;delegacia;uop
582883;23/02/2024;sexta-feira;19:05:00;MG;116;699,1;MURIAE;Acessar a via sem observar a presença dos outros veículos;Colisão transversal;Com Vítimas Feridas;Plena Noite;Crescente;Céu Claro;Simples;Reta;Não;3;0;1;0;2;0;1;2;-21,09470198;-42,37369904;SPRF-MG;DEL07-MG;UOP02-DEL07-MG
582884;23/02/2024;sexta-feira;22:00:00;SP;381;25;BRAGANCA PAULISTA;Acumulo de água sobre o pavimento;Colisão com objeto;Com Vítimas Feridas;Pleno dia;Crescente;Chuva;Dupla;Reta;Não;2;0;1;0;1;0;1;1;-23,02018004;-46,52966596;SPRF-SP;DEL03-SP;UOP02-DEL03-SP
582887;23/02/2024;sexta-feira;16:50:00;ES;262;179;IBATIBA;Velocidade Incompatível;Queda de ocupante de veículo;Com Vítimas Feridas;Pleno dia;Decrescente;Ignorado;Simples;Reta;Não;1;0;1;0;0;0;1;1;-20,29107069;-41,66027089;SPRF-ES;DEL01-ES;UOP02-DEL01-ES
582888;23/02/2024;sexta-feira;20:50:00;RO;364;229,2;CACOAL;Pista esburacada;Tombamento;Com Vítimas Feridas;Plena Noite;Crescente;Céu Claro;Simples;Reta;Não;1;0;1;0;0;0;1;1;-11,480908;-61,389245;SPRF-RO;DEL02-RO;UOP02-DEL02-RO
582889;23/02/2024;sexta-feira;22:30:00;DF;60;6,8;BRASILIA;Suicídio (presumido);Atropelamento de Pedestre;Com Vítimas Feridas;Plena Noite;Decrescente;Céu Claro;Dupla;Reta;Sim;2;0;0;1;1;0;1;2;-15,897939;-48,113056;SPRF-DF;DEL03-DF;UOP01-DEL03-DF
582892;23/02/2024;sexta-feira;22:35:00;SC;282;215,5;LAGES;Ultrapassagem Indevida;Colisão lateral mesmo sentido;Com Vítimas Feridas;Plena Noite;Crescente;Céu Claro;Simples;Interseção de Vias;Sim;2;0;1;0;1;0;1;2;-27,7942877;-50,2844131;SPRF-SC;DEL05-SC;UOP01-DEL05-SC
582893;23/02/2024;sexta-feira;22:25:00;PR;376;1;APUCARANA;Ausência de reação do condutor;Saída de leito carroçável;Com Vítimas Feridas;Plena Noite;Crescente;Garoa/Chuvisco;Simples;Interseção de Vias;Não;1;0;1;0;0;0;1;1;-23,5513;-51,461266;SPRF-PR;DEL07-PR;UOP03-DEL07-PR
582894;23/02/2024;sexta-feira;22:00:00;SP;381;43;ATIBAIA;Condutor deixou de manter distância do veículo da frente;Colisão traseira;Sem Vítimas;Plena Noite;Decrescente;Nublado;Dupla;Reta;Não;3;0;0;0;3;0;0;3;-23,15597105;-46,5740155;SPRF-SP;DEL03-SP;UOP01-DEL03-SP
582895;23/02/2024;sexta-feira;21:21:00;MT;70;709;CACERES;Chuva;Saída de leito carroçável;Com Vítimas Feridas;Plena Noite;Crescente;Chuva;Simples;Curva;Não;4;0;4;0;0;0;4;1;-16,22588292;-57,57110596;SPRF-MT;DEL03-MT;UOP01-DEL03-MT
582896;23/02/2024;sexta-feira;23:24:00;GO;40;2,9;VALPARAISO DE GOIAS;Ausência de reação do condutor;Colisão com objeto;Sem Vítimas;Plena Noite;Crescente;Céu Claro;Dupla;Reta;Sim;1;0;0;0;1;0;0;1;-16,067129;-47,984235;SPRF-DF;DEL01-DF;UOP01-DEL01-DF
582897;23/02/2024;sexta-feira;23:00:00;PE;101;43,9;IGARASSU;Acessar a via sem observar a presença dos outros veículos;Atropelamento de Pedestre;Com Vítimas Feridas;Plena Noite;Crescente;Vento;Múltipla;Reta;Sim;2;0;0;1;1;0;1;2;-7,84753808;-34,90977038;SPRF-PE;DEL01-PE;UOP02-DEL01-PE
582899;23/02/2024;sexta-feira;18:15:00;MG;116;416;GOVERNADOR VALADARES;Retorno proibido;Colisão transversal;Com Vítimas Feridas;Anoitecer;Decrescente;Céu Claro;Simples;Curva;Sim;2;0;1;0;1;0;1;2;-18,89215187;-41,94699543;SPRF-MG;DEL06-MG;UOP01-DEL06-MG
582900;23/02/2024;sexta-feira;19:00:00;MA;402;23;AXIXA;Transitar na contramão;Colisão frontal;Com Vítimas Feridas;Plena Noite;Crescente;Céu Claro;Simples;Reta;Não;2;0;0;1;1;0;1;2;-2,916537;-44,143658;SPRF-MA;DEL01-MA;UOP01-DEL01-MA
582902;23/02/2024;sexta-feira;19:15:00;RS;285;577;SAO LUIZ GONZAGA;Ultrapassagem Indevida;Colisão frontal;Com Vítimas Feridas;Anoitecer;Crescente;Chuva;Simples;Reta;Não;3;0;1;0;2;0;1;3;-28,423437;-55,066597;SPRF-RS;DEL12-RS;UOP01-DEL12-RS
582903;23/02/2024;sexta-feira;23:30:00;MG;354;752,8;ITAMONTE;Acessar a via sem observar a presença dos outros veículos;Colisão transversal;Com Vítimas Feridas;Plena Noite;Decrescente;Nublado;Simples;Reta;Sim;2;0;1;0;0;1;1;2;-22,29340799;-44,86366398;SPRF-MG;DEL17-MG;UOP01-DEL17-MG
582905;24/02/2024;sábado;00:05:00;RS;285;335;CARAZINHO;Condutor Dormindo;Saída de leito carroçável;Sem Vítimas;Plena Noite;Decrescente;Céu Claro;Simples;"Curva;Aclive";Sim;1;0;0;0;1;0;0;1;-28,314695;-52,750206;SPRF-RS;DEL08-RS;UOP03-DEL08-RS
582906;23/02/2024;sexta-feira;20:30:00;RJ;101;581;PARATY;Condutor Dormindo;Saída de leito carroçável;Com Vítimas Feridas;Plena Noite;Crescente;Nublado;Simples;Reta;Não;1;0;0;1;0;0;1;1;-23,24744793;-44,70081567;SPRF-RJ;DEL03-RJ;UOP04-DEL03-RJ
582907;24/02/2024;sábado;00:15:00;PE;408;95,4;SAO LOURENCO DA MATA;Ausência de reação do condutor;Colisão traseira;Com Vítimas Feridas;Plena Noite;Crescente;Nublado;Dupla;"Aclive;Reta";Não;2;0;1;0;1;0;1;2;-8,01186091;-35,04237616;SPRF-PE;DEL01-PE;UOP01-DEL01-PE
582908;24/02/2024;sábado;01:00:00;PR;376;596,2;CURITIBA;Ingestão de álcool pelo condutor;Saída de leito carroçável;Com Vítimas Feridas;Plena Noite;Decrescente;Céu Claro;Dupla;Reta;Não;1;0;1;0;0;0;1;1;-25,48479613;-49,34730331;SPRF-PR;DEL01-PR;UOP06-DEL01-PR
582912;23/02/2024;sexta-feira;20:30:00;MG;262;9,1;MARTINS SOARES;Ingestão de álcool pelo condutor;Tombamento;Com Vítimas Feridas;Plena Noite;Decrescente;Nublado;Simples;Reta;Não;1;0;1;0;0;0;1;1;-20,25054582;-41,83493898;SPRF-MG;DEL06-MG;UOP03-DEL06-MG
582913;24/02/2024;sábado;02:15:00;RS;386;148,6;SARANDI;Demais falhas mecânicas ou elétricas;Incêndio;Sem Vítimas;Plena Noite;Decrescente;Céu Claro;Simples;Reta;Não;1;0;0;0;1;0;0;1;-28,065999;-52,8684905;SPRF-RS;DEL08-RS;UOP01-DEL08-RS
582916;24/02/2024;sábado;03:30:00;SP;381;86;SAO PAULO;Entrada inopinada do pedestre;Atropelamento de Pedestre;Com Vítimas Fatais;Anoitecer;Decrescente;Céu Claro;Dupla;"Aclive;Reta";Sim;2;1;0;0;0;1;0;2;-23,45930499;-46,57161179;SPRF-SP;DEL03-SP;UOP01-DEL03-SP
582918;24/02/2024;sábado;02:30:00;MG;381;684;RIBEIRAO VERMELHO;Pedestre andava na pista;Atropelamento de Pedestre;Com Vítimas Fatais;Plena Noite;Crescente;Nublado;Dupla;"Curva;Declive";Não;4;1;0;0;3;0;0;3;-21,15739902;-45,11698723;SPRF-MG;DEL04-MG;UOP02-DEL04-MG
582919;24/02/2024;sábado;03:45:00;PR;369;177;ROLANDIA;Condutor Dormindo;Colisão frontal;Com Vítimas Feridas;Plena Noite;Decrescente;Céu Claro;Simples;Reta;Sim;2;0;1;0;1;0;1;2;-23,3402492;-51,3872044;SPRF-PR;DEL07-PR;UOP01-DEL07-PR
582922;24/02/2024;sábado;04:04:00;SC;101;205;SAO JOSE;Condutor Dormindo;Colisão com objeto;Sem Vítimas;Amanhecer;Decrescente;Céu Claro;Dupla;"Reta;Interseção de Vias";Sim;1;0;0;0;1;0;0;1;-27,58308833;-48,61497402;SPRF-SC;DEL01-SC;UOP01-DEL01-SC
582924;23/02/2024;sexta-feira;19:30:00;BA;420;350;JAGUAQUARA;Transitar na contramão;Colisão frontal;Com Vítimas Feridas;Plena Noite;Crescente;Céu Claro;Simples;Aclive;Não;2;0;0;1;1;0;1;2;-13,510185;-40,0517;SPRF-BA;DEL03-BA;UOP01-DEL03-BA
582925;24/02/2024;sábado;04:45:00;PE;428;158;PETROLINA;Ingestão de álcool pelo condutor;Colisão frontal;Com Vítimas Feridas;Amanhecer;Decrescente;Céu Claro;Simples;Reta;Não;5;0;5;0;0;0;5;2;-9,13177614;-40,34787778;SPRF-PE;DEL06-PE;UOP01-DEL06-PE
582927;24/02/2024;sábado;05:20:00;SC;282;214;LAGES;Transitar na contramão;Colisão frontal;Com Vítimas Feridas;Amanhecer;Crescente;Nublado;Simples;"Aclive;Reta;Rotatória";Não;3;0;3;0;0;0;3;3;-27,78937;-50,271915;SPRF-SC;DEL05-SC;UOP01-DEL05-SC
582929;24/02/2024;sábado;06:40:00;SC;101;199,3;SAO JOSE;Acessar a via sem observar a presença dos outros veículos;Colisão transversal;Com Vítimas Feridas;Amanhecer;Crescente;Céu Claro;Simples;Reta;Não;2;0;1;0;1;0;1;2;-27,53413705;-48,63003205;SPRF-SC;DEL01-SC;UOP01-DEL01-SC
582931;24/02/2024;sábado;06:45:00;DF;20;9;BRASILIA;Reação tardia ou ineficiente do condutor;Queda de ocupante de veículo;Com Vítimas Feridas;Pleno dia;Crescente;Nublado;Dupla;Reta;Sim;1;0;1;0;0;0;1;1;-15,654671;-47,782917;SPRF-DF;DEL02-DF;UOP01-DEL02-DF
582934;24/02/2024;sábado;06:30:00;MG;381;496;BETIM;Ausência de reação do condutor;Colisão com objeto;Com Vítimas Feridas;Pleno dia;Crescente;Sol;Dupla;Declive;Sim;2;0;1;0;1;0;1;1;-19,99676497;-44,20958506;SPRF-MG;DEL01-MG;UOP03-DEL01-MG
582935;23/02/2024;sexta-feira;15:10:00;BA;110;177;RIBEIRA DO POMBAL;Condutor deixou de manter distância do veículo da frente;Capotamento;Com Vítimas Feridas;Pleno dia;Crescente;Chuva;Simples;Reta;Sim;1;0;1;0;0;0;1;1;-10,90525204;-38,52224525;SPRF-BA;DEL07-BA;UOP02-DEL07-BA
582936;24/02/2024;sábado;06:30:00;MG;381;494;BETIM;Demais falhas mecânicas ou elétricas;Tombamento;Com Vítimas Feridas;Pleno dia;Crescente;Sol;Dupla;"Aclive;Reta";Não;2;0;1;0;1;0;1;1;-19,985563;-44,20318;SPRF-MG;DEL01-MG;UOP03-DEL01-MG
582937;24/02/2024;sábado;06:05:00;RS;285;276;MATO CASTELHANO;Ingestão de álcool pelo condutor;Colisão frontal;Sem Vítimas;Amanhecer;Decrescente;Céu Claro;Simples;Reta;Não;5;0;0;0;5;0;0;2;-28,26359;-52,217773;SPRF-RS;DEL08-RS;UOP03-DEL08-RS
582938;24/02/2024;sábado;07:00:00;PR;369;161,2;CAMBE;Condutor desrespeitou a iluminação vermelha do semáforo;Colisão transversal;Sem Vítimas;Pleno dia;Decrescente;Céu Claro;Dupla;"Interseção de Vias;Reta";Sim;5;0;0;0;5;0;0;2;-23,288638;-51,261707;SPRF-PR;DEL07-PR;UOP01-DEL07-PR
582939;23/02/2024;sexta-feira;23:15:00;PI;135;337;SANTA LUZ;Animais na Pista;Atropelamento de Animal;Sem Vítimas;Plena Noite;Crescente;Nevoeiro/Neblina;Simples;Reta;Não;3;0;0;0;3;0;0;1;-8,98351823;-44,28270378;SPRF-PI;DEL03-PI;UOP02-DEL03-PI
582940;24/02/2024;sábado;06:15:00;MG;381;493,7;BETIM;Condutor deixou de manter distância do veículo da frente;Colisão traseira;Com Vítimas Feridas;Pleno dia;Crescente;Nublado;Dupla;"Declive;Reta";Sim;2;0;0;1;1;0;1;2;-19,96586462;-44,17710936;SPRF-MG;DEL01-MG;UOP03-DEL01-MG
582941;23/02/2024;sexta-feira;18:20:00;MG;116;414,3;GOVERNADOR VALADARES;Frear bruscamente;Tombamento;Com Vítimas Feridas;Plena Noite;Crescente;Céu Claro;Simples;"Curva;Interseção de Vias";Sim;1;0;0;1;0;0;1;1;-18,88102703;-41,95910802;SPRF-MG;DEL06-MG;UOP01-DEL06-MG
582942;24/02/2024;sábado;06:40:00;SC;101;228,2;PALHOCA;Ausência de reação do condutor;Tombamento;Com Vítimas Feridas;Pleno dia;Crescente;Céu Claro;Simples;Reta;Sim;1;0;0;1;0;0;1;1;-27,7597249;-48,63078869;SPRF-SC;DEL01-SC;UOP02-DEL01-SC
582943;23/02/2024;sexta-feira;21:20:00;PA;230;123;MARABA;Condutor deixou de manter distância do veículo da frente;Colisão traseira;Sem Vítimas;Plena Noite;Crescente;Chuva;Dupla;Reta;Sim;2;0;0;0;2;0;0;2;-5,36838526;-49,12886078;SPRF-PA;DEL03-PA;UOP01-DEL03-PA
582945;24/02/2024;sábado;07:10:00;PE;232;12;JABOATAO DOS GUARARAPES;Condutor deixou de manter distância do veículo da frente;Colisão traseira;Com Vítimas Feridas;Pleno dia;Crescente;Sol;Dupla;"Reta;Declive";Sim;4;0;2;0;1;1;2;3;-8,08577691;-35,00345603;SPRF-PE;DEL01-PE;UOP01-DEL01-PE
582946;24/02/2024;sábado;07:10:00;ES;101;265;SERRA;Ausência de reação do condutor;Colisão com objeto;Sem Vítimas;Pleno dia;Crescente;Céu Claro;Dupla;Reta;Não;1;0;0;0;0;1;0;1;-20,1816849;-40,26536036;SPRF-ES;DEL02-ES;UOP01-DEL02-ES
582947;24/02/2024;sábado;07:45:00;SC;280;25,5;ARAQUARI;Reação tardia ou ineficiente do condutor;Colisão traseira;Com Vítimas Feridas;Pleno dia;Crescente;Céu Claro;Simples;Reta;Sim;3;0;2;0;1;0;2;2;-26,38352781;-48,72677516;SPRF-SC;DEL03-SC;UOP03-DEL03-SC
582948;30/01/2024;terça-feira;16:00:00;MT;70;2;BARRA DO GARCAS;Conversão proibida;Colisão transversal;Com Vítimas Feridas;Pleno dia;Crescente;Céu Claro;Simples;"Reta;Aclive";Sim;4;0;2;0;0;2;2;4;-15,88749699;-52,26810568;SPRF-MT;DEL07-MT;UOP01-DEL07-MT
582949;24/02/2024;sábado;08:30:00;MG;40;752;SANTOS DUMONT;Curva acentuada;Saída de leito carroçável;Com Vítimas Feridas;Pleno dia;Decrescente;Céu Claro;Simples;Curva;Não;1;0;1;0;0;0;1;1;-21,47234502;-43,554397;SPRF-MG;DEL05-MG;UOP01-DEL05-MG
582950;24/02/2024;sábado;08:20:00;SP;381;84;SAO PAULO;Ausência de reação do condutor;Saída de leito carroçável;Sem Vítimas;Pleno dia;Crescente;Céu Claro;Dupla;Reta;Sim;1;0;0;0;1;0;0;1;-23,43937;-46,56807;SPRF-SP;DEL03-SP;UOP01-DEL03-SP
582952;24/02/2024;sábado;08:05:00;SC;101;196;BIGUACU;Ingestão de álcool pelo condutor;Saída de leito carroçável;Com Vítimas Feridas;Pleno dia;Crescente;Céu Claro;Múltipla;Reta;Sim;2;0;1;0;0;1;1;2;-27,51101091;-48,64322292;SPRF-SC;DEL01-SC;UOP01-DEL01-SC
582954;24/02/2024;sábado;07:35:00;BA;101;741;ITABELA;Reação tardia ou ineficiente do condutor;Saída de leito carroçável;Com Vítimas Fatais;Pleno dia;Decrescente;Céu Claro;Simples;Curva;Não;2;1;0;1;0;0;1;1;-16,54842391;-39,56425667;SPRF-BA;DEL09-BA;UOP01-DEL09-BA
582955;24/02/2024;sábado;08:05:00;MG;354;734;POUSO ALTO;Curva acentuada;Saída de leito carroçável;Com Vítimas Feridas;Pleno dia;Crescente;Céu Claro;Simples;Curva;Não;4;0;2;0;2;0;2;1;-22,18823192;-44,97635454;SPRF-MG;DEL17-MG;UOP01-DEL17-MG
582960;24/02/2024;sábado;08:52:00;SC;101;207,6;SAO JOSE;Manobra de mudança de faixa;Colisão lateral mesmo sentido;Com Vítimas Feridas;Pleno dia;Decrescente;Céu Claro;Múltipla;"Declive;Reta";Não;2;0;1;0;1;0;1;2;-27,60001226;-48,6226467;SPRF-SC;DEL01-SC;UOP01-DEL01-SC
582962;24/02/2024;sábado;09:30:00;RN;101;81,1;NATAL;Acessar a via sem observar a presença dos outros veículos;Tombamento;Com Vítimas Feridas;Pleno dia;Decrescente;Céu Claro;Dupla;Reta;Sim;2;0;1;0;1;0;1;2;-5,76469466;-35,28295988;SPRF-RN;DEL02-RN;UOP01-DEL02-RN
582964;24/02/2024;sábado;08:00:00;MG;116;507,3;UBAPORANGA;Conversão proibida;Colisão transversal;Com Vítimas Feridas;Pleno dia;Crescente;Nublado;Simples;Curva;Sim;2;0;0;1;1;0;1;2;-19,61953715;-42,10872923;SPRF-MG;DEL06-MG;UOP02-DEL06-MG
582965;24/02/2024;sábado;08:35:00;PR;376;601,8;CURITIBA;Condutor deixou de manter distância do veículo da frente;Colisão traseira;Com Vítimas Feridas;Pleno dia;Crescente;Céu Claro;Dupla;"Interseção de Vias;Reta";Não;5;0;2;0;3;0;2;3;-25,537054;-49,31404;SPRF-PR;DEL01-PR;UOP06-DEL01-PR
582967;24/02/2024;sábado;09:45:00;PR;376;650,7;TIJUCAS DO SUL;Acumulo de óleo sobre o pavimento;Saída de leito carroçável;Com Vítimas Feridas;Pleno dia;Crescente;Céu Claro;Dupla;"Curva;Aclive";Não;2;0;2;0;0;0;2;1;-25,845025;-49,073062;SPRF-PR;DEL01-PR;UOP04-DEL01-PR
582968;24/02/2024;sábado;09:30:00;GO;60;329;ACREUNA;Condutor Dormindo;Colisão com objeto;Com Vítimas Feridas;Pleno dia;Crescente;Sol;Dupla;Reta;Não;2;0;2;0;0;0;2;1;-17,551814;-50,517129;SPRF-GO;DEL04-GO;UOP02-DEL04-GO
582969;24/02/2024;sábado;10:00:00;PB;230;18;JOAO PESSOA;Condutor deixou de manter distância do veículo da frente;Colisão traseira;Com Vítimas Feridas;Pleno dia;Decrescente;Céu Claro;Dupla;Interseção de Vias;Sim;3;0;2;0;1;0;2;2;-7,12561328;-34,84518886;SPRF-PB;DEL01-PB;UOP01-DEL01-PB
582970;24/02/2024;sábado;09:15:00;RJ;465;21;NOVA IGUACU;Ultrapassagem Indevida;Atropelamento de Pedestre;Com Vítimas Feridas;Pleno dia;Crescente;Céu Claro;Simples;Reta;Sim;2;0;1;0;1;0;1;2;-22,854782;-43,601933;SPRF-RJ;DEL06-RJ;UOP02-DEL06-RJ
582973;24/02/2024;sábado;04:00:00;MG;267;72,1;JUIZ DE FORA;Animais na Pista;Saída de leito carroçável;Com Vítimas Feridas;Plena Noite;Crescente;Céu Claro;Simples;Reta;Não;1;0;1;0;0;0;1;1;-21,74761511;-43,15058797;SPRF-MG;DEL05-MG;UOP01-DEL05-MG
582974;24/02/2024;sábado;10:15:00;SC;282;16,4;PALHOCA;Trafegar com motocicleta (ou similar) entre as faixas;Colisão transversal;Com Vítimas Feridas;Pleno dia;Crescente;Céu Claro;Simples;Reta;Não;3;0;1;0;2;0;1;2;-27,658611;-48,681847;SPRF-SC;DEL01-SC;UOP02-DEL01-SC
582975;24/02/2024;sábado;10:15:00;RS;158;204,2;CRUZ ALTA;Condutor deixou de manter distância do veículo da frente;Saída de leito carroçável;Sem Vítimas;Pleno dia;Crescente;Sol;Simples;Reta;Não;2;0;0;0;2;0;0;1;-28,72078706;-53,59863151;SPRF-RS;DEL10-RS;UOP02-DEL10-RS
582976;24/02/2024;sábado;10:50:00;RS;386;341;LAJEADO;Reação tardia ou ineficiente do condutor;Colisão lateral mesmo sentido;Com Vítimas Feridas;Pleno dia;Crescente;Céu Claro;Dupla;Reta;Não;5;0;2;0;3;0;2;2;-29,431631;-52,011932;SPRF-RS;DEL04-RS;UOP01-DEL04-RS
582978;24/02/2024;sábado;11:00:00;SC;101;206;SAO JOSE;Ausência de reação do condutor;Colisão traseira;Com Vítimas Feridas;Pleno dia;Decrescente;Céu Claro;Dupla;Reta;Sim;2;0;1;0;1;0;1;2;-27,59193546;-48,61824557;SPRF-SC;DEL01-SC;UOP01-DEL01-SC
582979;24/02/2024;sábado;10:50:00;RJ;101;327;RIO DE JANEIRO;Ausência de reação do condutor;Colisão traseira;Com Vítimas Feridas;Pleno dia;Decrescente;Céu Claro;Dupla;Reta;Sim;2;0;1;0;1;0;1;2;-22,87117393;-43,15595099;SPRF-RJ;DEL02-RJ;UOP01-DEL02-RJ
582980;23/02/2024;sexta-feira;20:10:00;BA;101;102;ALAGOINHAS;Pedestre andava na pista;Atropelamento de Pedestre;Com Vítimas Feridas;Plena Noite;Crescente;Céu Claro;Simples;Reta;Não;2;0;0;2;0;0;2;2;-12,15440191;-38,40413906;SPRF-BA;DEL01-BA;UOP04-DEL01-BA
582981;24/02/2024;sábado;10:40:00;RS;290;98;PORTO ALEGRE;Ausência de sinalização;Colisão traseira;Com Vítimas Feridas;Pleno dia;Decrescente;Céu Claro;Simples;Aclive;Não;2;0;0;1;1;0;1;2;-29,994816;-51,217403;SPRF-RS;DEL01-RS;UOP01-DEL01-RS
582982;24/02/2024;sábado;11:40:00;RJ;393;284;VOLTA REDONDA;Ausência de reação do condutor;Colisão traseira;Com Vítimas Feridas;Pleno dia;Decrescente;Sol;Simples;Reta;Não;3;0;1;0;2;0;1;2;-22,47341979;-44,05990606;SPRF-RJ;DEL05-RJ;UOP04-DEL05-RJ
582985;24/02/2024;sábado;11:30:00;ES;101;67,5;SAO MATEUS;Desrespeitar a preferência no cruzamento;Colisão transversal;Com Vítimas Feridas;Pleno dia;Crescente;Sol;Dupla;Interseção de Vias;Não;4;0;2;0;2;0;2;2;-18,72054021;-39,8658931;SPRF-ES;DEL04-ES;UOP02-DEL04-ES
582986;24/02/2024;sábado;11:55:00;SC;101;198,8;BIGUACU;Manobra de mudança de faixa;Colisão lateral mesmo sentido;Com Vítimas Feridas;Pleno dia;Decrescente;Céu Claro;Dupla;Reta;Sim;3;0;2;0;1;0;2;2;-27,52658712;-48,63506019;SPRF-SC;DEL01-SC;UOP01-DEL01-SC
582988;24/02/2024;sábado;12:30:00;ES;101;238;FUNDAO;Acessar a via sem observar a presença dos outros veículos;Colisão transversal;Com Vítimas Feridas;Pleno dia;Decrescente;Céu Claro;Simples;Aclive;Não;2;0;1;0;1;0;1;2;-20,00196;-40,41321;SPRF-ES;DEL02-ES;UOP01-DEL02-ES
582990;24/02/2024;sábado;09:55:00;GO;60;345;SANTO ANTONIO DA BARRA;Animais na Pista;Atropelamento de Animal;Sem Vítimas;Pleno dia;Decrescente;Nublado;Dupla;Reta;Não;2;0;0;0;2;0;0;1;-17,565509;-50,651117;SPRF-GO;DEL04-GO;UOP02-DEL04-GO
582995;24/02/2024;sábado;13:00:00;BA;324;356;CAPIM GROSSO;Demais falhas mecânicas ou elétricas;Incêndio;Sem Vítimas;Pleno dia;Decrescente;Nublado;Simples;Reta;Sim;2;0;0;0;2;0;0;1;-11,38804202;-39,98733759;SPRF-BA;DEL04-BA;UOP02-DEL04-BA
582999;24/02/2024;sábado;11:00:00;MT;70;609;POCONE;Reação tardia ou ineficiente do condutor;Saída de leito carroçável;Com Vítimas Feridas;Pleno dia;Crescente;Chuva;Simples;"Curva;Declive";Não;4;0;4;0;0;0;4;1;-15,84932911;-56,80410299;SPRF-MT;DEL03-MT;UOP02-DEL03-MT
583003;24/02/2024;sábado;13:30:00;MG;50;50;ARAGUARI;Ausência de reação do condutor;Saída de leito carroçável;Com Vítimas Feridas;Pleno dia;Crescente;Céu Claro;Dupla;Reta;Não;1;0;1;0;0;0;1;1;-18,73632416;-48,22707877;SPRF-MG;DEL15-MG;UOP02-DEL15-MG
583004;24/02/2024;sábado;12:10:00;SC;101;412;ARARANGUA;Ingestão de álcool pelo condutor;Colisão traseira;Com Vítimas Feridas;Pleno dia;Crescente;Céu Claro;Simples;Reta;Sim;2;0;1;0;1;0;1;2;-28,939333;-49,497513;SPRF-SC;DEL02-SC;UOP02-DEL02-SC
583006;24/02/2024;sábado;13:50:00;SP;101;43;UBATUBA;Acumulo de areia ou detritos sobre o pavimento;Tombamento;Com Vítimas Feridas;Pleno dia;Crescente;Céu Claro;Simples;Rotatória;Sim;1;0;1;0;0;0;1;1;-23,40942079;-45,0591588;SPRF-SP;DEL06-SP;UOP01-DEL06-SP
583009;24/02/2024;sábado;13:50:00;MG;262;122,1;RIO CASCA;Condutor Dormindo;Saída de leito carroçável;Com Vítimas Feridas;Pleno dia;Decrescente;Céu Claro;Simples;Reta;Não;1;0;1;0;0;0;1;1;-20,20814029;-42,66502007;SPRF-MG;DEL03-MG;UOP03-DEL03-MG
583010;24/02/2024;sábado;14:10:00;DF;60;24;BRASILIA;Reação tardia ou ineficiente do condutor;Saída de leito carroçável;Com Vítimas Feridas;Pleno dia;Crescente;Nublado;Dupla;"Declive;Reta";Não;2;0;0;2;0;0;2;1;-15,991807;-48,232067;SPRF-DF;DEL03-DF;UOP01-DEL03-DF
583011;24/02/2024;sábado;11:20:00;PR;373;258;PRUDENTOPOLIS;Acessar a via sem observar a presença dos outros veículos;Colisão lateral mesmo sentido;Sem Vítimas;Pleno dia;Crescente;Céu Claro;Simples;Reta;Não;4;0;0;0;3;1;0;3;-25,19255;-50,91549;SPRF-PR;DEL08-PR;UOP01-DEL08-PR
583012;24/02/2024;sábado;15:00:00;MG;381;480;CONTAGEM;Estacionar ou parar em local proibido;Colisão lateral mesmo sentido;Com Vítimas Feridas;Pleno dia;Decrescente;Céu Claro;Dupla;"Aclive;Reta";Sim;2;0;1;0;1;0;1;2;-19,96399101;-44,04109955;SPRF-MG;DEL01-MG;UOP03-DEL01-MG
583013;24/02/2024;sábado;14:40:00;SC;470;49,3;BLUMENAU;Pista Escorregadia;Colisão frontal;Com Vítimas Feridas;Pleno dia;Crescente;Chuva;Dupla;"Curva;Interseção de Vias";Sim;3;0;2;0;1;0;2;2;-26,8614334;-49,06838536;SPRF-SC;DEL04-SC;UOP01-DEL04-SC
583014;24/02/2024;sábado;13:30:00;MG;40;291,8;TRES MARIAS;Reação tardia ou ineficiente do condutor;Colisão com objeto;Com Vítimas Feridas;Pleno dia;Decrescente;Nublado;Simples;"Aclive;Curva";Não;1;0;0;1;0;0;1;1;-18,28296533;-45,1362012;SPRF-MG;DEL14-MG;UOP02-DEL14-MG
583015;24/02/2024;sábado;14:30:00;PB;412;113,5;SUME;Reação tardia ou ineficiente do condutor;Saída de leito carroçável;Com Vítimas Feridas;Pleno dia;Decrescente;Sol;Simples;Reta;Não;3;0;0;2;1;0;2;1;-7,697623;-36,912792;SPRF-PB;DEL02-PB;UOP02-DEL02-PB
583016;24/02/2024;sábado;12:15:00;PA;316;111;SANTA MARIA DO PARA;Acessar a via sem observar a presença dos outros veículos;Colisão transversal;Com Vítimas Feridas;Pleno dia;Decrescente;Chuva;Simples;"Curva;Interseção de Vias";Não;2;0;1;0;1;0;1;2;-1,31708992;-47,51316503;SPRF-PA;DEL01-PA;UOP02-DEL01-PA
583020;31/01/2024;quarta-feira;13:30:00;PR;277;7;PARANAGUA;Mal súbito do condutor;Saída de leito carroçável;Com Vítimas Fatais;Pleno dia;Crescente;Nublado;Dupla;Reta;Não;1;1;0;0;0;0;0;1;-25,568198;-48,615292;SPRF-PR;DEL01-PR;UOP05-DEL01-PR