id;data_inversa;dia_semana;horario;uf;br;km;municipio;causa_acidente;tipo_acidente;classificacao_acidente;fase_dia;sentido_via;condicao_metereologica;tipo_pista;tracado_via;uso_solo;pessoas;mortos;feridos_leves;feridos_graves;ilesos;ignorados;feridos;veiculos;latitude;longitude;regional;delegacia;uop
583138;25/02/2024;domingo;01:15:00;PR;116;31;CAMPINA GRANDE DO SUL;Ausência de reação do condutor;Saída de leito carroçável;Com Vítimas Feridas;Plena Noite;Crescente;Chuva;Simples;Curva;Não;1;0;0;1;0;0;1;1;-25,10517495;-48,84111643;SPRF-PR;DEL01-PR;UOP02-DEL01-PR
583139;25/02/2024;domingo;01:00:00;SC;101;459;PASSO DE TORRES;Ausência de reação do condutor;Queda de ocupante de veículo;Com Vítimas Feridas;Plena Noite;Crescente;Céu Claro;Dupla;Reta;Não;2;0;2;0;0;0;2;1;-29,249493;-49,75304901;SPRF-RS;DEL03-RS;UOP02-DEL03-RS
583140;24/02/2024;sábado;23:00:00;MA;10;180,4;CAMPESTRE DO MARANHAO;Ingestão de álcool pelo condutor;Colisão frontal;Com Vítimas Feridas;Plena Noite;Crescente;Céu Claro;Simples;Reta;Não;5;0;5;0;0;0;5;2;-6,158751;-47,367653;SPRF-MA;DEL04-MA;UOP02-DEL04-MA
583141;25/02/2024;domingo;00:50:00;RJ;101;500;ANGRA DOS REIS;Velocidade Incompatível;Tombamento;Com Vítimas Feridas;Plena Noite;Decrescente;Céu Claro;Simples;Reta;Não;1;0;0;1;0;0;1;1;-22,91719505;-44,35485495;SPRF-RJ;DEL03-RJ;UOP03-DEL03-RJ
583144;25/02/2024;domingo;02:05:00;MG;381;869,1;POUSO ALEGRE;Ingestão de álcool pelo condutor;Saída de leito carroçável;Com Vítimas Feridas;Plena Noite;Crescente;Céu Claro;Dupla;Reta;Não;2;0;2;0;0;0;2;1;-22,38391151;-45,9495492;SPRF-MG;DEL16-MG;UOP01-DEL16-MG
583145;25/02/2024;domingo;02:30:00;SP;116;214;GUARULHOS;Velocidade Incompatível;Colisão traseira;Sem Vítimas;Plena Noite;Decrescente;Céu Claro;Múltipla;Aclive;Sim;2;0;0;0;1;1;0;2;-23,44333014;-46,44531294;SPRF-SP;DEL01-SP;UOP01-DEL01-SP
583147;24/02/2024;sábado;11:35:00;BA;324;625;SALVADOR;Avarias e/ou desgaste excessivo no pneu;Queda de ocupante de veículo;Com Vítimas Feridas;Pleno dia;Crescente;Nublado;Múltipla;Reta;Sim;2;0;2;0;0;0;2;1;-12,94194706;-38,47081224;SPRF-BA;DEL01-BA;UOP01-DEL01-BA
583148;25/02/2024;domingo;03:20:00;SC;470;99,9;APIUNA;Velocidade Incompatível;Colisão com objeto;Com Vítimas Feridas;Plena Noite;Decrescente;Céu Claro;Simples;Reta;Não;4;0;2;0;1;1;2;2;-27,037956;-49,393417;SPRF-SC;DEL04-SC;UOP02-DEL04-SC
583149;25/02/2024;domingo;03:10:00;MG;262;361;BETIM;Ausência de reação do condutor;Atropelamento de Animal;Com Vítimas Feridas;Plena Noite;Crescente;Nevoeiro/Neblina;Dupla;Reta;Sim;2;0;2;0;0;0;2;1;-19,97906129;-44,21765208;SPRF-MG;DEL01-MG;UOP03-DEL01-MG
583151;24/02/2024;sábado;20:35:00;RN;110;49,2;MOSSORO;Reação tardia ou ineficiente do condutor;Colisão traseira;Sem Vítimas;Plena Noite;Decrescente;Céu Claro;Múltipla;Reta;Sim;2;0;0;0;1;1;0;2;-5,21645975;-37,32927128;SPRF-RN;DEL04-RN;UOP01-DEL04-RN
583153;25/02/2024;domingo;03:00:00;ES;101;363,2;ANCHIETA;Velocidade Incompatível;Queda de ocupante de veículo;Com Vítimas Feridas;Plena Noite;Decrescente;Céu Claro;Dupla;Reta;Não;1;0;1;0;0;0;1;1;-20,72058178;-40,73858925;SPRF-ES;DEL03-ES;UOP01-DEL03-ES
583154;25/02/2024;domingo;02:40:00;RJ;356;2;ITAPERUNA;Condutor Dormindo;Colisão com objeto;Com Vítimas Feridas;Plena Noite;Decrescente;Céu Claro;Simples;"Reta;Declive";Não;2;0;2;0;0;0;2;1;-21,14747369;-42,16443672;SPRF-RJ;DEL08-RJ;UOP03-DEL08-RJ
583155;25/02/2024;domingo;03:30:00;PI;343;12,8;PARNAIBA;Condutor desrespeitou a iluminação vermelha do semáforo;Colisão transversal;Com Vítimas Feridas;Plena Noite;Crescente;Céu Claro;Simples;Interseção de Vias;Sim;2;0;0;1;0;1;1;2;-2,910035;-41,753662;SPRF-PI;DEL05-PI;UOP01-DEL05-PI
583156;25/02/2024;domingo;02:40:00;PR;116;148;MANDIRITUBA;Velocidade Incompatível;Colisão com objeto;Com Vítimas Feridas;Plena Noite;Decrescente;Nublado;Dupla;Curva;Não;2;0;2;0;0;0;2;1;-25,79935303;-49,32952786;SPRF-PR;DEL01-PR;UOP03-DEL01-PR
583157;25/02/2024;domingo;03:55:00;PE;101;80;JABOATAO DOS GUARARAPES;Estacionar ou parar em local proibido;Atropelamento de Pedestre;Sem Vítimas;Plena Noite;Crescente;Nublado;Dupla;Reta;Sim;2;0;0;0;1;1;0;2;-8,15592867;-34,94171619;SPRF-PE;DEL01-PE;UOP01-DEL01-PE
583158;25/02/2024;domingo;03:40:00;PI;343;340,5;TERESINA;Ausência de reação do condutor;Colisão com objeto;Com Vítimas Feridas;Plena Noite;Crescente;Céu Claro;Dupla;Reta;Sim;1;0;1;0;0;0;1;1;-5,076088;-42,739843;SPRF-PI;DEL01-PI;UOP01-DEL01-PI
583159;25/02/2024;domingo;04:00:00;GO;60;83;ANAPOLIS;Ingestão de álcool pelo condutor;Saída de leito carroçável;Sem Vítimas;Amanhecer;Crescente;Céu Claro;Dupla;Reta;Não;1;0;0;0;1;0;0;1;-16,3149;-48,846;SPRF-GO;DEL02-GO;UOP01-DEL02-GO
583161;25/02/2024;domingo;04:00:00;BA;101;220;CRUZ DAS ALMAS;Ultrapassagem Indevida;Colisão frontal;Com Vítimas Fatais;Amanhecer;Decrescente;Nublado;Simples;Reta;Não;4;1;0;2;0;1;2;2;-12,654;-39,122;SPRF-BA;DEL01-BA;UOP02-DEL01-BA
583162;25/02/2024;domingo;04:13:00;CE;116;5,1;FORTALEZA;Acumulo de água sobre o pavimento;Colisão com objeto;Com Vítimas Feridas;Plena Noite;Crescente;Nublado;Dupla;Reta;Sim;4;0;4;0;0;0;4;1;-3,79467116;-38,50772734;SPRF-CE;DEL01-CE;UOP02-DEL01-CE
583164;25/02/2024;domingo;05:00:00;PR;376;202;MANDAGUARI;Estacionar ou parar em local proibido;Colisão traseira;Com Vítimas Feridas;Amanhecer;Crescente;Céu Claro;Dupla;Curva;Não;3;0;1;0;2;0;1;2;-23,50951388;-51,72140497;SPRF-PR;DEL09-PR;UOP01-DEL09-PR
583165;25/02/2024;domingo;05:30:00;SP;116;227;GUARULHOS;Reação tardia ou ineficiente do condutor;Colisão com objeto;Com Vítimas Feridas;Amanhecer;Crescente;Nublado;Múltipla;"Reta;Interseção de Vias;Declive";Sim;1;0;0;1;0;0;1;1;-23,49659264;-46,55648754;SPRF-SP;DEL01-SP;UOP01-DEL01-SP
583166;25/02/2024;domingo;05:30:00;SC;101;121;ITAJAI;Ingestão de álcool pelo condutor;Colisão com objeto;Com Vítimas Feridas;Amanhecer;Crescente;Nublado;Dupla;Reta;Não;1;0;1;0;0;0;1;1;-26,92103178;-48,70856446;SPRF-SC;DEL04-SC;UOP04-DEL04-SC
583169;25/02/2024;domingo;04:50:00;RN;101;109;SAO JOSE DE MIPIBU;Ingestão de álcool pelo condutor;Colisão com objeto;Com Vítimas Feridas;Amanhecer;Crescente;Céu Claro;Dupla;Curva;Sim;1;0;1;0;0;0;1;1;-5,973247;-35,26489;SPRF-RN;DEL01-RN;UOP01-DEL01-RN
583171;25/02/2024;domingo;04:16:00;AC;364;136;RIO BRANCO;Ausência de reação do condutor;Queda de ocupante de veículo;Com Vítimas Feridas;Amanhecer;Crescente;Céu Claro;Dupla;"Reta;Aclive";Não;1;0;1;0;0;0;1;1;-9,977578;-67,8489;SPRF-AC;DEL01-AC;UOP01-DEL01-AC
583172;25/02/2024;domingo;06:55:00;SC;101;203;SAO JOSE;Reação tardia ou ineficiente do condutor;Colisão com objeto;Com Vítimas Feridas;Pleno dia;Crescente;Chuva;Múltipla;Reta;Sim;2;0;1;1;0;0;2;1;-27,55711595;-48,61897889;SPRF-SC;DEL01-SC;UOP01-DEL01-SC
583173;25/02/2024;domingo;06:15:00;SP;116;81,8;ROSEIRA;Reação tardia ou ineficiente do condutor;Colisão lateral mesmo sentido;Com Vítimas Feridas;Amanhecer;Crescente;Nevoeiro/Neblina;Dupla;Reta;Não;3;0;2;0;1;0;2;2;-22,90796442;-45,31683755;SPRF-SP;DEL08-SP;UOP01-DEL08-SP
583174;25/02/2024;domingo;05:05:00;MS;376;162;NOVA ANDRADINA;Ausência de reação do condutor;Saída de leito carroçável;Com Vítimas Feridas;Amanhecer;Crescente;Céu Claro;Simples;Reta;Não;1;0;0;1;0;0;1;1;-22,3292839;-53,46611603;SPRF-MS;DEL04-MS;UOP04-DEL04-MS
583176;25/02/2024;domingo;05:30:00;PR;153;340;IRATI;Velocidade Incompatível;Saída de leito carroçável;Com Vítimas Feridas;Amanhecer;Crescente;Nublado;Simples;"Declive;Reta";Não;3;0;2;0;1;0;2;1;-25,53915013;-50,6596756;SPRF-PR;DEL08-PR;UOP02-DEL08-PR
583177;25/02/2024;domingo;05:00:00;RO;174;15;VILHENA;Ausência de reação do condutor;Queda de ocupante de veículo;Com Vítimas Feridas;Plena Noite;Crescente;Céu Claro;Simples;Reta;Não;1;0;1;0;0;0;1;1;-12,723321;-60,12801;SPRF-RO;DEL04-RO;UOP01-DEL04-RO
583178;25/02/2024;domingo;07:00:00;SP;381;89,8;GUARULHOS;Reação tardia ou ineficiente do condutor;Colisão com objeto;Com Vítimas Feridas;Pleno dia;Decrescente;Céu Claro;Dupla;Curva;Sim;1;0;1;0;0;0;1;1;-23,48469299;-46,55983288;SPRF-SP;DEL03-SP;UOP01-DEL03-SP
583179;25/02/2024;domingo;03:00:00;MG;50;172;UBERABA;Ausência de reação do condutor;Saída de leito carroçável;Sem Vítimas;Plena Noite;Decrescente;Céu Claro;Dupla;Reta;Sim;1;0;0;0;0;1;0;1;-19,758095;-47,978807;SPRF-MG;DEL13-MG;UOP01-DEL13-MG
583180;25/02/2024;domingo;06:30:00;RJ;101;261,9;RIO BONITO;Ausência de reação do condutor;Tombamento;Com Vítimas Feridas;Amanhecer;Decrescente;Céu Claro;Dupla;"Curva;Aclive";Não;2;0;0;2;0;0;2;1;-22,71139378;-42,61157199;SPRF-RJ;DEL02-RJ;UOP03-DEL02-RJ
583181;25/02/2024;domingo;07:10:00;CE;116;157,9;RUSSAS;Ausência de reação do condutor;Colisão traseira;Com Vítimas Feridas;Pleno dia;Crescente;Céu Claro;Simples;Reta;Não;2;0;0;1;1;0;1;2;-4,89917199;-38,00907599;SPRF-CE;DEL03-CE;UOP01-DEL03-CE
583182;25/02/2024;domingo;06:30:00;PR;369;184,6;ARAPONGAS;Ausência de reação do condutor;Queda de ocupante de veículo;Com Vítimas Feridas;Amanhecer;Decrescente;Nublado;Simples;Reta;Sim;3;0;1;1;1;0;2;3;-23,403217;-51,428201;SPRF-PR;DEL07-PR;UOP03-DEL07-PR
583183;25/02/2024;domingo;06:05:00;MT;174;2;PONTES E LACERDA;Condutor usando celular;Saída de leito carroçável;Com Vítimas Feridas;Pleno dia;Crescente;Nublado;Simples;Rotatória;Sim;1;0;1;0;0;0;1;1;-15,25176842;-59,32991624;SPRF-MT;DEL03-MT;UOP01-DEL03-MT
583184;25/02/2024;domingo;06:30:00;MG;262;110;SANTO ANTONIO DO GRAMA;Reação tardia ou ineficiente do condutor;Saída de leito carroçável;Com Vítimas Feridas;Pleno dia;Crescente;Céu Claro;Simples;"Declive;Curva";Não;1;0;0;1;0;0;1;1;-20,269447;-42,586014;SPRF-MG;DEL03-MG;UOP03-DEL03-MG
583185;25/02/2024;domingo;07:40:00;SC;101;49;JOINVILLE;Pista Escorregadia;Tombamento;Com Vítimas Feridas;Pleno dia;Crescente;Chuva;Dupla;Reta;Não;2;0;0;1;1;0;1;1;-26,38560338;-48,84774685;SPRF-SC;DEL03-SC;UOP01-DEL03-SC
583186;25/02/2024;domingo;05:30:00;MS;163;264,4;DOURADOS;Animais na Pista;Tombamento;Com Vítimas Feridas;Amanhecer;Crescente;Céu Claro;Dupla;Reta;Sim;1;0;1;0;0;0;1;1;-22,2316424;-54,7478208;SPRF-MS;DEL04-MS;UOP01-DEL04-MS
583187;25/02/2024;domingo;05:30:00;PR;376;487,5;PONTA GROSSA;Condutor Dormindo;Saída de leito carroçável;Com Vítimas Feridas;Amanhecer;Decrescente;Céu Claro;Simples;"Viaduto;Aclive;Interseção de Vias;Curva;Retorno Regulamentado";Sim;1;0;1;0;0;0;1;1;-25,1299284;-50,17293423;SPRF-PR;DEL03-PR;UOP01-DEL03-PR
583188;24/02/2024;sábado;21:40:00;RJ;116;135;MAGE;Ingestão de álcool pelo condutor;Queda de ocupante de veículo;Com Vítimas Feridas;Plena Noite;Decrescente;Céu Claro;Simples;"Viaduto;Curva";Não;1;0;1;0;0;0;1;1;-22,64835353;-43,1803894;SPRF-RJ;DEL04-RJ;UOP02-DEL04-RJ
583189;25/02/2024;domingo;08:10:00;MG;262;359,7;BETIM;Velocidade Incompatível;Tombamento;Com Vítimas Feridas;Pleno dia;Crescente;Sol;Dupla;Reta;Não;2;0;0;2;0;0;2;1;-19,978241;-44,2564294;SPRF-MG;DEL01-MG;UOP03-DEL01-MG
583190;25/02/2024;domingo;07:50:00;SC;101;138,6;BALNEARIO CAMBORIU;Pista Escorregadia;Colisão com objeto;Com Vítimas Feridas;Pleno dia;Decrescente;Chuva;Simples;Curva;Não;1;0;1;0;0;0;1;1;-27,02397426;-48,60761649;SPRF-SC;DEL04-SC;UOP03-DEL04-SC
583191;25/02/2024;domingo;08:00:00;RS;116;221;DOIS IRMAOS;Acessar a via sem observar a presença dos outros veículos;Colisão transversal;Com Vítimas Feridas;Pleno dia;Decrescente;Céu Claro;Simples;Curva;Sim;2;0;1;0;1;0;1;2;-29,57244205;-51,09624556;SPRF-RS;DEL01-RS;UOP02-DEL01-RS
583192;25/02/2024;domingo;00:40:00;BA;101;817;ITAMARAJU;Reação tardia ou ineficiente do condutor;Capotamento;Sem Vítimas;Plena Noite;Crescente;Céu Claro;Simples;Curva;Não;1;0;0;0;1;0;0;1;-17,09187211;-39,57030383;SPRF-BA;DEL09-BA;UOP02-DEL09-BA
583193;20/02/2024;terça-feira;09:40:00;RJ;40;120;DUQUE DE CAXIAS;Condutor deixou de manter distância do veículo da frente;Colisão traseira;Com Vítimas Feridas;Pleno dia;Crescente;Céu Claro;Dupla;Reta;Sim;2;0;1;0;1;0;1;2;-22,77280597;-43,28626763;SPRF-RJ;DEL01-RJ;UOP02-DEL01-RJ
583194;25/02/2024;domingo;07:30:00;PE;407;90;PETROLINA;Acesso irregular;Colisão traseira;Com Vítimas Feridas;Pleno dia;Decrescente;Céu Claro;Simples;Reta;Não;2;0;1;1;0;0;2;2;-9,09108986;-40,65584672;SPRF-PE;DEL06-PE;UOP02-DEL06-PE
583195;25/02/2024;domingo;04:35:00;SC;480;125,4;CHAPECO;Ingestão de álcool pelo condutor;Colisão com objeto;Com Vítimas Feridas;Plena Noite;Decrescente;Céu Claro;Dupla;"Interseção de Vias;Retorno Regulamentado";Não;1;0;1;0;0;0;1;1;-27,014944;-52,637511;SPRF-SC;DEL07-SC;UOP01-DEL07-SC
583197;25/02/2024;domingo;05:55:00;PE;232;408,9;SERRA TALHADA;Transitar na contramão;Queda de ocupante de veículo;Com Vítimas Feridas;Pleno dia;Crescente;Nublado;Simples;"Reta;Declive";Sim;2;0;1;0;1;0;1;2;-7,98371447;-38,28047709;SPRF-PE;DEL04-PE;UOP01-DEL04-PE
583198;25/02/2024;domingo;09:00:00;RS;153;44,4;ERECHIM;Acessar a via sem observar a presença dos outros veículos;Colisão transversal;Com Vítimas Feridas;Pleno dia;Decrescente;Céu Claro;Simples;Rotatória;Não;2;0;1;0;1;0;1;2;-27,62210796;-52,23772645;SPRF-RS;DEL08-RS;UOP04-DEL08-RS
583199;25/02/2024;domingo;07:40:00;MG;116;326;CAMPANARIO;Reação tardia ou ineficiente do condutor;Saída de leito carroçável;Com Vítimas Feridas;Pleno dia;Crescente;Céu Claro;Simples;"Declive;Reta";Não;3;0;1;1;0;1;2;2;-18,20628001;-41,7181012;SPRF-MG;DEL11-MG;UOP01-DEL11-MG
583200;21/02/2024;quarta-feira;19:30:00;GO;60;198;GUAPO;Reação tardia ou ineficiente do condutor;Capotamento;Com Vítimas Feridas;Plena Noite;Crescente;Céu Claro;Dupla;Reta;Não;1;0;1;0;0;0;1;1;-16,8596;-49,6031;SPRF-GO;DEL01-GO;UOP02-DEL01-GO
583203;25/02/2024;domingo;10:00:00;MG;262;385;MATEUS LEME;Ausência de reação do condutor;Colisão traseira;Com Vítimas Feridas;Pleno dia;Decrescente;Céu Claro;Dupla;"Declive;Reta";Não;3;0;0;1;0;2;1;3;-19,9209007;-44,469945;SPRF-MG;DEL01-MG;UOP03-DEL01-MG
583204;25/02/2024;domingo;09:25:00;GO;60;384;RIO VERDE;Objeto estático sobre o leito carroçável;Queda de ocupante de veículo;Com Vítimas Feridas;Pleno dia;Crescente;Céu Claro;Dupla;Reta;Sim;1;0;1;0;0;0;1;1;-17,7906;-50,9071;SPRF-GO;DEL04-GO;UOP02-DEL04-GO
583205;25/02/2024;domingo;08:25:00;RS;116;152,4;CAXIAS DO SUL;Ingestão de álcool pelo condutor;Saída de leito carroçável;Com Vítimas Feridas;Pleno dia;Decrescente;Sol;Múltipla;Curva;Sim;1;0;1;0;0;0;1;1;-29,1829343;-51,16801501;SPRF-RS;DEL05-RS;UOP01-DEL05-RS
583206;24/02/2024;sábado;22:00:00;ES;101;9;SERRA;Animais na Pista;Colisão com objeto;Sem Vítimas;Plena Noite;Crescente;Céu Claro;Dupla;Reta;Não;1;0;0;0;1;0;0;1;-20,12174391;-40,3635182;SPRF-ES;DEL02-ES;UOP01-DEL02-ES
583209;25/02/2024;domingo;11:20:00;MG;262;393,9;PARA DE MINAS;Velocidade Incompatível;Colisão traseira;Com Vítimas Feridas;Pleno dia;Crescente;Sol;Dupla;Reta;Não;4;0;2;1;1;0;3;2;-19,9011832;-44,5490394;SPRF-MG;DEL01-MG;UOP03-DEL01-MG
583210;25/02/2024;domingo;10:30:00;RS;392;323;SAO SEPE;Afundamento ou ondulação no pavimento;Tombamento;Com Vítimas Feridas;Pleno dia;Decrescente;Céu Claro;Simples;Reta;Não;1;0;1;0;0;0;1;1;-29,95914689;-53,69634281;SPRF-RS;DEL09-RS;UOP01-DEL09-RS
583211;25/02/2024;domingo;09:00:00;MG;116;372;FREI INOCENCIO;Acessar a via sem observar a presença dos outros veículos;Colisão transversal;Com Vítimas Feridas;Pleno dia;Crescente;Sol;Simples;Reta;Não;2;0;1;0;1;0;1;2;-18,562553;-41,906752;SPRF-MG;DEL11-MG;UOP01-DEL11-MG
583214;25/02/2024;domingo;12:00:00;RJ;116;128;MAGE;Demais falhas mecânicas ou elétricas;Capotamento;Com Vítimas Feridas;Pleno dia;Crescente;Céu Claro;Dupla;Reta;Não;2;0;0;2;0;0;2;1;-22,6657139;-43,10092001;SPRF-RJ;DEL04-RJ;UOP02-DEL04-RJ
583215;25/02/2024;domingo;12:00:00;MG;381;457,1;BELO HORIZONTE;Velocidade Incompatível;Engavetamento;Sem Vítimas;Pleno dia;Crescente;Céu Claro;Dupla;"Aclive;Reta";Sim;3;0;0;0;2;1;0;3;-19,8506337;-43,8880639;SPRF-MG;DEL01-MG;UOP01-DEL01-MG
583217;25/02/2024;domingo;09:50:00;MG;365;472;PATROCINIO;Condutor deixou de manter distância do veículo da frente;Engavetamento;Com Vítimas Feridas;Pleno dia;Crescente;Céu Claro;Simples;Reta;Sim;7;0;4;0;3;0;4;4;-18,923688;-46,995663;SPRF-MG;DEL10-MG;UOP01-DEL10-MG
583218;25/02/2024;domingo;12:30:00;SP;116;113;TAUBATE;Avarias e/ou desgaste excessivo no pneu;Tombamento;Com Vítimas Feridas;Pleno dia;Decrescente;Sol;Dupla;Reta;Não;2;0;1;1;0;0;2;1;-23,0440828;-45,58041405;SPRF-SP;DEL02-SP;UOP02-DEL02-SP
583220;25/02/2024;domingo;10:45:00;RS;293;341;SANTANA DO LIVRAMENTO;Suicídio (presumido);Saída de leito carroçável;Com Vítimas Feridas;Pleno dia;Crescente;Céu Claro;Simples;Reta;Sim;1;0;1;0;0;0;1;1;-30,8544099;-55,54430897;SPRF-RS;DEL11-RS;UOP01-DEL11-RS
583222;25/02/2024;domingo;13:28:00;SP;101;46;UBATUBA;Retorno proibido;Colisão lateral mesmo sentido;Com Vítimas Feridas;Pleno dia;Crescente;Céu Claro;Simples;"Retorno Regulamentado;Reta";Sim;2;0;1;0;1;0;1;2;-23,42403383;-45,07492113;SPRF-SP;DEL06-SP;UOP01-DEL06-SP
583223;25/02/2024;domingo;13:20:00;SP;116;508;CAJATI;Reação tardia ou ineficiente do condutor;Queda de ocupante de veículo;Com Vítimas Feridas;Pleno dia;Crescente;Chuva;Dupla;Curva;Não;2;0;1;0;1;0;1;1;-24,81333299;-48,21310484;SPRF-SP;DEL05-SP;UOP02-DEL05-SP
583224;25/02/2024;domingo;13:40:00;SC;101;206,8;FLORIANOPOLIS;Ausência de reação do condutor;Tombamento;Com Vítimas Feridas;Pleno dia;Crescente;Céu Claro;Múltipla;Reta;Sim;2;0;2;0;0;0;2;1;-27,59193546;-48,61824557;SPRF-SC;DEL01-SC;UOP01-DEL01-SC
583225;25/02/2024;domingo;12:30:00;PR;476;194;LAPA;Reação tardia ou ineficiente do condutor;Saída de leito carroçável;Com Vítimas Feridas;Pleno dia;Decrescente;Nublado;Simples;Reta;Sim;1;0;1;0;0;0;1;1;-25,74342832;-49,71442223;SPRF-PR;DEL01-PR;UOP06-DEL01-PR
583226;25/02/2024;domingo;13:15:00;CE;116;6;FORTALEZA;Ingestão de álcool pelo condutor;Colisão lateral mesmo sentido;Sem Vítimas;Pleno dia;Crescente;Sol;Múltipla;Reta;Sim;3;0;0;0;1;2;0;2;-3,802624;-38,50400499;SPRF-CE;DEL01-CE;UOP02-DEL01-CE
583227;26/01/2024;sexta-feira;08:50:00;RN;101;81,3;NATAL;Acessar a via sem observar a presença dos outros veículos;Colisão transversal;Com Vítimas Feridas;Pleno dia;Decrescente;Sol;Dupla;"Interseção de Vias;Reta";Sim;2;0;0;1;0;1;1;2;-5,76469466;-35,28295988;SPRF-RN;DEL02-RN;UOP01-DEL02-RN
583228;25/02/2024;domingo;13:00:00;GO;20;22;FORMOSA;Ausência de reação do condutor;Queda de ocupante de veículo;Com Vítimas Feridas;Pleno dia;Crescente;Céu Claro;Simples;Reta;Não;1;0;1;0;0;0;1;1;-15,545656;-47,1605;SPRF-DF;DEL02-DF;UOP02-DEL02-DF
583229;25/02/2024;domingo;11:20:00;RJ;356;25;ITAPERUNA;Manobra de mudança de faixa;Colisão lateral mesmo sentido;Com Vítimas Feridas;Pleno dia;Crescente;Céu Claro;Simples;Reta;Não;9;0;2;0;7;0;2;2;-21,17930593;-41,96405499;SPRF-RJ;DEL08-RJ;UOP03-DEL08-RJ
583230;25/02/2024;domingo;12:33:00;RJ;101;239,9;SILVA JARDIM;Reação tardia ou ineficiente do condutor;Saída de leito carroçável;Com Vítimas Feridas;Pleno dia;Decrescente;Céu Claro;Dupla;Reta;Não;1;0;1;0;0;0;1;1;-22,62542413;-42,42802593;SPRF-RJ;DEL02-RJ;UOP03-DEL02-RJ
583235;25/02/2024;domingo;14:50:00;PB;230;136;MASSARANDUBA;Reação tardia ou ineficiente do condutor;Saída de leito carroçável;Com Vítimas Feridas;Pleno dia;Crescente;Nublado;Dupla;"Curva;Retorno Regulamentado";Não;3;0;1;0;2;0;1;1;-7,2818;-35,7675;SPRF-PB;DEL02-PB;UOP01-DEL02-PB
583236;25/02/2024;domingo;14:30:00;RS;285;208,5;LAGOA VERMELHA;Desrespeitar a preferência no cruzamento;Colisão transversal;Com Vítimas Feridas;Pleno dia;Decrescente;Céu Claro;Simples;"Interseção de Vias;Reta";Não;5;0;2;0;3;0;2;2;-28,224105;-51,610714;SPRF-RS;DEL08-RS;UOP05-DEL08-RS
583237;25/02/2024;domingo;14:25:00;RS;386;175,3;CARAZINHO;Ausência de reação do condutor;Saída de leito carroçável;Com Vítimas Feridas;Pleno dia;Crescente;Céu Claro;Simples;Reta;Não;2;0;0;1;0;1;1;2;-28,269968;-52,779514;SPRF-RS;DEL08-RS;UOP01-DEL08-RS
583238;25/02/2024;domingo;05:30:00;SC;101;389;CRICIUMA;Condutor Dormindo;Saída de leito carroçável;Com Vítimas Feridas;Plena Noite;Crescente;Nublado;Múltipla;Reta;Não;1;0;0;1;0;0;1;1;-28,79968369;-49,36273634;SPRF-SC;DEL02-SC;UOP02-DEL02-SC
583239;25/02/2024;domingo;13:00:00;MS;60;345,8;CAMPO GRANDE;Demais falhas mecânicas ou elétricas;Incêndio;Sem Vítimas;Pleno dia;Decrescente;Céu Claro;Simples;"Reta;Declive";Não;1;0;0;0;0;1;0;1;-20,41243859;-54,71105576;SPRF-MS;DEL01-MS;UOP03-DEL01-MS
583241;25/02/2024;domingo;14:15:00;PE;101;46,7;IGARASSU;Manobra de mudança de faixa;Colisão lateral mesmo sentido;Com Vítimas Feridas;Pleno dia;Crescente;Céu Claro;Múltipla;Reta;Sim;2;0;1;0;0;1;1;2;-7,87406004;-34,90588126;SPRF-PE;DEL01-PE;UOP02-DEL01-PE
583242;25/02/2024;domingo;13:40:00;PI;135;361,8;BOM JESUS;Ausência de reação do condutor;Colisão com objeto;Com Vítimas Feridas;Pleno dia;Decrescente;Céu Claro;Simples;Reta;Não;1;0;1;0;0;0;1;1;-9,13953855;-44,39649217;SPRF-PI;DEL03-PI;UOP02-DEL03-PI
583243;25/02/2024;domingo;15:30:00;PR;116;135;MANDIRITUBA;Reação tardia ou ineficiente do condutor;Saída de leito carroçável;Sem Vítimas;Pleno dia;Crescente;Chuva;Dupla;"Declive;Reta";Não;2;0;0;0;2;0;0;1;-25,724135;-49,317827;SPRF-PR;DEL01-PR;UOP03-DEL01-PR
583244;25/02/2024;domingo;15:30:00;MG;50;38;ARAGUARI;Acumulo de água sobre o pavimento;Saída de leito carroçável;Sem Vítimas;Pleno dia;Crescente;Chuva;Dupla;Reta;Sim;1;0;0;0;1;0;0;1;-18,66213891;-48,16444004;SPRF-MG;DEL15-MG;UOP02-DEL15-MG
583245;25/02/2024;domingo;14:33:00;SC;101;51;JOINVILLE;Chuva;Colisão com objeto;Sem Vítimas;Pleno dia;Decrescente;Chuva;Dupla;"Interseção de Vias;Curva";Sim;1;0;0;0;1;0;0;1;-26,38506771;-48,84917582;SPRF-SC;DEL03-SC;UOP01-DEL03-SC
583246;25/02/2024;domingo;15:15:00;ES;101;275;SERRA;Conversão proibida;Colisão transversal;Com Vítimas Feridas;Pleno dia;Decrescente;Sol;Múltipla;Reta;Não;2;0;0;1;1;0;1;2;-20,20828089;-40,30388897;SPRF-ES;DEL02-ES;UOP01-DEL02-ES
583247;25/02/2024;domingo;15:30:00;PE;232;101,9;BEZERROS;Demais falhas na via;Queda de ocupante de veículo;Com Vítimas Feridas;Pleno dia;Crescente;Nublado;Dupla;"Interseção de Vias;Reta";Sim;2;0;2;0;0;0;2;1;-8,24838907;-35,76035857;SPRF-PE;DEL02-PE;UOP02-DEL02PE