id;data_inversa;dia_semana;horario;uf;br;km;municipio;causa_acidente;tipo_acidente;classificacao_acidente;fase_dia;sentido_via;condicao_metereologica;tipo_pista;tracado_via;uso_solo;pessoas;mortos;feridos_leves;feridos_graves;ilesos;ignorados;feridos;veiculos;latitude;longitude;regional;delegacia;uop
583248;25/02/2024;domingo;15:30:00;PR;277;71;SAO JOSE DOS PINHAIS;Manobra de mudança de faixa;Colisão lateral mesmo sentido;Com Vítimas Feridas;Pleno dia;Crescente;Céu Claro;Dupla;Reta;Não;4;0;2;0;2;0;2;2;-25,52920381;-49,08862791;SPRF-PR;DEL01-PR;UOP07-DEL01-PR
583249;25/02/2024;domingo;15:50:00;RS;116;247;SAO LEOPOLDO;Manobra de mudança de faixa;Colisão lateral mesmo sentido;Com Vítimas Feridas;Pleno dia;Decrescente;Céu Claro;Múltipla;Reta;Sim;4;0;1;0;3;0;1;2;-29,76733091;-51,1535296;SPRF-RS;DEL01-RS;UOP02-DEL01-RS
583250;25/02/2024;domingo;16:30:00;SE;235;56,8;ITABAIANA;Ingestão de álcool pelo condutor;Queda de ocupante de veículo;Com Vítimas Feridas;Pleno dia;Decrescente;Céu Claro;Simples;Reta;Não;1;0;1;0;0;0;1;1;-10,658644;-37,448425;SPRF-SE;DEL01-SE;UOP02-DEL01-SE
583251;25/02/2024;domingo;15:45:00;CE;116;35;HORIZONTE;Animais na Pista;Atropelamento de Animal;Com Vítimas Feridas;Pleno dia;Crescente;Céu Claro;Dupla;Reta;Não;1;0;1;0;0;0;1;1;-4,05218058;-38,50627716;SPRF-CE;DEL01-CE;UOP02-DEL01-CE
583253;25/02/2024;domingo;14:45:00;SC;282;404;CATANDUVAS;Velocidade Incompatível;Saída de leito carroçável;Com Vítimas Feridas;Pleno dia;Crescente;Chuva;Simples;Curva;Não;1;0;1;0;0;0;1;1;-27,104719;-51,644424;SPRF-SC;DEL07-SC;UOP05-DEL07-SC
583255;25/02/2024;domingo;15:18:00;MS;163;460;CAMPO GRANDE;Ingestão de álcool pelo condutor;Tombamento;Com Vítimas Feridas;Pleno dia;Crescente;Céu Claro;Simples;"Reta;Aclive";Não;1;0;1;0;0;0;1;1;-20,63804809;-54,56893526;SPRF-MS;DEL01-MS;UOP01-DEL01-MS
583256;25/02/2024;domingo;16:55:00;MG;381;2;BETIM;Ausência de reação do condutor;Tombamento;Com Vítimas Feridas;Pleno dia;Decrescente;Céu Claro;Múltipla;Curva;Sim;2;0;0;2;0;0;2;1;-19,9799059;-44,1607583;SPRF-MG;DEL01-MG;UOP03-DEL01-MG
583257;25/02/2024;domingo;16:55:00;ES;262;56;MARECHAL FLORIANO;Avarias e/ou desgaste excessivo no pneu;Tombamento;Com Vítimas Feridas;Pleno dia;Crescente;Céu Claro;Simples;"Reta;Interseção de Vias";Não;2;0;2;0;0;0;2;1;-20,41088387;-40,75519403;SPRF-ES;DEL01-ES;UOP01-DEL01-ES
583258;25/02/2024;domingo;16:15:00;RN;226;32;MACAIBA;Acessar a via sem observar a presença dos outros veículos;Colisão lateral sentido oposto;Com Vítimas Feridas;Pleno dia;Crescente;Céu Claro;Simples;"Reta;Em Obras";Não;6;0;3;0;3;0;3;2;-5,88749803;-35,48264699;SPRF-RN;DEL01-RN;UOP02-DEL01-RN
583259;25/02/2024;domingo;17:00:00;RS;386;167,8;CARAZINHO;Ingestão de álcool pelo condutor;Colisão traseira;Sem Vítimas;Pleno dia;Crescente;Céu Claro;Simples;Reta;Não;2;0;0;0;2;0;0;2;-28,214367;-52,825512;SPRF-RS;DEL08-RS;UOP01-DEL08-RS
583260;25/02/2024;domingo;16:00:00;PA;10;322;SAO MIGUEL DO GUAMA;Acessar a via sem observar a presença dos outros veículos;Colisão transversal;Com Vítimas Feridas;Pleno dia;Decrescente;Chuva;Simples;Reta;Sim;4;0;1;0;2;1;1;2;-1,61939568;-47,47970107;SPRF-PA;DEL01-PA;UOP02-DEL01-PA
583262;25/02/2024;domingo;17:00:00;MG;50;29;ARAGUARI;Avarias e/ou desgaste excessivo no pneu;Saída de leito carroçável;Com Vítimas Feridas;Pleno dia;Crescente;Chuva;Dupla;"Curva;Aclive";Não;4;0;3;0;1;0;3;1;-18,62034416;-48,11087208;SPRF-MG;DEL15-MG;UOP02-DEL15-MG
583263;25/02/2024;domingo;15:50:00;MT;163;845;SINOP;Ingestão de álcool pelo condutor;Colisão traseira;Sem Vítimas;Pleno dia;Decrescente;Céu Claro;Simples;Reta;Não;2;0;0;0;2;0;0;2;-11,76216748;-55,46928406;SPRF-MT;DEL06-MT;UOP02-DEL06-MT
583264;25/02/2024;domingo;16:55:00;RS;470;227;GARIBALDI;Conversão proibida;Colisão transversal;Sem Vítimas;Pleno dia;Decrescente;Céu Claro;Dupla;Reta;Sim;2;0;0;0;1;1;0;2;-29,21657705;-51,51722624;SPRF-RS;DEL06-RS;UOP01-DEL06-RS
583265;25/02/2024;domingo;17:40:00;MG;381;525,6;BRUMADINHO;Velocidade Incompatível;Saída de leito carroçável;Com Vítimas Feridas;Pleno dia;Crescente;Nublado;Dupla;Curva;Não;4;0;2;2;0;0;4;1;-20,16710798;-44,33422398;SPRF-MG;DEL04-MG;UOP03-DEL04-MG
583266;25/02/2024;domingo;12:45:00;MG;381;603,4;OLIVEIRA;Velocidade Incompatível;Saída de leito carroçável;Com Vítimas Feridas;Pleno dia;Crescente;Céu Claro;Dupla;"Curva;Declive";Não;2;0;0;2;0;0;2;1;-20,62221188;-44,73350323;SPRF-MG;DEL04-MG;UOP01-DEL04-MG
583267;25/02/2024;domingo;17:30:00;MG;116;634;ORIZANIA;Ausência de reação do condutor;Queda de ocupante de veículo;Com Vítimas Feridas;Pleno dia;Crescente;Nublado;Simples;Declive;Não;2;0;1;0;0;1;1;2;-20,61516;-42,217882;SPRF-MG;DEL07-MG;UOP02-DEL07-MG
583268;25/02/2024;domingo;15:02:00;RO;364;312,7;PRESIDENTE MEDICI;Reação tardia ou ineficiente do condutor;Saída de leito carroçável;Com Vítimas Feridas;Pleno dia;Crescente;Nublado;Simples;Ponte;Não;1;0;0;1;0;0;1;1;-11,136345;-61,9012019;SPRF-RO;DEL02-RO;UOP01-DEL02-RO
583269;25/02/2024;domingo;18:00:00;RS;153;52;ERECHIM;Velocidade Incompatível;Colisão com objeto;Com Vítimas Feridas;Pleno dia;Crescente;Nublado;Simples;Interseção de Vias;Não;1;0;1;0;0;0;1;1;-27,66693813;-52,29069167;SPRF-RS;DEL08-RS;UOP04-DEL08-RS
583270;25/02/2024;domingo;16:30:00;MG;116;778;LEOPOLDINA;Velocidade Incompatível;Saída de leito carroçável;Com Vítimas Feridas;Pleno dia;Crescente;Chuva;Simples;Curva;Não;2;0;2;0;0;0;2;1;-21,60159985;-42,69912624;SPRF-MG;DEL07-MG;UOP01-DEL07-MG
583271;25/02/2024;domingo;17:50:00;MG;381;504;BETIM;Ausência de reação do condutor;Colisão traseira;Com Vítimas Fatais;Anoitecer;Decrescente;Céu Claro;Múltipla;"Reta;Declive";Sim;3;1;0;0;1;1;0;3;-20,02959;-44,23497;SPRF-MG;DEL01-MG;UOP03-DEL01-MG
583272;25/02/2024;domingo;17:31:00;MT;70;4;BARRA DO GARCAS;Manobra de mudança de faixa;Colisão transversal;Com Vítimas Feridas;Pleno dia;Crescente;Céu Claro;Dupla;"Reta;Interseção de Vias";Não;2;0;1;0;1;0;1;2;-15,87907036;-52,28563311;SPRF-MT;DEL07-MT;UOP01-DEL07-MT
583273;25/02/2024;domingo;16:00:00;AC;364;49;SENADOR GUIOMARD;Suicídio (presumido);Saída de leito carroçável;Com Vítimas Feridas;Anoitecer;Crescente;Céu Claro;Simples;"Reta;Aclive";Não;1;0;1;0;0;0;1;1;-9,98730229;-67,16993083;SPRF-AC;DEL01-AC;UOP03-DEL01-AC
583275;25/02/2024;domingo;18:30:00;SP;381;67,7;MAIRIPORA;Ausência de reação do condutor;Colisão com objeto;Sem Vítimas;Anoitecer;Decrescente;Céu Claro;Dupla;"Declive;Curva";Não;1;0;0;0;1;0;0;1;-23,33226094;-46,57675379;SPRF-SP;DEL03-SP;UOP01-DEL03-SP
583276;25/02/2024;domingo;19:10:00;PE;101;170,6;AGUA PRETA;Reação tardia ou ineficiente do condutor;Saída de leito carroçável;Com Vítimas Feridas;Plena Noite;Decrescente;Céu Claro;Dupla;Reta;Não;1;0;1;0;0;0;1;1;-8,58185098;-35,49672702;SPRF-PE;DEL01-PE;UOP03-DEL01-PE
583277;25/02/2024;domingo;17:40:00;RS;386;220;TIO HUGO;Ausência de reação do condutor;Colisão traseira;Com Vítimas Feridas;Pleno dia;Decrescente;Nublado;Simples;"Reta;Aclive";Não;3;0;2;0;1;0;2;2;-28,618174;-52,612541;SPRF-RS;DEL04-RS;UOP03-DEL04-RS
583278;25/02/2024;domingo;15:45:00;MT;163;1014;TERRA NOVA DO NORTE;Reação tardia ou ineficiente do condutor;Saída de leito carroçável;Com Vítimas Feridas;Pleno dia;Crescente;Chuva;Simples;Reta;Não;7;0;7;0;0;0;7;1;-10,3216747;-55,03635406;SPRF-MT;DEL06-MT;UOP03-DEL06-MT
583279;25/02/2024;domingo;18:25:00;PE;101;133,6;ESCADA;Ausência de reação do condutor;Queda de ocupante de veículo;Com Vítimas Fatais;Plena Noite;Decrescente;Nublado;Dupla;Reta;Não;2;1;0;1;0;0;1;1;-8,40843778;-35,27817804;SPRF-PE;DEL01-PE;UOP03-DEL01-PE
583280;25/02/2024;domingo;13:00:00;MT;163;1031;PEIXOTO DE AZEVEDO;Acessar a via sem observar a presença dos outros veículos;Colisão transversal;Sem Vítimas;Pleno dia;Crescente;Céu Claro;Simples;Reta;Sim;2;0;0;0;2;0;0;2;-10,248025;-54,991798;SPRF-MT;DEL06-MT;UOP03-DEL06-MT
583281;25/02/2024;domingo;18:25:00;PR;163;267,5;TOLEDO;Ingestão de álcool pelo condutor;Saída de leito carroçável;Com Vítimas Feridas;Pleno dia;Crescente;Céu Claro;Dupla;"Curva;Aclive";Não;1;0;1;0;0;0;1;1;-24,61501697;-53,93430948;SPRF-PR;DEL06-PR;UOP02-DEL06-PR
583283;25/02/2024;domingo;19:00:00;ES;101;260,5;SERRA;Reação tardia ou ineficiente do condutor;Colisão com objeto;Com Vítimas Feridas;Plena Noite;Crescente;Céu Claro;Múltipla;"Declive;Curva";Não;2;0;0;2;0;0;2;1;-20,14616415;-40,28836206;SPRF-ES;DEL02-ES;UOP01-DEL02-ES
583284;25/02/2024;domingo;19:45:00;SC;101;351,9;JAGUARUNA;Acesso irregular;Colisão traseira;Com Vítimas Feridas;Plena Noite;Decrescente;Garoa/Chuvisco;Dupla;Reta;Não;2;0;1;0;1;0;1;2;-28,5977641;-49,04943589;SPRF-SC;DEL02-SC;UOP01-DEL02-SC
583285;25/02/2024;domingo;20:00:00;SC;280;6,1;SAO FRANCISCO DO SUL;Acessar a via sem observar a presença dos outros veículos;Atropelamento de Pedestre;Com Vítimas Feridas;Plena Noite;Crescente;Garoa/Chuvisco;Simples;Reta;Sim;2;0;0;1;1;0;1;2;-26,26569095;-48,63361804;SPRF-SC;DEL03-SC;UOP03-DEL03-SC
583286;25/02/2024;domingo;18:30:00;AL;104;51,5;BRANQUINHA;Condutor Dormindo;Colisão com objeto;Com Vítimas Feridas;Plena Noite;Crescente;Céu Claro;Simples;Reta;Não;2;0;0;2;0;0;2;1;-9,25772082;-35,98061705;SPRF-AL;DEL01-AL;UOP02-DEL01-AL
583287;25/02/2024;domingo;18:50:00;MG;116;527;CARATINGA;Manobra de mudança de faixa;Colisão lateral mesmo sentido;Com Vítimas Feridas;Plena Noite;Crescente;Céu Claro;Dupla;"Reta;Declive";Sim;2;0;0;2;0;0;2;1;-19,78510701;-42,13445297;SPRF-MG;DEL06-MG;UOP02-DEL06-MG
583289;25/02/2024;domingo;19:30:00;PR;277;7;PARANAGUA;Reação tardia ou ineficiente do condutor;Colisão traseira;Sem Vítimas;Plena Noite;Crescente;Chuva;Simples;Curva;Não;2;0;0;0;2;0;0;2;-25,560035;-48,583086;SPRF-PR;DEL01-PR;UOP05-DEL01-PR
583291;25/02/2024;domingo;19:20:00;PR;277;722;FOZ DO IGUACU;Ausência de reação do condutor;Tombamento;Com Vítimas Feridas;Plena Noite;Decrescente;Céu Claro;Dupla;Reta;Sim;1;0;1;0;0;0;1;1;-25,49494908;-54,52095097;SPRF-PR;DEL05-PR;UOP03-DEL05-PR
583293;25/02/2024;domingo;19:43:00;GO;153;424;ANAPOLIS;Manobra de mudança de faixa;Colisão lateral mesmo sentido;Com Vítimas Feridas;Plena Noite;Crescente;Céu Claro;Dupla;"Aclive;Reta";Não;4;0;1;0;1;2;1;3;-16,226539;-49,011045;SPRF-GO;DEL02-GO;UOP01-DEL02-GO
583297;25/02/2024;domingo;19:15:00;RS;293;95,5;PINHEIRO MACHADO;Chuva;Saída de leito carroçável;Com Vítimas Feridas;Pleno dia;Crescente;Chuva;Simples;Reta;Não;1;0;0;1;0;0;1;1;-31,62128539;-53,26212394;SPRF-RS;DEL11-RS;UOP03-DEL11-RS
583298;25/02/2024;domingo;09:35:00;SC;101;273,3;IMBITUBA;Condutor usando celular;Saída de leito carroçável;Sem Vítimas;Pleno dia;Crescente;Garoa/Chuvisco;Dupla;"Em Obras;Reta";Sim;1;0;0;0;1;0;0;1;-28,12382408;-48,69625015;SPRF-SC;DEL02-SC;UOP03-DEL02-SC
583299;25/02/2024;domingo;20:20:00;RS;386;407;TRIUNFO;Avarias e/ou desgaste excessivo no pneu;Tombamento;Com Vítimas Feridas;Plena Noite;Crescente;Céu Claro;Simples;"Declive;Curva";Não;2;0;2;0;0;0;2;1;-29,786842;-51,543865;SPRF-RS;DEL04-RS;UOP02-DEL04-RS
583301;25/02/2024;domingo;20:05:00;PR;277;137;BALSA NOVA;Reação tardia ou ineficiente do condutor;Colisão traseira;Com Vítimas Feridas;Plena Noite;Crescente;Nublado;Dupla;Reta;Não;4;0;4;0;0;0;4;1;-25,4758;-49,7103;SPRF-PR;DEL03-PR;UOP03-DEL03-PR
583302;25/02/2024;domingo;19:40:00;RS;158;261,8;JULIO DE CASTILHOS;Ingestão de álcool pelo condutor;Colisão traseira;Sem Vítimas;Plena Noite;Crescente;Céu Claro;Simples;Reta;Não;4;0;0;0;4;0;0;2;-29,21262413;-53,67226844;SPRF-RS;DEL10-RS;UOP02-DEL10-RS
583303;25/02/2024;domingo;13:45:00;MT;163;575;NOVA MUTUM;Reação tardia ou ineficiente do condutor;Saída de leito carroçável;Com Vítimas Feridas;Pleno dia;Crescente;Céu Claro;Simples;"Aclive;Reta";Não;2;0;1;0;1;0;1;1;-14,025858;-56,096242;SPRF-MT;DEL01-MT;UOP01-DEL01-MT
583304;25/02/2024;domingo;19:28:00;RO;364;240,6;CACOAL;Transitar na contramão;Colisão lateral sentido oposto;Com Vítimas Feridas;Plena Noite;Crescente;Céu Claro;Simples;Reta;Sim;3;0;0;1;0;2;1;3;-11,43898476;-61,47586584;SPRF-RO;DEL02-RO;UOP02-DEL02-RO
583305;25/02/2024;domingo;20:15:00;RN;406;168;NATAL;Reação tardia ou ineficiente do condutor;Tombamento;Com Vítimas Feridas;Plena Noite;Crescente;Chuva;Dupla;"Declive;Retorno Regulamentado;Reta";Não;2;0;2;0;0;0;2;1;-5,75269453;-35,31535484;SPRF-RN;DEL02-RN;UOP01-DEL02-RN
583306;25/02/2024;domingo;20:30:00;CE;116;12,4;FORTALEZA;Entrada inopinada do pedestre;Atropelamento de Pedestre;Com Vítimas Feridas;Plena Noite;Crescente;Céu Claro;Múltipla;Reta;Sim;2;0;0;1;1;0;1;2;-3,852077;-38,495525;SPRF-CE;DEL01-CE;UOP02-DEL01-CE
583307;25/02/2024;domingo;17:50:00;SP;101;51,7;UBATUBA;Transitar na contramão;Colisão frontal;Com Vítimas Feridas;Anoitecer;Crescente;Céu Claro;Simples;Reta;Sim;2;0;1;0;0;1;1;2;-23,45627795;-45,07111896;SPRF-SP;DEL06-SP;UOP01-DEL06-SP
583308;25/02/2024;domingo;20:40:00;MG;381;485,7;BETIM;Ausência de reação do condutor;Tombamento;Com Vítimas Feridas;Plena Noite;Decrescente;Nublado;Múltipla;Reta;Sim;1;0;1;0;0;0;1;1;-19,9564055;-44,1039046;SPRF-MG;DEL01-MG;UOP03-DEL01-MG
583309;25/02/2024;domingo;19:30:00;RJ;101;80,3;CAMPOS DOS GOYTACAZES;Reação tardia ou ineficiente do condutor;Colisão traseira;Com Vítimas Feridas;Plena Noite;Crescente;Céu Claro;Simples;Reta;Sim;4;0;2;0;2;0;2;2;-21,83358277;-41,44147223;SPRF-RJ;DEL08-RJ;UOP02-DEL08-RJ
583311;25/02/2024;domingo;18:55:00;RR;174;478;BOA VISTA;Pedestre andava na pista;Atropelamento de Pedestre;Com Vítimas Feridas;Plena Noite;Crescente;Céu Claro;Simples;Reta;Não;2;0;2;0;0;0;2;2;2,69066088;-60,86151123;SPRF-RR;DEL01-RR;UOP01-DEL01-RR
583312;25/02/2024;domingo;21:10:00;BA;116;425;FEIRA DE SANTANA;Acesso irregular;Colisão transversal;Com Vítimas Feridas;Plena Noite;Decrescente;Nublado;Dupla;Reta;Sim;4;0;2;0;2;0;2;2;-12,23736613;-38,97999588;SPRF-BA;DEL02-BA;UOP01-DEL02-BA
583315;25/02/2024;domingo;20:00:00;ES;262;138,9;MUNIZ FREIRE;Acesso irregular;Colisão frontal;Com Vítimas Feridas;Plena Noite;Decrescente;Céu Claro;Simples;"Curva;Rotatória;Declive";Não;3;0;1;1;1;0;2;2;-20,23406291;-41,35253988;SPRF-ES;DEL01-ES;UOP02-DEL01-ES
583316;25/02/2024;domingo;21:30:00;SP;116;227;SAO PAULO;Trafegar com motocicleta (ou similar) entre as faixas;Colisão lateral mesmo sentido;Com Vítimas Feridas;Plena Noite;Decrescente;Nublado;Múltipla;Curva;Sim;3;0;1;0;2;0;1;2;-23,50116107;-46,56021768;SPRF-SP;DEL01-SP;UOP01-DEL01-SP
583317;25/02/2024;domingo;21:20:00;PR;116;119,4;CURITIBA;Reação tardia ou ineficiente do condutor;Colisão com objeto;Sem Vítimas;Plena Noite;Decrescente;Nublado;Dupla;Reta;Não;1;0;0;0;1;0;0;1;-25,57860149;-49,31254148;SPRF-PR;DEL01-PR;UOP03-DEL01-PR
583318;25/02/2024;domingo;21:00:00;PI;343;349;TERESINA;Ingestão de álcool pelo condutor;Colisão com objeto;Com Vítimas Feridas;Plena Noite;Crescente;Céu Claro;Simples;Reta;Sim;1;0;1;0;0;0;1;1;-5,122515;-42,794392;SPRF-PI;DEL01-PI;UOP01-DEL01-PI
583319;25/02/2024;domingo;21:40:00;ES;259;29,4;COLATINA;Animais na Pista;Atropelamento de Animal;Com Vítimas Fatais;Plena Noite;Decrescente;Céu Claro;Simples;Reta;Não;7;1;5;1;0;0;6;2;-19,597553;-40,504898;SPRF-ES;DEL02-ES;UOP01-DEL02-ES
583320;25/02/2024;domingo;21:30:00;TO;153;391;RIO DOS BOIS;Ingestão de álcool pelo condutor;Atropelamento de Pedestre;Com Vítimas Feridas;Plena Noite;Crescente;Céu Claro;Simples;"Interseção de Vias;Curva";Sim;2;0;0;1;1;0;1;2;-9,33758166;-48,5351171;SPRF-TO;DEL02-TO;UOP02-DEL02-TO
583323;25/02/2024;domingo;20:50:00;PI;343;345;TERESINA;Condutor desrespeitou a iluminação vermelha do semáforo;Colisão transversal;Com Vítimas Feridas;Pleno dia;Crescente;Nublado;Dupla;Reta;Sim;1;0;0;1;0;0;1;1;-5,102889;-42,766506;SPRF-PI;DEL01-PI;UOP01-DEL01-PI
583324;25/02/2024;domingo;21:30:00;BA;407;3;JUAZEIRO;Transitar na contramão;Colisão frontal;Com Vítimas Feridas;Plena Noite;Decrescente;Céu Claro;Simples;"Desvio Temporário;Ponte;Em Obras;Reta";Sim;4;0;2;0;2;0;2;2;-9,43134011;-40,49823324;SPRF-PE;DEL06-PE;UOP01-DEL06-PE
583325;25/02/2024;domingo;20:15:00;SC;282;40,6;AGUAS MORNAS;Condutor deixou de manter distância do veículo da frente;Engavetamento;Com Vítimas Feridas;Plena Noite;Decrescente;Nublado;Simples;Curva;Não;9;0;0;1;8;0;1;3;-27,716148;-48,869583;SPRF-SC;DEL01-SC;UOP03-DEL01-SC
583326;25/02/2024;domingo;21:44:00;PR;277;61;SAO JOSE DOS PINHAIS;Ausência de reação do condutor;Colisão lateral mesmo sentido;Com Vítimas Feridas;Plena Noite;Crescente;Garoa/Chuvisco;Dupla;Reta;Não;3;0;2;0;0;1;2;2;-25,56895101;-48,99932401;SPRF-PR;DEL01-PR;UOP01-DEL01-PR
583327;25/02/2024;domingo;21:00:00;RJ;101;386;RIO DE JANEIRO;Ausência de reação do condutor;Colisão com objeto;Com Vítimas Feridas;Plena Noite;Decrescente;Céu Claro;Múltipla;Reta;Sim;2;0;1;0;1;0;1;2;-22,88295192;-43,64094302;SPRF-RJ;DEL03-RJ;UOP01-DEL03-RJ
583328;25/02/2024;domingo;21:45:00;AL;104;84;RIO LARGO;Ingestão de álcool pelo condutor;Capotamento;Com Vítimas Feridas;Plena Noite;Crescente;Céu Claro;Dupla;Reta;Não;1;0;1;0;0;0;1;1;-9,45007991;-35,83193975;SPRF-AL;DEL01-AL;UOP01-DEL01-AL
583329;25/02/2024;domingo;20:03:00;AC;364;136;RIO BRANCO;Afundamento ou ondulação no pavimento;Tombamento;Com Vítimas Feridas;Plena Noite;Crescente;Garoa/Chuvisco;Dupla;"Aclive;Reta";Sim;1;0;1;0;0;0;1;1;-9,977578;-67,8489;SPRF-AC;DEL01-AC;UOP01-DEL01-AC
583331;25/02/2024;domingo;22:30:00;SP;381;29;ATIBAIA;Pedestre andava na pista;Atropelamento de Pedestre;Com Vítimas Feridas;Plena Noite;Crescente;Céu Claro;Dupla;Reta;Sim;2;0;0;1;1;0;1;2;-23,04177622;-46,55896672;SPRF-SP;DEL03-SP;UOP02-DEL03-SP
583332;25/02/2024;domingo;21:05:00;PB;230;22;JOAO PESSOA;Chuva;Tombamento;Com Vítimas Feridas;Plena Noite;Crescente;Chuva;Dupla;Reta;Sim;2;0;2;0;0;0;2;1;-7,1495;-34,8517;SPRF-PB;DEL01-PB;UOP01-DEL01-PB
583333;25/02/2024;domingo;19:10:00;GO;80;34;PADRE BERNARDO;Transitar no Acostamento;Colisão traseira;Com Vítimas Feridas;Plena Noite;Crescente;Céu Claro;Simples;Reta;Não;2;0;2;0;0;0;2;2;-15,272153;-48,262239;SPRF-DF;DEL03-DF;UOP02-DEL03-DF
583334;25/02/2024;domingo;22:52:00;SC;101;136,4;BALNEARIO CAMBORIU;Velocidade Incompatível;Tombamento;Com Vítimas Feridas;Plena Noite;Crescente;Céu Claro;Simples;"Viaduto;Curva";Sim;1;0;1;0;0;0;1;1;-27,0121846;-48,61546755;SPRF-SC;DEL04-SC;UOP03-DEL04-SC
583336;25/02/2024;domingo;22:45:00;GO;60;203;GUAPO;Ingestão de álcool pelo condutor;Saída de leito carroçável;Sem Vítimas;Plena Noite;Crescente;Céu Claro;Dupla;Curva;Não;1;0;0;0;0;1;0;1;-16,89936399;-49,63832444;SPRF-GO;DEL01-GO;UOP02-DEL01-GO
583338;25/02/2024;domingo;22:10:00;RJ;101;80;CAMPOS DOS GOYTACAZES;Reação tardia ou ineficiente do condutor;Colisão transversal;Com Vítimas Feridas;Plena Noite;Crescente;Céu Claro;Simples;Reta;Sim;5;0;2;0;3;0;2;2;-21,83496009;-41,43663168;SPRF-RJ;DEL08-RJ;UOP02-DEL08-RJ
583339;25/02/2024;domingo;23:40:00;PE;232;142;SAO CAITANO;Animais na Pista;Atropelamento de Animal;Com Vítimas Feridas;Plena Noite;Crescente;Céu Claro;Dupla;Reta;Não;2;0;2;0;0;0;2;1;-8,32242118;-36,09480698;SPRF-PE;DEL03-PE;UOP02-DEL03-PE
583340;25/02/2024;domingo;23:48:00;SC;101;420,5;ARARANGUA;Pista Escorregadia;Tombamento;Com Vítimas Feridas;Plena Noite;Decrescente;Garoa/Chuvisco;Simples;Reta;Não;1;0;1;0;0;0;1;1;-29,002602;-49,559422;SPRF-SC;DEL02-SC;UOP02-DEL02-SC
583341;25/02/2024;domingo;18:20:00;SC;282;91,5;ALFREDO WAGNER;Pedestre - Ingestão de álcool/ substâncias psicoativas;Queda de ocupante de veículo;Com Vítimas Feridas;Pleno dia;Crescente;Nublado;Simples;Reta;Sim;1;0;1;0;0;0;1;1;-27,71060937;-49,2670083;SPRF-SC;DEL01-SC;UOP03-DEL01-SC
583342;25/02/2024;domingo;22:00:00;SP;153;156;PROMISSAO;Animais na Pista;Saída de leito carroçável;Com Vítimas Feridas;Plena Noite;Crescente;Céu Claro;Simples;Reta;Não;2;0;2;0;0;0;2;1;-21,471328;-49,78182302;SPRF-SP;DEL07-SP;UOP01-DEL07-SP
583343;25/02/2024;domingo;22:30:00;RS;386;43;SEBERI;Reação tardia ou ineficiente do condutor;Saída de leito carroçável;Sem Vítimas;Plena Noite;Crescente;Garoa/Chuvisco;Simples;Reta;Não;1;0;0;0;0;1;0;1;-27,430225;-53,420662;SPRF-RS;DEL08-RS;UOP02-DEL08-RS
583344;25/02/2024;domingo;15:45:00;PA;230;220;NOVO REPARTIMENTO;Transitar na contramão;Colisão frontal;Com Vítimas Fatais;Pleno dia;Crescente;Céu Claro;Simples;Curva;Não;2;1;0;0;1;0;0;2;-4,80931615;-49,56715219;SPRF-PA;DEL03-PA;UOP01-DEL03-PA
583346;26/02/2024;segunda-feira;00:30:00;SP;116;157;SAO JOSE DOS CAMPOS;Ausência de reação do condutor;Colisão lateral mesmo sentido;Com Vítimas Feridas;Plena Noite;Crescente;Céu Claro;Dupla;Declive;Sim;1;0;1;0;0;0;1;1;-23,25558031;-45,9437828;SPRF-SP;DEL02-SP;UOP01-DEL02-SP
583347;25/02/2024;domingo;23:55:00;RS;290;218,4;PANTANO GRANDE;Pedestre andava na pista;Atropelamento de Pedestre;Com Vítimas Fatais;Plena Noite;Crescente;Céu Claro;Simples;"Declive;Reta";Não;4;1;0;0;3;0;0;2;-30,19744025;-52,40723133;SPRF-RS;DEL02-RS;UOP03-DEL02-RS
583349;26/02/2024;segunda-feira;00:11:00;PB;101;85;BAYEUX;Ingestão de álcool pelo condutor;Saída de leito carroçável;Sem Vítimas;Plena Noite;Decrescente;Chuva;Dupla;Reta;Sim;2;0;0;0;2;0;0;1;-7,14538184;-34,91662887;SPRF-PB;DEL01-PB;UOP01-DEL01-PB
583350;26/02/2024;segunda-feira;00:20:00;CE;222;310;TIANGUA;Ingestão de álcool pelo condutor;Queda de ocupante de veículo;Com Vítimas Feridas;Plena Noite;Crescente;Nublado;Simples;Viaduto;Sim;1;0;1;0;0;0;1;1;-3,70670595;-40,97707006;SPRF-CE;DEL04-CE;UOP02-DEL04-CE
583351;25/02/2024;domingo;23:15:00;GO;153;201;URUACU;Área urbana sem a presença de local apropriado para a travessia de pedestres;Atropelamento de Pedestre;Com Vítimas Fatais;Plena Noite;Crescente;Céu Claro;Simples;Reta;Sim;5;1;0;0;4;0;0;2;-14,543228;-49,161707;SPRF-GO;DEL07-GO;UOP02-DEL07-GO
583352;26/02/2024;segunda-feira;00:30:00;PR;277;708;SANTA TEREZINHA DE ITAIPU;Acesso irregular;Saída de leito carroçável;Sem Vítimas;Plena Noite;Decrescente;Céu Claro;Dupla;Reta;Sim;2;0;0;0;0;2;0;2;-25,44290885;-54,39565306;SPRF-PR;DEL05-PR;UOP01-DEL05-PR
583353;26/02/2024;segunda-feira;01:55:00;SC;101;160,6;TIJUCAS;Acesso irregular;Saída de leito carroçável;Sem Vítimas;Plena Noite;Decrescente;Nublado;Múltipla;Reta;Não;1;0;0;0;0;1;0;1;-27,20831288;-48,61987922;SPRF-SC;DEL04-SC;UOP03-DEL04-SC