id;data_inversa;dia_semana;horario;uf;br;km;municipio;causa_acidente;tipo_acidente;classificacao_acidente;fase_dia;sentido_via;condicao_metereologica;tipo_pista;tracado_via;uso_solo;pessoas;mortos;feridos_leves;feridos_graves;ilesos;ignorados;feridos;veiculos;latitude;longitude;regional;delegacia;uop
583354;26/02/2024;segunda-feira;01:53:00;MG;40;575,5;ITABIRITO;Ausência de reação do condutor;Saída de leito carroçável;Com Vítimas Feridas;Plena Noite;Crescente;Nublado;Simples;Reta;Não;2;0;1;0;1;0;1;1;-20,25658707;-43,96098023;SPRF-MG;DEL01-MG;UOP02-DEL01-MG
583355;26/02/2024;segunda-feira;02:00:00;SP;116;215,6;GUARULHOS;Entrada inopinada do pedestre;Atropelamento de Pedestre;Com Vítimas Feridas;Plena Noite;Crescente;Nublado;Múltipla;Reta;Sim;2;0;1;0;1;0;1;2;-23,44695693;-46,45394103;SPRF-SP;DEL01-SP;UOP01-DEL01-SP
583357;26/02/2024;segunda-feira;02:15:00;DF;20;6;BRASILIA;Ausência de reação do condutor;Colisão com objeto;Com Vítimas Feridas;Plena Noite;Crescente;Céu Claro;Dupla;Reta;Sim;1;0;1;0;0;0;1;1;-15,665888;-47,808308;SPRF-DF;DEL02-DF;UOP01-DEL02-DF
583359;26/02/2024;segunda-feira;02:30:00;SP;116;465;REGISTRO;Ausência de reação do condutor;Saída de leito carroçável;Com Vítimas Feridas;Plena Noite;Crescente;Chuva;Dupla;Curva;Não;1;0;1;0;0;0;1;1;-24,64131463;-47,91527636;SPRF-SP;DEL05-SP;UOP01-DEL05-SP
583360;26/02/2024;segunda-feira;01:00:00;MG;40;513,8;RIBEIRAO DAS NEVES;Ingestão de álcool pelo condutor;Saída de leito carroçável;Sem Vítimas;Plena Noite;Crescente;Céu Claro;Dupla;Curva;Sim;1;0;0;0;0;1;0;1;-19,7970544;-44,1080512;SPRF-MG;DEL01-MG;UOP02-DEL01-MG
583361;26/02/2024;segunda-feira;02:00:00;SC;101;131,5;BALNEARIO CAMBORIU;Suicídio (presumido);Atropelamento de Pedestre;Com Vítimas Feridas;Plena Noite;Crescente;Nublado;Múltipla;Curva;Sim;2;0;1;0;0;1;1;2;-26,99064209;-48,66310912;SPRF-SC;DEL04-SC;UOP03-DEL04-SC
583362;26/02/2024;segunda-feira;03:30:00;SC;101;425;ARARANGUA;Avarias e/ou desgaste excessivo no pneu;Tombamento;Com Vítimas Feridas;Plena Noite;Crescente;Chuva;Dupla;"Viaduto;Reta";Sim;2;0;2;0;0;0;2;1;-29,02228883;-49,59373355;SPRF-SC;DEL02-SC;UOP02-DEL02-SC
583363;25/02/2024;domingo;18:10:00;SC;470;111;APIUNA;Afundamento ou ondulação no pavimento;Tombamento;Com Vítimas Feridas;Pleno dia;Crescente;Céu Claro;Simples;"Ponte;Curva";Não;1;0;1;0;0;0;1;1;-27,095388;-49,457878;SPRF-SC;DEL04-SC;UOP02-DEL04-SC
583367;26/02/2024;segunda-feira;04:20:00;PR;376;312,8;ORTIGUEIRA;Ausência de reação do condutor;Queda de ocupante de veículo;Com Vítimas Feridas;Amanhecer;Decrescente;Vento;Dupla;"Declive;Curva";Não;1;0;1;0;0;0;1;1;-23,978087;-51,09294891;SPRF-PR;DEL07-PR;UOP02-DEL07-PR
583368;26/02/2024;segunda-feira;06:00:00;SP;116;202;ARUJA;Ausência de reação do condutor;Queda de ocupante de veículo;Com Vítimas Feridas;Pleno dia;Decrescente;Céu Claro;Dupla;Reta;Sim;1;0;1;0;0;0;1;1;-23,40809408;-46,33859597;SPRF-SP;DEL01-SP;UOP01-DEL01-SP
583370;26/02/2024;segunda-feira;06:10:00;PR;116;46;CAMPINA GRANDE DO SUL;Acumulo de água sobre o pavimento;Saída de leito carroçável;Com Vítimas Feridas;Amanhecer;Decrescente;Chuva;Dupla;Curva;Não;1;0;0;1;0;0;1;1;-25,20185401;-48,8962139;SPRF-PR;DEL01-PR;UOP02-DEL01-PR
583372;26/02/2024;segunda-feira;07:16:00;BA;324;616;SALVADOR;Condutor deixou de manter distância do veículo da frente;Colisão lateral mesmo sentido;Com Vítimas Feridas;Pleno dia;Decrescente;Céu Claro;Dupla;Reta;Não;2;0;1;0;1;0;1;2;-12,87957905;-38,43213893;SPRF-BA;DEL01-BA;UOP01-DEL01-BA
583373;26/02/2024;segunda-feira;07:20:00;ES;101;141,8;LINHARES;Ausência de reação do condutor;Colisão traseira;Com Vítimas Feridas;Pleno dia;Decrescente;Céu Claro;Dupla;Reta;Não;2;0;0;1;1;0;1;2;-19,32655693;-40,07192387;SPRF-ES;DEL04-ES;UOP01-DEL04-ES
583374;26/02/2024;segunda-feira;07:00:00;SC;101;233,4;PALHOCA;Reação tardia ou ineficiente do condutor;Queda de ocupante de veículo;Com Vítimas Feridas;Pleno dia;Crescente;Chuva;Dupla;"Curva;Declive";Não;1;0;0;1;0;0;1;1;-27,80376397;-48,63826211;SPRF-SC;DEL01-SC;UOP02-DEL01-SC
583377;26/02/2024;segunda-feira;05:40:00;PR;369;120;JATAIZINHO;Acumulo de areia ou detritos sobre o pavimento;Capotamento;Com Vítimas Feridas;Amanhecer;Crescente;Nublado;Dupla;Curva;Não;3;0;0;2;1;0;2;1;-23,2785724;-50,86006343;SPRF-PR;DEL07-PR;UOP05-DEL07-PR
583378;26/02/2024;segunda-feira;07:00:00;RS;386;175;CARAZINHO;Conversão proibida;Colisão transversal;Com Vítimas Feridas;Pleno dia;Crescente;Céu Claro;Simples;Reta;Não;2;0;1;0;1;0;1;2;-28,270662;-52,778925;SPRF-RS;DEL08-RS;UOP01-DEL08-RS
583379;26/02/2024;segunda-feira;07:00:00;MG;116;410;GOVERNADOR VALADARES;Acessar a via sem observar a presença dos outros veículos;Colisão transversal;Com Vítimas Feridas;Pleno dia;Decrescente;Céu Claro;Dupla;Reta;Sim;2;0;1;0;1;0;1;2;-18,855625;-41,975623;SPRF-MG;DEL06-MG;UOP01-DEL06-MG
583380;26/02/2024;segunda-feira;06:45:00;ES;101;266,9;SERRA;Reação tardia ou ineficiente do condutor;Tombamento;Com Vítimas Feridas;Pleno dia;Crescente;Céu Claro;Dupla;Reta;Sim;2;0;1;0;1;0;1;2;-20,190199;-40,26828891;SPRF-ES;DEL02-ES;UOP01-DEL02-ES
583381;26/02/2024;segunda-feira;06:23:00;SP;116;146,3;SAO JOSE DOS CAMPOS;Reação tardia ou ineficiente do condutor;Tombamento;Com Vítimas Feridas;Amanhecer;Decrescente;Nublado;Dupla;Aclive;Sim;2;0;1;0;1;0;1;1;-23,19122919;-45,86327591;SPRF-SP;DEL02-SP;UOP01-DEL02-SP
583382;26/02/2024;segunda-feira;07:30:00;ES;101;255;SERRA;Entrada inopinada do pedestre;Atropelamento de Pedestre;Com Vítimas Feridas;Pleno dia;Crescente;Céu Claro;Simples;Reta;Sim;2;0;2;0;0;0;2;2;-20,11487935;-40,31943619;SPRF-ES;DEL02-ES;UOP01-DEL02-ES
583384;26/02/2024;segunda-feira;07:30:00;PB;230;5;CABEDELO;Ausência de reação do condutor;Colisão com objeto;Sem Vítimas;Pleno dia;Crescente;Nublado;Dupla;Reta;Sim;1;0;0;0;0;1;0;1;-7,015166;-34,833631;SPRF-PB;DEL01-PB;UOP01-DEL01-PB
583385;26/02/2024;segunda-feira;07:38:00;PR;277;562,2;CASCAVEL;Avarias e/ou desgaste excessivo no pneu;Saída de leito carroçável;Com Vítimas Feridas;Pleno dia;Crescente;Sol;Simples;Reta;Não;2;0;2;0;0;0;2;1;-25,052431;-53,230503;SPRF-PR;DEL04-PR;UOP04-DEL04-PR
583386;26/02/2024;segunda-feira;02:40:00;RJ;101;310,9;SAO GONCALO;Acessar a via sem observar a presença dos outros veículos;Atropelamento de Pedestre;Com Vítimas Fatais;Plena Noite;Crescente;Céu Claro;Múltipla;Reta;Sim;2;1;0;0;0;1;0;2;-22,79717023;-43,04404993;SPRF-RJ;DEL02-RJ;UOP02-DEL02-RJ
583387;26/02/2024;segunda-feira;08:00:00;PB;230;479,8;MARIZOPOLIS;Acessar a via sem observar a presença dos outros veículos;Colisão traseira;Com Vítimas Feridas;Pleno dia;Crescente;Céu Claro;Simples;"Reta;Aclive";Sim;2;0;2;0;0;0;2;2;-6,84770664;-38,35793495;SPRF-PB;DEL03-PB;UOP03-DEL03-PB
583388;26/02/2024;segunda-feira;06:30:00;PI;343;147;PIRACURUCA;Condutor deixou de manter distância do veículo da frente;Saída de leito carroçável;Com Vítimas Feridas;Amanhecer;Decrescente;Céu Claro;Simples;Reta;Não;3;0;2;1;0;0;3;1;-3,967359;-41,747059;SPRF-PI;DEL02-PI;UOP01-DEL02-PI
583389;26/02/2024;segunda-feira;08:00:00;SC;280;27,4;ARAQUARI;Ultrapassagem Indevida;Colisão transversal;Com Vítimas Feridas;Pleno dia;Decrescente;Chuva;Simples;Reta;Sim;2;0;1;0;1;0;1;2;-26,39685622;-48,74021969;SPRF-SC;DEL03-SC;UOP03-DEL03-SC
583392;26/02/2024;segunda-feira;07:00:00;ES;101;150;LINHARES;Ingestão de álcool pelo condutor;Colisão traseira;Sem Vítimas;Pleno dia;Crescente;Céu Claro;Simples;"Interseção de Vias;Declive";Sim;2;0;0;0;2;0;0;2;-19,40436634;-40,06078896;SPRF-ES;DEL04-ES;UOP01-DEL04-ES
583393;26/02/2024;segunda-feira;07:13:00;CE;116;32;AQUIRAZ;Ausência de reação do condutor;Colisão traseira;Com Vítimas Feridas;Pleno dia;Decrescente;Chuva;Dupla;Reta;Não;3;0;1;0;2;0;1;2;-4,02676186;-38,51392889;SPRF-CE;DEL01-CE;UOP02-DEL01-CE
583394;25/02/2024;domingo;08:00:00;BA;101;358;WENCESLAU GUIMARAES;Manobra de mudança de faixa;Saída de leito carroçável;Com Vítimas Feridas;Pleno dia;Crescente;Céu Claro;Simples;Reta;Sim;1;0;0;1;0;0;1;1;-13,68752;-39,48073;SPRF-BA;DEL05-BA;UOP03-DEL05-BA
583395;26/02/2024;segunda-feira;08:10:00;BA;324;516,9;FEIRA DE SANTANA;Acesso irregular;Colisão frontal;Com Vítimas Feridas;Pleno dia;Decrescente;Céu Claro;Simples;Reta;Sim;2;0;0;1;1;0;1;2;-12,2417119;-38,93768485;SPRF-BA;DEL02-BA;UOP01-DEL02-BA
583396;26/02/2024;segunda-feira;07:40:00;MS;267;480;JARDIM;Reação tardia ou ineficiente do condutor;Colisão traseira;Com Vítimas Feridas;Pleno dia;Decrescente;Céu Claro;Simples;Reta;Sim;2;0;0;1;1;0;1;2;-21,47178327;-56,13379061;SPRF-MS;DEL05-MS;UOP01-DEL05-MS
583397;26/02/2024;segunda-feira;05:40:00;RS;471;152;SANTA CRUZ DO SUL;Animais na Pista;Atropelamento de Animal;Sem Vítimas;Pleno dia;Decrescente;Nublado;Simples;Reta;Não;1;0;0;0;0;1;0;1;-29,79081005;-52,40907669;SPRF-RS;DEL02-RS;UOP03-DEL02-RS
583398;26/02/2024;segunda-feira;05:40:00;RN;226;150,5;CURRAIS NOVOS;Ultrapassagem Indevida;Colisão frontal;Com Vítimas Fatais;Pleno dia;Decrescente;Céu Claro;Simples;Reta;Não;11;2;3;1;5;0;4;3;-6,20967972;-36,30801917;SPRF-RN;DEL03-RN;UOP02-DEL03-RN
583399;26/02/2024;segunda-feira;08:00:00;PR;277;112;CAMPO LARGO;Reação tardia ou ineficiente do condutor;Colisão com objeto;Com Vítimas Feridas;Pleno dia;Crescente;Nublado;Dupla;"Declive;Reta";Não;2;0;1;0;1;0;1;1;-25,43257515;-49,36978297;SPRF-PR;DEL03-PR;UOP03-DEL03-PR
583400;25/02/2024;domingo;19:40:00;BA;324;404;NOVA FATIMA;Ingestão de álcool pelo condutor;Colisão transversal;Com Vítimas Feridas;Plena Noite;Crescente;Céu Claro;Simples;"Reta;Interseção de Vias";Sim;2;0;1;0;1;0;1;2;-11,60427899;-39,6312174;SPRF-BA;DEL04-BA;UOP02-DEL04-BA
583401;26/02/2024;segunda-feira;08:40:00;MG;50;173;UBERABA;Avarias e/ou desgaste excessivo no pneu;Queda de ocupante de veículo;Com Vítimas Feridas;Pleno dia;Crescente;Céu Claro;Dupla;Reta;Sim;1;0;1;0;0;0;1;1;-19,7624352;-47,97701547;SPRF-MG;DEL13-MG;UOP01-DEL13-MG
583402;26/02/2024;segunda-feira;08:00:00;RS;116;147;CAXIAS DO SUL;Reação tardia ou ineficiente do condutor;Colisão transversal;Com Vítimas Feridas;Pleno dia;Crescente;Céu Claro;Dupla;"Interseção de Vias;Reta";Sim;2;0;1;0;1;0;1;2;-29,14908014;-51,1429969;SPRF-RS;DEL05-RS;UOP01-DEL05-RS
583403;26/02/2024;segunda-feira;08:42:00;PR;376;161;MARINGA;Ultrapassagem Indevida;Colisão transversal;Com Vítimas Feridas;Pleno dia;Crescente;Céu Claro;Dupla;Reta;Sim;3;0;2;1;0;0;3;2;-23,36667638;-52,07026152;SPRF-PR;DEL09-PR;UOP01-DEL09-PR
583405;26/02/2024;segunda-feira;07:20:00;RS;116;232;ESTANCIA VELHA;Transitar no Acostamento;Colisão transversal;Com Vítimas Feridas;Plena Noite;Crescente;Nublado;Simples;"Declive;Curva;Interseção de Vias";Sim;2;0;1;0;1;0;1;2;-29,63300002;-51,14325106;SPRF-RS;DEL01-RS;UOP02-DEL01-RS
583406;26/02/2024;segunda-feira;08:40:00;ES;101;290;CARIACICA;Desrespeitar a preferência no cruzamento;Colisão transversal;Com Vítimas Feridas;Pleno dia;Crescente;Céu Claro;Dupla;Reta;Sim;5;0;2;1;2;0;3;2;-20,29410967;-40,39305925;SPRF-ES;DEL01-ES;UOP01-DEL01-ES
583410;10/01/2024;quarta-feira;05:52:00;PE;407;127;PETROLINA;Condutor desrespeitou a iluminação vermelha do semáforo;Colisão transversal;Com Vítimas Feridas;Amanhecer;Decrescente;Céu Claro;Simples;Interseção de Vias;Sim;2;0;1;1;0;0;2;2;-9,39138879;-40,51900506;SPRF-PE;DEL06-PE;UOP01-DEL06-PE
583411;26/02/2024;segunda-feira;07:15:00;PI;316;305,5;PICOS;Acesso irregular;Colisão transversal;Com Vítimas Feridas;Pleno dia;Decrescente;Céu Claro;Múltipla;"Curva;Aclive";Sim;7;0;0;2;3;2;2;2;-7,06858767;-41,50981752;SPRF-PI;DEL04-PI;UOP01-DEL04-PI
583412;26/02/2024;segunda-feira;07:12:00;RJ;116;170;RIO DE JANEIRO;Frear bruscamente;Colisão traseira;Com Vítimas Feridas;Pleno dia;Decrescente;Céu Claro;Dupla;Reta;Sim;4;0;1;0;3;0;1;3;-22,81113183;-43,3336729;SPRF-RJ;DEL06-RJ;UOP01-DEL06-RJ
583414;26/02/2024;segunda-feira;07:30:00;SC;101;215,5;PALHOCA;Frear bruscamente;Queda de ocupante de veículo;Com Vítimas Feridas;Pleno dia;Decrescente;Garoa/Chuvisco;Múltipla;Reta;Sim;1;0;0;1;0;0;1;1;-27,65184843;-48,67604941;SPRF-SC;DEL01-SC;UOP02-DEL01-SC
583415;26/02/2024;segunda-feira;09:00:00;SC;282;539,8;CHAPECO;Condutor usando celular;Saída de leito carroçável;Com Vítimas Feridas;Pleno dia;Decrescente;Sol;Simples;Reta;Não;1;0;1;0;0;0;1;1;-26,993254;-52,681767;SPRF-SC;DEL07-SC;UOP01-DEL07-SC
583416;26/02/2024;segunda-feira;09:00:00;PR;376;177,1;MARINGA;Mal súbito do condutor;Eventos atípicos;Com Vítimas Feridas;Pleno dia;Crescente;Céu Claro;Múltipla;Reta;Sim;1;0;0;1;0;0;1;1;-23,41414666;-51,92793131;SPRF-PR;DEL09-PR;UOP01-DEL09-PR
583418;09/02/2024;sexta-feira;12:15:00;PR;277;300;PRUDENTOPOLIS;Acessar a via sem observar a presença dos outros veículos;Colisão transversal;Com Vítimas Feridas;Pleno dia;Crescente;Céu Claro;Simples;"Reta;Retorno Regulamentado";Não;5;0;3;0;2;0;3;2;-25,298392;-51,143331;SPRF-PR;DEL08-PR;UOP01-DEL08-PR
583419;26/02/2024;segunda-feira;06:58:00;PE;428;190,8;SANTA MARIA DA BOA VISTA;Ausência de reação do condutor;Saída de leito carroçável;Com Vítimas Feridas;Pleno dia;Decrescente;Céu Claro;Simples;"Reta;Aclive";Não;1;0;0;1;0;0;1;1;-8,793147;-39,882423;SPRF-PE;DEL06-PE;UOP01-DEL06-PE
583422;26/02/2024;segunda-feira;10:10:00;SC;101;207,5;SAO JOSE;Condutor deixou de manter distância do veículo da frente;Colisão traseira;Com Vítimas Feridas;Pleno dia;Decrescente;Nublado;Múltipla;"Declive;Reta";Sim;2;0;1;0;1;0;1;2;-27,60199525;-48,62811685;SPRF-SC;DEL01-SC;UOP01-DEL01-SC
583423;01/01/2024;segunda-feira;21:00:00;RR;174;11;BOA VISTA;Condutor Dormindo;Queda de ocupante de veículo;Com Vítimas Feridas;Plena Noite;Crescente;Céu Claro;Simples;Rotatória;Não;1;0;1;0;0;0;1;1;2,819364;-60,673775;SPRF-RR;DEL01-RR;UOP01-DEL01-RR
583424;26/02/2024;segunda-feira;10:37:00;PE;232;13,9;JABOATAO DOS GUARARAPES;Demais falhas mecânicas ou elétricas;Incêndio;Sem Vítimas;Pleno dia;Crescente;Céu Claro;Dupla;Reta;Não;1;0;0;0;1;0;0;1;-8,08831567;-35,01203806;SPRF-PE;DEL01-PE;UOP01-DEL01-PE
583425;26/02/2024;segunda-feira;08:45:00;RJ;101;316;SAO GONCALO;Condutor Dormindo;Queda de ocupante de veículo;Com Vítimas Feridas;Pleno dia;Crescente;Céu Claro;Dupla;Reta;Não;1;0;1;0;0;0;1;1;-22,82835879;-43,09208739;SPRF-RJ;DEL02-RJ;UOP02-DEL02-RJ
583427;26/02/2024;segunda-feira;10:30:00;SC;101;205,6;SAO JOSE;Condutor deixou de manter distância do veículo da frente;Colisão traseira;Com Vítimas Feridas;Pleno dia;Decrescente;Nublado;Múltipla;Reta;Sim;3;0;1;0;2;0;1;3;-27,58313237;-48,61532885;SPRF-SC;DEL01-SC;UOP01-DEL01-SC
583428;26/02/2024;segunda-feira;01:50:00;RJ;101;68;CAMPOS DOS GOYTACAZES;Ausência de reação do condutor;Saída de leito carroçável;Sem Vítimas;Plena Noite;Decrescente;Céu Claro;Simples;Reta;Não;1;0;0;0;0;1;0;1;-21,77354883;-41,36013508;SPRF-RJ;DEL08-RJ;UOP02-DEL08-RJ
583429;26/02/2024;segunda-feira;10:10:00;MG;262;42,5;MANHUACU;Acessar a via sem observar a presença dos outros veículos;Colisão transversal;Com Vítimas Feridas;Pleno dia;Decrescente;Sol;Simples;Reta;Não;3;0;1;0;1;1;1;3;-20,26976316;-42,06894006;SPRF-MG;DEL06-MG;UOP03-DEL06-MG
583431;26/02/2024;segunda-feira;11:00:00;BA;324;623;SALVADOR;Manobra de mudança de faixa;Colisão lateral mesmo sentido;Com Vítimas Feridas;Pleno dia;Decrescente;Sol;Dupla;Reta;Sim;2;0;1;0;1;0;1;2;-12,92628699;-38,46838679;SPRF-BA;DEL01-BA;UOP01-DEL01-BA
583433;26/02/2024;segunda-feira;09:50:00;PR;376;156;MANDAGUACU;Sinalização mal posicionada;Colisão traseira;Com Vítimas Feridas;Pleno dia;Crescente;Céu Claro;Dupla;Curva;Sim;5;0;2;2;1;0;4;3;-23,34089926;-52,09250522;SPRF-PR;DEL09-PR;UOP01-DEL09-PR
583436;26/02/2024;segunda-feira;09:00:00;RJ;101;581;PARATY;Demais falhas mecânicas ou elétricas;Queda de ocupante de veículo;Com Vítimas Feridas;Pleno dia;Decrescente;Céu Claro;Simples;Reta;Não;1;0;1;0;0;0;1;1;-23,24744793;-44,70081567;SPRF-RJ;DEL03-RJ;UOP04-DEL03-RJ
583438;26/02/2024;segunda-feira;10:20:00;PR;163;203,2;CASCAVEL;Condutor Dormindo;Saída de leito carroçável;Com Vítimas Fatais;Pleno dia;Decrescente;Céu Claro;Dupla;"Declive;Reta";Não;3;1;1;1;0;0;2;1;-25,005736;-53,554783;SPRF-PR;DEL05-PR;UOP05-DEL05-PR
583439;02/02/2024;sexta-feira;21:00:00;MG;381;542,7;ITATIAIUCU;Condutor Dormindo;Saída de leito carroçável;Com Vítimas Feridas;Plena Noite;Decrescente;Nublado;Dupla;Curva;Não;1;0;1;0;0;0;1;1;-20,26492509;-44,42256682;SPRF-MG;DEL04-MG;UOP03-DEL04-MG
583443;26/01/2024;sexta-feira;07:00:00;RO;364;465;CACAULANDIA;Demais falhas mecânicas ou elétricas;Queda de ocupante de veículo;Com Vítimas Feridas;Pleno dia;Crescente;Céu Claro;Simples;Reta;Não;1;0;0;1;0;0;1;1;-10,22421333;-62,76233722;SPRF-RO;DEL03-RO;UOP01-DEL03-RO
583445;26/02/2024;segunda-feira;11:00:00;RS;116;259,6;ESTEIO;Reação tardia ou ineficiente do condutor;Colisão traseira;Com Vítimas Feridas;Pleno dia;Decrescente;Céu Claro;Dupla;Reta;Não;2;0;1;0;1;0;1;2;-29,870408;-51,179909;SPRF-RS;DEL01-RS;UOP01-DEL01-RS
583450;26/02/2024;segunda-feira;10:00:00;PR;277;1;FOZ DO IGUACU;Manobra de mudança de faixa;Colisão lateral mesmo sentido;Com Vítimas Feridas;Pleno dia;Crescente;Céu Claro;Dupla;Reta;Sim;2;0;1;0;1;0;1;2;-25,5469;-54,5882;SPRF-PR;DEL05-PR;UOP03-DEL05-PR
583451;26/02/2024;segunda-feira;12:00:00;SC;282;72,1;RANCHO QUEIMADO;Velocidade Incompatível;Saída de leito carroçável;Com Vítimas Feridas;Pleno dia;Crescente;Chuva;Simples;Curva;Sim;3;0;2;1;0;0;3;1;-27,683439;-49,105259;SPRF-SC;DEL01-SC;UOP03-DEL01-SC
583452;26/02/2024;segunda-feira;11:45:00;MG;116;277,6;TEOFILO OTONI;Reação tardia ou ineficiente do condutor;Colisão lateral mesmo sentido;Com Vítimas Feridas;Pleno dia;Crescente;Sol;Dupla;Retorno Regulamentado;Sim;4;0;1;0;3;0;1;2;-17,859945;-41,515144;SPRF-MG;DEL11-MG;UOP01-DEL11-MG
583454;26/02/2024;segunda-feira;11:52:00;RS;285;117,7;VACARIA;Ausência de sinalização;Saída de leito carroçável;Sem Vítimas;Pleno dia;Decrescente;Nublado;Simples;Reta;Sim;2;0;0;0;2;0;0;1;-28,51194464;-50,91156721;SPRF-RS;DEL05-RS;UOP03-DEL05-RS
583456;26/02/2024;segunda-feira;10:40:00;RJ;465;14;SEROPEDICA;Acessar a via sem observar a presença dos outros veículos;Colisão transversal;Sem Vítimas;Pleno dia;Crescente;Céu Claro;Simples;Reta;Sim;2;0;0;0;2;0;0;2;-22,804979;-43,638828;SPRF-RJ;DEL06-RJ;UOP02-DEL06-RJ
583457;26/02/2024;segunda-feira;13:20:00;PR;376;175,2;MARINGA;Manobra de mudança de faixa;Colisão lateral mesmo sentido;Com Vítimas Feridas;Pleno dia;Decrescente;Céu Claro;Múltipla;Retorno Regulamentado;Sim;4;0;1;0;3;0;1;3;-23,4132015;-51,94612741;SPRF-PR;DEL09-PR;UOP01-DEL09-PR
583458;25/01/2024;quinta-feira;10:08:00;MA;222;293,2;VITORIA DO MEARIM;Acessar a via sem observar a presença dos outros veículos;Colisão lateral mesmo sentido;Com Vítimas Feridas;Pleno dia;Crescente;Sol;Dupla;"Interseção de Vias;Reta";Sim;2;0;0;1;0;1;1;2;-3,460516;-44,871557;SPRF-MA;DEL02-MA;UOP01-DEL02-MA
583459;26/02/2024;segunda-feira;11:30:00;MA;230;22;BARAO DE GRAJAU;Demais falhas mecânicas ou elétricas;Colisão com objeto;Com Vítimas Feridas;Pleno dia;Crescente;Sol;Simples;Curva;Não;1;0;0;1;0;0;1;1;-6,70498394;-43,191952;SPRF-PI;DEL03-PI;UOP01-DEL03-PI
583460;26/02/2024;segunda-feira;13:36:00;PB;230;26,7;JOAO PESSOA;Avarias e/ou desgaste excessivo no pneu;Tombamento;Com Vítimas Feridas;Pleno dia;Decrescente;Sol;Dupla;"Aclive;Reta";Sim;1;0;1;0;0;0;1;1;-7,1693;-34,8782;SPRF-PB;DEL01-PB;UOP01-DEL01-PB
583464;26/02/2024;segunda-feira;13:47:00;PE;101;35,7;IGARASSU;Acumulo de água sobre o pavimento;Saída de leito carroçável;Com Vítimas Feridas;Pleno dia;Decrescente;Chuva;Dupla;"Declive;Reta";Não;4;0;1;0;3;0;1;1;-7,77952193;-34,93231384;SPRF-PE;DEL01-PE;UOP02-DEL01-PE
583465;26/02/2024;segunda-feira;14:30:00;RS;116;318;BARRA DO RIBEIRO;Acumulo de água sobre o pavimento;Saída de leito carroçável;Com Vítimas Feridas;Pleno dia;Decrescente;Chuva;Dupla;Curva;Não;3;0;0;3;0;0;3;1;-30,27278604;-51,40935988;SPRF-RS;DEL02-RS;UOP01-DEL02-RS
583466;26/02/2024;segunda-feira;13:40:00;PI;343;2;TERESINA;Condutor deixou de manter distância do veículo da frente;Colisão traseira;Sem Vítimas;Pleno dia;Decrescente;Céu Claro;Múltipla;Reta;Sim;2;0;0;0;2;0;0;2;-5,0566524;-42,6841453;SPRF-PI;DEL05-PI;UOP01-DEL05-PI
583467;26/02/2024;segunda-feira;14:25:00;SC;101;215,5;PALHOCA;Reação tardia ou ineficiente do condutor;Atropelamento de Pedestre;Com Vítimas Feridas;Pleno dia;Decrescente;Chuva;Múltipla;Reta;Sim;3;0;2;0;1;0;2;2;-27,65184843;-48,67604941;SPRF-SC;DEL01-SC;UOP02-DEL01-SC
583468;26/02/2024;segunda-feira;15:06:00;BA;324;618;SALVADOR;Avarias e/ou desgaste excessivo no pneu;Queda de ocupante de veículo;Com Vítimas Feridas;Pleno dia;Crescente;Céu Claro;Dupla;Reta;Não;1;0;1;0;0;0;1;1;-12,891109;-38,445374;SPRF-BA;DEL01-BA;UOP01-DEL01-BA
583469;26/02/2024;segunda-feira;10:30:00;SC;101;209;SAO JOSE;Frear bruscamente;Colisão traseira;Com Vítimas Feridas;Pleno dia;Crescente;Chuva;Múltipla;Reta;Não;2;0;1;0;0;1;1;2;-27,61000542;-48,63895057;SPRF-SC;DEL01-SC;UOP01-DEL01-SC
583472;26/02/2024;segunda-feira;12:30:00;PA;308;189;TRACUATEUA;Manobra de mudança de faixa;Colisão lateral sentido oposto;Com Vítimas Feridas;Pleno dia;Crescente;Chuva;Simples;"Declive;Reta";Não;3;0;1;0;2;0;1;2;-1,08294451;-46,89141694;SPRF-PA;DEL01-PA;UOP03-DEL01-PA
583473;13/01/2024;sábado;13:30:00;RR;401;23;CANTA;Reação tardia ou ineficiente do condutor;Saída de leito carroçável;Sem Vítimas;Pleno dia;Decrescente;Céu Claro;Dupla;Reta;Não;5;0;0;0;5;0;0;1;2,88153555;-60,52213984;SPRF-RR;DEL01-RR;UOP01-DEL01-RR
583476;26/02/2024;segunda-feira;15:00:00;ES;101;414,1;ITAPEMIRIM;Ausência de reação do condutor;Colisão com objeto;Com Vítimas Feridas;Pleno dia;Decrescente;Sol;Simples;Rotatória;Não;2;0;2;0;0;0;2;1;-20,92498672;-41,07811689;SPRF-ES;DEL03-ES;UOP02-DEL03-ES
583477;26/02/2024;segunda-feira;14:30:00;PE;408;49;NAZARE DA MATA;Demais falhas mecânicas ou elétricas;Colisão frontal;Com Vítimas Feridas;Pleno dia;Decrescente;Chuva;Simples;Curva;Não;6;0;1;5;0;0;6;2;-7,72110607;-35,2389439;SPRF-PE;DEL01-PE;UOP02-DEL01-PE