id;data_inversa;dia_semana;horario;uf;br;km;municipio;causa_acidente;tipo_acidente;classificacao_acidente;fase_dia;sentido_via;condicao_metereologica;tipo_pista;tracado_via;uso_solo;pessoas;mortos;feridos_leves;feridos_graves;ilesos;ignorados;feridos;veiculos;latitude;longitude;regional;delegacia;uop
583478;26/02/2024;segunda-feira;12:30:00;MG;50;205;DELTA;Ausência de reação do condutor;Saída de leito carroçável;Com Vítimas Feridas;Pleno dia;Decrescente;Céu Claro;Dupla;"Declive;Reta";Não;2;0;1;0;1;0;1;1;-19,92627147;-47,82191068;SPRF-MG;DEL13-MG;UOP01-DEL13-MG
583480;26/02/2024;segunda-feira;13:40:00;SC;280;12,1;SAO FRANCISCO DO SUL;Ausência de reação do condutor;Tombamento;Com Vítimas Feridas;Pleno dia;Decrescente;Chuva;Simples;Reta;Não;1;0;0;1;0;0;1;1;-26,31323107;-48,64449483;SPRF-SC;DEL03-SC;UOP03-DEL03-SC
583481;26/02/2024;segunda-feira;16:15:00;SP;116;208,5;GUARULHOS;Ausência de reação do condutor;Queda de ocupante de veículo;Com Vítimas Feridas;Pleno dia;Decrescente;Céu Claro;Dupla;Reta;Sim;1;0;1;0;0;0;1;1;-23,42222263;-46,3932771;SPRF-SP;DEL01-SP;UOP01-DEL01-SP
583482;26/02/2024;segunda-feira;11:10:00;RJ;40;111;DUQUE DE CAXIAS;Reação tardia ou ineficiente do condutor;Colisão lateral mesmo sentido;Com Vítimas Feridas;Pleno dia;Decrescente;Céu Claro;Dupla;"Declive;Reta";Sim;3;0;2;0;1;0;2;2;-22,691868;-43,287453;SPRF-RJ;DEL01-RJ;UOP02-DEL01-RJ
583483;26/02/2024;segunda-feira;15:32:00;BA;101;853;TEIXEIRA DE FREITAS;Demais falhas mecânicas ou elétricas;Capotamento;Com Vítimas Feridas;Pleno dia;Decrescente;Céu Claro;Simples;Reta;Não;2;0;1;1;0;0;2;1;-17,54578203;-39,71874195;SPRF-BA;DEL09-BA;UOP02-DEL09-BA
583485;26/02/2024;segunda-feira;17:10:00;DF;40;1;BRASILIA;Reação tardia ou ineficiente do condutor;Colisão traseira;Sem Vítimas;Pleno dia;Crescente;Céu Claro;Dupla;Reta;Sim;2;0;0;0;2;0;0;2;-15,985532;-47,987747;SPRF-DF;DEL01-DF;UOP01-DEL01-DF
583486;26/02/2024;segunda-feira;15:05:00;PI;343;238;CAMPO MAIOR;Reação tardia ou ineficiente do condutor;Colisão traseira;Com Vítimas Feridas;Pleno dia;Decrescente;Céu Claro;Simples;Reta;Não;2;0;1;0;1;0;1;2;-4,655082;-42,054137;SPRF-PI;DEL01-PI;UOP03-DEL01-PI
583488;26/02/2024;segunda-feira;16:20:00;PE;423;114;PARANATAMA;Condutor Dormindo;Colisão traseira;Com Vítimas Feridas;Pleno dia;Crescente;Céu Claro;Simples;Reta;Não;4;0;0;1;3;0;1;3;-8,8998297;-36,64277108;SPRF-PE;DEL03-PE;UOP01-DEL03-PE
583489;26/02/2024;segunda-feira;12:00:00;SC;470;207;PONTE ALTA;Ausência de reação do condutor;Saída de leito carroçável;Sem Vítimas;Pleno dia;Decrescente;Nublado;Simples;Curva;Não;1;0;0;0;0;1;0;1;-27,291355;-50,194443;SPRF-SC;DEL05-SC;UOP03-DEL05-SC
583490;26/02/2024;segunda-feira;16:17:00;PE;232;85;GRAVATA;Reação tardia ou ineficiente do condutor;Colisão com objeto;Com Vítimas Feridas;Pleno dia;Crescente;Céu Claro;Dupla;Reta;Não;2;0;1;0;1;0;1;1;-8,20967292;-35,61172578;SPRF-PE;DEL02-PE;UOP02-DEL02PE
583491;26/02/2024;segunda-feira;16:50:00;SE;101;5;PROPRIA;Avarias e/ou desgaste excessivo no pneu;Saída de leito carroçável;Sem Vítimas;Pleno dia;Crescente;Céu Claro;Dupla;Reta;Não;4;0;0;0;4;0;0;1;-10,24007805;-36,85267291;SPRF-SE;DEL02-SE;UOP02-DEL02-SE
583492;26/02/2024;segunda-feira;17:10:00;SC;101;213,4;PALHOCA;Reação tardia ou ineficiente do condutor;Colisão com objeto;Com Vítimas Feridas;Pleno dia;Crescente;Chuva;Múltipla;Reta;Sim;1;0;0;1;0;0;1;1;-27,63697369;-48,66514142;SPRF-SC;DEL01-SC;UOP02-DEL01-SC
583494;26/02/2024;segunda-feira;13:20:00;PR;163;9;BARRACAO;Acessar a via sem observar a presença dos outros veículos;Colisão transversal;Com Vítimas Feridas;Pleno dia;Crescente;Céu Claro;Simples;Reta;Sim;2;0;1;0;1;0;1;2;-26,25066;-53,635523;SPRF-PR;DEL02-PR;UOP02-DEL02-PR
583495;26/02/2024;segunda-feira;17:00:00;BA;407;0;JUAZEIRO;Condutor deixou de manter distância do veículo da frente;Engavetamento;Sem Vítimas;Pleno dia;Crescente;Céu Claro;Simples;"Ponte;Reta";Sim;3;0;0;0;3;0;0;3;-9,409546;-40,505337;SPRF-PE;DEL06-PE;UOP01-DEL06-PE
583496;26/02/2024;segunda-feira;16:15:00;MG;381;932,4;EXTREMA;Demais falhas mecânicas ou elétricas;Incêndio;Sem Vítimas;Pleno dia;Decrescente;Nublado;Dupla;Curva;Não;2;0;0;0;1;1;0;2;-22,81198015;-46,28431295;SPRF-MG;DEL16-MG;UOP03-DEL16-MG
583499;26/02/2024;segunda-feira;17:25:00;MS;419;251;ANASTACIO;Demais falhas mecânicas ou elétricas;Saída de leito carroçável;Com Vítimas Feridas;Pleno dia;Crescente;Céu Claro;Simples;Reta;Não;5;0;2;0;3;0;2;1;-20,55840918;-55,83895659;SPRF-MS;DEL03-MS;UOP01-DEL03-MS
583500;26/02/2024;segunda-feira;18:10:00;SP;381;23;BRAGANCA PAULISTA;Ausência de reação do condutor;Tombamento;Com Vítimas Feridas;Pleno dia;Crescente;Céu Claro;Dupla;"Declive;Reta";Sim;2;0;2;0;0;0;2;1;-23,00476488;-46,52061531;SPRF-SP;DEL03-SP;UOP02-DEL03-SP
583501;26/02/2024;segunda-feira;14:20:00;SC;116;5;MAFRA;Acessar a via sem observar a presença dos outros veículos;Colisão lateral mesmo sentido;Com Vítimas Feridas;Pleno dia;Crescente;Céu Claro;Simples;Interseção de Vias;Sim;2;0;1;0;0;1;1;2;-26,14094396;-49,81508303;SPRF-SC;DEL06-SC;UOP01-DEL06-SC
583503;26/02/2024;segunda-feira;18:30:00;RN;110;51,8;MOSSORO;Acessar a via sem observar a presença dos outros veículos;Colisão transversal;Com Vítimas Feridas;Plena Noite;Crescente;Chuva;Simples;"Interseção de Vias;Reta";Sim;2;0;1;0;1;0;1;2;-5,22684393;-37,33197037;SPRF-RN;DEL04-RN;UOP01-DEL04-RN
583504;26/02/2024;segunda-feira;18:30:00;MG;262;356;BETIM;Ausência de reação do condutor;Tombamento;Com Vítimas Feridas;Plena Noite;Crescente;Céu Claro;Dupla;Reta;Sim;1;0;1;0;0;0;1;1;-19,96890716;-44,18104581;SPRF-MG;DEL01-MG;UOP03-DEL01-MG
583506;26/02/2024;segunda-feira;17:56:00;PE;101;78;JABOATAO DOS GUARARAPES;Mal súbito do condutor;Colisão traseira;Com Vítimas Feridas;Anoitecer;Decrescente;Nublado;Dupla;Curva;Sim;3;0;2;0;1;0;2;3;-8,13496499;-34,94738614;SPRF-PE;DEL01-PE;UOP01-DEL01-PE
583508;26/02/2024;segunda-feira;17:40:00;BA;116;673;JEQUIE;Acessar a via sem observar a presença dos outros veículos;Colisão transversal;Com Vítimas Feridas;Anoitecer;Crescente;Céu Claro;Simples;Reta;Sim;2;0;0;1;1;0;1;2;-13,856821;-40,113634;SPRF-BA;DEL03-BA;UOP01-DEL03-BA
583510;26/02/2024;segunda-feira;17:20:00;PR;153;103,4;IBAITI;Desrespeitar a preferência no cruzamento;Colisão transversal;Com Vítimas Feridas;Pleno dia;Decrescente;Céu Claro;Simples;Reta;Não;2;0;2;0;0;0;2;2;-23,79674793;-50,18137692;SPRF-PR;DEL07-PR;UOP04-DEL07-PR
583511;26/02/2024;segunda-feira;17:30:00;RO;435;133,5;CEREJEIRAS;Acessar a via sem observar a presença dos outros veículos;Colisão transversal;Com Vítimas Feridas;Pleno dia;Crescente;Céu Claro;Simples;Reta;Não;3;0;1;0;2;0;1;2;-13,18895091;-60,91133455;SPRF-RO;DEL04-RO;UOP02-DEL04-RO
583512;26/02/2024;segunda-feira;19:00:00;PA;163;989;SANTAREM;Acessar a via sem observar a presença dos outros veículos;Colisão transversal;Com Vítimas Feridas;Anoitecer;Crescente;Céu Claro;Simples;Reta;Não;3;0;2;0;1;0;2;2;-2,565797;-54,721375;SPRF-PA;DEL05-PA;UOP01-DEL05-PA
583514;26/02/2024;segunda-feira;18:30:00;SP;153;49,5;SAO JOSE DO RIO PRETO;Acessar a via sem observar a presença dos outros veículos;Colisão transversal;Com Vítimas Feridas;Anoitecer;Crescente;Céu Claro;Simples;Reta;Não;2;0;0;1;1;0;1;2;-20,70000401;-49,33945823;SPRF-SP;DEL09-SP;UOP01-DEL09-SP
583515;26/02/2024;segunda-feira;15:55:00;RS;290;300,5;CACAPAVA DO SUL;Reação tardia ou ineficiente do condutor;Colisão traseira;Sem Vítimas;Pleno dia;Crescente;Céu Claro;Simples;"Reta;Aclive";Não;8;0;0;0;8;0;0;3;-30,317604;-53,207886;SPRF-RS;DEL09-RS;UOP02-DEL09-RS
583516;26/02/2024;segunda-feira;18:10:00;PR;116;132;FAZENDA RIO GRANDE;Transitar na contramão;Colisão lateral sentido oposto;Com Vítimas Feridas;Anoitecer;Crescente;Céu Claro;Simples;"Viaduto;Curva";Não;2;0;1;0;1;0;1;2;-25,65733698;-49,31212612;SPRF-PR;DEL01-PR;UOP03-DEL01-PR
583517;26/02/2024;segunda-feira;18:05:00;SP;116;488;CAJATI;Reação tardia ou ineficiente do condutor;Colisão com objeto;Com Vítimas Feridas;Plena Noite;Crescente;Chuva;Dupla;Curva;Sim;1;0;1;0;0;0;1;1;-24,73097634;-48,09815591;SPRF-SP;DEL05-SP;UOP01-DEL05-SP
583520;26/02/2024;segunda-feira;19:29:00;SC;280;22,8;ARAQUARI;Condutor deixou de manter distância do veículo da frente;Colisão traseira;Sem Vítimas;Plena Noite;Decrescente;Céu Claro;Simples;Reta;Sim;2;0;0;0;2;0;0;2;-26,37092616;-48,70204099;SPRF-SC;DEL03-SC;UOP03-DEL03-SC
583521;26/02/2024;segunda-feira;19:00:00;PA;316;113;SANTA MARIA DO PARA;Ausência de reação do condutor;Tombamento;Com Vítimas Feridas;Plena Noite;Crescente;Chuva;Simples;Reta;Não;1;0;1;0;0;0;1;1;-1,31670708;-47,495285;SPRF-PA;DEL01-PA;UOP02-DEL01-PA
583522;26/02/2024;segunda-feira;07:30:00;BA;330;864;UBATA;Acessar a via sem observar a presença dos outros veículos;Colisão transversal;Com Vítimas Feridas;Pleno dia;Decrescente;Céu Claro;Simples;Reta;Sim;2;0;0;1;1;0;1;2;-14,1941502;-39,54822508;SPRF-BA;DEL05-BA;UOP01-DEL05-BA
583523;26/02/2024;segunda-feira;18:41:00;RN;101;154;GOIANINHA;Animais na Pista;Atropelamento de Animal;Com Vítimas Feridas;Plena Noite;Decrescente;Céu Claro;Dupla;Reta;Não;1;0;1;0;0;0;1;1;-6,3250942;-35,17882034;SPRF-RN;DEL01-RN;UOP01-DEL01-RN
583525;26/02/2024;segunda-feira;19:00:00;RJ;101;413;ITAGUAI;Pedestre cruzava a pista fora da faixa;Atropelamento de Pedestre;Com Vítimas Fatais;Plena Noite;Decrescente;Céu Claro;Dupla;Curva;Não;4;1;0;0;3;0;0;2;-22,89931896;-43,865293;SPRF-RJ;DEL03-RJ;UOP01-DEL03-RJ
583527;26/02/2024;segunda-feira;07:10:00;PE;232;17,9;JABOATAO DOS GUARARAPES;Reação tardia ou ineficiente do condutor;Colisão traseira;Sem Vítimas;Pleno dia;Crescente;Céu Claro;Dupla;Reta;Não;2;0;0;0;0;2;0;2;-8,09565202;-35,04581599;SPRF-PE;DEL01-PE;UOP01-DEL01-PE
583528;26/02/2024;segunda-feira;17:40:00;SC;101;399;MARACAJA;Reação tardia ou ineficiente do condutor;Colisão transversal;Com Vítimas Feridas;Pleno dia;Decrescente;Chuva;Dupla;Curva;Sim;2;0;0;1;0;1;1;2;-28,84171475;-49,42814418;SPRF-SC;DEL02-SC;UOP02-DEL02-SC
583529;26/02/2024;segunda-feira;19:10:00;PI;316;289,3;DOM EXPEDITO LOPES;Animais na Pista;Atropelamento de Animal;Com Vítimas Feridas;Plena Noite;Crescente;Céu Claro;Simples;Reta;Não;8;0;1;0;7;0;1;1;-6,9914097;-41,62679567;SPRF-PI;DEL04-PI;UOP01-DEL04-PI
583532;26/02/2024;segunda-feira;19:40:00;SE;101;21;MALHADA DOS BOIS;Ingestão de álcool pelo condutor;Colisão traseira;Sem Vítimas;Plena Noite;Crescente;Nublado;Dupla;Reta;Sim;3;0;0;0;3;0;0;2;-10,36933692;-36,91236318;SPRF-SE;DEL02-SE;UOP02-DEL02-SE
583533;26/02/2024;segunda-feira;20:00:00;MG;262;430;SAO GONCALO DO PARA;Ausência de reação do condutor;Tombamento;Com Vítimas Feridas;Plena Noite;Decrescente;Céu Claro;Dupla;Aclive;Não;2;0;2;0;0;0;2;1;-19,89685689;-44,86850739;SPRF-MG;DEL08-MG;UOP03-DEL08-MG
583536;26/02/2024;segunda-feira;20:50:00;PR;369;154,4;LONDRINA;Ultrapassagem Indevida;Tombamento;Com Vítimas Feridas;Plena Noite;Crescente;Céu Claro;Dupla;Interseção de Vias;Sim;2;0;1;0;0;1;1;2;-23,29727672;-51,20090783;SPRF-PR;DEL07-PR;UOP01-DEL07-PR
583537;26/02/2024;segunda-feira;17:20:00;RJ;101;333;RIO DE JANEIRO;Reação tardia ou ineficiente do condutor;Colisão lateral mesmo sentido;Com Vítimas Feridas;Anoitecer;Decrescente;Céu Claro;Múltipla;Reta;Sim;2;0;1;0;1;0;1;2;-22,87827816;-43,21053578;SPRF-RJ;DEL02-RJ;UOP01-DEL02-RJ
583538;26/02/2024;segunda-feira;20:45:00;MG;262;427;SAO GONCALO DO PARA;Demais falhas mecânicas ou elétricas;Incêndio;Sem Vítimas;Plena Noite;Decrescente;Nublado;Dupla;Reta;Não;1;0;0;0;1;0;0;1;-19,8850241;-44,77734698;SPRF-MG;DEL08-MG;UOP03-DEL08-MG
583539;26/02/2024;segunda-feira;18:50:00;SC;101;298,6;LAGUNA;Ausência de reação do condutor;Colisão traseira;Com Vítimas Feridas;Plena Noite;Crescente;Nublado;Dupla;Curva;Não;3;0;1;0;2;0;1;2;-28,32102597;-48,72829906;SPRF-SC;DEL02-SC;UOP03-DEL02-SC
583540;26/02/2024;segunda-feira;16:20:00;MT;70;3;BARRA DO GARCAS;Desrespeitar a preferência no cruzamento;Colisão traseira;Com Vítimas Feridas;Pleno dia;Decrescente;Céu Claro;Dupla;Rotatória;Sim;4;0;1;0;3;0;1;2;-15,88252843;-52,27574027;SPRF-MT;DEL07-MT;UOP01-DEL07-MT
583541;26/02/2024;segunda-feira;15:10:00;RJ;101;322;NITEROI;Reação tardia ou ineficiente do condutor;Colisão traseira;Com Vítimas Feridas;Pleno dia;Decrescente;Céu Claro;Dupla;Reta;Sim;4;0;1;0;3;0;1;2;-22,878923;-43,110676;SPRF-RJ;DEL02-RJ;UOP01-DEL02-RJ
583543;26/02/2024;segunda-feira;21:25:00;RS;470;226,4;GARIBALDI;Chuva;Saída de leito carroçável;Com Vítimas Feridas;Plena Noite;Crescente;Chuva;Simples;Declive;Sim;2;0;1;0;1;0;1;1;-29,25240112;-51,51303649;SPRF-RS;DEL06-RS;UOP01-DEL06-RS
583544;26/02/2024;segunda-feira;20:30:00;MG;40;517;RIBEIRAO DAS NEVES;Condutor deixou de manter distância do veículo da frente;Colisão lateral mesmo sentido;Com Vítimas Feridas;Plena Noite;Decrescente;Céu Claro;Dupla;Reta;Sim;2;0;1;0;1;0;1;2;-19,82840242;-44,08401489;SPRF-MG;DEL01-MG;UOP02-DEL01-MG
583545;26/02/2024;segunda-feira;20:50:00;SE;235;54;ITABAIANA;Ingestão de álcool pelo condutor;Queda de ocupante de veículo;Com Vítimas Feridas;Plena Noite;Decrescente;Ignorado;Simples;Reta;Não;1;0;1;0;0;0;1;1;-10,676047;-37,443279;SPRF-SE;DEL01-SE;UOP02-DEL01-SE
583546;26/02/2024;segunda-feira;20:15:00;PR;369;230;JANDAIA DO SUL;Pista esburacada;Tombamento;Com Vítimas Feridas;Plena Noite;Crescente;Céu Claro;Simples;"Declive;Reta";Não;1;0;1;0;0;0;1;1;-23,59475757;-51,6539104;SPRF-PR;DEL09-PR;UOP01-DEL09-PR
583547;26/02/2024;segunda-feira;16:25:00;SC;282;555,8;NOVA ITABERABA;Velocidade Incompatível;Saída de leito carroçável;Com Vítimas Feridas;Pleno dia;Crescente;Céu Claro;Simples;Reta;Não;2;0;1;0;1;0;1;1;-26,935896;-52,810684;SPRF-SC;DEL07-SC;UOP01-DEL07-SC
583548;26/02/2024;segunda-feira;21:30:00;CE;116;14,5;FORTALEZA;Manobra de mudança de faixa;Colisão lateral mesmo sentido;Com Vítimas Feridas;Plena Noite;Decrescente;Chuva;Múltipla;"Reta;Em Obras";Sim;2;0;1;0;1;0;1;2;-3,87381363;-38,4992373;SPRF-CE;DEL01-CE;UOP02-DEL01-CE
583550;26/02/2024;segunda-feira;21:00:00;SP;116;294;ITAPECERICA DA SERRA;Reação tardia ou ineficiente do condutor;Saída de leito carroçável;Sem Vítimas;Plena Noite;Crescente;Nublado;Dupla;Reta;Não;1;0;0;0;0;1;0;1;-23,76154691;-46,90483412;SPRF-SP;DEL04-SP;UOP01-DEL04-SP
583551;26/02/2024;segunda-feira;20:40:00;RJ;393;167,8;TRES RIOS;Reação tardia ou ineficiente do condutor;Saída de leito carroçável;Com Vítimas Feridas;Plena Noite;Decrescente;Nublado;Simples;Reta;Sim;1;0;1;0;0;0;1;1;-22,12236191;-43,13976623;SPRF-RJ;DEL05-RJ;UOP01-DEL05-RJ
583553;26/02/2024;segunda-feira;14:00:00;PR;476;278;SAO MATEUS DO SUL;Ausência de reação do condutor;Tombamento;Com Vítimas Feridas;Pleno dia;Decrescente;Céu Claro;Simples;Reta;Sim;2;0;0;1;0;1;1;2;-25,868753;-50,396477;SPRF-PR;DEL02-PR;UOP03-DEL02-PR
583554;26/02/2024;segunda-feira;22:15:00;PB;230;91;JOAO PESSOA;Ausência de reação do condutor;Colisão lateral mesmo sentido;Com Vítimas Feridas;Plena Noite;Decrescente;Garoa/Chuvisco;Dupla;Reta;Sim;2;0;1;0;0;1;1;2;-7,19098;-34,90389;SPRF-PB;DEL01-PB;UOP03-DEL01-PB
583557;26/02/2024;segunda-feira;21:50:00;PI;316;1,8;TERESINA;Pista esburacada;Queda de ocupante de veículo;Com Vítimas Feridas;Plena Noite;Decrescente;Chuva;Múltipla;Rotatória;Sim;1;0;1;0;0;0;1;1;-5,12861853;-42,80706778;SPRF-PI;DEL01-PI;UOP02-DEL01-PI
583558;26/02/2024;segunda-feira;18:36:00;BA;330;844;IPIAU;Condutor deixou de manter distância do veículo da frente;Colisão traseira;Com Vítimas Feridas;Anoitecer;Decrescente;Céu Claro;Simples;"Declive;Reta";Não;2;0;1;1;0;0;2;2;-14,153827;-39,697659;SPRF-BA;DEL03-BA;UOP01-DEL03-BA
583560;26/02/2024;segunda-feira;23:00:00;RN;101;95;NATAL;Acumulo de água sobre o pavimento;Capotamento;Com Vítimas Feridas;Plena Noite;Crescente;Chuva;Dupla;Declive;Sim;2;0;1;0;1;0;1;1;-5,84076841;-35,21035949;SPRF-RN;DEL01-RN;UOP01-DEL01-RN
583561;26/02/2024;segunda-feira;22:20:00;MG;116;524,7;CARATINGA;Acessar a via sem observar a presença dos outros veículos;Colisão transversal;Com Vítimas Feridas;Plena Noite;Decrescente;Nublado;Simples;"Interseção de Vias;Curva";Sim;3;0;1;0;2;0;1;3;-19,76027352;-42,13398823;SPRF-MG;DEL06-MG;UOP02-DEL06-MG
583563;27/02/2024;terça-feira;00:30:00;GO;414;434,9;ANAPOLIS;Reação tardia ou ineficiente do condutor;Colisão com objeto;Sem Vítimas;Plena Noite;Crescente;Céu Claro;Simples;"Declive;Curva";Não;1;0;0;0;0;1;0;1;-16,23713788;-48,93293623;SPRF-GO;DEL02-GO;UOP01-DEL02-GO
583564;26/02/2024;segunda-feira;22:10:00;PB;230;465,9;SOUSA;Animais na Pista;Atropelamento de Animal;Com Vítimas Feridas;Pleno dia;Decrescente;Nublado;Simples;"Declive;Reta";Não;1;0;1;0;0;0;1;1;-6,7791;-38,2438;SPRF-PB;DEL03-PB;UOP03-DEL03-PB
583566;27/02/2024;terça-feira;00:50:00;SC;282;4,5;SAO JOSE;Demais falhas mecânicas ou elétricas;Incêndio;Sem Vítimas;Plena Noite;Crescente;Nublado;Múltipla;"Declive;Reta";Sim;1;0;0;0;0;1;0;1;-27,592646;-48,604034;SPRF-SC;DEL01-SC;UOP01-DEL01-SC
583568;26/02/2024;segunda-feira;23:00:00;MT;70;514;VARZEA GRANDE;Acessar a via sem observar a presença dos outros veículos;Colisão transversal;Com Vítimas Feridas;Plena Noite;Decrescente;Céu Claro;Simples;Reta;Não;2;0;1;0;1;0;1;2;-15,70251311;-56,15450044;SPRF-MT;DEL01-MT;UOP02-DEL01-MT
583569;27/02/2024;terça-feira;01:00:00;PE;408;104,5;JABOATAO DOS GUARARAPES;Transtornos Mentais (exceto suicidio);Atropelamento de Pedestre;Com Vítimas Feridas;Plena Noite;Decrescente;Nublado;Dupla;Reta;Sim;2;0;1;0;1;0;1;2;-8,069493;-34,990896;SPRF-PE;DEL01-PE;UOP01-DEL01-PE
583571;26/02/2024;segunda-feira;21:20:00;SC;101;32;JOINVILLE;Pista Escorregadia;Saída de leito carroçável;Com Vítimas Feridas;Plena Noite;Crescente;Chuva;Dupla;Reta;Sim;1;0;1;0;0;0;1;1;-26,226987;-48,91657;SPRF-SC;DEL03-SC;UOP01-DEL03-SC
583572;27/02/2024;terça-feira;03:15:00;RS;116;270;PORTO ALEGRE;Ausência de reação do condutor;Colisão com objeto;Com Vítimas Feridas;Plena Noite;Crescente;Céu Claro;Múltipla;Reta;Não;1;0;1;0;0;0;1;1;-29,969055;-51,167439;SPRF-RS;DEL01-RS;UOP01-DEL01-RS
583574;27/02/2024;terça-feira;04:40:00;ES;101;288;CARIACICA;Ausência de reação do condutor;Tombamento;Com Vítimas Feridas;Amanhecer;Crescente;Céu Claro;Múltipla;Reta;Sim;1;0;0;1;0;0;1;1;-20,27160351;-40,39091743;SPRF-ES;DEL01-ES;UOP01-DEL01-ES
583575;27/02/2024;terça-feira;04:50:00;RJ;116;207;SEROPEDICA;Ausência de reação do condutor;Colisão com objeto;Com Vítimas Feridas;Amanhecer;Crescente;Céu Claro;Dupla;Reta;Não;2;0;1;0;0;1;1;2;-22,72454443;-43,66145706;SPRF-RJ;DEL06-RJ;UOP02-DEL06-RJ
583576;27/02/2024;terça-feira;04:30:00;ES;101;46;SAO MATEUS;Ausência de reação do condutor;Colisão traseira;Com Vítimas Feridas;Plena Noite;Decrescente;Nublado;Simples;Reta;Não;4;0;3;0;1;0;3;2;-18,55144093;-39,90284075;SPRF-ES;DEL04-ES;UOP02-DEL04-ES
583577;27/02/2024;terça-feira;05:10:00;RJ;40;109;DUQUE DE CAXIAS;Demais falhas mecânicas ou elétricas;Incêndio;Sem Vítimas;Amanhecer;Crescente;Céu Claro;Simples;Reta;Sim;1;0;0;0;1;0;0;1;-22,67374628;-43,28638368;SPRF-RJ;DEL01-RJ;UOP02-DEL01-RJ
583578;27/02/2024;terça-feira;06:30:00;MG;40;512,9;RIBEIRAO DAS NEVES;Condutor deixou de manter distância do veículo da frente;Colisão traseira;Com Vítimas Feridas;Pleno dia;Crescente;Céu Claro;Dupla;"Aclive;Reta";Sim;2;0;1;0;1;0;1;2;-19,78946999;-44,11290699;SPRF-MG;DEL01-MG;UOP02-DEL01-MG
583581;27/02/2024;terça-feira;06:30:00;SP;116;209;GUARULHOS;Manobra de mudança de faixa;Colisão lateral mesmo sentido;Com Vítimas Feridas;Pleno dia;Crescente;Céu Claro;Dupla;Reta;Sim;3;0;1;0;2;0;1;3;-23,42511799;-46,40221101;SPRF-SP;DEL01-SP;UOP01-DEL01-SP
583582;27/02/2024;terça-feira;06:25:00;PB;230;42,7;SANTA RITA;Condutor Dormindo;Colisão traseira;Com Vítimas Feridas;Amanhecer;Decrescente;Nublado;Simples;Reta;Não;2;0;0;1;1;0;1;2;-7,149214;-35,004395;SPRF-PB;DEL01-PB;UOP03-DEL01-PB
583583;27/02/2024;terça-feira;06:15:00;MG;40;511,6;RIBEIRAO DAS NEVES;Manobra de mudança de faixa;Colisão lateral mesmo sentido;Com Vítimas Feridas;Pleno dia;Crescente;Céu Claro;Dupla;"Curva;Retorno Regulamentado";Não;3;0;2;0;1;0;2;2;-19,78721866;-44,11451697;SPRF-MG;DEL01-MG;UOP02-DEL01-MG
583584;27/02/2024;terça-feira;06:30:00;PR;369;153;LONDRINA;Acessar a via sem observar a presença dos outros veículos;Colisão traseira;Com Vítimas Feridas;Pleno dia;Decrescente;Céu Claro;Dupla;Reta;Sim;2;0;1;0;1;0;1;2;-23,29774279;-51,19886398;SPRF-PR;DEL07-PR;UOP01-DEL07-PR
583586;27/02/2024;terça-feira;07:00:00;MG;381;487;BETIM;Ausência de reação do condutor;Engavetamento;Com Vítimas Feridas;Pleno dia;Decrescente;Céu Claro;Dupla;Reta;Sim;4;0;2;0;2;0;2;4;-19,95586853;-44,14609501;SPRF-MG;DEL01-MG;UOP03-DEL01-MG
583587;26/02/2024;segunda-feira;19:00:00;MG;50;193;UBERABA;Avarias e/ou desgaste excessivo no pneu;Queda de ocupante de veículo;Com Vítimas Feridas;Plena Noite;Crescente;Céu Claro;Dupla;Declive;Não;1;0;1;0;0;0;1;1;-19,87965993;-47,85365089;SPRF-MG;DEL13-MG;UOP01-DEL13-MG
583590;27/02/2024;terça-feira;04:30:00;RO;364;423,5;JARU;Iluminação deficiente;Queda de ocupante de veículo;Com Vítimas Feridas;Plena Noite;Crescente;Nublado;Simples;Reta;Sim;1;0;1;0;0;0;1;1;-10,45220802;-62,46072003;SPRF-RO;DEL03-RO;UOP02-DEL03-RO
583591;27/02/2024;terça-feira;07:15:00;PB;230;163;CAMPINA GRANDE;Condutor deixou de manter distância do veículo da frente;Colisão traseira;Com Vítimas Feridas;Pleno dia;Decrescente;Céu Claro;Simples;"Reta;Aclive";Não;2;0;0;1;1;0;1;2;-7,2198;-35,9443;SPRF-PB;DEL02-PB;UOP01-DEL02-PB
583592;27/02/2024;terça-feira;06:45:00;GO;153;517,6;HIDROLANDIA;Velocidade Incompatível;Saída de leito carroçável;Com Vítimas Fatais;Amanhecer;Crescente;Sol;Dupla;Reta;Sim;4;1;0;0;0;3;0;2;-16,8581;-49,2488;SPRF-GO;DEL01-GO;UOP03-DEL01-GO
583593;27/02/2024;terça-feira;07:00:00;MG;146;471;BOTELHOS;Acessar a via sem observar a presença dos outros veículos;Colisão lateral mesmo sentido;Com Vítimas Feridas;Pleno dia;Crescente;Céu Claro;Simples;Reta;Não;4;0;3;0;1;0;3;2;-21,74;-46,4;SPRF-MG;DEL09-MG;UOP01-DEL09-MG
583594;27/02/2024;terça-feira;06:20:00;RJ;116;184;NOVA IGUACU;Reação tardia ou ineficiente do condutor;Engavetamento;Com Vítimas Feridas;Amanhecer;Decrescente;Céu Claro;Dupla;Reta;Sim;4;0;1;0;3;0;1;4;-22,74647215;-43,44594311;SPRF-RJ;DEL06-RJ;UOP01-DEL06-RJ