id;data_inversa;dia_semana;horario;uf;br;km;municipio;causa_acidente;tipo_acidente;classificacao_acidente;fase_dia;sentido_via;condicao_metereologica;tipo_pista;tracado_via;uso_solo;pessoas;mortos;feridos_leves;feridos_graves;ilesos;ignorados;feridos;veiculos;latitude;longitude;regional;delegacia;uop
583595;27/02/2024;terça-feira;06:52:00;SC;470;154;AGRONOMICA;Velocidade Incompatível;Saída de leito carroçável;Com Vítimas Feridas;Pleno dia;Decrescente;Chuva;Simples;Curva;Não;1;0;1;0;0;0;1;1;-27,27448534;-49,74457026;SPRF-SC;DEL04-SC;UOP02-DEL04-SC
583596;27/02/2024;terça-feira;07:10:00;RS;290;88;PORTO ALEGRE;Reação tardia ou ineficiente do condutor;Tombamento;Com Vítimas Feridas;Pleno dia;Decrescente;Nublado;Múltipla;Reta;Não;1;0;1;0;0;0;1;1;-29,967531;-51,137264;SPRF-RS;DEL01-RS;UOP01-DEL01-RS
583597;27/02/2024;terça-feira;03:30:00;RS;290;335;SAO SEPE;Ausência de reação do condutor;Colisão com objeto;Com Vítimas Feridas;Plena Noite;Crescente;Nublado;Simples;Curva;Não;4;0;2;0;2;0;2;1;-30,37263105;-53,53942394;SPRF-RS;DEL09-RS;UOP02-DEL09-RS
583598;27/02/2024;terça-feira;07:25:00;MG;381;333;NOVA ERA;Velocidade Incompatível;Colisão transversal;Com Vítimas Feridas;Pleno dia;Decrescente;Céu Claro;Simples;Curva;Não;10;0;3;0;7;0;3;2;-19,78202955;-43,0436182;SPRF-MG;DEL03-MG;UOP01-DEL03-MG
583599;27/02/2024;terça-feira;07:20:00;SC;101;212,3;PALHOCA;Reação tardia ou ineficiente do condutor;Tombamento;Com Vítimas Feridas;Pleno dia;Decrescente;Chuva;Múltipla;Reta;Sim;1;0;1;0;0;0;1;1;-27,62996929;-48,65903871;SPRF-SC;DEL01-SC;UOP02-DEL01-SC
583601;26/02/2024;segunda-feira;22:00:00;RS;470;245;BARAO;Chuva;Saída de leito carroçável;Sem Vítimas;Plena Noite;Decrescente;Chuva;Simples;Reta;Sim;1;0;0;0;0;1;0;1;-29,378492;-51,496948;SPRF-RS;DEL06-RS;UOP01-DEL06-RS
583602;27/02/2024;terça-feira;07:50:00;ES;101;245,5;SERRA;Condutor Dormindo;Capotamento;Com Vítimas Feridas;Pleno dia;Decrescente;Sol;Dupla;"Declive;Reta";Não;1;0;1;0;0;0;1;1;-20,05454495;-40,38189997;SPRF-ES;DEL02-ES;UOP01-DEL02-ES
583605;27/02/2024;terça-feira;07:45:00;PE;104;63;CARUARU;Desrespeitar a preferência no cruzamento;Colisão transversal;Com Vítimas Feridas;Pleno dia;Decrescente;Céu Claro;Simples;"Viaduto;Interseção de Vias;Reta";Sim;2;0;1;0;1;0;1;2;-8,26712914;-35,97896934;SPRF-PE;DEL02-PE;UOP01-DEL02-PE
583606;27/02/2024;terça-feira;08:30:00;ES;101;213;IBIRACU;Ausência de reação do condutor;Colisão com objeto;Sem Vítimas;Pleno dia;Crescente;Céu Claro;Múltipla;"Retorno Regulamentado;Curva";Sim;1;0;0;0;1;0;0;1;-19,82352998;-40,36981894;SPRF-ES;DEL02-ES;UOP01-DEL02-ES
583607;27/02/2024;terça-feira;08:20:00;RJ;116;180;NOVA IGUACU;Reação tardia ou ineficiente do condutor;Colisão traseira;Com Vítimas Feridas;Pleno dia;Crescente;Céu Claro;Dupla;Reta;Sim;2;0;1;0;1;0;1;2;-22,7651616;-43,4154728;SPRF-RJ;DEL06-RJ;UOP01-DEL06-RJ
583609;27/02/2024;terça-feira;08:20:00;SP;116;206,8;GUARULHOS;Acumulo de areia ou detritos sobre o pavimento;Queda de ocupante de veículo;Com Vítimas Feridas;Pleno dia;Crescente;Céu Claro;Simples;Reta;Sim;1;0;0;1;0;0;1;1;-23,41722629;-46,37510292;SPRF-SP;DEL01-SP;UOP01-DEL01-SP
583610;27/02/2024;terça-feira;08:10:00;PI;316;10,9;TERESINA;Desrespeitar a preferência no cruzamento;Colisão transversal;Com Vítimas Feridas;Pleno dia;Crescente;Céu Claro;Múltipla;"Rotatória;Interseção de Vias";Sim;2;0;1;0;1;0;1;2;-5,1907415;-42,76139259;SPRF-PI;DEL01-PI;UOP02-DEL01-PI
583611;27/02/2024;terça-feira;07:30:00;SP;116;60,6;GUARATINGUETA;Ausência de reação do condutor;Saída de leito carroçável;Com Vítimas Feridas;Pleno dia;Decrescente;Céu Claro;Dupla;Aclive;Não;1;0;0;1;0;0;1;1;-22,79106843;-45,16105167;SPRF-SP;DEL08-SP;UOP01-DEL08-SP
583613;27/02/2024;terça-feira;08:00:00;RJ;493;20;MAGE;Acessar a via sem observar a presença dos outros veículos;Colisão transversal;Com Vítimas Feridas;Pleno dia;Decrescente;Céu Claro;Dupla;Reta;Sim;3;0;0;1;2;0;1;2;-22,66364;-43,036495;SPRF-RJ;DEL04-RJ;UOP02-DEL04-RJ
583616;27/02/2024;terça-feira;08:59:00;DF;40;4;BRASILIA;Trafegar com motocicleta (ou similar) entre as faixas;Colisão lateral mesmo sentido;Com Vítimas Feridas;Pleno dia;Decrescente;Céu Claro;Dupla;Reta;Sim;3;0;1;1;1;0;2;2;-16,012033;-47,982124;SPRF-DF;DEL01-DF;UOP01-DEL01-DF
583617;27/02/2024;terça-feira;08:15:00;MG;116;690,9;MURIAE;Animais na Pista;Atropelamento de Animal;Com Vítimas Feridas;Pleno dia;Crescente;Céu Claro;Simples;Aclive;Não;1;0;1;0;0;0;1;1;-21,01876307;-42,36118053;SPRF-MG;DEL07-MG;UOP02-DEL07-MG
583619;04/02/2024;domingo;02:00:00;SC;282;130,7;BOM RETIRO;Transitar na contramão;Colisão frontal;Com Vítimas Fatais;Plena Noite;Crescente;Céu Claro;Simples;"Reta;Aclive";Não;3;3;0;0;0;0;0;2;-27,8069846;-49,5106133;SPRF-SC;DEL05-SC;UOP01-DEL05-SC
583621;27/02/2024;terça-feira;07:40:00;MG;116;371,4;FREI INOCENCIO;Acessar a via sem observar a presença dos outros veículos;Colisão transversal;Com Vítimas Fatais;Pleno dia;Crescente;Sol;Simples;"Declive;Reta";Não;2;1;1;0;0;0;1;2;-18,5460679;-41,90227418;SPRF-MG;DEL11-MG;UOP01-DEL11-MG
583624;27/02/2024;terça-feira;09:10:00;ES;101;266,5;SERRA;Ausência de reação do condutor;Colisão traseira;Com Vítimas Feridas;Pleno dia;Decrescente;Sol;Múltipla;Reta;Não;2;0;1;0;1;0;1;2;-20,190199;-40,26828891;SPRF-ES;DEL02-ES;UOP01-DEL02-ES
583625;27/02/2024;terça-feira;08:00:00;MG;40;562,5;NOVA LIMA;Avarias e/ou desgaste excessivo no pneu;Queda de ocupante de veículo;Com Vítimas Feridas;Pleno dia;Decrescente;Céu Claro;Simples;"Reta;Aclive";Não;2;0;2;0;0;0;2;1;-20,14451602;-43,95966007;SPRF-MG;DEL01-MG;UOP02-DEL01-MG
583626;23/01/2024;terça-feira;17:45:00;RN;101;96;NATAL;Condutor deixou de manter distância do veículo da frente;Colisão lateral mesmo sentido;Com Vítimas Feridas;Anoitecer;Decrescente;Céu Claro;Dupla;Reta;Sim;3;0;1;1;1;0;2;3;-5,84949622;-35,20890752;SPRF-RN;DEL01-RN;UOP01-DEL01-RN
583628;27/02/2024;terça-feira;08:55:00;PI;343;307,6;ALTOS;Ausência de reação do condutor;Colisão lateral mesmo sentido;Com Vítimas Feridas;Pleno dia;Decrescente;Nublado;Simples;Reta;Sim;2;0;1;0;1;0;1;2;-5,039802;-42,459518;SPRF-PI;DEL01-PI;UOP01-DEL01-PI
583630;27/02/2024;terça-feira;10:00:00;RN;304;284;MACAIBA;Avarias e/ou desgaste excessivo no pneu;Tombamento;Com Vítimas Feridas;Pleno dia;Crescente;Chuva;Dupla;Reta;Não;2;0;1;1;0;0;2;1;-5,87912197;-35,45510001;SPRF-RN;DEL01-RN;UOP02-DEL01-RN
583631;11/02/2024;domingo;05:15:00;PR;158;533,9;PATO BRANCO;Transitar na contramão;Colisão frontal;Com Vítimas Feridas;Amanhecer;Decrescente;Céu Claro;Simples;Declive;Sim;3;0;2;0;1;0;2;2;-26,22139984;-52,68481851;SPRF-PR;DEL02-PR;UOP01-DEL02-PR
583632;27/02/2024;terça-feira;10:30:00;SC;101;189;BIGUACU;Reação tardia ou ineficiente do condutor;Colisão com objeto;Com Vítimas Feridas;Pleno dia;Decrescente;Garoa/Chuvisco;Dupla;Curva;Não;1;0;1;0;0;0;1;1;-27,459393;-48,638914;SPRF-SC;DEL01-SC;UOP01-DEL01-SC
583634;11/02/2024;domingo;23:20:00;MG;267;82;JUIZ DE FORA;Acessar a via sem observar a presença dos outros veículos;Colisão frontal;Com Vítimas Feridas;Plena Noite;Crescente;Nublado;Simples;Curva;Não;2;0;2;0;0;0;2;2;-21,74761511;-43,15058797;SPRF-MG;DEL05-MG;UOP01-DEL05-MG
583635;14/01/2024;domingo;04:45:00;MS;163;485;CAMPO GRANDE;Reação tardia ou ineficiente do condutor;Colisão traseira;Com Vítimas Feridas;Pleno dia;Crescente;Céu Claro;Simples;Reta;Não;2;0;1;0;0;1;1;2;-20,44233707;-54,54201834;SPRF-MS;DEL01-MS;UOP02-DEL01-MS
583637;27/02/2024;terça-feira;07:50:00;RO;364;340;JI-PARANA;Condutor desrespeitou a iluminação vermelha do semáforo;Colisão transversal;Com Vítimas Feridas;Pleno dia;Crescente;Céu Claro;Dupla;"Interseção de Vias;Reta";Sim;2;0;1;0;1;0;1;2;-10,898802;-61,93046;SPRF-RO;DEL02-RO;UOP01-DEL02-RO
583638;27/02/2024;terça-feira;10:15:00;SP;381;60,1;MAIRIPORA;Reação tardia ou ineficiente do condutor;Colisão traseira;Com Vítimas Feridas;Pleno dia;Decrescente;Sol;Dupla;"Curva;Aclive";Não;3;0;1;0;2;0;1;2;-23,28957673;-46,58729853;SPRF-SP;DEL03-SP;UOP01-DEL03-SP
583640;27/02/2024;terça-feira;09:00:00;SC;101;375,2;ICARA;Ausência de reação do condutor;Saída de leito carroçável;Sem Vítimas;Pleno dia;Decrescente;Chuva;Múltipla;Reta;Não;1;0;0;0;1;0;0;1;-28,72014713;-49,23508784;SPRF-SC;DEL02-SC;UOP01-DEL02-SC
583641;27/02/2024;terça-feira;10:40:00;BA;101;923;NOVA VICOSA;Acessar a via sem observar a presença dos outros veículos;Colisão transversal;Com Vítimas Fatais;Pleno dia;Crescente;Céu Claro;Simples;Reta;Não;4;1;1;1;1;0;2;2;-17,91146866;-39,82874578;SPRF-BA;DEL09-BA;UOP02-DEL09-BA
583642;27/02/2024;terça-feira;07:00:00;MG;40;113;JOAO PINHEIRO;Falta de elemento de contenção que evite a saída do leito carroçável;Saída de leito carroçável;Com Vítimas Feridas;Pleno dia;Crescente;Céu Claro;Simples;Reta;Não;1;0;1;0;0;0;1;1;-17,64543856;-46,42812681;SPRF-MG;DEL14-MG;UOP01-DEL14-MG
583643;27/02/2024;terça-feira;12:21:00;GO;40;5;VALPARAISO DE GOIAS;Acessar a via sem observar a presença dos outros veículos;Colisão transversal;Com Vítimas Feridas;Pleno dia;Crescente;Céu Claro;Dupla;Reta;Sim;2;0;0;1;1;0;1;2;-16,093134;-47,982236;SPRF-DF;DEL01-DF;UOP01-DEL01-DF
583644;27/02/2024;terça-feira;12:00:00;PR;369;185,1;ARAPONGAS;Condutor deixou de manter distância do veículo da frente;Colisão lateral mesmo sentido;Com Vítimas Feridas;Pleno dia;Decrescente;Céu Claro;Simples;Interseção de Vias;Sim;2;0;1;0;1;0;1;2;-23,407659;-51,428005;SPRF-PR;DEL07-PR;UOP03-DEL07-PR
583646;27/02/2024;terça-feira;11:40:00;SP;381;26;BRAGANCA PAULISTA;Ausência de reação do condutor;Colisão transversal;Com Vítimas Feridas;Pleno dia;Crescente;Céu Claro;Simples;"Declive;Retorno Regulamentado";Sim;2;0;0;1;1;0;1;2;-23,02679312;-46,53612988;SPRF-SP;DEL03-SP;UOP02-DEL03-SP
583647;27/02/2024;terça-feira;11:10:00;MA;316;263,1;SANTA INES;Reação tardia ou ineficiente do condutor;Colisão transversal;Com Vítimas Feridas;Pleno dia;Crescente;Céu Claro;Simples;Reta;Sim;2;0;1;0;1;0;1;2;-3,675226;-45,371643;SPRF-MA;DEL02-MA;UOP01-DEL02-MA
583651;27/02/2024;terça-feira;06:50:00;MT;158;678,9;NOVA XAVANTINA;Demais falhas mecânicas ou elétricas;Incêndio;Sem Vítimas;Pleno dia;Crescente;Céu Claro;Simples;Reta;Não;2;0;0;0;2;0;0;1;-14,87079792;-52,28852877;SPRF-MT;DEL07-MT;UOP01-DEL07-MT
583653;27/02/2024;terça-feira;12:30:00;PA;316;22;BENEVIDES;Acessar a via sem observar a presença dos outros veículos;Colisão transversal;Com Vítimas Feridas;Pleno dia;Crescente;Céu Claro;Dupla;Reta;Sim;4;0;1;1;2;0;2;3;-1,3534463;-48,2570266;SPRF-PA;DEL01-PA;UOP01-DEL01-PA
583654;27/02/2024;terça-feira;12:15:00;RS;153;394,3;CACHOEIRA DO SUL;Retorno proibido;Colisão transversal;Com Vítimas Feridas;Pleno dia;Decrescente;Céu Claro;Simples;Curva;Não;5;0;3;0;2;0;3;2;-29,9232127;-52,97120333;SPRF-RS;DEL02-RS;UOP03-DEL02-RS
583656;23/01/2024;terça-feira;05:20:00;BA;101;612;MASCOTE;Chuva;Colisão com objeto;Com Vítimas Feridas;Amanhecer;Crescente;Chuva;Simples;Curva;Não;4;0;4;0;0;0;4;1;-15,59089472;-39,42611672;SPRF-BA;DEL05-BA;UOP02-DEL05-BA
583657;27/02/2024;terça-feira;12:30:00;MG;381;453;BELO HORIZONTE;Ausência de reação do condutor;Colisão transversal;Com Vítimas Feridas;Pleno dia;Decrescente;Céu Claro;Simples;Reta;Sim;2;0;1;0;1;0;1;2;-19,85197588;-43,88851019;SPRF-MG;DEL01-MG;UOP01-DEL01-MG
583658;27/02/2024;terça-feira;13:10:00;AL;316;149;PALMEIRA DOS INDIOS;Acessar a via sem observar a presença dos outros veículos;Colisão transversal;Com Vítimas Feridas;Pleno dia;Crescente;Sol;Simples;Reta;Não;4;0;1;0;3;0;1;2;-9,41201539;-36,68062126;SPRF-AL;DEL03-AL;UOP01-DEL03-AL
583660;27/02/2024;terça-feira;13:03:00;PB;230;18,3;JOAO PESSOA;Pedestre andava na pista;Atropelamento de Pedestre;Com Vítimas Fatais;Pleno dia;Crescente;Céu Claro;Dupla;Reta;Não;4;1;0;0;3;0;0;4;-7,1198;-34,8453;SPRF-PB;DEL01-PB;UOP01-DEL01-PB
583662;27/02/2024;terça-feira;10:30:00;MG;381;482,6;BETIM;Ingestão de álcool pelo condutor;Colisão lateral mesmo sentido;Sem Vítimas;Pleno dia;Decrescente;Céu Claro;Dupla;Curva;Não;4;0;0;0;3;1;0;3;-19,955532;-44,097209;SPRF-MG;DEL01-MG;UOP03-DEL01-MG
583665;23/02/2024;sexta-feira;15:15:00;BA;116;16,2;VITORIA DA CONQUISTA;Retorno proibido;Colisão transversal;Com Vítimas Feridas;Pleno dia;Decrescente;Chuva;Simples;Reta;Não;3;0;1;0;1;1;1;3;-14,902499;-40,848686;SPRF-BA;DEL08-BA;UOP01-DEL08-BA
583669;27/02/2024;terça-feira;08:30:00;AM;174;1015;PRESIDENTE FIGUEIREDO;Reação tardia ou ineficiente do condutor;Saída de leito carroçável;Com Vítimas Feridas;Pleno dia;Decrescente;Nublado;Simples;"Curva;Declive";Não;4;0;3;0;0;1;3;2;-1,85459896;-60,09840096;SPRF-AM;DEL01-AM;UOP02-DEL01-AM
583670;27/02/2024;terça-feira;14:40:00;PR;277;3,5;PARANAGUA;Condutor deixou de manter distância do veículo da frente;Colisão traseira;Com Vítimas Feridas;Pleno dia;Crescente;Céu Claro;Dupla;Reta;Sim;2;0;1;0;1;0;1;2;-25,5205;-48,5095;SPRF-PR;DEL01-PR;UOP05-DEL01-PR
583671;04/02/2024;domingo;09:25:00;PA;316;80;SAO FRANCISCO DO PARA;Ausência de reação do condutor;Colisão traseira;Com Vítimas Fatais;Pleno dia;Decrescente;Céu Claro;Simples;Reta;Não;3;1;1;0;0;1;1;3;-1,304611;-47,776382;SPRF-PA;DEL01-PA;UOP02-DEL01-PA
583672;27/02/2024;terça-feira;14:45:00;TO;153;499,7;PARAISO DO TOCANTINS;Problema com o freio;Colisão traseira;Sem Vítimas;Pleno dia;Decrescente;Nublado;Simples;"Declive;Reta";Sim;2;0;0;0;2;0;0;2;-10,195273;-48,877344;SPRF-TO;DEL01-TO;UOP01-DEL01-TO
583673;27/02/2024;terça-feira;11:20:00;MT;70;79;CACERES;Condutor deixou de manter distância do veículo da frente;Colisão traseira;Com Vítimas Feridas;Pleno dia;Decrescente;Céu Claro;Simples;Reta;Não;2;0;2;0;0;0;2;1;-15,99235484;-57,75272369;SPRF-MT;DEL07-MT;UOP01-DEL07-MT
583674;27/02/2024;terça-feira;14:20:00;PR;369;493,9;CASCAVEL;Ultrapassagem Indevida;Colisão transversal;Com Vítimas Fatais;Pleno dia;Decrescente;Sol;Simples;"Reta;Interseção de Vias";Não;4;1;0;1;1;1;1;3;-24,86279181;-53,33671859;SPRF-PR;DEL04-PR;UOP03-DEL04-PR
583675;27/02/2024;terça-feira;14:40:00;MA;135;13;SAO LUIS;Reação tardia ou ineficiente do condutor;Colisão traseira;Sem Vítimas;Pleno dia;Decrescente;Chuva;Dupla;"Reta;Aclive";Sim;2;0;0;0;2;0;0;2;-2,68053538;-44,29512283;SPRF-MA;DEL01-MA;UOP01-DEL01-MA
583676;27/02/2024;terça-feira;12:10:00;PR;163;7,8;BARRACAO;Desrespeitar a preferência no cruzamento;Colisão transversal;Com Vítimas Feridas;Pleno dia;Decrescente;Sol;Simples;Interseção de Vias;Sim;2;0;1;0;1;0;1;2;-26,257735;-53,618448;SPRF-PR;DEL02-PR;UOP02-DEL02-PR
583678;27/02/2024;terça-feira;14:21:00;MS;163;471;CAMPO GRANDE;Transitar no Acostamento;Colisão traseira;Com Vítimas Feridas;Pleno dia;Decrescente;Nublado;Simples;"Aclive;Reta";Não;2;0;1;0;1;0;1;2;-20,55130516;-54,5571612;SPRF-MS;DEL01-MS;UOP01-DEL01-MS
583681;27/02/2024;terça-feira;15:20:00;PE;428;186;PETROLINA;Acessar a via sem observar a presença dos outros veículos;Colisão transversal;Com Vítimas Feridas;Pleno dia;Crescente;Nublado;Simples;Interseção de Vias;Sim;2;0;1;0;1;0;1;2;-9,34807826;-40,47441248;SPRF-PE;DEL06-PE;UOP01-DEL06-PE
583682;22/01/2024;segunda-feira;17:34:00;RR;174;428;MUCAJAI;Condutor Dormindo;Saída de leito carroçável;Com Vítimas Feridas;Anoitecer;Decrescente;Céu Claro;Simples;Reta;Não;1;0;1;0;0;0;1;1;2,288826;-60,948849;SPRF-RR;DEL01-RR;UOP01-DEL01-RR
583683;27/02/2024;terça-feira;11:20:00;MG;381;479,8;CONTAGEM;Manobra de mudança de faixa;Colisão lateral mesmo sentido;Com Vítimas Feridas;Pleno dia;Crescente;Sol;Dupla;Reta;Não;3;0;1;0;2;0;1;3;-19,96152448;-44,05085206;SPRF-MG;DEL01-MG;UOP03-DEL01-MG
583685;27/02/2024;terça-feira;15:55:00;PB;230;16,8;JOAO PESSOA;Trafegar com motocicleta (ou similar) entre as faixas;Colisão traseira;Com Vítimas Feridas;Pleno dia;Crescente;Nublado;Dupla;"Reta;Declive";Sim;2;0;1;0;1;0;1;2;-7,1039;-34,8458;SPRF-PB;DEL01-PB;UOP01-DEL01-PB
583688;27/02/2024;terça-feira;16:10:00;GO;40;1,8;VALPARAISO DE GOIAS;Condutor deixou de manter distância do veículo da frente;Colisão traseira;Com Vítimas Feridas;Pleno dia;Decrescente;Sol;Dupla;Reta;Sim;2;0;1;0;1;0;1;2;-16,058245;-47,982825;SPRF-DF;DEL01-DF;UOP01-DEL01-DF
583689;27/02/2024;terça-feira;15:15:00;RJ;465;1;SEROPEDICA;Acessar a via sem observar a presença dos outros veículos;Colisão transversal;Com Vítimas Feridas;Pleno dia;Crescente;Sol;Simples;Reta;Sim;2;0;1;0;1;0;1;2;-22,719835;-43,725739;SPRF-RJ;DEL06-RJ;UOP02-DEL06-RJ
583690;27/02/2024;terça-feira;16:20:00;RS;392;36,1;RIO GRANDE;Problema na suspensão;Saída de leito carroçável;Com Vítimas Feridas;Pleno dia;Crescente;Nublado;Dupla;Reta;Não;3;0;2;0;1;0;2;1;-31,99762093;-52,28884683;SPRF-RS;DEL07-RS;UOP02-DEL07-RS
583691;27/02/2024;terça-feira;14:05:00;SP;116;421;JUQUIA;Reação tardia ou ineficiente do condutor;Atropelamento de Pedestre;Com Vítimas Feridas;Pleno dia;Crescente;Céu Claro;Dupla;Reta;Sim;2;0;1;0;1;0;1;2;-24,35801488;-47,68588212;SPRF-SP;DEL05-SP;UOP01-DEL05-SP
583692;27/02/2024;terça-feira;16:20:00;DF;20;9,6;BRASILIA;Pedestre cruzava a pista fora da faixa;Atropelamento de Pedestre;Com Vítimas Feridas;Pleno dia;Crescente;Sol;Dupla;Reta;Sim;4;0;0;1;3;0;1;2;-15,654671;-47,782917;SPRF-DF;DEL02-DF;UOP01-DEL02-DF
583694;27/02/2024;terça-feira;17:10:00;SP;153;63,5;SAO JOSE DO RIO PRETO;Manobra de mudança de faixa;Colisão lateral mesmo sentido;Com Vítimas Feridas;Pleno dia;Crescente;Céu Claro;Dupla;Reta;Sim;2;0;1;0;1;0;1;2;-20,82149698;-49,35764818;SPRF-SP;DEL09-SP;UOP01-DEL09-SP
583695;27/02/2024;terça-feira;17:00:00;BA;116;410,9;FEIRA DE SANTANA;Acessar a via sem observar a presença dos outros veículos;Colisão transversal;Com Vítimas Feridas;Pleno dia;Decrescente;Sol;Dupla;"Retorno Regulamentado;Reta";Não;2;0;1;0;1;0;1;2;-12,12979564;-38,96807671;SPRF-BA;DEL02-BA;UOP01-DEL02-BA
583696;27/02/2024;terça-feira;16:15:00;RS;285;128,8;VACARIA;Reação tardia ou ineficiente do condutor;Saída de leito carroçável;Sem Vítimas;Pleno dia;Crescente;Chuva;Simples;Reta;Não;1;0;0;0;1;0;0;1;-28,403036;-51,04961;SPRF-RS;DEL05-RS;UOP03-DEL05-RS
583698;27/02/2024;terça-feira;15:30:00;RJ;116;188;NOVA IGUACU;Manobra de mudança de faixa;Colisão lateral mesmo sentido;Com Vítimas Feridas;Pleno dia;Crescente;Céu Claro;Dupla;Reta;Sim;4;0;1;0;3;0;1;2;-22,7380709;-43,48213999;SPRF-RJ;DEL06-RJ;UOP01-DEL06-RJ
583699;27/02/2024;terça-feira;16:15:00;SC;101;141;ITAPEMA;Reação tardia ou ineficiente do condutor;Tombamento;Com Vítimas Feridas;Pleno dia;Crescente;Sol;Dupla;"Declive;Curva";Não;1;0;1;0;0;0;1;1;-27,04761729;-48,59995855;SPRF-SC;DEL04-SC;UOP03-DEL04-SC
583700;27/02/2024;terça-feira;17:55:00;SC;101;116,9;ITAJAI;Ausência de reação do condutor;Tombamento;Com Vítimas Feridas;Pleno dia;Crescente;Nublado;Dupla;Reta;Não;1;0;0;1;0;0;1;1;-26,87905605;-48,72603512;SPRF-SC;DEL04-SC;UOP04-DEL04-SC
583702;27/02/2024;terça-feira;17:00:00;RJ;116;171;RIO DE JANEIRO;Condutor deixou de manter distância do veículo da frente;Colisão traseira;Com Vítimas Feridas;Pleno dia;Crescente;Céu Claro;Múltipla;Reta;Sim;2;0;1;0;1;0;1;2;-22,8060415;-43,34289573;SPRF-RJ;DEL06-RJ;UOP01-DEL06-RJ
583703;27/02/2024;terça-feira;18:10:00;GO;153;500;GOIANIA;Manobra de mudança de faixa;Colisão lateral mesmo sentido;Com Vítimas Feridas;Pleno dia;Crescente;Céu Claro;Dupla;Reta;Sim;2;0;1;0;1;0;1;2;-16,7118;-49,2324;SPRF-GO;DEL01-GO;UOP01-DEL01-GO
583704;27/02/2024;terça-feira;17:45:00;PE;101;78;RECIFE;Trafegar com motocicleta (ou similar) entre as faixas;Queda de ocupante de veículo;Com Vítimas Feridas;Anoitecer;Decrescente;Céu Claro;Dupla;Reta;Não;2;0;2;0;0;0;2;1;-8,13496499;-34,94738614;SPRF-PE;DEL01-PE;UOP01-DEL01-PE
583705;27/02/2024;terça-feira;17:40:00;PR;376;217;JANDAIA DO SUL;Pedestre cruzava a pista fora da faixa;Atropelamento de Pedestre;Com Vítimas Feridas;Pleno dia;Crescente;Céu Claro;Simples;"Aclive;Reta";Sim;2;0;2;0;0;0;2;2;-23,5978436;-51,62416462;SPRF-PR;DEL09-PR;UOP01-DEL09-PR
583706;27/02/2024;terça-feira;16:40:00;MS;262;539,2;MIRANDA;Reação tardia ou ineficiente do condutor;Colisão com objeto;Com Vítimas Feridas;Pleno dia;Decrescente;Chuva;Simples;Curva;Não;1;0;1;0;0;0;1;1;-20,32020041;-56,22051707;SPRF-MS;DEL03-MS;UOP02-DEL03-MS
583707;27/02/2024;terça-feira;18:10:00;PR;116;99,2;SAO JOSE DOS PINHAIS;Trafegar com motocicleta (ou similar) entre as faixas;Colisão lateral mesmo sentido;Com Vítimas Feridas;Anoitecer;Crescente;Nublado;Dupla;Curva;Sim;3;0;1;0;0;2;1;3;-25,56180384;-49,15272743;SPRF-PR;DEL01-PR;UOP07-DEL01-PR
583708;27/02/2024;terça-feira;18:05:00;RJ;116;287;BARRA MANSA;Demais falhas mecânicas ou elétricas;Colisão traseira;Com Vítimas Feridas;Pleno dia;Crescente;Céu Claro;Dupla;Reta;Não;2;0;1;0;1;0;1;2;-22,49295305;-44,24252706;SPRF-RJ;DEL07-RJ;UOP02-DEL07-RJ
583709;27/02/2024;terça-feira;17:00:00;SC;101;264;PAULO LOPES;Ausência de reação do condutor;Colisão com objeto;Com Vítimas Feridas;Pleno dia;Decrescente;Sol;Dupla;Reta;Não;3;0;1;1;1;0;2;2;-28,05149404;-48,71632789;SPRF-SC;DEL02-SC;UOP03-DEL02-SC
583711;27/02/2024;terça-feira;17:30:00;PR;369;149;LONDRINA;Condutor deixou de manter distância do veículo da frente;Colisão traseira;Com Vítimas Feridas;Pleno dia;Crescente;Nublado;Dupla;"Declive;Reta";Sim;2;0;0;1;1;0;1;2;-23,29283247;-51,14785373;SPRF-PR;DEL07-PR;UOP01-DEL07-PR
583712;27/02/2024;terça-feira;18:20:00;RJ;101;481,5;ANGRA DOS REIS;Transitar na contramão;Colisão lateral sentido oposto;Com Vítimas Feridas;Plena Noite;Crescente;Nublado;Simples;Curva;Não;4;0;2;2;0;0;4;2;-22,999526;-44,300644;SPRF-RJ;DEL03-RJ;UOP03-DEL03-RJ
583713;27/02/2024;terça-feira;18:00:00;MG;116;275,7;TEOFILO OTONI;Velocidade Incompatível;Atropelamento de Pedestre;Com Vítimas Feridas;Anoitecer;Decrescente;Nublado;Simples;Reta;Sim;3;0;2;1;0;0;3;2;-17,84235093;-41,51410418;SPRF-MG;DEL11-MG;UOP01-DEL11-MG
583714;27/02/2024;terça-feira;18:15:00;PR;369;178,8;ARAPONGAS;Demais falhas mecânicas ou elétricas;Queda de ocupante de veículo;Com Vítimas Feridas;Anoitecer;Decrescente;Céu Claro;Dupla;Desvio Temporário;Não;1;0;1;0;0;0;1;1;-23,36160946;-51,399647;SPRF-PR;DEL07-PR;UOP01-DEL07-PR