id;data_inversa;dia_semana;horario;uf;br;km;municipio;causa_acidente;tipo_acidente;classificacao_acidente;fase_dia;sentido_via;condicao_metereologica;tipo_pista;tracado_via;uso_solo;pessoas;mortos;feridos_leves;feridos_graves;ilesos;ignorados;feridos;veiculos;latitude;longitude;regional;delegacia;uop
583715;27/02/2024;terça-feira;12:30:00;GO;452;65;MAURILANDIA;Acessar a via sem observar a presença dos outros veículos;Colisão transversal;Com Vítimas Feridas;Pleno dia;Crescente;Céu Claro;Simples;"Retorno Regulamentado;Interseção de Vias";Não;2;0;1;0;1;0;1;2;-18,0159994;-50,34680974;SPRF-GO;DEL04-GO;UOP01-DEL04-GO
583720;27/02/2024;terça-feira;19:20:00;ES;101;79;SAO MATEUS;Reação tardia ou ineficiente do condutor;Colisão com objeto;Com Vítimas Feridas;Plena Noite;Crescente;Nublado;Simples;"Ponte;Reta";Não;4;0;1;1;2;0;2;2;-18,81417602;-39,90121797;SPRF-ES;DEL04-ES;UOP02-DEL04-ES
583721;27/02/2024;terça-feira;17:30:00;SC;101;207,3;SAO JOSE;Chuva;Tombamento;Com Vítimas Feridas;Anoitecer;Crescente;Chuva;Múltipla;Reta;Não;1;0;1;0;0;0;1;1;-27,60001226;-48,6226467;SPRF-SC;DEL01-SC;UOP01-DEL01-SC
583724;27/02/2024;terça-feira;19:30:00;MG;365;605;UBERLANDIA;Ausência de reação do condutor;Queda de ocupante de veículo;Com Vítimas Feridas;Plena Noite;Crescente;Céu Claro;Simples;"Reta;Aclive";Não;1;0;1;0;0;0;1;1;-18,91046419;-48,17036078;SPRF-MG;DEL15-MG;UOP01-DEL15-MG
583726;27/02/2024;terça-feira;19:45:00;SP;116;108;TAUBATE;Pedestre cruzava a pista fora da faixa;Colisão com objeto;Com Vítimas Feridas;Pleno dia;Crescente;Nublado;Dupla;Reta;Sim;2;0;1;0;0;1;1;2;-23,0233097;-45,53763622;SPRF-SP;DEL02-SP;UOP02-DEL02-SP
583727;27/02/2024;terça-feira;15:15:00;MG;40;702,2;BARBACENA;Condutor deixou de manter distância do veículo da frente;Colisão traseira;Com Vítimas Feridas;Pleno dia;Crescente;Sol;Dupla;"Curva;Declive";Não;2;0;1;0;1;0;1;2;-21,19178602;-43,75167711;SPRF-MG;DEL05-MG;UOP02-DEL05-MG
583728;27/02/2024;terça-feira;20:25:00;RS;116;517;PELOTAS;Ingestão de álcool pelo condutor;Saída de leito carroçável;Sem Vítimas;Plena Noite;Decrescente;Céu Claro;Dupla;Reta;Sim;1;0;0;0;1;0;0;1;-31,67908686;-52,34256731;SPRF-RS;DEL07-RS;UOP01-DEL07-RS
583729;27/02/2024;terça-feira;19:00:00;PA;230;750;MEDICILANDIA;Transitar na contramão;Colisão frontal;Com Vítimas Fatais;Plena Noite;Crescente;Céu Claro;Simples;Reta;Sim;2;1;0;0;0;1;0;2;-3,46293657;-52,93686568;SPRF-PA;DEL04-PA;UOP01-DEL04-PA
583730;27/02/2024;terça-feira;19:40:00;MG;381;676,5;PERDOES;Desrespeitar a preferência no cruzamento;Colisão transversal;Com Vítimas Feridas;Plena Noite;Decrescente;Ignorado;Simples;"Interseção de Vias;Declive";Sim;2;0;1;0;1;0;1;2;-21,12375684;-45,09790729;SPRF-MG;DEL04-MG;UOP02-DEL04-MG
583731;27/02/2024;terça-feira;20:00:00;PI;343;306;ALTOS;Condutor deixou de manter distância do veículo da frente;Colisão lateral mesmo sentido;Sem Vítimas;Plena Noite;Decrescente;Céu Claro;Simples;Reta;Sim;2;0;0;0;2;0;0;2;-5,038756;-42,450893;SPRF-PI;DEL01-PI;UOP01-DEL01-PI
583732;27/02/2024;terça-feira;19:30:00;DF;20;18;BRASILIA;Manobra de mudança de faixa;Colisão lateral mesmo sentido;Com Vítimas Feridas;Plena Noite;Crescente;Céu Claro;Dupla;Declive;Sim;4;0;1;0;2;1;1;3;-15,616901;-47,708927;SPRF-DF;DEL02-DF;UOP01-DEL02-DF
583733;27/02/2024;terça-feira;20:00:00;SC;101;104,5;PENHA;Conversão proibida;Colisão com objeto;Com Vítimas Feridas;Plena Noite;Crescente;Nublado;Dupla;"Viaduto;Reta";Sim;3;0;0;3;0;0;3;1;-26,79281742;-48,68080819;SPRF-SC;DEL03-SC;UOP02-DEL03-SC
583734;27/02/2024;terça-feira;20:55:00;MG;40;552;NOVA LIMA;Demais falhas mecânicas ou elétricas;Tombamento;Com Vítimas Feridas;Plena Noite;Decrescente;Nublado;Dupla;Reta;Sim;2;0;2;0;0;0;2;1;-20,06084086;-43,97716423;SPRF-MG;DEL01-MG;UOP02-DEL01-MG
583736;27/02/2024;terça-feira;20:10:00;SP;116;282;EMBU DAS ARTES;Demais falhas mecânicas ou elétricas;Colisão com objeto;Com Vítimas Feridas;Plena Noite;Crescente;Céu Claro;Dupla;Reta;Não;1;0;1;0;0;0;1;1;-23,68570216;-46,85970975;SPRF-SP;DEL04-SP;UOP01-DEL04-SP
583737;13/02/2024;terça-feira;09:40:00;PE;101;31,6;ITAPISSUMA;Entrada inopinada do pedestre;Tombamento;Com Vítimas Feridas;Pleno dia;Crescente;Céu Claro;Dupla;Curva;Sim;1;0;0;1;0;0;1;1;-7,74443874;-34,93872764;SPRF-PE;DEL01-PE;UOP02-DEL01-PE
583738;27/02/2024;terça-feira;17:50:00;SC;101;381,7;ICARA;Demais falhas mecânicas ou elétricas;Saída de leito carroçável;Com Vítimas Feridas;Pleno dia;Decrescente;Nublado;Dupla;Reta;Não;2;0;1;1;0;0;2;1;-28,766633;-49,297711;SPRF-SC;DEL02-SC;UOP02-DEL02-SC
583739;27/02/2024;terça-feira;21:50:00;SP;116;221;GUARULHOS;Trafegar com motocicleta (ou similar) entre as faixas;Colisão lateral mesmo sentido;Com Vítimas Feridas;Plena Noite;Crescente;Céu Claro;Múltipla;Reta;Não;2;0;1;0;1;0;1;2;-23,46802395;-46,50704901;SPRF-SP;DEL01-SP;UOP01-DEL01-SP
583741;27/02/2024;terça-feira;17:50:00;MS;163;485;CAMPO GRANDE;Ausência de reação do condutor;Tombamento;Com Vítimas Feridas;Plena Noite;Crescente;Céu Claro;Simples;Reta;Sim;1;0;0;1;0;0;1;1;-20,44233707;-54,54201834;SPRF-MS;DEL01-MS;UOP02-DEL01-MS
583742;27/02/2024;terça-feira;22:15:00;ES;101;66,5;SAO MATEUS;Ausência de reação do condutor;Atropelamento de Pedestre;Com Vítimas Feridas;Plena Noite;Crescente;Céu Claro;Simples;"Interseção de Vias;Reta";Sim;2;0;1;0;1;0;1;2;-18,7165195;-39,87436378;SPRF-ES;DEL04-ES;UOP02-DEL04-ES
583744;27/02/2024;terça-feira;19:00:00;PR;277;365;GUARAPUAVA;Reação tardia ou ineficiente do condutor;Saída de leito carroçável;Com Vítimas Feridas;Plena Noite;Crescente;Nublado;Simples;Reta;Não;1;0;1;0;0;0;1;1;-25,43002721;-51,65736437;SPRF-PR;DEL08-PR;UOP01-DEL08-PR
583745;27/02/2024;terça-feira;21:09:00;RR;401;20;CANTA;Avarias e/ou desgaste excessivo no pneu;Tombamento;Com Vítimas Feridas;Plena Noite;Crescente;Céu Claro;Dupla;Reta;Sim;2;0;1;1;0;0;2;1;2,799441;-60,631646;SPRF-RR;DEL01-RR;UOP01-DEL01-RR
583749;27/02/2024;terça-feira;20:00:00;PB;230;114,2;INGA;Ingestão de álcool pelo condutor;Colisão com objeto;Com Vítimas Feridas;Plena Noite;Crescente;Céu Claro;Dupla;Reta;Não;1;0;0;1;0;0;1;1;-7,2215;-35,5969;SPRF-PB;DEL01-PB;UOP03-DEL01-PB
583752;27/02/2024;terça-feira;22:40:00;RJ;393;133;SAPUCAIA;Reação tardia ou ineficiente do condutor;Colisão traseira;Com Vítimas Feridas;Plena Noite;Crescente;Céu Claro;Simples;Reta;Sim;2;0;0;2;0;0;2;2;-21,98473799;-42,89796901;SPRF-RJ;DEL05-RJ;UOP01-DEL05-RJ
583754;27/02/2024;terça-feira;19:45:00;RJ;40;104;DUQUE DE CAXIAS;Acessar a via sem observar a presença dos outros veículos;Colisão transversal;Com Vítimas Feridas;Plena Noite;Decrescente;Céu Claro;Múltipla;"Interseção de Vias;Declive";Sim;3;0;1;0;2;0;1;3;-22,62897902;-43,28579508;SPRF-RJ;DEL01-RJ;UOP02-DEL01-RJ
583757;28/02/2024;quarta-feira;00:45:00;PR;116;125;FAZENDA RIO GRANDE;Condutor Dormindo;Colisão com objeto;Com Vítimas Feridas;Plena Noite;Decrescente;Nublado;Dupla;Reta;Sim;2;0;0;1;1;0;1;1;-25,59505309;-49,31630659;SPRF-PR;DEL01-PR;UOP03-DEL01-PR
583758;28/02/2024;quarta-feira;00:50:00;PR;376;474;PONTA GROSSA;Reação tardia ou ineficiente do condutor;Saída de leito carroçável;Com Vítimas Feridas;Plena Noite;Crescente;Nevoeiro/Neblina;Dupla;"Declive;Interseção de Vias;Reta";Não;1;0;1;0;0;0;1;1;-25,03527832;-50,30138778;SPRF-PR;DEL03-PR;UOP01-DEL03-PR
583759;28/02/2024;quarta-feira;02:15:00;DF;20;13;BRASILIA;Velocidade Incompatível;Colisão traseira;Com Vítimas Feridas;Plena Noite;Crescente;Céu Claro;Dupla;Reta;Sim;2;0;0;1;0;1;1;2;-15,638752;-47,749599;SPRF-DF;DEL02-DF;UOP01-DEL02-DF
583760;28/02/2024;quarta-feira;01:30:00;GO;70;17;AGUAS LINDAS DE GOIAS;Reação tardia ou ineficiente do condutor;Saída de leito carroçável;Sem Vítimas;Plena Noite;Decrescente;Céu Claro;Dupla;"Reta;Ponte";Não;1;0;0;0;0;1;0;1;-15,75060673;-48,34984959;SPRF-DF;DEL03-DF;UOP02-DEL03-DF
583761;28/02/2024;quarta-feira;03:00:00;PR;277;97,8;CURITIBA;Ausência de reação do condutor;Saída de leito carroçável;Com Vítimas Feridas;Plena Noite;Decrescente;Céu Claro;Dupla;Reta;Sim;2;0;1;0;1;0;1;1;-25,43036341;-49,34739947;SPRF-PR;DEL01-PR;UOP06-DEL01-PR
583762;28/02/2024;quarta-feira;03:10:00;RS;116;263;CANOAS;Ausência de reação do condutor;Colisão com objeto;Sem Vítimas;Plena Noite;Decrescente;Céu Claro;Dupla;Reta;Sim;1;0;0;0;1;0;0;1;-29,90545398;-51,17674031;SPRF-RS;DEL01-RS;UOP01-DEL01-RS
583763;28/02/2024;quarta-feira;03:15:00;SP;116;520;CAJATI;Reação tardia ou ineficiente do condutor;Saída de leito carroçável;Com Vítimas Feridas;Plena Noite;Crescente;Nublado;Dupla;Curva;Não;1;0;1;0;0;0;1;1;-24,89364369;-48,24164206;SPRF-SP;DEL05-SP;UOP02-DEL05-SP
583767;28/02/2024;quarta-feira;05:15:00;MG;262;12,6;MARTINS SOARES;Reação tardia ou ineficiente do condutor;Colisão traseira;Com Vítimas Feridas;Amanhecer;Crescente;Céu Claro;Simples;Reta;Não;2;0;0;1;1;0;1;2;-20,25771509;-41,86161294;SPRF-MG;DEL06-MG;UOP03-DEL06-MG
583768;28/02/2024;quarta-feira;05:39:00;DF;40;0;BRASILIA;Reação tardia ou ineficiente do condutor;Engavetamento;Com Vítimas Feridas;Pleno dia;Decrescente;Céu Claro;Dupla;Reta;Sim;9;0;1;0;8;0;1;8;-15,976897;-47,990129;SPRF-DF;DEL01-DF;UOP01-DEL01-DF
583770;28/02/2024;quarta-feira;06:25:00;MG;40;510;RIBEIRAO DAS NEVES;Condutor deixou de manter distância do veículo da frente;Colisão traseira;Com Vítimas Feridas;Pleno dia;Crescente;Céu Claro;Dupla;Reta;Sim;3;0;0;1;2;0;1;3;-19,77626838;-44,12207723;SPRF-MG;DEL01-MG;UOP02-DEL01-MG
583773;28/02/2024;quarta-feira;05:30:00;PR;476;196,9;LAPA;Ausência de reação do condutor;Colisão frontal;Com Vítimas Feridas;Amanhecer;Crescente;Nublado;Simples;Reta;Sim;3;0;2;0;0;1;2;3;-25,75882884;-49,73199069;SPRF-PR;DEL01-PR;UOP06-DEL01-PR
583775;28/02/2024;quarta-feira;05:40:00;MG;40;524;CONTAGEM;Manobra de mudança de faixa;Tombamento;Com Vítimas Feridas;Amanhecer;Crescente;Céu Claro;Dupla;Reta;Sim;1;0;1;0;0;0;1;1;-19,8754469;-44,05345586;SPRF-MG;DEL01-MG;UOP02-DEL01-MG
583778;06/01/2024;sábado;21:33:00;RN;405;175,2;JOSE DA PENHA;Iluminação deficiente;Atropelamento de Pedestre;Com Vítimas Fatais;Plena Noite;Crescente;Céu Claro;Simples;Reta;Não;2;1;0;0;1;0;0;2;-6,3086345;-38,282516;SPRF-RN;DEL04-RN;UOP02-DEL04-RN
583779;27/02/2024;terça-feira;09:45:00;SP;101;49;UBATUBA;Reação tardia ou ineficiente do condutor;Colisão transversal;Com Vítimas Feridas;Pleno dia;Crescente;Céu Claro;Simples;Reta;Sim;2;0;1;0;0;1;1;2;-23,44410908;-45,08375708;SPRF-SP;DEL06-SP;UOP01-DEL06-SP
583781;28/02/2024;quarta-feira;07:30:00;RS;153;50,7;ERECHIM;Ultrapassagem Indevida;Colisão transversal;Com Vítimas Feridas;Pleno dia;Crescente;Garoa/Chuvisco;Simples;Rotatória;Não;2;0;0;1;1;0;1;2;-27,65623359;-52,27554709;SPRF-RS;DEL08-RS;UOP04-DEL08-RS
583782;28/02/2024;quarta-feira;06:30:00;MG;381;166,5;GOVERNADOR VALADARES;Animais na Pista;Atropelamento de Animal;Com Vítimas Feridas;Pleno dia;Decrescente;Céu Claro;Simples;Reta;Não;2;0;0;2;0;0;2;1;-18,92677621;-42,0385053;SPRF-MG;DEL06-MG;UOP01-DEL06-MG
583783;28/02/2024;quarta-feira;07:30:00;ES;101;285;CARIACICA;Ausência de reação do condutor;Colisão traseira;Com Vítimas Feridas;Pleno dia;Crescente;Céu Claro;Dupla;Reta;Sim;2;0;1;0;1;0;1;2;-20,24334991;-40,3696926;SPRF-ES;DEL01-ES;UOP01-DEL01-ES
583784;28/02/2024;quarta-feira;07:55:00;DF;20;22;BRASILIA;Acessar a via sem observar a presença dos outros veículos;Colisão transversal;Com Vítimas Feridas;Pleno dia;Crescente;Sol;Dupla;Reta;Sim;2;0;0;1;1;0;1;2;-15,59834;-47,676186;SPRF-DF;DEL02-DF;UOP01-DEL02-DF
583788;28/02/2024;quarta-feira;08:00:00;GO;40;8,7;LUZIANIA;Ausência de reação do condutor;Colisão traseira;Com Vítimas Feridas;Pleno dia;Crescente;Céu Claro;Dupla;Reta;Sim;2;0;1;0;1;0;1;2;-16,116158;-47,96761;SPRF-DF;DEL01-DF;UOP01-DEL01-DF
583790;28/02/2024;quarta-feira;08:20:00;RS;116;150,2;CAXIAS DO SUL;Reação tardia ou ineficiente do condutor;Colisão traseira;Com Vítimas Feridas;Pleno dia;Decrescente;Céu Claro;Dupla;"Reta;Interseção de Vias";Sim;3;0;1;0;2;0;1;3;-29,168428;-51,158337;SPRF-RS;DEL05-RS;UOP01-DEL05-RS
583792;27/02/2024;terça-feira;18:40:00;MA;316;0,3;BOA VISTA DO GURUPI;Ausência de reação do condutor;Atropelamento de Pedestre;Com Vítimas Feridas;Plena Noite;Decrescente;Chuva;Simples;"Reta;Ponte";Sim;2;0;1;1;0;0;2;2;-1,799856;-46,314941;SPRF-MA;DEL02-MA;UOP02-DEL02-MA
583793;28/02/2024;quarta-feira;07:50:00;PR;476;154;ARAUCARIA;Condutor deixou de manter distância do veículo da frente;Colisão lateral mesmo sentido;Com Vítimas Feridas;Pleno dia;Decrescente;Céu Claro;Dupla;Reta;Sim;2;0;1;0;1;0;1;2;-25,584223;-49,401379;SPRF-PR;DEL01-PR;UOP06-DEL01-PR
583796;28/02/2024;quarta-feira;07:50:00;PB;230;299,1;SANTA LUZIA;Animais na Pista;Saída de leito carroçável;Com Vítimas Feridas;Pleno dia;Decrescente;Céu Claro;Simples;"Aclive;Reta";Não;3;0;1;0;2;0;1;1;-6,8996;-36,973;SPRF-PB;DEL03-PB;UOP01-DEL03-PB
583798;27/02/2024;terça-feira;15:00:00;RJ;116;174;SAO JOAO DE MERITI;Demais falhas mecânicas ou elétricas;Incêndio;Sem Vítimas;Pleno dia;Decrescente;Céu Claro;Múltipla;Reta;Sim;1;0;0;0;1;0;0;1;-22,79423806;-43,36403759;SPRF-RJ;DEL06-RJ;UOP01-DEL06-RJ
583799;28/02/2024;quarta-feira;08:00:00;SP;116;144,9;SAO JOSE DOS CAMPOS;Trafegar com motocicleta (ou similar) entre as faixas;Colisão traseira;Com Vítimas Feridas;Pleno dia;Crescente;Céu Claro;Dupla;Aclive;Não;2;0;1;0;1;0;1;2;-23,18274416;-45,84633592;SPRF-SP;DEL02-SP;UOP01-DEL02-SP
583801;28/02/2024;quarta-feira;08:15:00;SC;101;207,6;SAO JOSE;Reação tardia ou ineficiente do condutor;Tombamento;Com Vítimas Feridas;Pleno dia;Decrescente;Céu Claro;Múltipla;Reta;Sim;1;0;1;0;0;0;1;1;-27,60001226;-48,6226467;SPRF-SC;DEL01-SC;UOP01-DEL01-SC
583803;28/02/2024;quarta-feira;07:30:00;MT;364;200;RONDONOPOLIS;Condutor deixou de manter distância do veículo da frente;Colisão traseira;Sem Vítimas;Pleno dia;Crescente;Céu Claro;Simples;Reta;Sim;3;0;0;0;3;0;0;2;-16,49009927;-54,64632332;SPRF-MT;DEL02-MT;UOP01-DEL02-MT
583805;21/02/2024;quarta-feira;08:30:00;RJ;116;191;QUEIMADOS;Manobra de mudança de faixa;Colisão lateral mesmo sentido;Com Vítimas Feridas;Pleno dia;Decrescente;Céu Claro;Dupla;Reta;Não;3;0;1;0;2;0;1;3;-22,74421443;-43,509822;SPRF-RJ;DEL06-RJ;UOP01-DEL06-RJ
583807;28/02/2024;quarta-feira;07:00:00;RJ;116;176;SAO JOAO DE MERITI;Condutor deixou de manter distância do veículo da frente;Colisão lateral mesmo sentido;Com Vítimas Feridas;Pleno dia;Decrescente;Céu Claro;Múltipla;Reta;Sim;3;0;0;1;2;0;1;3;-22,7839538;-43,38195488;SPRF-RJ;DEL06-RJ;UOP01-DEL06-RJ
583812;21/02/2024;quarta-feira;03:20:00;RJ;101;537;PARATY;Reação tardia ou ineficiente do condutor;Colisão lateral sentido oposto;Sem Vítimas;Plena Noite;Decrescente;Céu Claro;Simples;Reta;Não;2;0;0;0;2;0;0;2;-23,04205934;-44,57003488;SPRF-RJ;DEL03-RJ;UOP04-DEL03-RJ
583814;28/02/2024;quarta-feira;09:54:00;SP;116;109;TAUBATE;Condutor deixou de manter distância do veículo da frente;Colisão traseira;Com Vítimas Feridas;Pleno dia;Decrescente;Céu Claro;Dupla;Reta;Sim;2;0;1;0;1;0;1;2;-23,02871304;-45,54517097;SPRF-SP;DEL02-SP;UOP02-DEL02-SP
583815;20/02/2024;terça-feira;09:00:00;DF;20;21;BRASILIA;Condutor deixou de manter distância do veículo da frente;Colisão traseira;Sem Vítimas;Pleno dia;Crescente;Chuva;Dupla;"Aclive;Reta";Sim;10;0;0;0;10;0;0;4;-15,603384;-47,684692;SPRF-DF;DEL02-DF;UOP01-DEL02-DF
583816;20/02/2024;terça-feira;22:40:00;MS;262;410;TERENOS;Ausência de reação do condutor;Tombamento;Com Vítimas Feridas;Plena Noite;Crescente;Céu Claro;Simples;Reta;Não;2;0;2;0;0;0;2;1;-20,44007092;-55,11428302;SPRF-MS;DEL01-MS;UOP03-DEL01-MS
583817;28/02/2024;quarta-feira;08:30:00;PI;343;307,9;ALTOS;Ausência de reação do condutor;Colisão traseira;Sem Vítimas;Pleno dia;Crescente;Céu Claro;Simples;Reta;Sim;2;0;0;0;2;0;0;2;-5,039802;-42,459518;SPRF-PI;DEL01-PI;UOP01-DEL01-PI
583820;27/02/2024;terça-feira;21:20:00;MT;163;1021;TERRA NOVA DO NORTE;Ausência de reação do condutor;Saída de leito carroçável;Sem Vítimas;Plena Noite;Decrescente;Céu Claro;Simples;"Declive;Reta";Não;1;0;0;0;0;1;0;1;-10,43976203;-55,06047084;SPRF-MT;DEL06-MT;UOP03-DEL06-MT
583821;28/02/2024;quarta-feira;10:00:00;SP;381;27,4;ATIBAIA;Transitar no Acostamento;Colisão lateral mesmo sentido;Com Vítimas Feridas;Pleno dia;Crescente;Nublado;Dupla;Reta;Não;2;0;1;0;1;0;1;2;-23,03325858;-46,54275266;SPRF-SP;DEL03-SP;UOP02-DEL03-SP
583822;08/02/2024;quinta-feira;13:45:00;PB;230;23;JOAO PESSOA;Condutor deixou de manter distância do veículo da frente;Engavetamento;Com Vítimas Feridas;Pleno dia;Decrescente;Sol;Dupla;"Viaduto;Reta";Sim;6;0;1;0;5;0;1;5;-7,16448385;-34,86204028;SPRF-PB;DEL01-PB;UOP01-DEL01-PB
583823;28/02/2024;quarta-feira;11:15:00;RN;101;80,5;NATAL;Condutor deixou de manter distância do veículo da frente;Colisão traseira;Sem Vítimas;Pleno dia;Decrescente;Sol;Dupla;"Rotatória;Reta;Interseção de Vias";Sim;2;0;0;0;2;0;0;2;-5,76353425;-35,28603644;SPRF-RN;DEL02-RN;UOP01-DEL02-RN
583825;28/02/2024;quarta-feira;09:10:00;MG;116;678,5;MIRADOURO;Condutor deixou de manter distância do veículo da frente;Colisão traseira;Com Vítimas Feridas;Pleno dia;Decrescente;Sol;Simples;Curva;Não;2;0;1;0;1;0;1;2;-20,93075551;-42,34058261;SPRF-MG;DEL07-MG;UOP02-DEL07-MG
583826;28/02/2024;quarta-feira;10:40:00;SP;153;53;SAO JOSE DO RIO PRETO;Avarias e/ou desgaste excessivo no pneu;Tombamento;Com Vítimas Feridas;Pleno dia;Decrescente;Céu Claro;Dupla;Retorno Regulamentado;Não;1;0;1;0;0;0;1;1;-20,73603199;-49,33803779;SPRF-SP;DEL09-SP;UOP01-DEL09-SP
583827;28/02/2024;quarta-feira;09:40:00;MT;70;732;CACERES;Desrespeitar a preferência no cruzamento;Colisão transversal;Com Vítimas Feridas;Pleno dia;Crescente;Céu Claro;Dupla;Rotatória;Sim;3;0;1;0;2;0;1;2;-16,09266045;-57,67959595;SPRF-MT;DEL03-MT;UOP01-DEL03-MT
583828;28/02/2024;quarta-feira;10:35:00;BA;101;709,7;EUNAPOLIS;Acessar a via sem observar a presença dos outros veículos;Colisão frontal;Com Vítimas Fatais;Pleno dia;Crescente;Céu Claro;Simples;Reta;Não;2;1;0;0;1;0;0;2;-16,48013692;-39,58194883;SPRF-BA;DEL09-BA;UOP01-DEL09-BA
583831;28/02/2024;quarta-feira;07:00:00;RJ;40;118;DUQUE DE CAXIAS;Ausência de reação do condutor;Colisão traseira;Sem Vítimas;Pleno dia;Decrescente;Céu Claro;Dupla;Reta;Não;3;0;0;0;3;0;0;3;-22,75470802;-43,28737838;SPRF-RJ;DEL01-RJ;UOP02-DEL01-RJ
583832;23/01/2024;terça-feira;07:00:00;CE;116;42;HORIZONTE;Acessar a via sem observar a presença dos outros veículos;Colisão lateral mesmo sentido;Com Vítimas Feridas;Pleno dia;Decrescente;Ignorado;Múltipla;"Reta;Retorno Regulamentado";Sim;2;0;0;1;0;1;1;2;-4,10857928;-38,4942173;SPRF-CE;DEL01-CE;UOP02-DEL01-CE
583833;28/02/2024;quarta-feira;12:00:00;SP;153;56;SAO JOSE DO RIO PRETO;Ingestão de álcool pelo condutor;Colisão traseira;Com Vítimas Feridas;Pleno dia;Crescente;Céu Claro;Dupla;Reta;Sim;2;0;1;0;1;0;1;2;-20,7615601;-49,34622278;SPRF-SP;DEL09-SP;UOP01-DEL09-SP
583836;27/02/2024;terça-feira;06:15:00;MT;364;199;RONDONOPOLIS;Condutor deixou de manter distância do veículo da frente;Colisão traseira;Com Vítimas Feridas;Pleno dia;Crescente;Céu Claro;Dupla;Reta;Sim;2;0;1;0;1;0;1;2;-16,5011709;-54,63072394;SPRF-MT;DEL02-MT;UOP01-DEL02-MT
583839;20/01/2024;sábado;07:51:00;ES;262;159;IBATIBA;Área urbana sem a presença de local apropriado para a travessia de pedestres;Atropelamento de Pedestre;Com Vítimas Feridas;Pleno dia;Crescente;Sol;Simples;Reta;Sim;3;0;0;1;0;2;1;2;-20,23362208;-41,5053348;SPRF-ES;DEL01-ES;UOP02-DEL01-ES
583840;28/02/2024;quarta-feira;13:15:00;SC;101;204;SAO JOSE;Acesso irregular;Colisão transversal;Com Vítimas Feridas;Pleno dia;Decrescente;Céu Claro;Múltipla;"Viaduto;Interseção de Vias";Sim;3;0;1;0;2;0;1;2;-27,57413014;-48,61363083;SPRF-SC;DEL01-SC;UOP01-DEL01-SC
583842;28/02/2024;quarta-feira;09:30:00;RO;364;423,3;JARU;Trafegar com motocicleta (ou similar) entre as faixas;Queda de ocupante de veículo;Com Vítimas Feridas;Pleno dia;Crescente;Céu Claro;Simples;Reta;Sim;1;0;1;0;0;0;1;1;-10,45220802;-62,46072003;SPRF-RO;DEL03-RO;UOP02-DEL03-RO
583843;27/02/2024;terça-feira;15:49:00;CE;116;3;FORTALEZA;Ausência de reação do condutor;Colisão traseira;Sem Vítimas;Pleno dia;Decrescente;Nublado;Dupla;Reta;Sim;2;0;0;0;2;0;0;2;-3,77866493;-38,51490171;SPRF-CE;DEL01-CE;UOP02-DEL01-CE
583847;28/02/2024;quarta-feira;13:30:00;PA;10;18;DOM ELISEU;Ausência de reação do condutor;Atropelamento de Animal;Com Vítimas Feridas;Pleno dia;Decrescente;Céu Claro;Simples;Reta;Sim;2;0;1;1;0;0;2;1;-4,293095;-47,556904;SPRF-PA;DEL02-PA;UOP02-DEL02-PA
583849;28/02/2024;quarta-feira;14:00:00;RJ;101;64;CAMPOS DOS GOYTACAZES;Acessar a via sem observar a presença dos outros veículos;Colisão transversal;Sem Vítimas;Pleno dia;Decrescente;Céu Claro;Simples;"Reta;Interseção de Vias";Sim;2;0;0;0;2;0;0;2;-21,74908605;-41,33632461;SPRF-RJ;DEL08-RJ;UOP02-DEL08-RJ
583851;28/02/2024;quarta-feira;12:00:00;RO;364;14;VILHENA;Ausência de reação do condutor;Colisão com objeto;Com Vítimas Feridas;Pleno dia;Crescente;Céu Claro;Simples;Reta;Sim;1;0;1;0;0;0;1;1;-12,73898138;-60,13911417;SPRF-RO;DEL04-RO;UOP01-DEL04-RO
583852;28/02/2024;quarta-feira;13:30:00;RS;472;618;BARRA DO QUARAI;Acumulo de areia ou detritos sobre o pavimento;Saída de leito carroçável;Com Vítimas Feridas;Pleno dia;Decrescente;Nublado;Simples;"Em Obras;Reta";Não;1;0;1;0;0;0;1;1;-30,07311033;-57,28424692;SPRF-RS;DEL13-RS;UOP01-DEL13-RS
583855;28/02/2024;quarta-feira;14:37:00;TO;10;459;PALMAS;Condutor deixou de manter distância do veículo da frente;Colisão traseira;Sem Vítimas;Pleno dia;Decrescente;Céu Claro;Dupla;"Reta;Declive";Sim;2;0;0;0;2;0;0;2;-10,266677;-48,307233;SPRF-TO;DEL01-TO;UOP03-DEL01-TO
583857;28/02/2024;quarta-feira;14:45:00;PR;163;83,1;PLANALTO;Desrespeitar a preferência no cruzamento;Colisão transversal;Com Vítimas Feridas;Pleno dia;Decrescente;Céu Claro;Simples;"Reta;Interseção de Vias;Rotatória";Não;2;0;1;0;1;0;1;2;-25,73044895;-53,79670803;SPRF-PR;DEL02-PR;UOP02-DEL02-PR