id;data_inversa;dia_semana;horario;uf;br;km;municipio;causa_acidente;tipo_acidente;classificacao_acidente;fase_dia;sentido_via;condicao_metereologica;tipo_pista;tracado_via;uso_solo;pessoas;mortos;feridos_leves;feridos_graves;ilesos;ignorados;feridos;veiculos;latitude;longitude;regional;delegacia;uop
583992;29/02/2024;quinta-feira;07:45:00;PB;101;101,1;CONDE;Ausência de reação do condutor;Tombamento;Com Vítimas Feridas;Pleno dia;Crescente;Céu Claro;Dupla;"Reta;Em Obras";Não;2;0;1;0;0;1;1;2;-7,27367006;-34,93816262;SPRF-PB;DEL01-PB;UOP02-DEL01-PB
583993;29/02/2024;quinta-feira;07:30:00;MG;381;478;CONTAGEM;Trafegar com motocicleta (ou similar) entre as faixas;Colisão lateral mesmo sentido;Com Vítimas Feridas;Pleno dia;Decrescente;Céu Claro;Dupla;Reta;Sim;3;0;2;0;1;0;2;2;-19,959707;-44,033887;SPRF-MG;DEL01-MG;UOP03-DEL01-MG
583994;29/02/2024;quinta-feira;08:00:00;MG;381;486;BETIM;Pista Escorregadia;Tombamento;Com Vítimas Feridas;Pleno dia;Decrescente;Nublado;Múltipla;Reta;Sim;2;0;1;0;0;1;1;2;-19,9545821;-44,1099118;SPRF-MG;DEL01-MG;UOP03-DEL01-MG
583995;29/02/2024;quinta-feira;08:10:00;PR;476;153;ARAUCARIA;Demais falhas mecânicas ou elétricas;Tombamento;Com Vítimas Feridas;Pleno dia;Decrescente;Chuva;Dupla;Reta;Não;1;0;1;0;0;0;1;1;-25,577307;-49,392338;SPRF-PR;DEL01-PR;UOP06-DEL01-PR
583996;29/02/2024;quinta-feira;08:01:00;SP;116;545;BARRA DO TURVO;Reação tardia ou ineficiente do condutor;Saída de leito carroçável;Com Vítimas Feridas;Pleno dia;Crescente;Chuva;Dupla;Curva;Não;1;0;1;0;0;0;1;1;-24,95016699;-48,42400302;SPRF-SP;DEL05-SP;UOP02-DEL05-SP
583997;29/02/2024;quinta-feira;07:20:00;CE;222;2,8;FORTALEZA;Ausência de reação do condutor;Colisão traseira;Com Vítimas Feridas;Pleno dia;Decrescente;Sol;Múltipla;Reta;Sim;3;0;2;0;1;0;2;2;-3,73911117;-38,58687498;SPRF-CE;DEL01-CE;UOP01-DEL01-CE
583998;28/02/2024;quarta-feira;23:00:00;RJ;101;583;PARATY;Transitar na contramão;Colisão frontal;Com Vítimas Feridas;Plena Noite;Crescente;Nublado;Simples;Reta;Não;3;0;0;1;2;0;1;2;-23,26024009;-44,69222399;SPRF-RJ;DEL03-RJ;UOP04-DEL03-RJ
583999;29/02/2024;quinta-feira;07:56:00;SC;101;134,1;BALNEARIO CAMBORIU;Trafegar com motocicleta (ou similar) entre as faixas;Colisão traseira;Com Vítimas Feridas;Pleno dia;Decrescente;Céu Claro;Múltipla;Reta;Não;2;0;1;0;1;0;1;2;-27,00218;-48,636433;SPRF-SC;DEL04-SC;UOP03-DEL04-SC
584001;29/02/2024;quinta-feira;07:20:00;SC;101;118;ITAJAI;Ausência de reação do condutor;Colisão lateral sentido oposto;Com Vítimas Feridas;Pleno dia;Crescente;Céu Claro;Simples;Reta;Não;2;0;1;0;0;1;1;2;-26,895859;-48,71903;SPRF-SC;DEL04-SC;UOP04-DEL04-SC
584005;29/02/2024;quinta-feira;09:00:00;PR;116;100;SAO JOSE DOS PINHAIS;Avarias e/ou desgaste excessivo no pneu;Tombamento;Com Vítimas Feridas;Pleno dia;Decrescente;Nublado;Dupla;Reta;Não;1;0;0;1;0;0;1;1;-25,53379421;-49,14663578;SPRF-PR;DEL01-PR;UOP07-DEL01-PR
584006;29/02/2024;quinta-feira;07:00:00;PR;376;602;CURITIBA;Manobra de mudança de faixa;Colisão traseira;Com Vítimas Feridas;Pleno dia;Decrescente;Nublado;Dupla;Reta;Sim;2;0;1;0;1;0;1;2;-25,54329052;-49,30719981;SPRF-PR;DEL01-PR;UOP06-DEL01-PR
584010;29/02/2024;quinta-feira;09:00:00;MG;381;483,1;BETIM;Ausência de reação do condutor;Engavetamento;Com Vítimas Feridas;Pleno dia;Decrescente;Céu Claro;Dupla;"Curva;Aclive";Sim;3;0;1;0;1;1;1;3;-19,95594491;-44,10721699;SPRF-MG;DEL01-MG;UOP03-DEL01-MG
584013;29/02/2024;quinta-feira;09:30:00;TO;153;144;ARAGUAINA;Acessar a via sem observar a presença dos outros veículos;Colisão traseira;Com Vítimas Feridas;Pleno dia;Crescente;Céu Claro;Dupla;Reta;Sim;2;0;1;0;1;0;1;2;-7,19662811;-48,23636977;SPRF-TO;DEL02-TO;UOP01-DEL02-TO
584014;24/01/2024;quarta-feira;07:20:00;MG;40;517;RIBEIRAO DAS NEVES;Desrespeitar a preferência no cruzamento;Colisão transversal;Sem Vítimas;Pleno dia;Crescente;Nublado;Dupla;Reta;Sim;2;0;0;0;1;1;0;2;-19,82351202;-44,08438913;SPRF-MG;DEL01-MG;UOP02-DEL01-MG
584016;29/02/2024;quinta-feira;10:00:00;PR;277;83;CURITIBA;Manobra de mudança de faixa;Colisão lateral mesmo sentido;Com Vítimas Feridas;Pleno dia;Crescente;Céu Claro;Dupla;Reta;Sim;3;0;2;0;1;0;2;2;-25,460026;-49,220391;SPRF-PR;DEL01-PR;UOP07-DEL01-PR
584017;29/02/2024;quinta-feira;09:10:00;PR;376;503;PONTA GROSSA;Retorno proibido;Colisão transversal;Com Vítimas Feridas;Pleno dia;Crescente;Sol;Dupla;Retorno Regulamentado;Sim;2;0;1;1;0;0;2;2;-25,173843;-50,103882;SPRF-PR;DEL03-PR;UOP04-DEL03-PR
584020;29/02/2024;quinta-feira;10:10:00;RS;392;294;SAO SEPE;Acesso irregular;Saída de leito carroçável;Com Vítimas Feridas;Pleno dia;Decrescente;Céu Claro;Simples;Reta;Não;2;0;1;0;1;0;1;1;-30,18664127;-53,5656134;SPRF-RS;DEL09-RS;UOP02-DEL09-RS
584021;10/02/2024;sábado;01:00:00;PE;428;190;PETROLINA;Ingestão de álcool pelo condutor;Colisão transversal;Com Vítimas Feridas;Plena Noite;Decrescente;Garoa/Chuvisco;Dupla;Interseção de Vias;Sim;2;0;0;1;1;0;1;2;-9,38089026;-40,5109835;SPRF-PE;DEL06-PE;UOP01-DEL06-PE
584023;29/02/2024;quinta-feira;09:30:00;SE;101;97;SAO CRISTOVAO;Velocidade Incompatível;Colisão com objeto;Sem Vítimas;Pleno dia;Decrescente;Céu Claro;Dupla;"Retorno Regulamentado;Curva";Não;1;0;0;0;0;1;0;1;-10,92296794;-37,17475104;SPRF-SE;DEL02-SE;UOP01-DEL02-SE
584024;29/02/2024;quinta-feira;11:15:00;MG;381;482,8;BETIM;Manobra de mudança de faixa;Colisão lateral mesmo sentido;Com Vítimas Feridas;Pleno dia;Decrescente;Céu Claro;Múltipla;"Aclive;Reta";Sim;2;0;1;0;1;0;1;2;-19,9582115;-44,0770685;SPRF-MG;DEL01-MG;UOP03-DEL01-MG
584025;29/02/2024;quinta-feira;11:30:00;MG;381;485,1;BETIM;Demais falhas mecânicas ou elétricas;Colisão com objeto;Com Vítimas Feridas;Pleno dia;Decrescente;Céu Claro;Múltipla;Declive;Sim;2;0;1;0;1;0;1;2;-19,9556648;-44,096834;SPRF-MG;DEL01-MG;UOP03-DEL01-MG
584028;29/02/2024;quinta-feira;07:15:00;GO;NA;NA;CATALAO;Frear bruscamente;Colisão traseira;Com Vítimas Feridas;Pleno dia;Não Informado;Nublado;Simples;Reta;Sim;3;0;1;0;2;0;1;2;-18,17876;-47,9487;SPRF-GO;DEL06-GO;UOP01-DEL06-GO
584031;29/02/2024;quinta-feira;12:20:00;AL;316;53;CANAPI;Condutor Dormindo;Saída de leito carroçável;Com Vítimas Feridas;Pleno dia;Decrescente;Nublado;Simples;"Reta;Declive";Não;2;0;2;0;0;0;2;2;-9,21329588;-37,48442292;SPRF-AL;DEL03-AL;UOP02-DEL03-AL
584032;29/02/2024;quinta-feira;13:00:00;SC;470;53,2;BLUMENAU;Desrespeitar a preferência no cruzamento;Colisão transversal;Com Vítimas Feridas;Pleno dia;Crescente;Céu Claro;Múltipla;Interseção de Vias;Sim;2;0;1;0;1;0;1;2;-26,871065;-49,110374;SPRF-SC;DEL04-SC;UOP01-DEL04-SC
584033;09/02/2024;sexta-feira;09:55:00;MG;381;500;BETIM;Condutor deixou de manter distância do veículo da frente;Engavetamento;Com Vítimas Feridas;Pleno dia;Decrescente;Sol;Dupla;"Reta;Aclive";Não;3;0;2;0;1;0;2;3;-20,00182206;-44,21181679;SPRF-MG;DEL01-MG;UOP03-DEL01-MG
584035;29/02/2024;quinta-feira;13:35:00;SE;235;50,9;ITABAIANA;Ausência de reação do condutor;Colisão traseira;Com Vítimas Feridas;Pleno dia;Crescente;Céu Claro;Múltipla;Reta;Sim;2;0;0;1;1;0;1;2;-10,700226;-37,431423;SPRF-SE;DEL01-SE;UOP02-DEL01-SE
584036;17/02/2024;sábado;05:40:00;RS;290;273;CACHOEIRA DO SUL;Ingestão de álcool pelo condutor;Colisão frontal;Com Vítimas Fatais;Amanhecer;Crescente;Garoa/Chuvisco;Simples;Reta;Não;4;1;0;3;0;0;3;2;-30,271566;-52,956188;SPRF-RS;DEL02-RS;UOP03-DEL02-RS
584039;29/02/2024;quinta-feira;13:05:00;MG;50;1;ARAGUARI;Velocidade Incompatível;Saída de leito carroçável;Com Vítimas Feridas;Pleno dia;Crescente;Nublado;Dupla;"Declive;Reta";Não;1;0;1;0;0;0;1;1;-18,43070074;-48,0618566;SPRF-MG;DEL15-MG;UOP02-DEL15-MG
584040;29/02/2024;quinta-feira;13:20:00;PI;316;3;TERESINA;Ausência de reação do condutor;Colisão traseira;Com Vítimas Feridas;Pleno dia;Crescente;Céu Claro;Dupla;Reta;Sim;2;0;0;1;1;0;1;2;-5,12826443;-42,79292384;SPRF-PI;DEL01-PI;UOP02-DEL01-PI
584042;29/02/2024;quinta-feira;14:17:00;PR;376;1;APUCARANA;Acessar a via sem observar a presença dos outros veículos;Colisão transversal;Com Vítimas Feridas;Pleno dia;Decrescente;Nublado;Simples;"Reta;Declive";Não;4;0;3;0;1;0;3;2;-23,5513;-51,461266;SPRF-PR;DEL07-PR;UOP03-DEL07-PR
584043;29/02/2024;quinta-feira;13:30:00;RJ;356;174;SAO JOAO DA BARRA;Acessar a via sem observar a presença dos outros veículos;Colisão transversal;Com Vítimas Feridas;Pleno dia;Crescente;Nublado;Simples;Curva;Não;2;0;0;1;1;0;1;2;-21,707642;-41,05687;SPRF-RJ;DEL08-RJ;UOP02-DEL08-RJ
584044;29/02/2024;quinta-feira;10:55:00;BA;324;568;SAO SEBASTIAO DO PASSE;Reação tardia ou ineficiente do condutor;Saída de leito carroçável;Com Vítimas Feridas;Pleno dia;Crescente;Sol;Dupla;Reta;Não;1;0;1;0;0;0;1;1;-12,53527699;-38,59595575;SPRF-BA;DEL01-BA;UOP01-DEL01-BA
584045;29/02/2024;quinta-feira;11:40:00;MG;262;37;MANHUACU;Reação tardia ou ineficiente do condutor;Colisão transversal;Com Vítimas Feridas;Pleno dia;Crescente;Nublado;Simples;Reta;Sim;2;0;1;0;1;0;1;2;-20,25748975;-42,03048732;SPRF-MG;DEL06-MG;UOP03-DEL06-MG
584047;29/02/2024;quinta-feira;15:00:00;RN;101;106;PARNAMIRIM;Condutor Dormindo;Colisão traseira;Com Vítimas Feridas;Pleno dia;Crescente;Céu Claro;Múltipla;Viaduto;Sim;2;0;1;0;1;0;1;2;-5,91056401;-35,26130795;SPRF-RN;DEL01-RN;UOP01-DEL01-RN
584053;29/02/2024;quinta-feira;11:40:00;MT;163;1023;TERRA NOVA DO NORTE;Pista esburacada;Queda de ocupante de veículo;Com Vítimas Feridas;Pleno dia;Crescente;Céu Claro;Simples;"Reta;Declive";Não;1;0;0;1;0;0;1;1;-10,42214799;-55,05698507;SPRF-MT;DEL06-MT;UOP03-DEL06-MT
584054;29/02/2024;quinta-feira;15:25:00;SC;101;199,4;SAO JOSE;Reação tardia ou ineficiente do condutor;Colisão traseira;Com Vítimas Feridas;Pleno dia;Crescente;Nublado;Múltipla;Reta;Sim;2;0;1;0;1;0;1;2;-27,53413705;-48,63003205;SPRF-SC;DEL01-SC;UOP01-DEL01-SC
584056;29/02/2024;quinta-feira;11:45:00;RJ;465;19;NOVA IGUACU;Manobra de mudança de faixa;Colisão lateral mesmo sentido;Com Vítimas Feridas;Pleno dia;Decrescente;Nublado;Simples;Reta;Sim;2;0;0;1;1;0;1;2;-22,839184;-43,610451;SPRF-RJ;DEL06-RJ;UOP02-DEL06-RJ
584057;29/02/2024;quinta-feira;16:00:00;GO;60;97,1;ANAPOLIS;Acumulo de óleo sobre o pavimento;Tombamento;Com Vítimas Feridas;Pleno dia;Decrescente;Céu Claro;Dupla;Retorno Regulamentado;Sim;1;0;0;1;0;0;1;1;-16,378034;-48,949004;SPRF-GO;DEL02-GO;UOP01-DEL02-GO
584058;29/02/2024;quinta-feira;15:15:00;PR;116;51,9;CAMPINA GRANDE DO SUL;Reação tardia ou ineficiente do condutor;Saída de leito carroçável;Com Vítimas Feridas;Pleno dia;Crescente;Chuva;Dupla;Curva;Não;1;0;1;0;0;0;1;1;-25,24249703;-48,90292205;SPRF-PR;DEL01-PR;UOP02-DEL01-PR
584059;06/02/2024;terça-feira;07:45:00;MS;463;105,6;PONTA PORA;Acessar a via sem observar a presença dos outros veículos;Colisão lateral mesmo sentido;Com Vítimas Feridas;Pleno dia;Decrescente;Céu Claro;Simples;Reta;Sim;2;0;1;0;1;0;1;2;-22,5976159;-55,66408217;SPRF-MS;DEL04-MS;UOP03-DEL04-MS
584061;11/02/2024;domingo;05:15:00;MS;163;545;BANDEIRANTES;Condutor Dormindo;Colisão lateral sentido oposto;Com Vítimas Feridas;Amanhecer;Decrescente;Céu Claro;Simples;Aclive;Não;5;0;1;0;4;0;1;2;-19,94560525;-54,37116745;SPRF-MS;DEL01-MS;UOP02-DEL01-MS
584062;29/02/2024;quinta-feira;14:45:00;RJ;101;195,3;CASIMIRO DE ABREU;Velocidade Incompatível;Colisão com objeto;Com Vítimas Feridas;Pleno dia;Crescente;Céu Claro;Dupla;Curva;Não;1;0;1;0;0;0;1;1;-22,49220783;-42,10020136;SPRF-RJ;DEL08-RJ;UOP04-DEL08-RJ
584063;29/02/2024;quinta-feira;16:00:00;MG;381;503;BETIM;Condutor deixou de manter distância do veículo da frente;Tombamento;Com Vítimas Feridas;Pleno dia;Decrescente;Céu Claro;Múltipla;"Declive;Reta";Sim;1;0;1;0;0;0;1;1;-20,02574409;-44,23131108;SPRF-MG;DEL01-MG;UOP03-DEL01-MG
584065;29/02/2024;quinta-feira;16:00:00;PR;369;178;ROLANDIA;Reação tardia ou ineficiente do condutor;Colisão traseira;Com Vítimas Feridas;Pleno dia;Crescente;Chuva;Dupla;Reta;Não;2;0;1;0;1;0;1;2;-23,34393638;-51,38688909;SPRF-PR;DEL07-PR;UOP01-DEL07-PR
584068;29/02/2024;quinta-feira;10:00:00;MG;381;745;TRES CORACOES;Reação tardia ou ineficiente do condutor;Colisão traseira;Sem Vítimas;Pleno dia;Crescente;Céu Claro;Dupla;"Reta;Aclive";Não;5;0;0;0;5;0;0;2;-21,637253;-45,28388;SPRF-MG;DEL16-MG;UOP02-DEL16-MG
584070;29/02/2024;quinta-feira;17:15:00;SC;101;207,7;SAO JOSE;Demais falhas mecânicas ou elétricas;Incêndio;Sem Vítimas;Pleno dia;Crescente;Céu Claro;Múltipla;Reta;Sim;1;0;0;0;1;0;0;1;-27,60001226;-48,6226467;SPRF-SC;DEL01-SC;UOP01-DEL01-SC
584071;29/02/2024;quinta-feira;17:28:00;ES;101;266,7;SERRA;Acumulo de óleo sobre o pavimento;Tombamento;Com Vítimas Feridas;Anoitecer;Decrescente;Nublado;Múltipla;Reta;Sim;1;0;1;0;0;0;1;1;-20,1964562;-40,2686889;SPRF-ES;DEL02-ES;UOP01-DEL02-ES
584073;09/02/2024;sexta-feira;06:00:00;BA;324;614;SALVADOR;Condutor deixou de manter distância do veículo da frente;Colisão traseira;Com Vítimas Feridas;Pleno dia;Decrescente;Céu Claro;Dupla;Reta;Sim;2;0;1;0;1;0;1;2;-12,8639793;-38,42370126;SPRF-BA;DEL01-BA;UOP01-DEL01-BA
584075;29/02/2024;quinta-feira;16:10:00;SP;381;84,7;SAO PAULO;Demais falhas mecânicas ou elétricas;Tombamento;Com Vítimas Feridas;Pleno dia;Decrescente;Céu Claro;Dupla;Reta;Sim;2;0;1;1;0;0;2;1;-23,43937;-46,56807;SPRF-SP;DEL03-SP;UOP01-DEL03-SP
584076;29/02/2024;quinta-feira;17:35:00;ES;101;266,5;SERRA;Acumulo de óleo sobre o pavimento;Queda de ocupante de veículo;Com Vítimas Feridas;Anoitecer;Decrescente;Céu Claro;Múltipla;Reta;Sim;1;0;1;0;0;0;1;1;-20,190199;-40,26828891;SPRF-ES;DEL02-ES;UOP01-DEL02-ES
584079;29/02/2024;quinta-feira;17:30:00;ES;101;396,5;RIO NOVO DO SUL;Ingestão de álcool pelo condutor;Tombamento;Com Vítimas Feridas;Pleno dia;Decrescente;Nublado;Simples;Reta;Não;1;0;0;1;0;0;1;1;-20,8718587;-40,94617736;SPRF-ES;DEL03-ES;UOP02-DEL03-ES
584082;29/02/2024;quinta-feira;17:30:00;RJ;40;110;DUQUE DE CAXIAS;Condutor deixou de manter distância do veículo da frente;Tombamento;Com Vítimas Feridas;Pleno dia;Decrescente;Céu Claro;Múltipla;Reta;Sim;3;0;1;1;1;0;2;2;-22,68289906;-43,28549346;SPRF-RJ;DEL01-RJ;UOP02-DEL01-RJ
584090;29/02/2024;quinta-feira;18:00:00;MG;262;439;NOVA SERRANA;Velocidade Incompatível;Colisão traseira;Com Vítimas Feridas;Anoitecer;Decrescente;Céu Claro;Dupla;Reta;Não;3;0;2;0;1;0;2;2;-19,89197285;-44,88685183;SPRF-MG;DEL08-MG;UOP03-DEL08-MG
584091;29/02/2024;quinta-feira;19:00:00;PR;163;46;PRANCHITA;Reação tardia ou ineficiente do condutor;Saída de leito carroçável;Com Vítimas Feridas;Anoitecer;Crescente;Céu Claro;Simples;Curva;Não;1;0;1;0;0;0;1;1;-26,01612407;-53,73321028;SPRF-PR;DEL02-PR;UOP02-DEL02-PR
584093;29/02/2024;quinta-feira;18:10:00;PE;104;65;CARUARU;Ingestão de álcool pelo condutor;Colisão transversal;Com Vítimas Feridas;Plena Noite;Decrescente;Céu Claro;Dupla;Interseção de Vias;Sim;2;0;1;0;1;0;1;2;-8,2867;-35,9838;SPRF-PE;DEL02-PE;UOP01-DEL02-PE
584099;29/02/2024;quinta-feira;19:00:00;SP;116;223;GUARULHOS;Condutor deixou de manter distância do veículo da frente;Colisão traseira;Com Vítimas Feridas;Pleno dia;Decrescente;Céu Claro;Múltipla;Curva;Sim;3;0;1;0;2;0;1;2;-23,47559815;-46,5246609;SPRF-SP;DEL01-SP;UOP01-DEL01-SP
584100;29/02/2024;quinta-feira;18:25:00;SP;116;499;CAJATI;Reação tardia ou ineficiente do condutor;Saída de leito carroçável;Sem Vítimas;Anoitecer;Crescente;Garoa/Chuvisco;Dupla;Curva;Não;1;0;0;0;1;0;0;1;-24,78228753;-48,17695233;SPRF-SP;DEL05-SP;UOP02-DEL05-SP
584101;29/02/2024;quinta-feira;17:00:00;RJ;356;74;ITALVA;Ausência de reação do condutor;Colisão transversal;Com Vítimas Feridas;Plena Noite;Crescente;Céu Claro;Simples;Reta;Sim;3;0;2;0;1;0;2;2;-21,41323494;-41,69207047;SPRF-RJ;DEL08-RJ;UOP03-DEL08-RJ
584102;25/02/2024;domingo;21:50:00;SC;101;40;JOINVILLE;Manobra de mudança de faixa;Colisão lateral mesmo sentido;Com Vítimas Feridas;Plena Noite;Decrescente;Nublado;Múltipla;Reta;Sim;3;0;1;0;2;0;1;2;-26,30826548;-48,8789463;SPRF-SC;DEL03-SC;UOP01-DEL03-SC
584103;29/02/2024;quinta-feira;19:00:00;SC;101;200;SAO JOSE;Trafegar com motocicleta (ou similar) entre as faixas;Colisão lateral mesmo sentido;Com Vítimas Feridas;Anoitecer;Crescente;Nublado;Dupla;Reta;Sim;2;0;1;0;1;0;1;2;-27,54018513;-48,62287714;SPRF-SC;DEL01-SC;UOP01-DEL01-SC
584106;29/02/2024;quinta-feira;18:10:00;SC;101;333;TUBARAO;Trafegar com motocicleta (ou similar) entre as faixas;Colisão lateral mesmo sentido;Com Vítimas Feridas;Anoitecer;Crescente;Céu Claro;Simples;Interseção de Vias;Não;3;0;1;0;2;0;1;3;-28,46630107;-48,99653096;SPRF-SC;DEL02-SC;UOP01-DEL02-SC
584109;29/02/2024;quinta-feira;19:15:00;SP;153;304,7;CAMPOS NOVOS PAULISTA;Ausência de reação do condutor;Colisão traseira;Com Vítimas Feridas;Anoitecer;Crescente;Nublado;Simples;Reta;Não;2;0;0;1;1;0;1;2;-22,616727;-49,88953502;SPRF-SP;DEL07-SP;UOP03-DEL07-SP
584110;29/02/2024;quinta-feira;18:40:00;SE;235;51,6;ITABAIANA;Acessar a via sem observar a presença dos outros veículos;Colisão transversal;Com Vítimas Feridas;Plena Noite;Crescente;Céu Claro;Simples;"Interseção de Vias;Reta";Não;3;0;3;0;0;0;3;2;-10,700226;-37,431423;SPRF-SE;DEL01-SE;UOP02-DEL01-SE
584112;29/02/2024;quinta-feira;20:00:00;GO;414;439,1;ANAPOLIS;Condutor deixou de manter distância do veículo da frente;Colisão traseira;Com Vítimas Feridas;Plena Noite;Decrescente;Céu Claro;Simples;"Reta;Declive";Sim;2;0;2;0;0;0;2;2;-16,275099;-48,940909;SPRF-GO;DEL02-GO;UOP01-DEL02-GO
584115;29/02/2024;quinta-feira;20:20:00;AP;210;8;MACAPA;Pedestre andava na pista;Atropelamento de Pedestre;Com Vítimas Feridas;Plena Noite;Crescente;Garoa/Chuvisco;Simples;Curva;Sim;3;0;1;0;0;2;1;2;0,11393;-51,12735;SPRF-AP;DEL01-AP;UOP01-DEL01-AP
584116;29/02/2024;quinta-feira;19:45:00;SP;116;433;REGISTRO;Ausência de reação do condutor;Saída de leito carroçável;Com Vítimas Feridas;Plena Noite;Decrescente;Céu Claro;Dupla;Curva;Não;1;0;1;0;0;0;1;1;-24,42030004;-47,77032299;SPRF-SP;DEL05-SP;UOP01-DEL05-SP
584117;29/02/2024;quinta-feira;20:00:00;RS;153;47,5;ERECHIM;Condutor deixou de manter distância do veículo da frente;Colisão traseira;Sem Vítimas;Plena Noite;Decrescente;Garoa/Chuvisco;Simples;"Declive;Reta";Não;2;0;0;0;1;1;0;2;-27,64530366;-52,24998023;SPRF-RS;DEL08-RS;UOP04-DEL08-RS
584118;29/02/2024;quinta-feira;20:35:00;DF;40;0,2;BRASILIA;Reação tardia ou ineficiente do condutor;Saída de leito carroçável;Com Vítimas Feridas;Plena Noite;Decrescente;Céu Claro;Dupla;Reta;Não;1;0;1;0;0;0;1;1;-15,97983372;-47,98905373;SPRF-DF;DEL01-DF;UOP01-DEL01-DF
584119;25/01/2024;quinta-feira;08:06:00;MS;163;484;CAMPO GRANDE;Acessar a via sem observar a presença dos outros veículos;Colisão transversal;Com Vítimas Feridas;Pleno dia;Decrescente;Céu Claro;Simples;Reta;Sim;2;0;1;0;1;0;1;2;-20,45726263;-54,54671829;SPRF-MS;DEL01-MS;UOP02-DEL01-MS
584121;29/02/2024;quinta-feira;19:15:00;MG;50;177;UBERABA;Ausência de reação do condutor;Colisão traseira;Com Vítimas Feridas;Plena Noite;Decrescente;Céu Claro;Dupla;"Curva;Viaduto;Interseção de Vias";Sim;3;0;1;0;2;0;1;2;-19,77914852;-47,95047701;SPRF-MG;DEL13-MG;UOP01-DEL13-MG
584122;29/02/2024;quinta-feira;21:10:00;SC;282;5,7;SAO JOSE;Reação tardia ou ineficiente do condutor;Tombamento;Com Vítimas Feridas;Plena Noite;Crescente;Garoa/Chuvisco;Múltipla;"Declive;Curva";Sim;1;0;1;0;0;0;1;1;-27,588425;-48,612919;SPRF-SC;DEL01-SC;UOP01-DEL01-SC
584123;29/02/2024;quinta-feira;20:55:00;RS;386;170,8;CARAZINHO;Manobra de mudança de faixa;Colisão frontal;Com Vítimas Feridas;Plena Noite;Crescente;Garoa/Chuvisco;Simples;Reta;Não;3;0;1;2;0;0;3;2;-28,24345;-52,803551;SPRF-RS;DEL08-RS;UOP01-DEL08-RS
584124;29/02/2024;quinta-feira;21:40:00;BA;324;512;FEIRA DE SANTANA;Acesso irregular;Colisão transversal;Com Vítimas Feridas;Plena Noite;Crescente;Céu Claro;Simples;"Viaduto;Reta";Sim;3;0;2;1;0;0;3;2;-12,23193;-38,95374;SPRF-BA;DEL02-BA;UOP01-DEL02-BA
584125;29/02/2024;quinta-feira;19:45:00;PR;369;52;BANDEIRANTES;Ausência de reação do condutor;Saída de leito carroçável;Com Vítimas Feridas;Plena Noite;Decrescente;Nublado;Simples;"Interseção de Vias;Reta";Não;1;0;0;1;0;0;1;1;-23,11035921;-50,33543944;SPRF-PR;DEL07-PR;UOP05-DEL07-PR
584126;29/02/2024;quinta-feira;20:20:00;GO;414;385;CORUMBA DE GOIAS;Reação tardia ou ineficiente do condutor;Queda de ocupante de veículo;Com Vítimas Feridas;Plena Noite;Crescente;Nublado;Simples;Curva;Não;1;0;0;1;0;0;1;1;-15,87059766;-48,78036917;SPRF-GO;DEL02-GO;UOP01-DEL02-GO
584127;29/02/2024;quinta-feira;21:30:00;GO;60;75,6;ANAPOLIS;Demais falhas mecânicas ou elétricas;Incêndio;Sem Vítimas;Plena Noite;Decrescente;Céu Claro;Dupla;Reta;Não;4;0;0;0;4;0;0;1;-16,280111;-48,790765;SPRF-GO;DEL02-GO;UOP01-DEL02-GO
584128;29/02/2024;quinta-feira;22:00:00;ES;101;266,4;SERRA;Conversão proibida;Colisão frontal;Com Vítimas Feridas;Plena Noite;Crescente;Nublado;Múltipla;Reta;Sim;2;0;0;1;1;0;1;2;-20,190199;-40,26828891;SPRF-ES;DEL02-ES;UOP01-DEL02-ES
584131;29/02/2024;quinta-feira;19:30:00;RJ;101;565;PARATY;Condutor deixou de manter distância do veículo da frente;Queda de ocupante de veículo;Com Vítimas Feridas;Plena Noite;Crescente;Nublado;Simples;Reta;Não;2;0;1;0;1;0;1;2;-23,151162;-44,69967999;SPRF-RJ;DEL03-RJ;UOP04-DEL03-RJ
584132;29/02/2024;quinta-feira;21:20:00;RJ;101;472;ANGRA DOS REIS;Ausência de reação do condutor;Colisão com objeto;Com Vítimas Feridas;Plena Noite;Crescente;Nublado;Simples;Curva;Sim;1;0;0;1;0;0;1;1;-22,988676;-44,23305893;SPRF-RJ;DEL03-RJ;UOP03-DEL03-RJ
584134;11/02/2024;domingo;22:00:00;MS;163;280;DOURADOS;Reação tardia ou ineficiente do condutor;Queda de ocupante de veículo;Com Vítimas Feridas;Plena Noite;Crescente;Céu Claro;Dupla;Reta;Sim;1;0;0;1;0;0;1;1;-22,13794223;-54,61956683;SPRF-MS;DEL04-MS;UOP01-DEL04-MS
584135;05/01/2024;sexta-feira;17:10:00;PR;116;10;COLOMBO;Ausência de reação do condutor;Saída de leito carroçável;Com Vítimas Feridas;Pleno dia;Decrescente;Céu Claro;Dupla;"Interseção de Vias;Reta;Declive";Sim;2;0;0;2;0;0;2;1;-25,3719;-49,134;SPRF-PR;DEL01-PR;UOP02-DEL01-PR