id;data_inversa;dia_semana;horario;uf;br;km;municipio;causa_acidente;tipo_acidente;classificacao_acidente;fase_dia;sentido_via;condicao_metereologica;tipo_pista;tracado_via;uso_solo;pessoas;mortos;feridos_leves;feridos_graves;ilesos;ignorados;feridos;veiculos;latitude;longitude;regional;delegacia;uop
584285;01/03/2024;sexta-feira;17:40:00;MG;381;499;BETIM;Manobra de mudança de faixa;Colisão traseira;Com Vítimas Feridas;Anoitecer;Crescente;Garoa/Chuvisco;Dupla;Reta;Sim;3;0;1;0;2;0;1;2;-20,01792651;-44,2261448;SPRF-MG;DEL01-MG;UOP03-DEL01-MG
584286;01/03/2024;sexta-feira;15:50:00;RO;364;236,6;CACOAL;Ausência de reação do condutor;Tombamento;Com Vítimas Feridas;Pleno dia;Crescente;Céu Claro;Simples;"Retorno Regulamentado;Reta";Sim;1;0;1;0;0;0;1;1;-11,443783;-61,444961;SPRF-RO;DEL02-RO;UOP02-DEL02-RO
584287;14/02/2024;quarta-feira;19:10:00;PR;277;63;SAO JOSE DOS PINHAIS;Condutor deixou de manter distância do veículo da frente;Engavetamento;Com Vítimas Feridas;Anoitecer;Crescente;Garoa/Chuvisco;Dupla;Reta;Não;8;0;3;0;5;0;3;3;-25,56100984;-49,01719293;SPRF-PR;DEL01-PR;UOP01-DEL01-PR
584289;01/03/2024;sexta-feira;17:40:00;PR;369;148,6;LONDRINA;Reação tardia ou ineficiente do condutor;Colisão traseira;Com Vítimas Feridas;Pleno dia;Decrescente;Céu Claro;Dupla;Aclive;Não;3;0;0;1;1;1;1;3;-23,293058;-51,148802;SPRF-PR;DEL07-PR;UOP01-DEL07-PR
584291;21/01/2024;domingo;18:24:00;BA;116;674;JEQUIE;Ausência de reação do condutor;Queda de ocupante de veículo;Com Vítimas Feridas;Anoitecer;Decrescente;Céu Claro;Simples;"Reta;Ponte";Não;2;0;1;1;0;0;2;1;-13,81715;-40,11209098;SPRF-BA;DEL03-BA;UOP01-DEL03-BA
584292;01/03/2024;sexta-feira;18:20:00;PB;230;19,9;JOAO PESSOA;Reação tardia ou ineficiente do condutor;Tombamento;Com Vítimas Feridas;Plena Noite;Crescente;Céu Claro;Dupla;Reta;Sim;1;0;1;0;0;0;1;1;-7,1281;-34,8466;SPRF-PB;DEL01-PB;UOP01-DEL01-PB
584295;01/03/2024;sexta-feira;18:10:00;RN;226;77;TANGARA;Ingestão de álcool pelo condutor;Colisão lateral mesmo sentido;Com Vítimas Feridas;Plena Noite;Crescente;Céu Claro;Simples;Reta;Não;4;0;2;0;0;2;2;2;-6,166733;-35,75857;SPRF-RN;DEL01-RN;UOP02-DEL01-RN
584296;01/03/2024;sexta-feira;16:30:00;BA;420;346;JAGUAQUARA;Velocidade Incompatível;Colisão frontal;Com Vítimas Feridas;Pleno dia;Crescente;Chuva;Simples;"Curva;Aclive";Não;3;0;0;2;0;1;2;2;-13,50380802;-40,02582899;SPRF-BA;DEL03-BA;UOP01-DEL03-BA
584298;01/03/2024;sexta-feira;15:40:00;MG;381;795,8;SAO GONCALO DO SAPUCAI;Reação tardia ou ineficiente do condutor;Tombamento;Com Vítimas Feridas;Pleno dia;Crescente;Céu Claro;Dupla;Reta;Não;1;0;1;0;0;0;1;1;-21,91431236;-45,57885684;SPRF-MG;DEL16-MG;UOP02-DEL16-MG
584299;01/03/2024;sexta-feira;13:20:00;RS;116;426;CRISTAL;Acessar a via sem observar a presença dos outros veículos;Queda de ocupante de veículo;Com Vítimas Feridas;Pleno dia;Decrescente;Céu Claro;Simples;Reta;Sim;2;0;1;0;1;0;1;2;-30,98614155;-52,02972422;SPRF-RS;DEL02-RS;UOP02-DEL02-RS
584301;01/03/2024;sexta-feira;18:30:00;SC;101;69,9;ARAQUARI;Ausência de reação do condutor;Engavetamento;Com Vítimas Feridas;Anoitecer;Crescente;Céu Claro;Dupla;Reta;Não;4;0;2;0;2;0;2;3;-26,512098;-48,722613;SPRF-SC;DEL03-SC;UOP02-DEL03-SC
584302;01/03/2024;sexta-feira;17:00:00;PR;376;4;MANDAGUARI;Acessar a via sem observar a presença dos outros veículos;Colisão transversal;Com Vítimas Feridas;Pleno dia;Decrescente;Céu Claro;Simples;"Interseção de Vias;Reta";Sim;3;0;0;2;1;0;2;2;-23,51723;-51,68521;SPRF-PR;DEL09-PR;UOP01-DEL09-PR
584303;01/03/2024;sexta-feira;17:05:00;GO;153;351;JARAGUA;Ultrapassagem Indevida;Saída de leito carroçável;Com Vítimas Feridas;Pleno dia;Crescente;Céu Claro;Simples;Reta;Não;1;0;1;0;0;0;1;1;-15,674459;-49,346455;SPRF-GO;DEL02-GO;UOP02-DEL02-GO
584304;01/03/2024;sexta-feira;17:30:00;SC;101;3;ARARANGUA;Desrespeitar a preferência no cruzamento;Colisão transversal;Com Vítimas Feridas;Pleno dia;Crescente;Céu Claro;Simples;"Retorno Regulamentado;Interseção de Vias;Reta";Não;4;0;0;2;1;1;2;3;-28,94740292;-49,50538695;SPRF-SC;DEL02-SC;UOP02-DEL02-SC
584305;01/03/2024;sexta-feira;16:00:00;MG;50;148;UBERABA;Demais falhas mecânicas ou elétricas;Saída de leito carroçável;Com Vítimas Feridas;Pleno dia;Crescente;Céu Claro;Dupla;Declive;Não;3;0;2;0;1;0;2;1;-19,54676795;-48,03584554;SPRF-MG;DEL13-MG;UOP01-DEL13-MG
584306;01/03/2024;sexta-feira;15:25:00;SP;153;35,8;NOVA GRANADA;Reação tardia ou ineficiente do condutor;Colisão traseira;Sem Vítimas;Pleno dia;Decrescente;Céu Claro;Múltipla;Reta;Não;3;0;0;0;3;0;0;3;-20,58054802;-49,31936791;SPRF-SP;DEL09-SP;UOP01-DEL09-SP
584309;01/03/2024;sexta-feira;20:00:00;MG;262;355;BETIM;Ausência de reação do condutor;Colisão com objeto;Com Vítimas Feridas;Plena Noite;Decrescente;Céu Claro;Dupla;Reta;Sim;1;0;1;0;0;0;1;1;-19,96466575;-44,17285107;SPRF-MG;DEL01-MG;UOP03-DEL01-MG
584310;01/03/2024;sexta-feira;18:50:00;RS;290;73,8;GRAVATAI;Manobra de mudança de faixa;Colisão lateral mesmo sentido;Com Vítimas Feridas;Pleno dia;Crescente;Nublado;Dupla;Reta;Sim;3;0;0;1;2;0;1;2;-29,9543861;-51,00102425;SPRF-RS;DEL03-RS;UOP01-DEL03-RS
584311;01/03/2024;sexta-feira;18:30:00;PB;230;381;CONDADO;Animais na Pista;Atropelamento de Animal;Com Vítimas Feridas;Plena Noite;Crescente;Céu Claro;Simples;Curva;Não;3;0;1;0;2;0;1;1;-6,9127;-37,6432;SPRF-PB;DEL03-PB;UOP02-DEL03-PB
584312;01/03/2024;sexta-feira;19:30:00;PR;373;174,2;PONTA GROSSA;Desrespeitar a preferência no cruzamento;Colisão transversal;Com Vítimas Feridas;Plena Noite;Crescente;Ignorado;Dupla;"Retorno Regulamentado;Reta";Sim;4;0;1;2;1;0;3;2;-25,07391239;-50,21086425;SPRF-PR;DEL03-PR;UOP01-DEL03-PR
584313;01/03/2024;sexta-feira;16:50:00;PR;376;183;SARANDI;Condutor deixou de manter distância do veículo da frente;Colisão traseira;Com Vítimas Feridas;Pleno dia;Decrescente;Céu Claro;Dupla;"Em Obras;Reta";Sim;2;0;1;0;1;0;1;2;-23,4375;-51,87755;SPRF-PR;DEL09-PR;UOP01-DEL09-PR
584314;01/03/2024;sexta-feira;20:00:00;RJ;116;257;PIRAI;Condutor deixou de manter distância do veículo da frente;Engavetamento;Com Vítimas Feridas;Plena Noite;Decrescente;Chuva;Dupla;Reta;Não;4;0;2;0;2;0;2;3;-22,583;-43,998;SPRF-RJ;DEL07-RJ;UOP01-DEL07-RJ
584315;01/03/2024;sexta-feira;20:30:00;SC;280;30,4;ARAQUARI;Condutor deixou de manter distância do veículo da frente;Colisão traseira;Com Vítimas Feridas;Plena Noite;Decrescente;Nublado;Simples;Reta;Não;2;0;1;0;1;0;1;2;-26,4141523;-48,76209493;SPRF-SC;DEL03-SC;UOP03-DEL03-SC
584316;01/03/2024;sexta-feira;19:40:00;CE;222;3;FORTALEZA;Ausência de reação do condutor;Colisão traseira;Com Vítimas Feridas;Plena Noite;Crescente;Céu Claro;Múltipla;Reta;Sim;3;0;2;0;1;0;2;2;-3,7403769;-38,59569202;SPRF-CE;DEL01-CE;UOP01-DEL01-CE
584317;01/03/2024;sexta-feira;19:10:00;PA;316;67;CASTANHAL;Ausência de reação do condutor;Tombamento;Com Vítimas Feridas;Plena Noite;Decrescente;Céu Claro;Dupla;Reta;Sim;1;0;0;1;0;0;1;1;-1,2948794;-47,89280703;SPRF-PA;DEL01-PA;UOP01-DEL01-PA
584318;01/03/2024;sexta-feira;17:50:00;MS;60;325,7;CAMPO GRANDE;Acessar a via sem observar a presença dos outros veículos;Colisão transversal;Com Vítimas Feridas;Anoitecer;Decrescente;Céu Claro;Simples;"Reta;Interseção de Vias";Não;5;0;2;1;2;0;3;2;-20,35683649;-54,52352436;SPRF-MS;DEL01-MS;UOP02-DEL01-MS
584320;01/03/2024;sexta-feira;20:40:00;SC;101;199,3;SAO JOSE;Velocidade Incompatível;Colisão traseira;Com Vítimas Feridas;Plena Noite;Decrescente;Nublado;Múltipla;Reta;Sim;2;0;0;1;1;0;1;2;-27,53413705;-48,63003205;SPRF-SC;DEL01-SC;UOP01-DEL01-SC
584321;01/03/2024;sexta-feira;19:02:00;AC;364;124;RIO BRANCO;Ingestão de álcool pelo condutor;Engavetamento;Sem Vítimas;Plena Noite;Crescente;Céu Claro;Dupla;Reta;Sim;3;0;0;0;3;0;0;3;-10,01152469;-67,79140099;SPRF-AC;DEL01-AC;UOP01-DEL01-AC
584322;01/03/2024;sexta-feira;20:30:00;PR;376;615,4;SAO JOSE DOS PINHAIS;Reação tardia ou ineficiente do condutor;Colisão lateral mesmo sentido;Com Vítimas Feridas;Plena Noite;Crescente;Céu Claro;Dupla;Reta;Sim;2;0;1;0;1;0;1;2;-25,569237;-49,183735;SPRF-PR;DEL01-PR;UOP04-DEL01-PR
584324;01/03/2024;sexta-feira;19:50:00;MG;116;413;GOVERNADOR VALADARES;Condutor deixou de manter distância do veículo da frente;Colisão traseira;Sem Vítimas;Plena Noite;Crescente;Chuva;Dupla;Reta;Sim;3;0;0;0;3;0;0;3;-18,88204651;-41,95777416;SPRF-MG;DEL06-MG;UOP01-DEL06-MG
584325;01/03/2024;sexta-feira;19:30:00;MG;116;716,7;MURIAE;Chuva;Capotamento;Com Vítimas Feridas;Plena Noite;Decrescente;Chuva;Simples;Curva;Não;1;0;1;0;0;0;1;1;-21,22111819;-42,39394611;SPRF-MG;DEL07-MG;UOP02-DEL07-MG
584326;01/03/2024;sexta-feira;14:30:00;MG;116;634,7;DIVINO;Acessar a via sem observar a presença dos outros veículos;Colisão transversal;Com Vítimas Feridas;Pleno dia;Decrescente;Nublado;Simples;Interseção de Vias;Não;6;0;5;0;1;0;5;2;-20,61516;-42,217882;SPRF-MG;DEL07-MG;UOP02-DEL07-MG
584327;01/03/2024;sexta-feira;19:45:00;RS;290;469,1;ROSARIO DO SUL;Ausência de reação do condutor;Colisão frontal;Sem Vítimas;Anoitecer;Decrescente;Nublado;Simples;Reta;Não;3;0;0;0;3;0;0;2;-30,243505;-54,807331;SPRF-RS;DEL11-RS;UOP02-DEL11-RS
584328;01/03/2024;sexta-feira;21:05:00;PR;163;233,7;TOLEDO;Avarias e/ou desgaste excessivo no pneu;Tombamento;Com Vítimas Feridas;Plena Noite;Crescente;Céu Claro;Dupla;"Curva;Aclive";Não;1;0;0;1;0;0;1;1;-24,775033;-53,683098;SPRF-PR;DEL04-PR;UOP01-DEL04-PR
584329;01/03/2024;sexta-feira;20:30:00;MG;40;509,4;RIBEIRAO DAS NEVES;Condutor deixou de manter distância do veículo da frente;Engavetamento;Com Vítimas Feridas;Plena Noite;Decrescente;Céu Claro;Dupla;Reta;Sim;5;0;1;0;3;1;1;4;-19,77053;-44,126718;SPRF-MG;DEL01-MG;UOP02-DEL01-MG
584332;01/03/2024;sexta-feira;19:15:00;MG;50;37;ARAGUARI;Ausência de reação do condutor;Saída de leito carroçável;Sem Vítimas;Plena Noite;Crescente;Céu Claro;Dupla;Curva;Não;1;0;0;0;1;0;0;1;-18,564273;-48,056294;SPRF-MG;DEL15-MG;UOP02-DEL15-MG
584333;01/03/2024;sexta-feira;21:30:00;BA;324;528;FEIRA DE SANTANA;Acessar a via sem observar a presença dos outros veículos;Colisão transversal;Com Vítimas Fatais;Plena Noite;Crescente;Céu Claro;Dupla;Reta;Sim;2;1;0;0;1;0;0;2;-12,31728191;-38,87612093;SPRF-BA;DEL01-BA;UOP03-DEL01-BA
584334;01/03/2024;sexta-feira;21:40:00;SC;101;126,4;ITAJAI;Trafegar com motocicleta (ou similar) entre as faixas;Tombamento;Com Vítimas Feridas;Plena Noite;Crescente;Nublado;Dupla;Reta;Não;1;0;1;0;0;0;1;1;-26,95564404;-48,67978366;SPRF-SC;DEL04-SC;UOP04-DEL04-SC
584335;01/03/2024;sexta-feira;17:10:00;AL;423;3,9;OURO BRANCO;Ausência de reação do condutor;Queda de ocupante de veículo;Com Vítimas Fatais;Pleno dia;Crescente;Nublado;Simples;Reta;Não;1;1;0;0;0;0;0;1;-9,13729203;-37,31506;SPRF-AL;DEL03-AL;UOP02-DEL03-AL
584337;01/03/2024;sexta-feira;20:56:00;PR;277;52;SAO JOSE DOS PINHAIS;Demais falhas mecânicas ou elétricas;Tombamento;Com Vítimas Feridas;Plena Noite;Decrescente;Chuva;Dupla;Reta;Não;2;0;2;0;0;0;2;1;-25,58043;-48,964579;SPRF-PR;DEL01-PR;UOP01-DEL01-PR
584340;01/03/2024;sexta-feira;15:15:00;PR;376;440,2;TIBAGI;Reação tardia ou ineficiente do condutor;Colisão com objeto;Com Vítimas Feridas;Pleno dia;Crescente;Chuva;Dupla;"Aclive;Curva";Não;1;0;1;0;0;0;1;1;-24,85877828;-50,45246312;SPRF-PR;DEL03-PR;UOP02-DEL03-PR
584342;01/03/2024;sexta-feira;19:40:00;SC;470;244,8;CURITIBANOS;Entrada inopinada do pedestre;Atropelamento de Pedestre;Com Vítimas Feridas;Plena Noite;Decrescente;Céu Claro;Simples;"Reta;Declive";Não;3;0;0;1;2;0;1;2;-27,315371;-50,522919;SPRF-SC;DEL05-SC;UOP03-DEL05-SC
584344;01/03/2024;sexta-feira;20:00:00;MG;153;108;PRATA;Animais na Pista;Atropelamento de Animal;Com Vítimas Feridas;Plena Noite;Crescente;Céu Claro;Simples;Reta;Sim;2;0;1;0;1;0;1;1;-19,29654087;-48,90748046;SPRF-MG;DEL15-MG;UOP03-DEL15-MG
584345;01/03/2024;sexta-feira;20:10:00;RJ;393;106;SAPUCAIA;Transitar na contramão;Colisão frontal;Com Vítimas Feridas;Plena Noite;Crescente;Chuva;Simples;Reta;Não;2;0;2;0;0;0;2;2;-21,87764485;-42,67025797;SPRF-RJ;DEL05-RJ;UOP01-DEL05-RJ
584346;17/01/2024;quarta-feira;08:20:00;MG;50;72;UBERLANDIA;Condutor deixou de manter distância do veículo da frente;Colisão traseira;Com Vítimas Feridas;Pleno dia;Crescente;Céu Claro;Dupla;Reta;Sim;2;0;1;0;0;1;1;2;-18,85140204;-48,25345932;SPRF-MG;DEL15-MG;UOP01-DEL15-MG
584347;01/03/2024;sexta-feira;18:30:00;MG;50;49;ARAGUARI;Ausência de reação do condutor;Colisão com objeto;Sem Vítimas;Plena Noite;Crescente;Céu Claro;Dupla;Curva;Não;1;0;0;0;1;0;0;1;-18,73655;-48,227393;SPRF-MG;DEL15-MG;UOP02-DEL15-MG
584348;01/03/2024;sexta-feira;22:10:00;PE;232;510;SALGUEIRO;Ausência de reação do condutor;Tombamento;Com Vítimas Feridas;Plena Noite;Decrescente;Garoa/Chuvisco;Simples;"Reta;Declive";Não;2;0;1;1;0;0;2;1;-8,067472;-39,13817;SPRF-PE;DEL05-PE;UOP01-DEL05-PE
584350;01/03/2024;sexta-feira;17:15:00;MG;116;509,2;UBAPORANGA;Acessar a via sem observar a presença dos outros veículos;Colisão transversal;Com Vítimas Feridas;Pleno dia;Crescente;Céu Claro;Simples;Reta;Sim;2;0;2;0;0;0;2;2;-19,63654904;-42,10593182;SPRF-MG;DEL06-MG;UOP02-DEL06-MG
584351;01/03/2024;sexta-feira;23:21:00;ES;101;269;SERRA;Ausência de reação do condutor;Colisão transversal;Sem Vítimas;Plena Noite;Crescente;Chuva;Múltipla;"Reta;Interseção de Vias";Sim;2;0;0;0;2;0;0;2;-20,21740496;-40,26990578;SPRF-ES;DEL02-ES;UOP01-DEL02-ES
584352;01/03/2024;sexta-feira;21:05:00;MG;116;571;MANHUACU;Ausência de reação do condutor;Colisão com objeto;Sem Vítimas;Plena Noite;Crescente;Nublado;Simples;Reta;Não;1;0;0;0;1;0;0;1;-20,11476401;-42,18102184;SPRF-MG;DEL06-MG;UOP03-DEL06-MG
584354;01/03/2024;sexta-feira;21:40:00;MT;163;848;SINOP;Reação tardia ou ineficiente do condutor;Saída de leito carroçável;Com Vítimas Feridas;Plena Noite;Crescente;Céu Claro;Simples;Reta;Não;1;0;1;0;0;0;1;1;-11,74532;-55,465099;SPRF-MT;DEL06-MT;UOP02-DEL06-MT
584355;01/03/2024;sexta-feira;23:00:00;BA;101;111;ALAGOINHAS;Manobra de mudança de faixa;Colisão frontal;Com Vítimas Feridas;Plena Noite;Crescente;Céu Claro;Simples;Reta;Não;3;0;2;0;0;1;2;3;-12,16246647;-38,48586813;SPRF-BA;DEL01-BA;UOP04-DEL01-BA
584356;01/03/2024;sexta-feira;23:10:00;RS;158;512;SANTANA DO LIVRAMENTO;Animais na Pista;Atropelamento de Animal;Com Vítimas Feridas;Plena Noite;Crescente;Céu Claro;Simples;Reta;Não;2;0;2;0;0;0;2;1;-30,62499696;-55,1043761;SPRF-RS;DEL11-RS;UOP01-DEL11-RS
584357;01/03/2024;sexta-feira;23:36:00;RJ;101;529;ANGRA DOS REIS;Demais falhas mecânicas ou elétricas;Capotamento;Com Vítimas Feridas;Plena Noite;Decrescente;Nublado;Simples;Curva;Não;3;0;0;1;2;0;1;1;-23,02483585;-44,50876994;SPRF-RJ;DEL03-RJ;UOP03-DEL03-RJ
584361;01/03/2024;sexta-feira;22:00:00;MG;116;424,9;ALPERCATA;Entrada inopinada do pedestre;Atropelamento de Pedestre;Com Vítimas Fatais;Plena Noite;Crescente;Chuva;Simples;Reta;Não;2;1;0;0;0;1;0;2;-18,96323866;-41,97074533;SPRF-MG;DEL06-MG;UOP01-DEL06-MG
584363;01/03/2024;sexta-feira;21:45:00;SC;101;406;ARARANGUA;Demais falhas mecânicas ou elétricas;Incêndio;Sem Vítimas;Plena Noite;Decrescente;Céu Claro;Múltipla;"Viaduto;Curva";Não;1;0;0;0;1;0;0;1;-28,89284011;-49,46880088;SPRF-SC;DEL02-SC;UOP02-DEL02-SC
584364;01/03/2024;sexta-feira;22:57:00;SP;116;505;CAJATI;Reação tardia ou ineficiente do condutor;Saída de leito carroçável;Com Vítimas Feridas;Plena Noite;Decrescente;Garoa/Chuvisco;Simples;"Declive;Reta";Não;1;0;1;0;0;0;1;1;-24,79028098;-48,21075278;SPRF-SP;DEL05-SP;UOP02-DEL05-SP
584365;01/03/2024;sexta-feira;18:47:00;AC;364;121;RIO BRANCO;Reação tardia ou ineficiente do condutor;Atropelamento de Pedestre;Com Vítimas Feridas;Plena Noite;Crescente;Céu Claro;Dupla;Reta;Sim;2;0;1;1;0;0;2;2;-10,01209268;-67,764365;SPRF-AC;DEL01-AC;UOP01-DEL01-AC
584366;02/03/2024;sábado;00:20:00;CE;116;10,6;FORTALEZA;Ingestão de álcool pelo condutor;Colisão transversal;Com Vítimas Fatais;Plena Noite;Crescente;Céu Claro;Dupla;Reta;Sim;2;1;1;0;0;0;1;2;-3,84394724;-38,49891546;SPRF-CE;DEL01-CE;UOP02-DEL01-CE
584367;01/03/2024;sexta-feira;19:52:00;MG;50;173;UBERABA;Ingestão de álcool pelo condutor;Saída de leito carroçável;Sem Vítimas;Plena Noite;Crescente;Céu Claro;Dupla;Reta;Sim;1;0;0;0;1;0;0;1;-19,7624352;-47,97701547;SPRF-MG;DEL13-MG;UOP01-DEL13-MG
584368;01/03/2024;sexta-feira;21:44:00;PI;316;6;TERESINA;Acesso irregular;Colisão transversal;Com Vítimas Feridas;Plena Noite;Crescente;Nublado;Múltipla;Reta;Sim;2;0;2;0;0;0;2;2;-5,14702095;-42,77438982;SPRF-PI;DEL01-PI;UOP02-DEL01-PI
584370;01/03/2024;sexta-feira;23:45:00;MG;116;275,8;TEOFILO OTONI;Retorno proibido;Colisão lateral mesmo sentido;Com Vítimas Feridas;Plena Noite;Decrescente;Nublado;Simples;Reta;Sim;5;0;1;0;4;0;1;2;-17,84235093;-41,51410418;SPRF-MG;DEL11-MG;UOP01-DEL11-MG
584372;02/03/2024;sábado;00:55:00;SC;280;47;GUARAMIRIM;Ingestão de álcool pelo condutor;Capotamento;Com Vítimas Feridas;Plena Noite;Decrescente;Garoa/Chuvisco;Simples;"Reta;Em Obras";Não;1;0;0;1;0;0;1;1;-26,45353692;-48,917876;SPRF-SC;DEL03-SC;UOP03-DEL03-SC
584373;01/03/2024;sexta-feira;20:20:00;RJ;393;246;BARRA DO PIRAI;Velocidade Incompatível;Colisão com objeto;Sem Vítimas;Plena Noite;Crescente;Chuva;Simples;Curva;Não;1;0;0;0;0;1;0;1;-22,4238079;-43,7635604;SPRF-RJ;DEL05-RJ;UOP04-DEL05-RJ
584376;02/03/2024;sábado;01:15:00;BA;116;540;ITATIM;Reação tardia ou ineficiente do condutor;Colisão frontal;Com Vítimas Fatais;Plena Noite;Crescente;Céu Claro;Simples;Reta;Não;2;1;0;0;0;1;0;2;-12,78714208;-39,8176587;SPRF-BA;DEL03-BA;UOP02-DEL03-BA
584377;02/03/2024;sábado;02:00:00;RS;116;225;DOIS IRMAOS;Reação tardia ou ineficiente do condutor;Queda de ocupante de veículo;Com Vítimas Feridas;Plena Noite;Crescente;Céu Claro;Simples;"Reta;Aclive";Sim;2;0;1;0;1;0;1;1;-29,59704588;-51,10912224;SPRF-RS;DEL01-RS;UOP02-DEL01-RS
584378;02/03/2024;sábado;01:50:00;PR;369;201,3;APUCARANA;Condutor Dormindo;Queda de ocupante de veículo;Com Vítimas Feridas;Plena Noite;Crescente;Céu Claro;Simples;Reta;Sim;1;0;1;0;0;0;1;1;-23,53766817;-51,45697832;SPRF-PR;DEL07-PR;UOP03-DEL07-PR
584379;02/03/2024;sábado;02:27:00;PE;116;68,8;CABROBO;Animais na Pista;Atropelamento de Animal;Com Vítimas Feridas;Plena Noite;Decrescente;Nublado;Simples;Reta;Não;1;0;1;0;0;0;1;1;-8,425984;-39,176525;SPRF-PE;DEL05-PE;UOP03-DEL05-PE
584380;02/03/2024;sábado;02:19:00;RN;101;26;RIO DO FOGO;Animais na Pista;Tombamento;Com Vítimas Fatais;Plena Noite;Crescente;Nublado;Simples;Reta;Não;1;1;0;0;0;0;0;1;-5,33861688;-35,39702083;SPRF-RN;DEL02-RN;UOP01-DEL02-RN
584382;01/03/2024;sexta-feira;18:15:00;SP;116;515;CAJATI;Velocidade Incompatível;Capotamento;Com Vítimas Feridas;Plena Noite;Decrescente;Garoa/Chuvisco;Dupla;"Declive;Curva";Não;1;0;1;0;0;0;1;1;-24,86704083;-48,21738184;SPRF-SP;DEL05-SP;UOP02-DEL05-SP
584383;02/03/2024;sábado;04:00:00;GO;40;2,8;VALPARAISO DE GOIAS;Ingestão de álcool pelo condutor;Colisão lateral mesmo sentido;Com Vítimas Feridas;Plena Noite;Crescente;Céu Claro;Dupla;Retorno Regulamentado;Sim;3;0;1;0;2;0;1;2;-16,067129;-47,984235;SPRF-DF;DEL01-DF;UOP01-DEL01-DF
584385;02/03/2024;sábado;04:09:00;SP;116;561;BARRA DO TURVO;Reação tardia ou ineficiente do condutor;Saída de leito carroçável;Com Vítimas Feridas;Plena Noite;Crescente;Nevoeiro/Neblina;Dupla;"Declive;Curva";Não;3;0;1;0;2;0;1;1;-25,02045097;-48,51586004;SPRF-SP;DEL05-SP;UOP02-DEL05-SP
584386;02/03/2024;sábado;03:55:00;PR;376;187;MARIALVA;Condutor deixou de manter distância do veículo da frente;Colisão traseira;Com Vítimas Feridas;Plena Noite;Crescente;Céu Claro;Dupla;Reta;Sim;2;0;1;0;1;0;1;2;-23,46141044;-51,83659926;SPRF-PR;DEL09-PR;UOP01-DEL09-PR
584388;02/03/2024;sábado;05:00:00;AL;316;86;SANTANA DO IPANEMA;Ausência de reação do condutor;Queda de ocupante de veículo;Com Vítimas Feridas;Amanhecer;Crescente;Céu Claro;Simples;"Declive;Reta";Sim;1;0;1;0;0;0;1;1;-9,37323821;-37,23532807;SPRF-AL;DEL03-AL;UOP02-DEL03-AL
584389;02/03/2024;sábado;05:00:00;RS;116;152;CAXIAS DO SUL;Pedestre - Ingestão de álcool/ substâncias psicoativas;Atropelamento de Pedestre;Com Vítimas Feridas;Amanhecer;Crescente;Céu Claro;Dupla;"Reta;Interseção de Vias";Sim;2;0;0;1;1;0;1;2;-29,1829343;-51,16801501;SPRF-RS;DEL05-RS;UOP01-DEL05-RS
584391;02/03/2024;sábado;05:40:00;PB;101;59;SANTA RITA;Reação tardia ou ineficiente do condutor;Saída de leito carroçável;Com Vítimas Feridas;Amanhecer;Crescente;Céu Claro;Dupla;Retorno Regulamentado;Sim;1;0;1;0;0;0;1;1;-6,99376536;-35,0691855;SPRF-PB;DEL01-PB;UOP04-DEL01-PB
584392;02/03/2024;sábado;05:30:00;MG;116;276;TEOFILO OTONI;Demais falhas mecânicas ou elétricas;Incêndio;Sem Vítimas;Amanhecer;Decrescente;Nublado;Múltipla;"Reta;Aclive";Sim;2;0;0;0;2;0;0;1;-17,85105696;-41,51454492;SPRF-MG;DEL11-MG;UOP01-DEL11-MG
584394;02/03/2024;sábado;05:54:00;RN;101;82,8;NATAL;Ausência de sinalização;Colisão com objeto;Com Vítimas Feridas;Pleno dia;Crescente;Céu Claro;Dupla;Reta;Sim;2;0;1;0;0;1;1;2;-5,76791511;-35,27456305;SPRF-RN;DEL02-RN;UOP01-DEL02-RN
584395;02/03/2024;sábado;06:45:00;SC;282;5,8;SAO JOSE;Reação tardia ou ineficiente do condutor;Colisão com objeto;Com Vítimas Feridas;Pleno dia;Crescente;Céu Claro;Simples;Curva;Não;2;0;2;0;0;0;2;1;-27,588425;-48,612919;SPRF-SC;DEL01-SC;UOP01-DEL01-SC
584399;02/03/2024;sábado;03:30:00;BA;101;73;ENTRE RIOS;Ausência de reação do condutor;Colisão traseira;Com Vítimas Feridas;Plena Noite;Decrescente;Céu Claro;Dupla;Reta;Não;4;0;2;0;2;0;2;2;-11,98806109;-38,22260493;SPRF-BA;DEL01-BA;UOP04-DEL01-BA
584401;02/03/2024;sábado;06:50:00;PB;230;22,4;JOAO PESSOA;Condutor deixou de manter distância do veículo da frente;Colisão lateral mesmo sentido;Com Vítimas Feridas;Pleno dia;Decrescente;Céu Claro;Dupla;Reta;Não;2;0;0;1;1;0;1;2;-7,1495;-34,8517;SPRF-PB;DEL01-PB;UOP01-DEL01-PB
584402;01/03/2024;sexta-feira;22:45:00;RJ;356;29;ITAPERUNA;Condutor deixou de manter distância do veículo da frente;Colisão traseira;Com Vítimas Feridas;Plena Noite;Decrescente;Garoa/Chuvisco;Simples;Reta;Sim;2;0;2;0;0;0;2;2;-21,18543163;-41,92667098;SPRF-RJ;DEL08-RJ;UOP03-DEL08-RJ