id;data_inversa;dia_semana;horario;uf;br;km;municipio;causa_acidente;tipo_acidente;classificacao_acidente;fase_dia;sentido_via;condicao_metereologica;tipo_pista;tracado_via;uso_solo;pessoas;mortos;feridos_leves;feridos_graves;ilesos;ignorados;feridos;veiculos;latitude;longitude;regional;delegacia;uop
584404;02/03/2024;sábado;05:50:00;MT;364;192,5;RONDONOPOLIS;Condutor Dormindo;Saída de leito carroçável;Com Vítimas Feridas;Amanhecer;Decrescente;Céu Claro;Simples;Reta;Não;1;0;1;0;0;0;1;1;-16,53966412;-54,57939925;SPRF-MT;DEL02-MT;UOP01-DEL02-MT
584406;02/03/2024;sábado;07:20:00;SP;381;38;ATIBAIA;Reação tardia ou ineficiente do condutor;Colisão com objeto;Sem Vítimas;Pleno dia;Crescente;Céu Claro;Simples;"Aclive;Curva";Sim;1;0;0;0;1;0;0;1;-23,1133221;-46,57174974;SPRF-SP;DEL03-SP;UOP01-DEL03-SP
584407;02/03/2024;sábado;06:30:00;GO;153;634,5;MORRINHOS;Ausência de reação do condutor;Saída de leito carroçável;Com Vítimas Feridas;Amanhecer;Decrescente;Céu Claro;Dupla;Reta;Não;1;0;1;0;0;0;1;1;-17,828;-49,2142;SPRF-GO;DEL03-GO;UOP01-DEL03-GO
584410;02/03/2024;sábado;08:00:00;PB;101;88;JOAO PESSOA;Manobra de mudança de faixa;Tombamento;Com Vítimas Feridas;Pleno dia;Crescente;Céu Claro;Dupla;Reta;Não;1;0;1;0;0;0;1;1;-7,16470016;-34,89993643;SPRF-PB;DEL01-PB;UOP01-DEL01-PB
584412;02/03/2024;sábado;06:30:00;RS;386;45,1;SEBERI;Ausência de reação do condutor;Atropelamento de Pedestre;Com Vítimas Fatais;Amanhecer;Crescente;Céu Claro;Simples;Reta;Não;2;1;0;0;0;1;0;2;-27,448933;-53,414272;SPRF-RS;DEL08-RS;UOP02-DEL08-RS
584413;02/03/2024;sábado;08:20:00;RJ;40;108;DUQUE DE CAXIAS;Transitar na contramão;Queda de ocupante de veículo;Com Vítimas Feridas;Pleno dia;Decrescente;Céu Claro;Simples;Reta;Sim;2;0;0;1;0;1;1;2;-22,66282874;-43,28439474;SPRF-RJ;DEL01-RJ;UOP02-DEL01-RJ
584415;02/03/2024;sábado;08:30:00;BA;116;421;FEIRA DE SANTANA;Ausência de reação do condutor;Saída de leito carroçável;Com Vítimas Feridas;Pleno dia;Crescente;Sol;Dupla;Rotatória;Sim;1;0;1;0;0;0;1;1;-12,230309;-38,964883;SPRF-BA;DEL02-BA;UOP01-DEL02-BA
584418;02/03/2024;sábado;06:30:00;PB;230;514,2;CAJAZEIRAS;Acumulo de água sobre o pavimento;Colisão frontal;Com Vítimas Feridas;Pleno dia;Crescente;Chuva;Simples;"Reta;Declive";Não;3;0;0;2;1;0;2;2;-6,8803;-38,6309;SPRF-PB;DEL03-PB;UOP03-DEL03-PB
584419;15/02/2024;quinta-feira;16:20:00;GO;60;182,5;ABADIA DE GOIAS;Manobra de mudança de faixa;Saída de leito carroçável;Com Vítimas Feridas;Pleno dia;Crescente;Garoa/Chuvisco;Dupla;Reta;Não;2;0;2;0;0;0;2;1;-16,7778;-49,489;SPRF-GO;DEL01-GO;UOP02-DEL01-GO
584420;02/03/2024;sábado;08:10:00;PE;101;42;IGARASSU;Manobra de mudança de faixa;Colisão lateral mesmo sentido;Com Vítimas Feridas;Pleno dia;Decrescente;Céu Claro;Múltipla;Reta;Sim;3;0;2;0;1;0;2;2;-7,841255;-34,911299;SPRF-PE;DEL01-PE;UOP02-DEL01-PE
584421;02/03/2024;sábado;08:45:00;RS;386;49,4;SEBERI;Acessar a via sem observar a presença dos outros veículos;Colisão transversal;Com Vítimas Feridas;Pleno dia;Decrescente;Céu Claro;Simples;Reta;Sim;3;0;3;0;0;0;3;2;-27,482555;-53,392845;SPRF-RS;DEL08-RS;UOP02-DEL08-RS
584422;02/03/2024;sábado;07:20:00;PB;230;128,4;CAMPINA GRANDE;Retorno proibido;Colisão transversal;Com Vítimas Feridas;Pleno dia;Crescente;Céu Claro;Dupla;Reta;Não;2;0;1;0;1;0;1;2;-7,26361053;-35,71603417;SPRF-PB;DEL02-PB;UOP01-DEL02-PB
584423;02/03/2024;sábado;08:30:00;PR;277;673;MEDIANEIRA;Reação tardia ou ineficiente do condutor;Colisão com objeto;Com Vítimas Feridas;Pleno dia;Decrescente;Céu Claro;Dupla;"Viaduto;Reta;Em Obras";Sim;1;0;1;0;0;0;1;1;-25,29056476;-54,10646111;SPRF-PR;DEL05-PR;UOP01-DEL05-PR
584424;02/03/2024;sábado;08:15:00;MG;50;195;UBERABA;Reação tardia ou ineficiente do condutor;Colisão traseira;Com Vítimas Feridas;Pleno dia;Crescente;Céu Claro;Dupla;"Reta;Declive";Não;4;0;3;0;1;0;3;2;-19,89522626;-47,84311039;SPRF-MG;DEL13-MG;UOP01-DEL13-MG
584426;02/03/2024;sábado;08:20:00;RS;285;492,7;ENTRE-IJUIS;Manobra de mudança de faixa;Colisão traseira;Com Vítimas Fatais;Pleno dia;Crescente;Céu Claro;Simples;Reta;Não;5;1;2;1;1;0;3;2;-28,37501882;-54,22881603;SPRF-RS;DEL10-RS;UOP01-DEL10-RS
584428;02/03/2024;sábado;09:00:00;RJ;101;320;NITEROI;Avarias e/ou desgaste excessivo no pneu;Tombamento;Com Vítimas Feridas;Pleno dia;Crescente;Céu Claro;Dupla;Curva;Não;2;0;1;0;1;0;1;1;-22,86171098;-43,10714015;SPRF-RJ;DEL02-RJ;UOP01-DEL02-RJ
584429;02/03/2024;sábado;09:05:00;RN;101;83;SAO GONCALO DO AMARANTE;Manobra de mudança de faixa;Colisão lateral mesmo sentido;Com Vítimas Feridas;Pleno dia;Crescente;Sol;Dupla;Reta;Sim;2;0;1;0;1;0;1;2;-5,7710445;-35,26616981;SPRF-RN;DEL02-RN;UOP01-DEL02-RN
584431;02/03/2024;sábado;09:00:00;RJ;101;542;PARATY;Chuva;Saída de leito carroçável;Com Vítimas Feridas;Pleno dia;Decrescente;Chuva;Simples;Curva;Não;3;0;3;0;0;0;3;1;-23,04128085;-44,59583503;SPRF-RJ;DEL03-RJ;UOP04-DEL03-RJ
584432;02/03/2024;sábado;09:20:00;SC;282;501;XANXERE;Desrespeitar a preferência no cruzamento;Colisão transversal;Com Vítimas Feridas;Pleno dia;Crescente;Céu Claro;Dupla;Rotatória;Sim;6;0;4;0;2;0;4;2;-26,882715;-52,381729;SPRF-SC;DEL07-SC;UOP01-DEL07-SC
584433;02/03/2024;sábado;08:00:00;AC;364;132;RIO BRANCO;Frear bruscamente;Colisão traseira;Sem Vítimas;Pleno dia;Crescente;Céu Claro;Dupla;Reta;Sim;2;0;0;0;2;0;0;2;-10,01005063;-67,84552927;SPRF-AC;DEL01-AC;UOP01-DEL01-AC
584435;02/03/2024;sábado;07:50:00;BA;101;106;ALAGOINHAS;Acessar a via sem observar a presença dos outros veículos;Colisão transversal;Com Vítimas Feridas;Pleno dia;Crescente;Céu Claro;Simples;Reta;Sim;3;0;1;1;1;0;2;2;-12,15963868;-38,41162324;SPRF-BA;DEL01-BA;UOP04-DEL01-BA
584437;23/02/2024;sexta-feira;20:30:00;RN;110;43,4;MOSSORO;Animais na Pista;Atropelamento de Animal;Com Vítimas Feridas;Plena Noite;Crescente;Ignorado;Simples;Reta;Sim;1;0;1;0;0;0;1;1;-5,18223639;-37,29640087;SPRF-RN;DEL04-RN;UOP01-DEL04-RN
584439;23/02/2024;sexta-feira;08:15:00;PR;277;94;CURITIBA;Manobra de mudança de faixa;Colisão lateral mesmo sentido;Com Vítimas Feridas;Amanhecer;Decrescente;Céu Claro;Dupla;Reta;Sim;3;0;1;0;1;1;1;3;-25,43117049;-49,31616247;SPRF-PR;DEL01-PR;UOP06-DEL01-PR
584441;02/03/2024;sábado;10:25:00;PB;101;88;JOAO PESSOA;Ausência de reação do condutor;Engavetamento;Sem Vítimas;Pleno dia;Crescente;Céu Claro;Dupla;Interseção de Vias;Não;3;0;0;0;3;0;0;3;-7,16901715;-34,89705432;SPRF-PB;DEL01-PB;UOP01-DEL01-PB
584442;02/03/2024;sábado;10:50:00;MG;262;476,3;BOM DESPACHO;Condutor Dormindo;Saída de leito carroçável;Com Vítimas Feridas;Pleno dia;Decrescente;Sol;Simples;Reta;Não;1;0;0;1;0;0;1;1;-19,78695468;-45,24694654;SPRF-MG;DEL08-MG;UOP03-DEL08-MG
584443;02/03/2024;sábado;11:10:00;BA;324;608;SIMOES FILHO;Condutor deixou de manter distância do veículo da frente;Engavetamento;Com Vítimas Feridas;Pleno dia;Crescente;Sol;Dupla;Reta;Sim;3;0;1;0;2;0;1;3;-12,81182914;-38,40478762;SPRF-BA;DEL01-BA;UOP01-DEL01-BA
584444;02/03/2024;sábado;08:15:00;PI;343;299,6;ALTOS;Condutor Dormindo;Saída de leito carroçável;Com Vítimas Feridas;Pleno dia;Decrescente;Sol;Simples;Reta;Não;1;0;1;0;0;0;1;1;-4,995781;-42,408192;SPRF-PI;DEL01-PI;UOP03-DEL01-PI
584445;02/03/2024;sábado;10:50:00;MG;40;511;RIBEIRAO DAS NEVES;Condutor deixou de manter distância do veículo da frente;Tombamento;Com Vítimas Feridas;Pleno dia;Crescente;Céu Claro;Dupla;"Declive;Reta";Não;2;0;1;0;1;0;1;1;-19,78164295;-44,11733194;SPRF-MG;DEL01-MG;UOP02-DEL01-MG
584446;02/03/2024;sábado;11:25:00;RS;287;247,4;SANTA MARIA;Manobra de mudança de faixa;Colisão com objeto;Com Vítimas Feridas;Pleno dia;Crescente;Céu Claro;Dupla;"Viaduto;Aclive;Reta";Sim;4;0;3;0;1;0;3;1;-29,69991534;-53,84176017;SPRF-RS;DEL09-RS;UOP01-DEL09-RS
584450;02/03/2024;sábado;11:00:00;PE;NA;NA;POMBOS;Ausência de reação do condutor;Eventos atípicos;Sem Vítimas;Pleno dia;Não Informado;Céu Claro;Simples;Aclive;Sim;4;0;0;0;4;0;0;2;-8,14833;-35,40434;SPRF-PE;DEL02-PE;UOP02-DEL02PE
584453;02/03/2024;sábado;08:35:00;SC;101;374;ICARA;Ausência de reação do condutor;Colisão traseira;Com Vítimas Feridas;Pleno dia;Crescente;Sol;Dupla;Reta;Não;2;0;1;0;0;1;1;2;-28,72411;-49,23808;SPRF-SC;DEL02-SC;UOP01-DEL02-SC
584455;02/03/2024;sábado;12:10:00;RS;116;152,3;CAXIAS DO SUL;Reação tardia ou ineficiente do condutor;Colisão transversal;Com Vítimas Feridas;Pleno dia;Crescente;Céu Claro;Dupla;"Declive;Curva";Sim;3;0;2;0;0;1;2;3;-29,1829343;-51,16801501;SPRF-RS;DEL05-RS;UOP01-DEL05-RS
584457;02/03/2024;sábado;12:46:00;MG;381;874,3;ESTIVA;Manobra de mudança de faixa;Colisão transversal;Com Vítimas Feridas;Pleno dia;Decrescente;Sol;Dupla;Reta;Não;3;0;2;0;1;0;2;2;-22,45619351;-46,00792634;SPRF-MG;DEL16-MG;UOP01-DEL16-MG
584459;02/03/2024;sábado;12:20:00;PR;116;122;CURITIBA;Ausência de reação do condutor;Colisão com objeto;Com Vítimas Feridas;Pleno dia;Crescente;Céu Claro;Simples;Retorno Regulamentado;Sim;1;0;1;0;0;0;1;1;-25,610058;-49,319205;SPRF-PR;DEL01-PR;UOP03-DEL01-PR
584463;02/03/2024;sábado;09:55:00;MG;116;496,9;INHAPIM;Acessar a via sem observar a presença dos outros veículos;Colisão transversal;Com Vítimas Feridas;Pleno dia;Crescente;Nublado;Simples;Reta;Não;2;0;1;0;1;0;1;2;-19,52772702;-42,12719586;SPRF-MG;DEL06-MG;UOP02-DEL06-MG
584464;02/03/2024;sábado;13:15:00;SC;282;20,9;PALHOCA;Ingestão de álcool pelo condutor;Colisão lateral sentido oposto;Com Vítimas Feridas;Pleno dia;Crescente;Céu Claro;Simples;"Declive;Reta";Sim;3;0;0;1;2;0;1;3;-27,683958;-48,71006;SPRF-SC;DEL01-SC;UOP02-DEL01-SC
584465;02/03/2024;sábado;08:50:00;CE;230;56;LAVRAS DA MANGABEIRA;Reação tardia ou ineficiente do condutor;Colisão lateral mesmo sentido;Com Vítimas Fatais;Pleno dia;Crescente;Céu Claro;Simples;"Declive;Reta";Não;4;2;0;1;1;0;1;2;-6,76659613;-39,10003302;SPRF-CE;DEL05-CE;UOP01-DEL05-CE
584467;02/03/2024;sábado;12:50:00;RJ;101;473;ANGRA DOS REIS;Reação tardia ou ineficiente do condutor;Colisão traseira;Com Vítimas Feridas;Pleno dia;Crescente;Nublado;Múltipla;Reta;Não;2;0;1;0;1;0;1;2;-22,990198;-44,242258;SPRF-RJ;DEL03-RJ;UOP03-DEL03-RJ
584468;02/03/2024;sábado;13:00:00;PR;116;111;CURITIBA;Acessar a via sem observar a presença dos outros veículos;Colisão com objeto;Com Vítimas Feridas;Pleno dia;Crescente;Céu Claro;Dupla;Reta;Não;2;0;1;0;1;0;1;2;-25,56885181;-49,22724597;SPRF-PR;DEL01-PR;UOP07-DEL01-PR
584471;02/03/2024;sábado;13:30:00;MG;40;501,8;ESMERALDAS;Reação tardia ou ineficiente do condutor;Colisão com objeto;Sem Vítimas;Pleno dia;Decrescente;Céu Claro;Múltipla;Reta;Sim;4;0;0;0;4;0;0;3;-19,71172784;-44,16216373;SPRF-MG;DEL02-MG;UOP01-DEL02-MG
584472;02/03/2024;sábado;12:20:00;MG;116;414,7;GOVERNADOR VALADARES;Ausência de reação do condutor;Tombamento;Com Vítimas Feridas;Pleno dia;Decrescente;Céu Claro;Simples;Reta;Sim;1;0;1;0;0;0;1;1;-18,88102703;-41,95910802;SPRF-MG;DEL06-MG;UOP01-DEL06-MG
584473;02/03/2024;sábado;12:39:00;MS;262;4;TRES LAGOAS;Afundamento ou ondulação no pavimento;Tombamento;Com Vítimas Feridas;Pleno dia;Decrescente;Céu Claro;Simples;Rotatória;Sim;2;0;1;0;1;0;1;1;-20,782019;-51,658258;SPRF-MS;DEL07-MS;UOP01-DEL07-MS
584474;02/03/2024;sábado;10:14:00;MT;163;1023;TERRA NOVA DO NORTE;Reação tardia ou ineficiente do condutor;Saída de leito carroçável;Com Vítimas Feridas;Pleno dia;Crescente;Céu Claro;Simples;Reta;Não;1;0;0;1;0;0;1;1;-10,42214799;-55,05698507;SPRF-MT;DEL06-MT;UOP03-DEL06-MT
584475;02/03/2024;sábado;13:25:00;DF;60;8,6;BRASILIA;Acumulo de água sobre o pavimento;Queda de ocupante de veículo;Com Vítimas Feridas;Pleno dia;Crescente;Chuva;Dupla;"Declive;Reta";Sim;2;0;1;0;1;0;1;1;-15,90542;-48,138196;SPRF-DF;DEL03-DF;UOP01-DEL03-DF
584476;02/03/2024;sábado;14:06:00;GO;50;196;CAMPO ALEGRE DE GOIAS;Condutor Dormindo;Saída de leito carroçável;Com Vítimas Fatais;Pleno dia;Decrescente;Sol;Dupla;Reta;Não;3;1;1;1;0;0;2;1;-17,5457;-47,8303;SPRF-GO;DEL06-GO;UOP01-DEL06-GO
584477;15/01/2024;segunda-feira;06:30:00;RJ;101;271;TANGUA;Velocidade Incompatível;Capotamento;Com Vítimas Feridas;Amanhecer;Decrescente;Ignorado;Dupla;Curva;Não;1;0;1;0;0;0;1;1;-22,72443147;-42,69368143;SPRF-RJ;DEL02-RJ;UOP03-DEL02-RJ
584478;02/03/2024;sábado;13:10:00;MA;135;48;BACABEIRA;Ausência de reação do condutor;Saída de leito carroçável;Com Vítimas Feridas;Pleno dia;Crescente;Céu Claro;Dupla;Reta;Não;3;0;1;2;0;0;3;1;-2,94707912;-44,32733632;SPRF-MA;DEL01-MA;UOP01-DEL01-MA
584479;02/03/2024;sábado;11:50:00;SC;163;68;SAO MIGUEL DO OESTE;Velocidade Incompatível;Colisão lateral mesmo sentido;Com Vítimas Feridas;Pleno dia;Decrescente;Céu Claro;Dupla;Reta;Sim;3;0;1;0;2;0;1;3;-26,75100435;-53,50095034;SPRF-SC;DEL07-SC;UOP03-DEL07-SC
584481;02/03/2024;sábado;14:23:00;TO;153;677;GURUPI;Reação tardia ou ineficiente do condutor;Queda de ocupante de veículo;Com Vítimas Feridas;Pleno dia;Decrescente;Céu Claro;Simples;"Declive;Reta";Não;1;0;1;0;0;0;1;1;-11,76744485;-49,10187819;SPRF-TO;DEL01-TO;UOP02-DEL01-TO
584482;02/03/2024;sábado;14:00:00;ES;101;304,8;VIANA;Mal súbito do condutor;Colisão traseira;Com Vítimas Feridas;Pleno dia;Decrescente;Céu Claro;Dupla;Reta;Sim;2;0;1;0;1;0;1;2;-20,3800645;-40,45431391;SPRF-ES;DEL01-ES;UOP01-DEL01-ES
584483;02/03/2024;sábado;14:10:00;SE;101;29,7;CAPELA;Chuva;Saída de leito carroçável;Com Vítimas Feridas;Pleno dia;Decrescente;Chuva;Dupla;Retorno Regulamentado;Não;1;0;1;0;0;0;1;1;-10,43690011;-36,93373559;SPRF-SE;DEL02-SE;UOP02-DEL02-SE
584484;02/03/2024;sábado;13:20:00;GO;60;163,4;GOIANIA;Condutor deixou de manter distância do veículo da frente;Colisão traseira;Com Vítimas Feridas;Pleno dia;Crescente;Céu Claro;Dupla;Declive;Sim;5;0;1;1;3;0;2;5;-16,7036;-49,342;SPRF-GO;DEL01-GO;UOP02-DEL01-GO
584485;02/03/2024;sábado;12:40:00;MT;163;841;SINOP;Acessar a via sem observar a presença dos outros veículos;Colisão transversal;Com Vítimas Feridas;Pleno dia;Decrescente;Céu Claro;Simples;Reta;Sim;5;0;0;1;4;0;1;2;-11,80577;-55,480877;SPRF-MT;DEL06-MT;UOP02-DEL06-MT
584488;02/03/2024;sábado;13:50:00;CE;116;9;FORTALEZA;Ausência de reação do condutor;Colisão traseira;Sem Vítimas;Pleno dia;Decrescente;Céu Claro;Múltipla;Reta;Sim;2;0;0;0;2;0;0;2;-3,82779096;-38,50486117;SPRF-CE;DEL01-CE;UOP02-DEL01-CE
584491;02/03/2024;sábado;14:00:00;MG;381;481;CONTAGEM;Ausência de reação do condutor;Tombamento;Com Vítimas Feridas;Pleno dia;Decrescente;Sol;Múltipla;"Reta;Declive";Sim;2;0;2;0;0;0;2;1;-19,9591909;-44,06298637;SPRF-MG;DEL01-MG;UOP03-DEL01-MG
584492;02/03/2024;sábado;15:15:00;TO;153;122;WANDERLANDIA;Reação tardia ou ineficiente do condutor;Queda de ocupante de veículo;Com Vítimas Feridas;Pleno dia;Decrescente;Chuva;Simples;"Aclive;Reta";Não;2;0;2;0;0;0;2;1;-7,05451008;-48,11331382;SPRF-TO;DEL02-TO;UOP01-DEL02-TO
584494;02/03/2024;sábado;15:15:00;RN;304;62,3;MOSSORO;Condutor Dormindo;Saída de leito carroçável;Com Vítimas Feridas;Pleno dia;Decrescente;Nublado;Simples;Reta;Não;2;0;1;1;0;0;2;1;-5,33915992;-37,26079285;SPRF-RN;DEL04-RN;UOP01-DEL04-RN
584495;02/03/2024;sábado;14:30:00;SP;116;172,8;JACAREI;Reação tardia ou ineficiente do condutor;Colisão traseira;Com Vítimas Feridas;Pleno dia;Crescente;Céu Claro;Dupla;Curva;Não;2;0;1;0;1;0;1;2;-23,31527532;-46,07231796;SPRF-SP;DEL02-SP;UOP01-DEL02-SP
584496;02/03/2024;sábado;14:40:00;GO;153;529;HIDROLANDIA;Reação tardia ou ineficiente do condutor;Colisão com objeto;Com Vítimas Feridas;Pleno dia;Crescente;Céu Claro;Dupla;"Declive;Em Obras";Não;2;0;1;1;0;0;2;1;-16,9603;-49,2384;SPRF-GO;DEL01-GO;UOP03-DEL01-GO
584498;02/03/2024;sábado;14:50:00;PR;116;106;SAO JOSE DOS PINHAIS;Velocidade Incompatível;Queda de ocupante de veículo;Com Vítimas Feridas;Pleno dia;Decrescente;Céu Claro;Simples;Curva;Não;1;0;1;0;0;0;1;1;-25,56830653;-49,17799791;SPRF-PR;DEL01-PR;UOP07-DEL01-PR
584499;02/03/2024;sábado;10:45:00;RJ;101;427;MANGARATIBA;Ultrapassagem Indevida;Colisão transversal;Com Vítimas Feridas;Pleno dia;Crescente;Céu Claro;Simples;Reta;Sim;4;0;1;1;2;0;2;2;-22,93154625;-43,98133788;SPRF-RJ;DEL03-RJ;UOP02-DEL03-RJ
584500;02/03/2024;sábado;15:00:00;RJ;101;52;CAMPOS DOS GOYTACAZES;Transitar no Acostamento;Colisão lateral mesmo sentido;Com Vítimas Feridas;Pleno dia;Crescente;Céu Claro;Simples;Reta;Não;2;0;0;1;1;0;1;2;-21,65160802;-41,31128624;SPRF-RJ;DEL08-RJ;UOP01-DEL08-RJ
584501;02/03/2024;sábado;08:00:00;MT;163;861;SINOP;Ausência de reação do condutor;Queda de ocupante de veículo;Sem Vítimas;Amanhecer;Crescente;Céu Claro;Simples;"Reta;Aclive";Não;1;0;0;0;0;1;0;1;-11,61860963;-55,43186188;SPRF-MT;DEL06-MT;UOP02-DEL06-MT
584505;02/03/2024;sábado;13:32:00;MT;70;649;CACERES;Ultrapassagem Indevida;Saída de leito carroçável;Com Vítimas Feridas;Pleno dia;Crescente;Sol;Simples;Reta;Não;4;0;0;1;2;1;1;2;-15,93563878;-57,11966185;SPRF-MT;DEL03-MT;UOP02-DEL03-MT
584506;02/03/2024;sábado;15:30:00;SC;280;4;SAO FRANCISCO DO SUL;Trafegar com motocicleta (ou similar) entre as faixas;Colisão lateral mesmo sentido;Com Vítimas Feridas;Pleno dia;Decrescente;Céu Claro;Simples;Reta;Sim;2;0;1;0;1;0;1;2;-26,25329566;-48,61916042;SPRF-SC;DEL03-SC;UOP03-DEL03-SC
584507;02/03/2024;sábado;16:00:00;SC;101;210;SAO JOSE;Condutor deixou de manter distância do veículo da frente;Colisão traseira;Com Vítimas Feridas;Pleno dia;Decrescente;Céu Claro;Múltipla;Reta;Não;2;0;1;0;1;0;1;2;-27,6167305;-48,6457265;SPRF-SC;DEL01-SC;UOP01-DEL01-SC
584508;02/03/2024;sábado;16:30:00;SC;101;407;ARARANGUA;Reação tardia ou ineficiente do condutor;Colisão traseira;Sem Vítimas;Pleno dia;Crescente;Céu Claro;Simples;Reta;Não;2;0;0;0;2;0;0;2;-28,920279;-49,49130535;SPRF-SC;DEL02-SC;UOP02-DEL02-SC
584510;02/03/2024;sábado;17:00:00;ES;101;275;SERRA;Demais falhas mecânicas ou elétricas;Queda de ocupante de veículo;Com Vítimas Feridas;Anoitecer;Decrescente;Nublado;Múltipla;Reta;Sim;1;0;1;0;0;0;1;1;-20,20828089;-40,30388897;SPRF-ES;DEL02-ES;UOP01-DEL02-ES
584511;02/03/2024;sábado;15:00:00;SC;116;171,9;PONTE ALTA DO NORTE;Reação tardia ou ineficiente do condutor;Colisão com objeto;Sem Vítimas;Pleno dia;Crescente;Céu Claro;Simples;"Declive;Curva";Não;1;0;0;0;0;1;0;1;-27,2035;-50,4657062;SPRF-SC;DEL05-SC;UOP03-DEL05-SC
584512;02/03/2024;sábado;16:35:00;SC;280;4,4;SAO FRANCISCO DO SUL;Acessar a via sem observar a presença dos outros veículos;Colisão transversal;Com Vítimas Feridas;Pleno dia;Decrescente;Sol;Simples;Reta;Sim;3;0;2;0;1;0;2;2;-26,25329566;-48,61916042;SPRF-SC;DEL03-SC;UOP03-DEL03-SC
584513;02/03/2024;sábado;11:30:00;GO;60;93;ANAPOLIS;Condutor deixou de manter distância do veículo da frente;Colisão traseira;Com Vítimas Feridas;Pleno dia;Crescente;Céu Claro;Simples;"Interseção de Vias;Rotatória;Curva";Sim;2;0;0;1;1;0;1;2;-16,35367385;-48,92845696;SPRF-GO;DEL02-GO;UOP01-DEL02-GO
584514;02/03/2024;sábado;14:30:00;MG;381;430;SABARA;Velocidade Incompatível;Colisão frontal;Com Vítimas Feridas;Pleno dia;Crescente;Chuva;Simples;"Curva;Aclive";Não;3;0;1;1;0;1;2;3;-19,78496805;-43,72311799;SPRF-MG;DEL01-MG;UOP01-DEL01-MG
584515;02/03/2024;sábado;16:38:00;GO;40;7;VALPARAISO DE GOIAS;Reação tardia ou ineficiente do condutor;Colisão lateral mesmo sentido;Com Vítimas Feridas;Pleno dia;Decrescente;Chuva;Dupla;Reta;Sim;3;0;1;0;1;1;1;2;-16,108482;-47,972524;SPRF-DF;DEL01-DF;UOP01-DEL01-DF
584516;02/03/2024;sábado;14:30:00;MG;116;554,6;MANHUACU;Velocidade Incompatível;Saída de leito carroçável;Com Vítimas Feridas;Pleno dia;Decrescente;Chuva;Simples;Reta;Não;1;0;1;0;0;0;1;1;-20,00117809;-42,14034158;SPRF-MG;DEL06-MG;UOP02-DEL06-MG
584517;02/03/2024;sábado;18:01:00;DF;40;0;BRASILIA;Animais na Pista;Queda de ocupante de veículo;Com Vítimas Feridas;Pleno dia;Decrescente;Nublado;Dupla;Reta;Sim;1;0;1;0;0;0;1;1;-15,976897;-47,990129;SPRF-DF;DEL01-DF;UOP01-DEL01-DF
584518;02/03/2024;sábado;17:00:00;MG;116;374,3;FREI INOCENCIO;Ultrapassagem Indevida;Colisão frontal;Com Vítimas Feridas;Pleno dia;Decrescente;Céu Claro;Simples;Declive;Não;3;0;3;0;0;0;3;2;-18,57167276;-41,91082732;SPRF-MG;DEL06-MG;UOP01-DEL06-MG
584519;02/03/2024;sábado;17:45:00;SP;116;46,6;CANAS;Ultrapassagem Indevida;Colisão lateral mesmo sentido;Com Vítimas Feridas;Pleno dia;Decrescente;Céu Claro;Dupla;"Declive;Reta";Não;5;0;4;0;1;0;4;3;-22,71393589;-45,05335608;SPRF-SP;DEL08-SP;UOP02-DEL08-SP
584521;02/03/2024;sábado;16:50:00;PR;277;618;CEU AZUL;Demais falhas na via;Queda de ocupante de veículo;Com Vítimas Feridas;Pleno dia;Decrescente;Céu Claro;Simples;"Reta;Declive";Não;1;0;1;0;0;0;1;1;-25,07577788;-53,69271805;SPRF-PR;DEL05-PR;UOP02-DEL05-PR
584523;31/01/2024;quarta-feira;01:30:00;MG;459;90,3;CONGONHAL;Animais na Pista;Atropelamento de Animal;Com Vítimas Feridas;Plena Noite;Decrescente;Ignorado;Simples;Curva;Não;1;0;0;1;0;0;1;1;-22,157057;-46,007881;SPRF-MG;DEL09-MG;UOP01-DEL09-MG
584525;02/03/2024;sábado;14:00:00;RJ;101;325;NITEROI;Condutor deixou de manter distância do veículo da frente;Colisão traseira;Com Vítimas Feridas;Pleno dia;Decrescente;Céu Claro;Dupla;"Reta;Declive";Não;3;0;2;0;1;0;2;2;-22,87292569;-43,13625699;SPRF-RJ;DEL02-RJ;UOP01-DEL02-RJ
584526;02/03/2024;sábado;16:00:00;PR;376;174;MARINGA;Desrespeitar a preferência no cruzamento;Colisão transversal;Com Vítimas Feridas;Pleno dia;Decrescente;Céu Claro;Dupla;"Declive;Reta;Retorno Regulamentado";Sim;3;0;2;0;0;1;2;2;-23,41430102;-51,94984299;SPRF-PR;DEL09-PR;UOP01-DEL09-PR
584527;02/03/2024;sábado;17:15:00;SC;101;140,9;BALNEARIO CAMBORIU;Demais falhas mecânicas ou elétricas;Tombamento;Com Vítimas Feridas;Pleno dia;Decrescente;Sol;Dupla;Reta;Sim;2;0;2;0;0;0;2;1;-27,03881189;-48,60025148;SPRF-SC;DEL04-SC;UOP03-DEL04-SC
584528;02/03/2024;sábado;16:30:00;MG;381;852;POUSO ALEGRE;Velocidade Incompatível;Colisão traseira;Sem Vítimas;Pleno dia;Crescente;Céu Claro;Dupla;Reta;Não;2;0;0;0;2;0;0;2;-22,29622613;-45,89935251;SPRF-MG;DEL16-MG;UOP01-DEL16-MG
584529;01/03/2024;sexta-feira;03:30:00;RJ;101;322;NITEROI;Avarias e/ou desgaste excessivo no pneu;Queda de ocupante de veículo;Com Vítimas Feridas;Plena Noite;Decrescente;Céu Claro;Dupla;"Curva;Declive";Sim;2;0;2;0;0;0;2;1;-22,878923;-43,110676;SPRF-RJ;DEL02-RJ;UOP01-DEL02-RJ