id;data_inversa;dia_semana;horario;uf;br;km;municipio;causa_acidente;tipo_acidente;classificacao_acidente;fase_dia;sentido_via;condicao_metereologica;tipo_pista;tracado_via;uso_solo;pessoas;mortos;feridos_leves;feridos_graves;ilesos;ignorados;feridos;veiculos;latitude;longitude;regional;delegacia;uop
584530;02/03/2024;sábado;18:04:00;PB;101;88,5;JOAO PESSOA;Ausência de reação do condutor;Atropelamento de Pedestre;Com Vítimas Fatais;Plena Noite;Crescente;Céu Claro;Dupla;Reta;Sim;2;1;0;0;0;1;0;2;-7,167629;-34,896776;SPRF-PB;DEL01-PB;UOP02-DEL01-PB
584531;02/03/2024;sábado;17:10:00;PR;369;207,6;APUCARANA;Reação tardia ou ineficiente do condutor;Colisão traseira;Com Vítimas Feridas;Pleno dia;Decrescente;Céu Claro;Simples;Reta;Sim;2;0;1;0;1;0;1;2;-23,564;-51,494;SPRF-PR;DEL07-PR;UOP03-DEL07-PR
584532;02/03/2024;sábado;17:57:00;RJ;40;57;PETROPOLIS;Reação tardia ou ineficiente do condutor;Saída de leito carroçável;Com Vítimas Feridas;Pleno dia;Decrescente;Céu Claro;Dupla;Reta;Não;1;0;1;0;0;0;1;1;-22,37036795;-43,12819612;SPRF-RJ;DEL05-RJ;UOP02-DEL05-RJ
584533;02/03/2024;sábado;15:30:00;SE;101;170;SANTA LUZIA DO ITANHY;Transitar na contramão;Colisão frontal;Com Vítimas Feridas;Pleno dia;Crescente;Nublado;Simples;Reta;Não;5;0;4;0;0;1;4;2;-11,32878328;-37,56697367;SPRF-SE;DEL02-SE;UOP01-DEL02-SE
584534;02/03/2024;sábado;18:30:00;PA;230;122;MARABA;Ingestão de álcool pelo condutor;Colisão traseira;Com Vítimas Feridas;Anoitecer;Crescente;Céu Claro;Dupla;Reta;Sim;2;0;1;0;1;0;1;2;-5,36137537;-49,12376139;SPRF-PA;DEL03-PA;UOP01-DEL03-PA
584535;02/03/2024;sábado;18:30:00;BA;116;439;FEIRA DE SANTANA;Ingestão de álcool pelo condutor;Queda de ocupante de veículo;Com Vítimas Feridas;Plena Noite;Crescente;Céu Claro;Dupla;"Curva;Declive";Não;1;0;1;0;0;0;1;1;-12,32191792;-39,05070505;SPRF-BA;DEL02-BA;UOP01-DEL02-BA
584536;02/03/2024;sábado;18:38:00;RS;290;85;PORTO ALEGRE;Pedestre andava na pista;Atropelamento de Pedestre;Com Vítimas Fatais;Anoitecer;Crescente;Céu Claro;Dupla;Curva;Não;4;1;0;0;1;2;0;2;-29,96854247;-51,11041546;SPRF-RS;DEL01-RS;UOP01-DEL01-RS
584537;02/03/2024;sábado;18:03:00;PI;343;341;TERESINA;Ausência de reação do condutor;Colisão lateral mesmo sentido;Com Vítimas Feridas;Anoitecer;Decrescente;Céu Claro;Dupla;"Aclive;Em Obras;Interseção de Vias;Curva";Sim;3;0;2;0;1;0;2;2;-5,077812;-42,744255;SPRF-PI;DEL01-PI;UOP01-DEL01-PI
584540;02/03/2024;sábado;18:10:00;SC;101;145;ITAPEMA;Ausência de reação do condutor;Colisão traseira;Com Vítimas Feridas;Pleno dia;Decrescente;Céu Claro;Dupla;"Aclive;Reta";Sim;3;0;1;1;1;0;2;2;-27,08139206;-48,60130993;SPRF-SC;DEL04-SC;UOP03-DEL04-SC
584541;02/03/2024;sábado;16:40:00;SC;282;17,7;PALHOCA;Ausência de reação do condutor;Colisão lateral mesmo sentido;Com Vítimas Feridas;Pleno dia;Decrescente;Céu Claro;Simples;Reta;Sim;5;0;0;1;3;1;1;2;-27,665707;-48,688065;SPRF-SC;DEL01-SC;UOP02-DEL01-SC
584542;02/03/2024;sábado;19:00:00;SP;116;216;GUARULHOS;Ausência de reação do condutor;Eventos atípicos;Com Vítimas Fatais;Anoitecer;Crescente;Céu Claro;Múltipla;Reta;Sim;1;1;0;0;0;0;0;1;-23,45056589;-46,46258105;SPRF-SP;DEL01-SP;UOP01-DEL01-SP
584543;02/03/2024;sábado;18:40:00;SP;101;46;UBATUBA;Acessar a via sem observar a presença dos outros veículos;Tombamento;Com Vítimas Feridas;Plena Noite;Crescente;Céu Claro;Simples;"Interseção de Vias;Reta";Sim;3;0;1;0;1;1;1;3;-23,42077244;-45,07079959;SPRF-SP;DEL06-SP;UOP01-DEL06-SP
584544;02/03/2024;sábado;19:10:00;SC;470;160;TROMBUDO CENTRAL;Velocidade Incompatível;Capotamento;Com Vítimas Feridas;Anoitecer;Crescente;Céu Claro;Simples;Curva;Não;1;0;1;0;0;0;1;1;-27,286278;-49,798035;SPRF-SC;DEL04-SC;UOP02-DEL04-SC
584545;02/03/2024;sábado;16:30:00;RJ;465;19;SEROPEDICA;Transitar na contramão;Colisão transversal;Com Vítimas Feridas;Anoitecer;Crescente;Céu Claro;Simples;"Interseção de Vias;Reta";Sim;2;0;0;1;1;0;1;2;-22,839184;-43,610451;SPRF-RJ;DEL06-RJ;UOP02-DEL06-RJ
584546;02/03/2024;sábado;19:18:00;GO;50;97,8;CRISTALINA;Acessar a via sem observar a presença dos outros veículos;Colisão transversal;Sem Vítimas;Plena Noite;Crescente;Céu Claro;Simples;"Reta;Rotatória;Em Obras";Sim;5;0;0;0;5;0;0;2;-16,76602213;-47,61589408;SPRF-DF;DEL01-DF;UOP02-DEL01-DF
584550;02/03/2024;sábado;18:30:00;MG;381;514;IGARAPE;Demais falhas mecânicas ou elétricas;Incêndio;Sem Vítimas;Plena Noite;Crescente;Céu Claro;Múltipla;Reta;Não;1;0;0;0;1;0;0;1;-20,1065028;-44,32327616;SPRF-MG;DEL01-MG;UOP03-DEL01-MG
584555;02/03/2024;sábado;18:38:00;MS;158;265;TRES LAGOAS;Ingestão de álcool pelo condutor;Saída de leito carroçável;Com Vítimas Feridas;Plena Noite;Crescente;Céu Claro;Simples;Rotatória;Sim;2;0;1;1;0;0;2;1;-20,74944832;-51,71315118;SPRF-MS;DEL07-MS;UOP01-DEL07-MS
584557;02/03/2024;sábado;19:55:00;SE;101;77;LARANJEIRAS;Ingestão de álcool pelo condutor;Colisão traseira;Com Vítimas Feridas;Plena Noite;Crescente;Céu Claro;Simples;Reta;Sim;3;0;1;0;2;0;1;2;-10,776609;-37,13439;SPRF-SE;DEL01-SE;UOP01-DEL01-SE
584558;02/03/2024;sábado;18:15:00;PI;343;338,1;TERESINA;Demais falhas mecânicas ou elétricas;Tombamento;Com Vítimas Feridas;Plena Noite;Crescente;Nublado;Dupla;"Declive;Reta";Não;2;0;1;0;1;0;1;1;-5,063362;-42,722912;SPRF-PI;DEL01-PI;UOP01-DEL01-PI
584559;02/03/2024;sábado;19:10:00;MS;163;316;RIO BRILHANTE;Animais na Pista;Queda de ocupante de veículo;Com Vítimas Feridas;Plena Noite;Crescente;Céu Claro;Simples;Rotatória;Sim;1;0;1;0;0;0;1;1;-21,84371195;-54,53746389;SPRF-MS;DEL02-MS;UOP02-DEL02-MS
584560;02/03/2024;sábado;18:20:00;MT;163;818,9;SINOP;Ultrapassagem Indevida;Colisão frontal;Com Vítimas Feridas;Plena Noite;Crescente;Céu Claro;Simples;Reta;Sim;4;0;2;0;2;0;2;3;-12,0301549;-55,51672161;SPRF-MT;DEL06-MT;UOP02-DEL06-MT
584561;02/03/2024;sábado;19:20:00;SP;116;281,9;EMBU DAS ARTES;Ingestão de álcool pelo condutor;Capotamento;Com Vítimas Feridas;Plena Noite;Crescente;Céu Claro;Dupla;"Viaduto;Reta";Não;2;0;1;0;1;0;1;1;-23,67784787;-46,85769227;SPRF-SP;DEL04-SP;UOP01-DEL04-SP
584562;02/03/2024;sábado;19:35:00;PE;232;8;RECIFE;Acostamento em desnível;Tombamento;Com Vítimas Feridas;Plena Noite;Decrescente;Céu Claro;Múltipla;"Em Obras;Desvio Temporário;Reta";Sim;1;0;1;0;0;0;1;1;-8,07586;-34,969709;SPRF-PE;DEL01-PE;UOP01-DEL01-PE
584563;02/03/2024;sábado;19:45:00;RS;287;253;SANTA MARIA;Manobra de mudança de faixa;Colisão lateral mesmo sentido;Com Vítimas Feridas;Plena Noite;Decrescente;Céu Claro;Dupla;Reta;Não;2;0;1;0;1;0;1;2;-29,68806284;-53,90069397;SPRF-RS;DEL09-RS;UOP01-DEL09-RS
584564;02/03/2024;sábado;20:40:00;MG;365;657;UBERLANDIA;Demais falhas mecânicas ou elétricas;Saída de leito carroçável;Com Vítimas Feridas;Plena Noite;Decrescente;Céu Claro;Dupla;Reta;Não;1;0;1;0;0;0;1;1;-18,887116;-48,616732;SPRF-MG;DEL15-MG;UOP01-DEL15-MG
584567;02/03/2024;sábado;19:30:00;SC;101;137,4;BALNEARIO CAMBORIU;Desrespeitar a preferência no cruzamento;Colisão transversal;Com Vítimas Feridas;Plena Noite;Crescente;Nublado;Dupla;Reta;Sim;2;0;1;0;1;0;1;2;-27,0157238;-48,61192763;SPRF-SC;DEL04-SC;UOP03-DEL04-SC
584569;02/03/2024;sábado;19:50:00;SP;116;279,1;EMBU DAS ARTES;Manobra de mudança de faixa;Colisão traseira;Com Vítimas Feridas;Plena Noite;Crescente;Nublado;Dupla;"Declive;Reta";Sim;10;0;2;1;7;0;3;3;-23,64073047;-46,83675528;SPRF-SP;DEL04-SP;UOP01-DEL04-SP
584570;02/03/2024;sábado;21:15:00;ES;101;278;SERRA;Ingestão de álcool pelo condutor;Saída de leito carroçável;Com Vítimas Feridas;Plena Noite;Decrescente;Céu Claro;Múltipla;"Retorno Regulamentado;Curva";Sim;1;0;1;0;0;0;1;1;-20,21698365;-40,32974606;SPRF-ES;DEL02-ES;UOP01-DEL02-ES
584572;02/03/2024;sábado;18:10:00;RJ;116;69;TERESOPOLIS;Velocidade Incompatível;Saída de leito carroçável;Com Vítimas Feridas;Anoitecer;Crescente;Céu Claro;Simples;Interseção de Vias;Não;1;0;1;0;0;0;1;1;-22,31064086;-42,93779076;SPRF-RJ;DEL04-RJ;UOP01-DEL04-RJ
584573;02/03/2024;sábado;20:00:00;MG;40;244,5;SAO GONCALO DO ABAETE;Pedestre andava na pista;Atropelamento de Pedestre;Com Vítimas Feridas;Plena Noite;Crescente;Garoa/Chuvisco;Simples;Reta;Não;2;0;0;1;1;0;1;2;-18,08699422;-45,48026712;SPRF-MG;DEL14-MG;UOP02-DEL14-MG
584574;02/03/2024;sábado;19:30:00;RJ;493;96;SEROPEDICA;Ausência de reação do condutor;Saída de leito carroçável;Com Vítimas Feridas;Plena Noite;Crescente;Céu Claro;Dupla;Reta;Não;2;0;1;0;1;0;1;1;-22,71190636;-43,70155334;SPRF-RJ;DEL01-RJ;UOP03-DEL01-RJ
584575;02/03/2024;sábado;18:30:00;PI;230;195;OEIRAS;Ingestão de álcool pelo condutor;Colisão frontal;Com Vítimas Feridas;Plena Noite;Crescente;Céu Claro;Simples;Reta;Sim;2;0;0;1;1;0;1;2;-6,99904236;-42,1126988;SPRF-PI;DEL04-PI;UOP01-DEL04-PI
584576;02/03/2024;sábado;21:45:00;SC;282;503,9;XANXERE;Pedestre andava na pista;Atropelamento de Pedestre;Com Vítimas Feridas;Plena Noite;Crescente;Céu Claro;Dupla;Curva;Sim;3;0;1;0;2;0;1;2;-26,882443;-52,405311;SPRF-SC;DEL07-SC;UOP01-DEL07-SC
584578;02/03/2024;sábado;20:03:00;MA;10;349;ACAILANDIA;Condutor deixou de manter distância do veículo da frente;Colisão traseira;Sem Vítimas;Plena Noite;Decrescente;Nublado;Simples;Reta;Não;2;0;0;0;2;0;0;2;-4,701044;-47,49527;SPRF-MA;DEL04-MA;UOP03-DEL04-MA
584579;02/03/2024;sábado;20:50:00;MG;116;701;MURIAE;Ausência de reação do condutor;Colisão lateral mesmo sentido;Sem Vítimas;Plena Noite;Crescente;Céu Claro;Simples;Reta;Sim;2;0;0;0;2;0;0;2;-21,11084891;-42,3806104;SPRF-MG;DEL07-MG;UOP02-DEL07-MG
584581;02/03/2024;sábado;22:30:00;CE;116;15,7;FORTALEZA;Demais falhas mecânicas ou elétricas;Capotamento;Com Vítimas Feridas;Plena Noite;Decrescente;Nublado;Dupla;"Aclive;Reta";Sim;1;0;1;0;0;0;1;1;-3,88447189;-38,5012275;SPRF-CE;DEL01-CE;UOP02-DEL01-CE
584582;02/03/2024;sábado;21:05:00;PR;369;148,1;LONDRINA;Conversão proibida;Colisão frontal;Com Vítimas Feridas;Plena Noite;Crescente;Céu Claro;Dupla;Interseção de Vias;Sim;3;0;2;0;0;1;2;2;-23,29294379;-51,14303112;SPRF-PR;DEL07-PR;UOP01-DEL07-PR
584584;02/03/2024;sábado;18:50:00;AL;101;37;JOAQUIM GOMES;Acessar a via sem observar a presença dos outros veículos;Atropelamento de Pedestre;Com Vítimas Feridas;Anoitecer;Decrescente;Nublado;Dupla;Reta;Não;2;0;0;1;1;0;1;2;-9,1393861;-35,77035538;SPRF-AL;DEL01-AL;UOP02-DEL01-AL
584585;02/03/2024;sábado;21:00:00;PE;408;67,7;PAUDALHO;Entrada inopinada do pedestre;Atropelamento de Pedestre;Com Vítimas Fatais;Plena Noite;Decrescente;Céu Claro;Dupla;Reta;Não;3;1;0;0;0;2;0;3;-7,8584244;-35,21553619;SPRF-PE;DEL01-PE;UOP01-DEL01-PE
584586;02/03/2024;sábado;18:15:00;SC;280;71;JARAGUA DO SUL;Acessar a via sem observar a presença dos outros veículos;Colisão transversal;Com Vítimas Feridas;Plena Noite;Crescente;Céu Claro;Simples;"Interseção de Vias;Reta";Sim;3;0;1;0;2;0;1;2;-26,46151693;-49,13480597;SPRF-SC;DEL03-SC;UOP03-DEL03-SC
584587;02/03/2024;sábado;23:25:00;MG;381;450;SABARA;Ausência de reação do condutor;Colisão com objeto;Com Vítimas Feridas;Plena Noite;Crescente;Céu Claro;Simples;Reta;Não;2;0;1;1;0;0;2;1;-19,82774339;-43,83869117;SPRF-MG;DEL01-MG;UOP01-DEL01-MG
584588;02/03/2024;sábado;21:52:00;GO;60;23;ALEXANIA;Reação tardia ou ineficiente do condutor;Saída de leito carroçável;Com Vítimas Feridas;Plena Noite;Decrescente;Nublado;Dupla;Reta;Não;1;0;1;0;0;0;1;1;-16,11851;-48,430555;SPRF-DF;DEL03-DF;UOP01-DEL03-DF
584589;02/03/2024;sábado;22:40:00;RJ;101;469;ANGRA DOS REIS;Ingestão de álcool pelo condutor;Colisão frontal;Com Vítimas Feridas;Plena Noite;Crescente;Céu Claro;Simples;"Em Obras;Aclive;Curva;Desvio Temporário";Não;2;0;0;1;1;0;1;2;-23,01160388;-44,23091089;SPRF-RJ;DEL03-RJ;UOP03-DEL03-RJ
584590;02/03/2024;sábado;20:10:00;SC;280;4,5;SAO FRANCISCO DO SUL;Trafegar com motocicleta (ou similar) entre as faixas;Colisão lateral sentido oposto;Com Vítimas Feridas;Plena Noite;Decrescente;Garoa/Chuvisco;Simples;Reta;Sim;3;0;1;1;1;0;2;3;-26,25329566;-48,61916042;SPRF-SC;DEL03-SC;UOP03-DEL03-SC
584592;02/03/2024;sábado;22:20:00;PB;104;104,6;SAO SEBASTIAO DE LAGOA DE  ROCA;Mal súbito do condutor;Saída de leito carroçável;Com Vítimas Feridas;Plena Noite;Decrescente;Céu Claro;Simples;Reta;Não;3;0;1;0;2;0;1;1;-7,08061598;-35,85413977;SPRF-PB;DEL02-PB;UOP04-DEL02-PB
584595;02/03/2024;sábado;22:30:00;MG;40;309;TRES MARIAS;Reação tardia ou ineficiente do condutor;Capotamento;Com Vítimas Feridas;Plena Noite;Crescente;Céu Claro;Simples;Reta;Não;5;0;3;0;2;0;3;1;-18,425864;-45,08211;SPRF-MG;DEL14-MG;UOP02-DEL14-MG
584596;02/03/2024;sábado;18:30:00;SC;470;329;CAMPOS NOVOS;Avarias e/ou desgaste excessivo no pneu;Saída de leito carroçável;Com Vítimas Feridas;Anoitecer;Decrescente;Céu Claro;Simples;Reta;Não;3;0;3;0;0;0;3;1;-27,467779;-51,278435;SPRF-SC;DEL07-SC;UOP06-DEL07-SC
584597;02/03/2024;sábado;23:20:00;MG;116;592,7;MANHUACU;Reação tardia ou ineficiente do condutor;Colisão com objeto;Com Vítimas Feridas;Plena Noite;Crescente;Nublado;Simples;Reta;Não;1;0;1;0;0;0;1;1;-20,27018211;-42,14428578;SPRF-MG;DEL06-MG;UOP03-DEL06-MG
584600;10/01/2024;quarta-feira;12:45:00;MG;365;117;JEQUITAI;Chuva;Saída de leito carroçável;Com Vítimas Feridas;Pleno dia;Decrescente;Chuva;Simples;Reta;Não;3;0;2;1;0;0;3;1;-17,17731829;-44,67423732;SPRF-MG;DEL12-MG;UOP01-DEL12-MG
584602;03/03/2024;domingo;01:00:00;SC;101;455;SAO JOAO DO SUL;Transitar na contramão;Colisão frontal;Sem Vítimas;Plena Noite;Crescente;Ignorado;Dupla;Reta;Não;2;0;0;0;2;0;0;2;-29,21440894;-49,75853816;SPRF-SC;DEL02-SC;UOP02-DEL02-SC
584604;02/03/2024;sábado;23:25:00;RJ;393;175;TRES RIOS;Ausência de reação do condutor;Colisão com objeto;Com Vítimas Feridas;Plena Noite;Crescente;Céu Claro;Simples;Reta;Não;2;0;1;1;0;0;2;1;-22,12309905;-43,20363803;SPRF-RJ;DEL05-RJ;UOP03-DEL05-RJ
584605;03/03/2024;domingo;01:20:00;PR;376;180;MARINGA;Ausência de reação do condutor;Colisão com objeto;Com Vítimas Feridas;Plena Noite;Crescente;Céu Claro;Dupla;Reta;Sim;2;0;2;0;0;0;2;1;-23,42725352;-51,89512271;SPRF-PR;DEL09-PR;UOP01-DEL09-PR
584607;03/03/2024;domingo;01:00:00;BA;367;80;EUNAPOLIS;Transitar na contramão;Colisão lateral sentido oposto;Com Vítimas Feridas;Plena Noite;Crescente;Céu Claro;Simples;Reta;Não;4;0;3;0;0;1;3;2;-16,36956642;-39,54444803;SPRF-BA;DEL09-BA;UOP03-DEL09-BA
584609;02/03/2024;sábado;23:15:00;MS;163;680,9;RIO VERDE DE MATO GROSSO;Acessar a via sem observar a presença dos outros veículos;Colisão transversal;Com Vítimas Feridas;Plena Noite;Crescente;Nublado;Simples;"Interseção de Vias;Reta";Sim;3;0;0;2;0;1;2;2;-18,911861;-54,839609;SPRF-MS;DEL06-MS;UOP02-DEL06-MS
584610;03/03/2024;domingo;02:30:00;MG;267;91;JUIZ DE FORA;Condutor deixou de manter distância do veículo da frente;Colisão traseira;Com Vítimas Feridas;Plena Noite;Decrescente;Céu Claro;Simples;Reta;Sim;2;0;1;0;1;0;1;2;-21,7779334;-43,297816;SPRF-MG;DEL05-MG;UOP01-DEL05-MG
584611;03/03/2024;domingo;02:20:00;RN;101;154,9;GOIANINHA;Reação tardia ou ineficiente do condutor;Saída de leito carroçável;Com Vítimas Feridas;Plena Noite;Crescente;Céu Claro;Dupla;Reta;Não;1;0;1;0;0;0;1;1;-6,30228615;-35,19185327;SPRF-RN;DEL01-RN;UOP01-DEL01-RN
584613;03/03/2024;domingo;02:30:00;RS;116;497,8;PELOTAS;Reação tardia ou ineficiente do condutor;Saída de leito carroçável;Com Vítimas Fatais;Plena Noite;Decrescente;Nublado;Dupla;Reta;Não;44;2;13;24;5;0;37;1;-31,5299841;-52,2298885;SPRF-RS;DEL07-RS;UOP01-DEL07-RS
584615;02/03/2024;sábado;22:52:00;BA;324;351;CAPIM GROSSO;Ingestão de álcool pelo condutor;Atropelamento de Pedestre;Com Vítimas Fatais;Plena Noite;Crescente;Céu Claro;Simples;Reta;Não;2;1;1;0;0;0;1;2;-11,35786539;-40,07003975;SPRF-BA;DEL04-BA;UOP02-DEL04-BA
584616;03/03/2024;domingo;03:00:00;PR;163;221,6;CASCAVEL;Ingestão de álcool pelo condutor;Colisão lateral mesmo sentido;Com Vítimas Feridas;Plena Noite;Crescente;Céu Claro;Dupla;Curva;Não;3;0;0;1;1;1;1;2;-24,85326335;-53,60246658;SPRF-PR;DEL04-PR;UOP01-DEL04-PR
584617;03/03/2024;domingo;03:00:00;PA;10;12;DOM ELISEU;Ingestão de álcool pelo condutor;Queda de ocupante de veículo;Com Vítimas Fatais;Plena Noite;Crescente;Nublado;Simples;Reta;Não;2;1;0;0;0;1;0;2;-4,339672;-47,53645995;SPRF-PA;DEL02-PA;UOP02-DEL02-PA
584638;03/03/2024;domingo;03:00:00;BA;101;262,9;SANTO ANTONIO DE JESUS;Manobra de mudança de faixa;Colisão frontal;Com Vítimas Feridas;Plena Noite;Crescente;Nublado;Simples;Reta;Sim;2;0;1;0;1;0;1;2;-13,0815032;-39,27559444;SPRF-BA;DEL01-BA;UOP02-DEL01-BA
584639;03/03/2024;domingo;04:15:00;SP;153;61,8;SAO JOSE DO RIO PRETO;Manobra de mudança de faixa;Colisão traseira;Com Vítimas Feridas;Plena Noite;Crescente;Céu Claro;Dupla;"Reta;Declive";Sim;3;0;1;0;2;0;1;2;-20,80502876;-49,35574909;SPRF-SP;DEL09-SP;UOP01-DEL09-SP
584641;02/03/2024;sábado;21:43:00;MT;364;269;JACIARA;Ausência de reação do condutor;Tombamento;Com Vítimas Feridas;Plena Noite;Crescente;Céu Claro;Simples;"Reta;Declive";Não;1;0;0;1;0;0;1;1;-15,974228;-54,938;SPRF-MT;DEL02-MT;UOP01-DEL02-MT
584642;03/03/2024;domingo;05:50:00;PR;277;5;FOZ DO IGUACU;Velocidade Incompatível;Saída de leito carroçável;Sem Vítimas;Amanhecer;Decrescente;Céu Claro;Dupla;Reta;Sim;2;0;0;0;1;1;0;1;-25,49116383;-54,58325386;SPRF-PR;DEL05-PR;UOP03-DEL05-PR
584643;03/03/2024;domingo;06:10:00;RJ;101;325;NITEROI;Condutor deixou de manter distância do veículo da frente;Colisão traseira;Com Vítimas Feridas;Pleno dia;Decrescente;Céu Claro;Dupla;Reta;Sim;3;0;2;0;1;0;2;2;-22,87292569;-43,13625699;SPRF-RJ;DEL02-RJ;UOP01-DEL02-RJ
584645;03/03/2024;domingo;05:40:00;GO;153;436,3;ANAPOLIS;Ingestão de álcool pelo condutor;Tombamento;Com Vítimas Feridas;Amanhecer;Crescente;Céu Claro;Dupla;Reta;Sim;2;0;0;2;0;0;2;1;-16,283987;-48,951763;SPRF-GO;DEL02-GO;UOP01-DEL02-GO
584647;03/03/2024;domingo;06:20:00;BA;242;861,8;BARREIRAS;Ultrapassagem Indevida;Colisão lateral sentido oposto;Com Vítimas Feridas;Pleno dia;Crescente;Sol;Simples;Curva;Não;6;0;0;1;5;0;1;2;-12,08907401;-45,424536;SPRF-BA;DEL10-BA;UOP01-DEL10-BA
584649;03/03/2024;domingo;05:15:00;PR;277;105;CAMPO LARGO;Reação tardia ou ineficiente do condutor;Colisão transversal;Com Vítimas Feridas;Plena Noite;Crescente;Nevoeiro/Neblina;Dupla;Curva;Sim;5;0;2;0;3;0;2;2;-25,4345394;-49,4137156;SPRF-PR;DEL01-PR;UOP06-DEL01-PR
584650;02/03/2024;sábado;08:45:00;ES;101;123,2;SOORETAMA;Avarias e/ou desgaste excessivo no pneu;Queda de ocupante de veículo;Com Vítimas Feridas;Pleno dia;Decrescente;Céu Claro;Simples;"Reta;Declive";Não;2;0;2;0;0;0;2;1;-19,16834502;-40,08717096;SPRF-ES;DEL04-ES;UOP01-DEL04-ES
584652;03/03/2024;domingo;06:30:00;SC;282;446;PONTE SERRADA;Velocidade Incompatível;Saída de leito carroçável;Com Vítimas Feridas;Amanhecer;Decrescente;Céu Claro;Simples;Curva;Não;2;0;2;0;0;0;2;1;-26,910217;-51,914951;SPRF-SC;DEL07-SC;UOP04-DEL07-SC
584653;03/03/2024;domingo;06:30:00;RS;NA;NA;CAXIAS DO SUL;Ingestão de álcool pelo condutor;Colisão com objeto;Sem Vítimas;Amanhecer;Não Informado;Céu Claro;Dupla;Reta;Sim;2;0;0;0;1;1;0;2;-29,15251734;-51,1345017;SPRF-RS;DEL05-RS;UOP01-DEL05-RS
584654;03/03/2024;domingo;05:00:00;MT;364;206;RONDONOPOLIS;Reação tardia ou ineficiente do condutor;Colisão traseira;Com Vítimas Feridas;Amanhecer;Decrescente;Céu Claro;Dupla;Reta;Sim;2;0;0;1;0;1;1;2;-16,45124779;-54,66469557;SPRF-MT;DEL02-MT;UOP01-DEL02-MT
584655;03/03/2024;domingo;07:00:00;SP;381;80;SAO PAULO;Reação tardia ou ineficiente do condutor;Colisão com objeto;Com Vítimas Fatais;Pleno dia;Decrescente;Sol;Dupla;Curva;Sim;2;1;1;0;0;0;1;1;-23,40889686;-46,58095945;SPRF-SP;DEL03-SP;UOP01-DEL03-SP
584656;03/03/2024;domingo;00:00:00;MG;116;394,8;GOVERNADOR VALADARES;Condutor Dormindo;Colisão frontal;Com Vítimas Feridas;Plena Noite;Decrescente;Nublado;Simples;Reta;Não;3;0;1;0;2;0;1;2;-18,72169841;-41,98897362;SPRF-MG;DEL06-MG;UOP01-DEL06-MG
584658;03/03/2024;domingo;07:00:00;GO;153;332;JARAGUA;Avarias e/ou desgaste excessivo no pneu;Saída de leito carroçável;Com Vítimas Feridas;Amanhecer;Decrescente;Nublado;Simples;"Reta;Ponte";Não;1;0;1;0;0;0;1;1;-15,535299;-49,445675;SPRF-GO;DEL02-GO;UOP02-DEL02-GO
584659;03/03/2024;domingo;07:30:00;SP;116;142;SAO JOSE DOS CAMPOS;Reação tardia ou ineficiente do condutor;Colisão lateral mesmo sentido;Sem Vítimas;Pleno dia;Decrescente;Céu Claro;Dupla;Reta;Não;3;0;0;0;3;0;0;3;-23,17849879;-45,83787411;SPRF-SP;DEL02-SP;UOP01-DEL02-SP
584660;03/03/2024;domingo;05:30:00;RS;285;70,2;BOM JESUS;Ingestão de álcool pelo condutor;Saída de leito carroçável;Sem Vítimas;Amanhecer;Crescente;Céu Claro;Simples;Reta;Não;1;0;0;0;1;0;0;1;-28,642218;-50,507008;SPRF-RS;DEL05-RS;UOP03-DEL05-RS
584662;03/03/2024;domingo;02:10:00;AL;101;181,9;JUNQUEIRO;Ausência de reação do condutor;Queda de ocupante de veículo;Sem Vítimas;Plena Noite;Decrescente;Céu Claro;Dupla;Curva;Não;1;0;0;0;0;1;0;1;-9,89535548;-36,41225988;SPRF-AL;DEL02-AL;UOP02-DEL02-AL
584664;03/03/2024;domingo;03:30:00;PI;316;106;PASSAGEM FRANCA DO PIAUI;Ingestão de álcool pelo condutor;Saída de leito carroçável;Com Vítimas Fatais;Plena Noite;Crescente;Nublado;Simples;Reta;Não;1;1;0;0;0;0;0;1;-5,8595243;-42,4328842;SPRF-PI;DEL04-PI;UOP02-DEL04-PI
584666;03/03/2024;domingo;07:40:00;SC;101;242,8;PALHOCA;Velocidade Incompatível;Queda de ocupante de veículo;Com Vítimas Feridas;Pleno dia;Decrescente;Céu Claro;Múltipla;Reta;Sim;2;0;1;0;1;0;1;1;-27,87545797;-48,64678433;SPRF-SC;DEL01-SC;UOP02-DEL01-SC
584667;03/03/2024;domingo;07:42:00;PB;101;82;BAYEUX;Reação tardia ou ineficiente do condutor;Colisão com objeto;Com Vítimas Feridas;Pleno dia;Crescente;Céu Claro;Dupla;Reta;Sim;1;0;0;1;0;0;1;1;-7,12911;-34,93714;SPRF-PB;DEL01-PB;UOP01-DEL01-PB
584671;03/03/2024;domingo;09:10:00;MG;262;381;MATEUS LEME;Ausência de reação do condutor;Tombamento;Com Vítimas Feridas;Pleno dia;Crescente;Céu Claro;Dupla;Curva;Não;1;0;1;0;0;0;1;1;-19,940622;-44,386969;SPRF-MG;DEL01-MG;UOP03-DEL01-MG
584673;23/01/2024;terça-feira;09:30:00;AL;104;90,9;RIO LARGO;Condutor deixou de manter distância do veículo da frente;Colisão traseira;Com Vítimas Feridas;Pleno dia;Decrescente;Sol;Dupla;Interseção de Vias;Não;3;0;1;0;2;0;1;2;-9,50059087;-35,81127569;SPRF-AL;DEL01-AL;UOP01-DEL01-AL