id;data_inversa;dia_semana;horario;uf;br;km;municipio;causa_acidente;tipo_acidente;classificacao_acidente;fase_dia;sentido_via;condicao_metereologica;tipo_pista;tracado_via;uso_solo;pessoas;mortos;feridos_leves;feridos_graves;ilesos;ignorados;feridos;veiculos;latitude;longitude;regional;delegacia;uop
584674;03/03/2024;domingo;09:30:00;ES;101;236,5;FUNDAO;Reação tardia ou ineficiente do condutor;Saída de leito carroçável;Com Vítimas Feridas;Pleno dia;Decrescente;Céu Claro;Simples;Curva;Não;1;0;1;0;0;0;1;1;-19,98003212;-40,40926717;SPRF-ES;DEL02-ES;UOP01-DEL02-ES
584675;03/03/2024;domingo;09:00:00;MG;50;70;UBERLANDIA;Ingestão de álcool pelo condutor;Colisão traseira;Sem Vítimas;Pleno dia;Decrescente;Céu Claro;Dupla;Reta;Não;2;0;0;0;2;0;0;2;-18,85140204;-48,25345932;SPRF-MG;DEL15-MG;UOP01-DEL15-MG
584676;03/03/2024;domingo;09:20:00;SE;101;97;SAO CRISTOVAO;Animais na Pista;Capotamento;Com Vítimas Feridas;Pleno dia;Decrescente;Céu Claro;Dupla;Reta;Não;3;0;1;0;2;0;1;1;-10,92296794;-37,17475104;SPRF-SE;DEL02-SE;UOP01-DEL02-SE
584677;28/02/2024;quarta-feira;22:00:00;RJ;101;570;PARATY;Acessar a via sem observar a presença dos outros veículos;Colisão transversal;Com Vítimas Feridas;Plena Noite;Decrescente;Céu Claro;Simples;Reta;Não;2;0;1;0;1;0;1;2;-23,18216501;-44,71777595;SPRF-RJ;DEL03-RJ;UOP04-DEL03-RJ
584678;03/03/2024;domingo;09:30:00;PE;407;110,5;PETROLINA;Reação tardia ou ineficiente do condutor;Colisão transversal;Com Vítimas Feridas;Pleno dia;Crescente;Nublado;Simples;Reta;Não;2;0;0;1;1;0;1;2;-9,25998286;-40,60533876;SPRF-PE;DEL06-PE;UOP01-DEL06-PE
584680;03/03/2024;domingo;07:40:00;PA;163;617;TRAIRAO;Reação tardia ou ineficiente do condutor;Tombamento;Com Vítimas Feridas;Pleno dia;Decrescente;Nublado;Simples;"Declive;Curva";Não;1;0;0;1;0;0;1;1;-4,73795095;-56,05091106;SPRF-PA;DEL05-PA;UOP02-DEL05-PA
584681;03/03/2024;domingo;09:50:00;MG;40;688,9;ALFREDO VASCONCELOS;Velocidade Incompatível;Saída de leito carroçável;Com Vítimas Feridas;Pleno dia;Decrescente;Céu Claro;Simples;Curva;Não;1;0;1;0;0;0;1;1;-21,09519266;-43,76911752;SPRF-MG;DEL05-MG;UOP02-DEL05-MG
584682;03/03/2024;domingo;10:00:00;RS;116;269;CANOAS;Manobra de mudança de faixa;Colisão traseira;Com Vítimas Feridas;Pleno dia;Decrescente;Sol;Dupla;Reta;Sim;5;0;1;0;4;0;1;2;-29,95942501;-51,17608515;SPRF-RS;DEL01-RS;UOP01-DEL01-RS
584683;03/03/2024;domingo;09:20:00;RN;304;283;MACAIBA;Avarias e/ou desgaste excessivo no pneu;Tombamento;Com Vítimas Feridas;Pleno dia;Decrescente;Céu Claro;Dupla;Reta;Não;2;0;2;0;0;0;2;1;-5,88178314;-35,46369696;SPRF-RN;DEL01-RN;UOP02-DEL01-RN
584684;03/03/2024;domingo;10:00:00;PR;116;77;QUATRO BARRAS;Condutor deixou de manter distância do veículo da frente;Colisão traseira;Com Vítimas Feridas;Pleno dia;Decrescente;Céu Claro;Simples;Reta;Não;3;0;2;0;0;1;2;3;-25,38360492;-49,05301123;SPRF-PR;DEL01-PR;UOP07-DEL01-PR
584685;03/03/2024;domingo;10:25:00;MG;40;794,5;JUIZ DE FORA;Reação tardia ou ineficiente do condutor;Colisão com objeto;Com Vítimas Feridas;Pleno dia;Decrescente;Nublado;Dupla;Declive;Não;1;0;1;0;0;0;1;1;-21,79926451;-43,40729012;SPRF-MG;DEL05-MG;UOP01-DEL05-MG
584687;03/03/2024;domingo;10:30:00;PR;277;42;MORRETES;Pista esburacada;Queda de ocupante de veículo;Com Vítimas Feridas;Pleno dia;Decrescente;Céu Claro;Dupla;"Declive;Curva";Não;1;0;0;1;0;0;1;1;-25,57361239;-48,84469597;SPRF-PR;DEL01-PR;UOP01-DEL01-PR
584689;03/03/2024;domingo;10:40:00;GO;153;550;PIRACANJUBA;Avarias e/ou desgaste excessivo no pneu;Saída de leito carroçável;Com Vítimas Feridas;Pleno dia;Decrescente;Céu Claro;Dupla;Reta;Não;4;0;3;0;1;0;3;1;-17,141;-49,2154;SPRF-GO;DEL01-GO;UOP03-DEL01-GO
584693;03/03/2024;domingo;11:30:00;SP;116;137,7;SAO JOSE DOS CAMPOS;Demais falhas mecânicas ou elétricas;Saída de leito carroçável;Com Vítimas Feridas;Pleno dia;Crescente;Céu Claro;Dupla;Reta;Sim;5;0;1;0;4;0;1;1;-23,15300766;-45,78709317;SPRF-SP;DEL02-SP;UOP01-DEL02-SP
584694;03/03/2024;domingo;10:00:00;MG;40;40,7;PARACATU;Condutor deixou de manter distância do veículo da frente;Tombamento;Com Vítimas Feridas;Pleno dia;Decrescente;Céu Claro;Simples;"Retorno Regulamentado;Reta;Interseção de Vias";Sim;1;0;1;0;0;0;1;1;-17,21013894;-46,88089301;SPRF-MG;DEL14-MG;UOP01-DEL14-MG
584696;03/03/2024;domingo;11:05:00;PE;101;189,7;PALMARES;Reação tardia ou ineficiente do condutor;Saída de leito carroçável;Com Vítimas Feridas;Pleno dia;Crescente;Céu Claro;Dupla;"Declive;Curva";Não;2;0;2;0;0;0;2;1;-8,69036647;-35,60430503;SPRF-PE;DEL01-PE;UOP03-DEL01-PE
584697;03/03/2024;domingo;11:50:00;RS;290;30,4;SANTO ANTONIO DA PATRULHA;Ausência de reação do condutor;Saída de leito carroçável;Com Vítimas Feridas;Pleno dia;Decrescente;Nublado;Dupla;Reta;Não;1;0;1;0;0;0;1;1;-29,883911;-50,565765;SPRF-RS;DEL03-RS;UOP01-DEL03-RS
584698;03/03/2024;domingo;11:50:00;PE;423;47,8;CACHOEIRINHA;Ultrapassagem Indevida;Colisão traseira;Com Vítimas Feridas;Pleno dia;Crescente;Céu Claro;Simples;Reta;Não;6;0;2;0;4;0;2;2;-8,556027;-36,274554;SPRF-PE;DEL03-PE;UOP01-DEL03-PE
584700;03/03/2024;domingo;12:45:00;PR;476;159,2;ARAUCARIA;Acessar a via sem observar a presença dos outros veículos;Colisão transversal;Com Vítimas Feridas;Pleno dia;Crescente;Céu Claro;Simples;Declive;Sim;2;0;1;0;1;0;1;2;-25,619013;-49,440125;SPRF-PR;DEL01-PR;UOP06-DEL01-PR
584701;03/03/2024;domingo;09:51:00;MG;262;29;REDUTO;Ausência de reação do condutor;Colisão com objeto;Com Vítimas Feridas;Pleno dia;Crescente;Céu Claro;Simples;"Rotatória;Interseção de Vias";Sim;3;0;2;0;1;0;2;2;-20,247223;-41,982025;SPRF-MG;DEL06-MG;UOP03-DEL06-MG
584702;03/03/2024;domingo;12:20:00;MG;459;26;CALDAS;Velocidade Incompatível;Saída de leito carroçável;Com Vítimas Feridas;Pleno dia;Decrescente;Céu Claro;Simples;Curva;Não;1;0;0;1;0;0;1;1;-21,892403;-46,387428;SPRF-MG;DEL09-MG;UOP01-DEL09-MG
584703;03/03/2024;domingo;10:40:00;MG;262;28,8;REDUTO;Condutor deixou de manter distância do veículo da frente;Colisão traseira;Com Vítimas Feridas;Pleno dia;Decrescente;Céu Claro;Simples;Curva;Não;4;0;1;1;2;0;2;2;-20,24402083;-41,97382413;SPRF-MG;DEL06-MG;UOP03-DEL06-MG
584704;03/03/2024;domingo;13:00:00;GO;60;79,6;ANAPOLIS;Chuva;Saída de leito carroçável;Com Vítimas Feridas;Pleno dia;Decrescente;Chuva;Dupla;Curva;Sim;2;0;2;0;0;0;2;1;-16,3007;-48,8128;SPRF-GO;DEL02-GO;UOP01-DEL02-GO
584705;03/03/2024;domingo;12:30:00;RJ;116;244;PIRAI;Ausência de reação do condutor;Queda de ocupante de veículo;Com Vítimas Feridas;Pleno dia;Crescente;Céu Claro;Simples;Reta;Não;1;0;1;0;0;0;1;1;-22,62453834;-43,91765203;SPRF-RJ;DEL07-RJ;UOP01-DEL07-RJ
584707;03/03/2024;domingo;13:00:00;PR;476;196,2;LAPA;Mal súbito do condutor;Colisão frontal;Com Vítimas Feridas;Pleno dia;Decrescente;Céu Claro;Simples;"Aclive;Reta";Sim;2;0;1;0;1;0;1;2;-25,753437;-49,725754;SPRF-PR;DEL01-PR;UOP06-DEL01-PR
584708;03/03/2024;domingo;14:20:00;BA;324;593;CANDEIAS;Manobra de mudança de faixa;Colisão traseira;Sem Vítimas;Pleno dia;Crescente;Céu Claro;Dupla;"Curva;Interseção de Vias";Sim;2;0;0;0;2;0;0;2;-12,70995483;-38,46030973;SPRF-BA;DEL01-BA;UOP01-DEL01-BA
584709;03/03/2024;domingo;14:00:00;DF;20;2;BRASILIA;Condutor deixou de manter distância do veículo da frente;Colisão traseira;Com Vítimas Feridas;Pleno dia;Decrescente;Chuva;Dupla;Reta;Sim;3;0;1;0;2;0;1;3;-15,682896;-47,840729;SPRF-DF;DEL02-DF;UOP01-DEL02-DF
584710;03/03/2024;domingo;14:00:00;RJ;101;327;NITEROI;Ausência de reação do condutor;Colisão traseira;Sem Vítimas;Pleno dia;Decrescente;Céu Claro;Dupla;Reta;Não;2;0;0;0;2;0;0;2;-22,87117393;-43,15595099;SPRF-RJ;DEL02-RJ;UOP01-DEL02-RJ
584713;03/03/2024;domingo;13:55:00;MS;60;378;CAMPO GRANDE;Ausência de reação do condutor;Colisão traseira;Com Vítimas Feridas;Pleno dia;Crescente;Nublado;Simples;Reta;Não;7;0;2;0;5;0;2;2;-20,60906911;-54,74182775;SPRF-MS;DEL01-MS;UOP04-DEL01-MS
584714;07/01/2024;domingo;17:40:00;MG;40;588;ITABIRITO;Demais falhas mecânicas ou elétricas;Incêndio;Sem Vítimas;Anoitecer;Decrescente;Céu Claro;Simples;"Declive;Reta";Não;11;0;0;0;11;0;0;1;-20,35149094;-43,91313094;SPRF-MG;DEL01-MG;UOP02-DEL01-MG
584715;03/03/2024;domingo;15:10:00;SC;101;145;ITAPEMA;Ausência de reação do condutor;Queda de ocupante de veículo;Com Vítimas Feridas;Pleno dia;Decrescente;Céu Claro;Dupla;Reta;Sim;2;0;1;1;0;0;2;1;-27,08139206;-48,60130993;SPRF-SC;DEL04-SC;UOP03-DEL04-SC
584716;03/03/2024;domingo;13:50:00;SC;101;48,7;JOINVILLE;Reação tardia ou ineficiente do condutor;Colisão lateral mesmo sentido;Com Vítimas Feridas;Pleno dia;Decrescente;Céu Claro;Múltipla;Curva;Não;2;0;1;0;1;0;1;2;-26,35345909;-48,85867862;SPRF-SC;DEL03-SC;UOP01-DEL03-SC
584717;03/03/2024;domingo;10:25:00;RJ;40;119;DUQUE DE CAXIAS;Entrada inopinada do pedestre;Atropelamento de Pedestre;Com Vítimas Feridas;Pleno dia;Decrescente;Céu Claro;Múltipla;Reta;Sim;2;0;1;0;1;0;1;2;-22,76375592;-43,28683062;SPRF-RJ;DEL01-RJ;UOP02-DEL01-RJ
584718;03/03/2024;domingo;15:01:00;PR;277;721,5;FOZ DO IGUACU;Avarias e/ou desgaste excessivo no pneu;Tombamento;Com Vítimas Feridas;Pleno dia;Decrescente;Céu Claro;Dupla;Reta;Sim;2;0;2;0;0;0;2;1;-25,49878215;-54,52985294;SPRF-PR;DEL05-PR;UOP03-DEL05-PR
584719;03/03/2024;domingo;12:40:00;MG;262;503;LUZ;Condutor Dormindo;Saída de leito carroçável;Com Vítimas Feridas;Pleno dia;Crescente;Céu Claro;Simples;Curva;Não;1;0;1;0;0;0;1;1;-19,77742928;-45,46421618;SPRF-MG;DEL08-MG;UOP03-DEL08-MG
584720;03/03/2024;domingo;15:10:00;SC;101;237,2;PALHOCA;Demais falhas mecânicas ou elétricas;Tombamento;Com Vítimas Feridas;Pleno dia;Crescente;Céu Claro;Dupla;Reta;Não;2;0;0;1;1;0;1;1;-27,83490593;-48,63077716;SPRF-SC;DEL01-SC;UOP02-DEL01-SC
584721;03/03/2024;domingo;14:30:00;MG;381;706;LAVRAS;Acessar a via sem observar a presença dos outros veículos;Atropelamento de Animal;Com Vítimas Feridas;Pleno dia;Decrescente;Céu Claro;Dupla;Reta;Não;5;0;1;0;4;0;1;2;-21,356461;-45,18478;SPRF-MG;DEL04-MG;UOP02-DEL04-MG
584722;03/03/2024;domingo;15:30:00;RN;101;98,1;NATAL;Conversão proibida;Colisão lateral mesmo sentido;Com Vítimas Feridas;Pleno dia;Crescente;Céu Claro;Simples;Reta;Sim;3;0;2;0;1;0;2;2;-5,86567888;-35,21651625;SPRF-RN;DEL01-RN;UOP01-DEL01-RN
584723;03/03/2024;domingo;16:00:00;MG;40;548,7;NOVA LIMA;Ausência de reação do condutor;Colisão traseira;Com Vítimas Feridas;Pleno dia;Crescente;Céu Claro;Dupla;"Aclive;Reta";Não;4;0;3;1;0;0;4;2;-20,03136499;-43,96967792;SPRF-MG;DEL01-MG;UOP02-DEL01-MG
584724;03/03/2024;domingo;15:00:00;ES;262;77;DOMINGOS MARTINS;Velocidade Incompatível;Queda de ocupante de veículo;Com Vítimas Feridas;Pleno dia;Crescente;Céu Claro;Simples;"Declive;Curva";Não;2;0;1;1;0;0;2;1;-20,40832649;-40,91604228;SPRF-ES;DEL01-ES;UOP02-DEL01-ES
584725;03/03/2024;domingo;16:00:00;GO;60;94;ANAPOLIS;Ingestão de álcool pelo condutor;Saída de leito carroçável;Sem Vítimas;Pleno dia;Decrescente;Céu Claro;Dupla;Reta;Não;1;0;0;0;1;0;0;1;-16,3611;-48,9328;SPRF-GO;DEL02-GO;UOP01-DEL02-GO
584726;03/03/2024;domingo;16:00:00;RJ;495;0;TERESOPOLIS;Acessar a via sem observar a presença dos outros veículos;Colisão transversal;Com Vítimas Feridas;Pleno dia;Crescente;Céu Claro;Simples;Reta;Sim;3;0;2;0;1;0;2;2;-22,40473;-42,966854;SPRF-RJ;DEL04-RJ;UOP01-DEL04-RJ
584727;03/03/2024;domingo;16:00:00;SC;101;91,1;BARRA VELHA;Reação tardia ou ineficiente do condutor;Colisão traseira;Com Vítimas Feridas;Pleno dia;Decrescente;Céu Claro;Dupla;Reta;Sim;4;0;2;0;2;0;2;3;-26,66914753;-48,68966818;SPRF-SC;DEL03-SC;UOP02-DEL03-SC
584728;03/03/2024;domingo;14:10:00;MG;262;37,4;MANHUACU;Transitar no Acostamento;Colisão transversal;Com Vítimas Feridas;Pleno dia;Decrescente;Céu Claro;Simples;Reta;Sim;2;0;1;0;1;0;1;2;-20,26305859;-42,03684948;SPRF-MG;DEL06-MG;UOP03-DEL06-MG
584729;03/03/2024;domingo;16:40:00;RS;285;205;LAGOA VERMELHA;Reação tardia ou ineficiente do condutor;Saída de leito carroçável;Com Vítimas Feridas;Pleno dia;Decrescente;Céu Claro;Simples;"Curva;Declive";Não;1;0;0;1;0;0;1;1;-28,21774354;-51,57600403;SPRF-RS;DEL08-RS;UOP05-DEL08-RS
584730;03/03/2024;domingo;16:00:00;DF;251;43,9;BRASILIA;Condutor Dormindo;Saída de leito carroçável;Com Vítimas Feridas;Pleno dia;Crescente;Chuva;Simples;Curva;Não;1;0;1;0;0;0;1;1;-15,948394;-47,844549;SPRF-DF;DEL01-DF;UOP01-DEL01-DF
584732;03/03/2024;domingo;17:00:00;SC;282;23,7;SANTO AMARO DA IMPERATRIZ;Velocidade Incompatível;Colisão transversal;Com Vítimas Feridas;Pleno dia;Decrescente;Nublado;Simples;Rotatória;Não;3;0;0;2;1;0;2;2;-27,687958;-48,736794;SPRF-SC;DEL01-SC;UOP03-DEL01-SC
584733;03/03/2024;domingo;16:20:00;SC;116;283,3;CAPAO ALTO;Avarias e/ou desgaste excessivo no pneu;Tombamento;Com Vítimas Feridas;Pleno dia;Decrescente;Céu Claro;Simples;Reta;Não;2;0;2;0;0;0;2;1;-28,06415598;-50,57357403;SPRF-SC;DEL05-SC;UOP02-DEL05-SC
584734;03/03/2024;domingo;13:55:00;MS;163;435;CAMPO GRANDE;Ausência de reação do condutor;Saída de leito carroçável;Com Vítimas Feridas;Pleno dia;Crescente;Chuva;Simples;"Reta;Declive";Não;1;0;1;0;0;0;1;1;-20,84791009;-54,51129547;SPRF-MS;DEL01-MS;UOP01-DEL01-MS
584735;03/03/2024;domingo;17:00:00;PR;373;477;CORONEL VIVIDA;Ingestão de álcool pelo condutor;Colisão transversal;Com Vítimas Feridas;Pleno dia;Decrescente;Céu Claro;Simples;"Curva;Interseção de Vias";Sim;4;0;2;0;2;0;2;2;-25,96797377;-52,52685308;SPRF-PR;DEL02-PR;UOP01-DEL02-PR
584736;03/03/2024;domingo;17:20:00;SP;153;63;SAO JOSE DO RIO PRETO;Reação tardia ou ineficiente do condutor;Colisão lateral mesmo sentido;Com Vítimas Feridas;Anoitecer;Decrescente;Céu Claro;Dupla;Reta;Sim;2;0;1;0;1;0;1;2;-20,82149698;-49,35764818;SPRF-SP;DEL09-SP;UOP01-DEL09-SP
584738;03/03/2024;domingo;16:30:00;GO;60;353,6;SANTO ANTONIO DA BARRA;Acumulo de água sobre o pavimento;Saída de leito carroçável;Sem Vítimas;Pleno dia;Decrescente;Ignorado;Dupla;"Declive;Curva";Não;1;0;0;0;1;0;0;1;-17,59876051;-50,72063014;SPRF-GO;DEL04-GO;UOP02-DEL04-GO
584739;03/03/2024;domingo;17:00:00;RS;386;129,9;SARANDI;Condutor deixou de manter distância do veículo da frente;Engavetamento;Com Vítimas Feridas;Pleno dia;Decrescente;Céu Claro;Simples;Reta;Não;5;0;2;0;3;0;2;3;-27,93280613;-52,95955181;SPRF-RS;DEL08-RS;UOP01-DEL08-RS
584740;03/03/2024;domingo;17:45:00;SP;116;105;TAUBATE;Reação tardia ou ineficiente do condutor;Colisão traseira;Com Vítimas Feridas;Pleno dia;Crescente;Céu Claro;Dupla;Reta;Não;4;0;0;1;2;1;1;3;-23,00757973;-45,51466613;SPRF-SP;DEL02-SP;UOP02-DEL02-SP
584741;03/03/2024;domingo;17:45:00;SP;116;211;GUARULHOS;Ingestão de álcool pelo condutor;Colisão com objeto;Sem Vítimas;Anoitecer;Decrescente;Chuva;Múltipla;Reta;Sim;3;0;0;0;3;0;0;1;-23,43608315;-46,42805094;SPRF-SP;DEL01-SP;UOP01-DEL01-SP
584742;03/03/2024;domingo;17:15:00;SC;282;577,8;PINHALZINHO;Frear bruscamente;Colisão lateral sentido oposto;Sem Vítimas;Pleno dia;Crescente;Céu Claro;Simples;Reta;Sim;4;0;0;0;4;0;0;2;-26,84676;-52,980644;SPRF-SC;DEL07-SC;UOP02-DEL07-SC
584744;03/03/2024;domingo;16:30:00;SP;116;339;JUQUITIBA;Reação tardia ou ineficiente do condutor;Colisão traseira;Com Vítimas Feridas;Pleno dia;Crescente;Sol;Dupla;"Declive;Reta";Não;2;0;1;0;1;0;1;2;-23,9983939;-47,14927316;SPRF-SP;DEL04-SP;UOP03-DEL04-SP
584745;03/03/2024;domingo;18:10:00;SC;101;151;ITAPEMA;Manobra de mudança de faixa;Colisão lateral mesmo sentido;Com Vítimas Feridas;Anoitecer;Decrescente;Céu Claro;Dupla;Reta;Sim;2;0;1;0;1;0;1;2;-27,126536;-48,609642;SPRF-SC;DEL04-SC;UOP03-DEL04-SC
584746;03/03/2024;domingo;17:00:00;MT;70;379;CAMPO VERDE;Ingestão de álcool pelo condutor;Saída de leito carroçável;Com Vítimas Feridas;Pleno dia;Crescente;Céu Claro;Simples;Rotatória;Sim;2;0;1;1;0;0;2;1;-15,50814794;-55,11189906;SPRF-MT;DEL05-MT;UOP02-DEL05-MT
584748;03/03/2024;domingo;18:15:00;MG;262;361;JUATUBA;Desrespeitar a preferência no cruzamento;Colisão transversal;Com Vítimas Feridas;Plena Noite;Crescente;Céu Claro;Dupla;Interseção de Vias;Não;3;0;1;0;2;0;1;2;-19,98332997;-44,23572401;SPRF-MG;DEL01-MG;UOP03-DEL01-MG
584749;03/03/2024;domingo;17:45:00;SC;101;443,7;SANTA ROSA DO SUL;Desrespeitar a preferência no cruzamento;Colisão transversal;Com Vítimas Feridas;Anoitecer;Crescente;Chuva;Múltipla;"Viaduto;Interseção de Vias";Sim;2;0;0;1;1;0;1;2;-29,13701856;-49,71219063;SPRF-SC;DEL02-SC;UOP02-DEL02-SC
584750;03/03/2024;domingo;16:42:00;MT;364;268;JACIARA;Ausência de reação do condutor;Colisão traseira;Com Vítimas Feridas;Pleno dia;Crescente;Céu Claro;Dupla;Reta;Não;5;0;0;1;4;0;1;2;-15,979633;-54,933279;SPRF-MT;DEL02-MT;UOP01-DEL02-MT
584751;03/03/2024;domingo;17:45:00;PB;230;214;SOLEDADE;Ausência de reação do condutor;Colisão lateral sentido oposto;Sem Vítimas;Anoitecer;Crescente;Céu Claro;Simples;Curva;Sim;2;0;0;0;1;1;0;2;-7,0622;-36,3543;SPRF-PB;DEL02-PB;UOP02-DEL02-PB
584753;03/03/2024;domingo;18:00:00;PR;369;197,6;ARAPONGAS;Ausência de reação do condutor;Colisão com objeto;Com Vítimas Feridas;Pleno dia;Crescente;Céu Claro;Dupla;Curva;Sim;1;0;1;0;0;0;1;1;-23,519111;-51,430363;SPRF-PR;DEL07-PR;UOP03-DEL07-PR
584754;03/03/2024;domingo;16:40:00;RJ;101;416;MANGARATIBA;Reação tardia ou ineficiente do condutor;Queda de ocupante de veículo;Com Vítimas Feridas;Anoitecer;Decrescente;Céu Claro;Simples;Declive;Sim;1;0;0;1;0;0;1;1;-22,90729503;-43,89024997;SPRF-RJ;DEL03-RJ;UOP02-DEL03-RJ
584755;03/03/2024;domingo;18:10:00;PE;428;192,4;PETROLINA;Ausência de reação do condutor;Colisão com objeto;Com Vítimas Feridas;Plena Noite;Crescente;Céu Claro;Dupla;Curva;Sim;2;0;0;2;0;0;2;1;-9,38714102;-40,52509367;SPRF-PE;DEL06-PE;UOP01-DEL06-PE
584756;03/03/2024;domingo;11:15:00;AL;101;47;FLEXEIRAS;Acumulo de água sobre o pavimento;Saída de leito carroçável;Sem Vítimas;Pleno dia;Crescente;Chuva;Dupla;Curva;Não;2;0;0;0;2;0;0;1;-9,21410505;-35,77500833;SPRF-AL;DEL01-AL;UOP02-DEL01-AL
584757;03/03/2024;domingo;18:00:00;SP;116;447;REGISTRO;Avarias e/ou desgaste excessivo no pneu;Queda de ocupante de veículo;Com Vítimas Feridas;Anoitecer;Decrescente;Céu Claro;Simples;"Curva;Viaduto;Aclive";Sim;1;0;1;0;0;0;1;1;-24,51285376;-47,85054871;SPRF-SP;DEL05-SP;UOP01-DEL05-SP
584760;03/03/2024;domingo;18:50:00;RS;116;152,7;CAXIAS DO SUL;Reação tardia ou ineficiente do condutor;Colisão traseira;Com Vítimas Feridas;Anoitecer;Crescente;Garoa/Chuvisco;Dupla;Reta;Sim;5;0;2;0;2;1;2;3;-29,1829343;-51,16801501;SPRF-RS;DEL05-RS;UOP01-DEL05-RS
584761;03/03/2024;domingo;17:05:00;PR;369;493,5;CASCAVEL;Transitar na contramão;Colisão frontal;Com Vítimas Feridas;Pleno dia;Decrescente;Céu Claro;Simples;Reta;Não;3;0;2;1;0;0;3;2;-24,85910434;-53,3348465;SPRF-PR;DEL04-PR;UOP03-DEL04-PR
584762;03/03/2024;domingo;16:35:00;RJ;101;420;MANGARATIBA;Ingestão de álcool pelo condutor;Queda de ocupante de veículo;Com Vítimas Feridas;Pleno dia;Decrescente;Sol;Dupla;Reta;Sim;2;0;1;0;1;0;1;1;-22,9189815;-43,92318002;SPRF-RJ;DEL03-RJ;UOP02-DEL03-RJ
584763;03/03/2024;domingo;17:30:00;PR;277;234;FERNANDES PINHEIRO;Acumulo de areia ou detritos sobre o pavimento;Colisão com objeto;Sem Vítimas;Pleno dia;Decrescente;Céu Claro;Simples;Rotatória;Não;2;0;0;0;2;0;0;1;-25,47103055;-50,49767186;SPRF-PR;DEL08-PR;UOP02-DEL08-PR
584765;03/03/2024;domingo;19:15:00;SC;101;25;JOINVILLE;Avarias e/ou desgaste excessivo no pneu;Queda de ocupante de veículo;Com Vítimas Feridas;Plena Noite;Decrescente;Céu Claro;Dupla;Reta;Não;2;0;2;0;0;0;2;1;-26,1834739;-48,9105912;SPRF-SC;DEL03-SC;UOP01-DEL03-SC
584767;03/03/2024;domingo;18:20:00;PE;104;20;TAQUARITINGA DO NORTE;Transitar na contramão;Colisão frontal;Com Vítimas Fatais;Plena Noite;Decrescente;Céu Claro;Simples;"Declive;Reta";Não;5;1;3;1;0;0;4;2;-7,956497;-36,128529;SPRF-PE;DEL02-PE;UOP01-DEL02-PE
584768;03/03/2024;domingo;18:52:00;ES;101;138;LINHARES;Manobra de mudança de faixa;Colisão lateral mesmo sentido;Com Vítimas Feridas;Plena Noite;Decrescente;Céu Claro;Dupla;Curva;Sim;2;0;1;0;1;0;1;2;-19,30186109;-40,08371726;SPRF-ES;DEL04-ES;UOP01-DEL04-ES
584769;03/03/2024;domingo;16:20:00;PE;232;123,2;CARUARU;Velocidade Incompatível;Saída de leito carroçável;Com Vítimas Feridas;Pleno dia;Decrescente;Chuva;Dupla;"Declive;Reta";Não;2;0;2;0;0;0;2;1;-8,3030566;-35,92248201;SPRF-PE;DEL02-PE;UOP01-DEL02-PE
584772;03/03/2024;domingo;18:30:00;BA;116;24;VITORIA DA CONQUISTA;Ausência de reação do condutor;Colisão traseira;Com Vítimas Feridas;Plena Noite;Crescente;Nublado;Simples;Reta;Não;1;0;0;1;0;0;1;1;-14,86944667;-40,7997502;SPRF-BA;DEL08-BA;UOP01-DEL08-BA
584773;03/03/2024;domingo;08:25:00;RS;392;76;PELOTAS;Ausência de reação do condutor;Queda de ocupante de veículo;Com Vítimas Feridas;Pleno dia;Crescente;Nublado;Simples;Reta;Não;1;0;1;0;0;0;1;1;-31,69748285;-52,42085591;SPRF-RS;DEL07-RS;UOP01-DEL07-RS
584776;03/03/2024;domingo;19:50:00;RS;116;147;CAXIAS DO SUL;Acessar a via sem observar a presença dos outros veículos;Colisão transversal;Com Vítimas Feridas;Plena Noite;Crescente;Chuva;Dupla;Reta;Sim;3;0;1;0;2;0;1;2;-29,14908014;-51,1429969;SPRF-RS;DEL05-RS;UOP01-DEL05-RS
584777;03/03/2024;domingo;18:35:00;PR;376;257;CALIFORNIA;Ausência de reação do condutor;Colisão com objeto;Com Vítimas Feridas;Anoitecer;Crescente;Céu Claro;Simples;Curva;Sim;1;0;1;0;0;0;1;1;-23,68565398;-51,34994631;SPRF-PR;DEL07-PR;UOP03-DEL07-PR
584778;03/03/2024;domingo;19:30:00;RS;386;435;NOVA SANTA RITA;Desrespeitar a preferência no cruzamento;Colisão transversal;Com Vítimas Feridas;Plena Noite;Decrescente;Céu Claro;Dupla;Rotatória;Não;6;0;4;1;1;0;5;2;-29,846369;-51,275738;SPRF-RS;DEL04-RS;UOP02-DEL04-RS
584779;03/03/2024;domingo;19:45:00;PR;277;720,2;FOZ DO IGUACU;Pedestre cruzava a pista fora da faixa;Atropelamento de Pedestre;Com Vítimas Feridas;Plena Noite;Crescente;Garoa/Chuvisco;Dupla;Reta;Não;3;0;0;1;2;0;1;2;-25,48750984;-54,50317706;SPRF-PR;DEL05-PR;UOP03-DEL05-PR
584782;03/03/2024;domingo;17:30:00;CE;230;82;VARZEA ALEGRE;Ausência de reação do condutor;Colisão traseira;Com Vítimas Fatais;Pleno dia;Crescente;Céu Claro;Simples;Reta;Sim;2;1;0;0;1;0;0;2;-6,79048954;-39,31133028;SPRF-CE;DEL05-CE;UOP01-DEL05-CE