id;data_inversa;dia_semana;horario;uf;br;km;municipio;causa_acidente;tipo_acidente;classificacao_acidente;fase_dia;sentido_via;condicao_metereologica;tipo_pista;tracado_via;uso_solo;pessoas;mortos;feridos_leves;feridos_graves;ilesos;ignorados;feridos;veiculos;latitude;longitude;regional;delegacia;uop
584783;03/03/2024;domingo;19:55:00;RS;386;348,4;LAJEADO;Ausência de reação do condutor;Saída de leito carroçável;Com Vítimas Feridas;Plena Noite;Crescente;Garoa/Chuvisco;Dupla;"Declive;Reta";Sim;2;0;2;0;0;0;2;1;-29,456644;-51,957329;SPRF-RS;DEL04-RS;UOP01-DEL04-RS
584786;03/03/2024;domingo;20:40:00;BA;116;685;JEQUIE;Demais falhas mecânicas ou elétricas;Incêndio;Sem Vítimas;Plena Noite;Crescente;Céu Claro;Simples;Reta;Não;1;0;0;0;1;0;0;1;-13,9121709;-40,15218318;SPRF-BA;DEL03-BA;UOP01-DEL03-BA
584788;03/03/2024;domingo;20:00:00;PR;277;114,6;CAMPO LARGO;Ingestão de álcool pelo condutor;Colisão transversal;Com Vítimas Feridas;Plena Noite;Decrescente;Céu Claro;Simples;Reta;Não;4;0;1;0;3;0;1;2;-25,42766575;-49,38724005;SPRF-PR;DEL03-PR;UOP03-DEL03-PR
584789;03/03/2024;domingo;20:30:00;RJ;116;83;TERESOPOLIS;Acessar a via sem observar a presença dos outros veículos;Colisão transversal;Com Vítimas Feridas;Plena Noite;Decrescente;Céu Claro;Simples;Reta;Não;2;0;1;0;1;0;1;2;-22,41517488;-42,95011324;SPRF-RJ;DEL04-RJ;UOP01-DEL04-RJ
584790;03/03/2024;domingo;18:10:00;SC;282;505;XANXERE;Ingestão de álcool pelo condutor;Colisão com objeto;Com Vítimas Feridas;Pleno dia;Crescente;Sol;Simples;Reta;Não;2;0;2;0;0;0;2;1;-26,885883;-52,418762;SPRF-SC;DEL07-SC;UOP01-DEL07-SC
584791;03/03/2024;domingo;17:40:00;MG;262;717;ARAXA;Reação tardia ou ineficiente do condutor;Saída de leito carroçável;Com Vítimas Feridas;Anoitecer;Decrescente;Céu Claro;Simples;Reta;Não;1;0;1;0;0;0;1;1;-19,61321738;-47,1693854;SPRF-MG;DEL08-MG;UOP01-DEL08-MG
584793;03/03/2024;domingo;20:31:00;GO;60;169;GOIANIA;Manobra de mudança de faixa;Saída de leito carroçável;Com Vítimas Feridas;Plena Noite;Crescente;Nublado;Simples;"Reta;Aclive";Sim;2;0;1;1;0;0;2;1;-16,7269;-49,3822;SPRF-GO;DEL01-GO;UOP02-DEL01-GO
584795;03/03/2024;domingo;19:30:00;MS;163;278,7;DOURADOS;Ingestão de álcool pelo condutor;Colisão com objeto;Sem Vítimas;Plena Noite;Decrescente;Nublado;Dupla;Rotatória;Não;3;0;0;0;3;0;0;1;-22,14422049;-54,62739766;SPRF-MS;DEL04-MS;UOP01-DEL04-MS
584797;03/03/2024;domingo;20:50:00;RN;406;149,7;CEARA-MIRIM;Animais na Pista;Atropelamento de Animal;Com Vítimas Feridas;Plena Noite;Crescente;Céu Claro;Simples;Reta;Sim;1;0;1;0;0;0;1;1;-5,6485583;-35,44127004;SPRF-RN;DEL02-RN;UOP01-DEL02-RN
584798;03/03/2024;domingo;20:30:00;MG;116;289;TEOFILO OTONI;Reação tardia ou ineficiente do condutor;Atropelamento de Pedestre;Com Vítimas Feridas;Plena Noite;Decrescente;Céu Claro;Múltipla;Reta;Sim;2;0;1;0;0;1;1;2;-17,96074211;-41,53752579;SPRF-MG;DEL11-MG;UOP01-DEL11-MG
584799;03/03/2024;domingo;12:48:00;BA;110;295;INHAMBUPE;Velocidade Incompatível;Colisão traseira;Com Vítimas Feridas;Pleno dia;Decrescente;Céu Claro;Simples;Reta;Não;1;0;0;1;0;0;1;1;-11,86295817;-38,37319551;SPRF-BA;DEL01-BA;UOP04-DEL01-BA
584800;03/03/2024;domingo;21:00:00;MG;116;415,7;GOVERNADOR VALADARES;Reação tardia ou ineficiente do condutor;Colisão com objeto;Com Vítimas Feridas;Plena Noite;Crescente;Céu Claro;Simples;Reta;Sim;1;0;1;0;0;0;1;1;-18,88401297;-41,94924399;SPRF-MG;DEL06-MG;UOP01-DEL06-MG
584802;03/03/2024;domingo;18:00:00;BA;242;417;SEABRA;Ultrapassagem Indevida;Colisão traseira;Com Vítimas Feridas;Anoitecer;Decrescente;Céu Claro;Simples;"Reta;Declive";Sim;3;0;1;0;2;0;1;2;-12,43099561;-41,79739105;SPRF-BA;DEL06-BA;UOP01-DEL06-BA
584803;03/03/2024;domingo;19:10:00;MT;364;202;RONDONOPOLIS;Demais falhas mecânicas ou elétricas;Eventos atípicos;Sem Vítimas;Plena Noite;Decrescente;Chuva;Dupla;Reta;Sim;1;0;0;0;1;0;0;1;-16,48625474;-54,64848518;SPRF-MT;DEL02-MT;UOP01-DEL02-MT
584805;03/03/2024;domingo;20:40:00;GO;70;9;AGUAS LINDAS DE GOIAS;Manobra de mudança de faixa;Saída de leito carroçável;Sem Vítimas;Plena Noite;Decrescente;Céu Claro;Dupla;Reta;Sim;2;0;0;0;2;0;0;1;-15,73576731;-48,28288046;SPRF-DF;DEL03-DF;UOP02-DEL03-DF
584806;03/03/2024;domingo;20:30:00;SC;282;68,9;RANCHO QUEIMADO;Reação tardia ou ineficiente do condutor;Saída de leito carroçável;Com Vítimas Feridas;Plena Noite;Crescente;Chuva;Simples;"Aclive;Curva";Não;2;0;1;0;1;0;1;1;-27,692406;-49,075939;SPRF-SC;DEL01-SC;UOP03-DEL01-SC
584807;03/03/2024;domingo;21:35:00;SC;282;5;SAO JOSE;Reação tardia ou ineficiente do condutor;Tombamento;Com Vítimas Feridas;Plena Noite;Crescente;Nublado;Múltipla;"Viaduto;Curva";Sim;1;0;1;0;0;0;1;1;-27,588425;-48,612919;SPRF-SC;DEL01-SC;UOP01-DEL01-SC
584808;03/03/2024;domingo;21:30:00;GO;70;363;MONTES CLAROS DE GOIAS;Manobra de mudança de faixa;Colisão frontal;Com Vítimas Feridas;Plena Noite;Crescente;Chuva;Simples;Reta;Não;4;0;4;0;0;0;4;2;-15,93921205;-51,34984016;SPRF-GO;DEL04-GO;UOP02-DEL04-GO
584809;03/03/2024;domingo;17:00:00;RO;429;228;SERINGUEIRAS;Demais falhas mecânicas ou elétricas;Saída de leito carroçável;Com Vítimas Feridas;Anoitecer;Decrescente;Chuva;Simples;Reta;Não;5;0;1;0;4;0;1;1;-11,93302717;-63,24344779;SPRF-RO;DEL02-RO;UOP03-DEL02-RO
584810;03/03/2024;domingo;21:20:00;SC;470;75,3;INDAIAL;Ultrapassagem Indevida;Colisão frontal;Com Vítimas Feridas;Plena Noite;Decrescente;Chuva;Simples;"Interseção de Vias;Em Obras;Reta";Não;3;0;1;1;1;0;2;2;-26,924833;-49,284004;SPRF-SC;DEL04-SC;UOP01-DEL04-SC
584812;03/03/2024;domingo;19:40:00;RR;174;447;BOA VISTA;Animais na Pista;Atropelamento de Animal;Com Vítimas Feridas;Plena Noite;Crescente;Céu Claro;Simples;Reta;Não;3;0;1;0;2;0;1;1;2,431197;-60,92004;SPRF-RR;DEL01-RR;UOP01-DEL01-RR
584814;03/03/2024;domingo;17:30:00;RJ;116;304;RESENDE;Reação tardia ou ineficiente do condutor;Colisão com objeto;Com Vítimas Feridas;Pleno dia;Crescente;Céu Claro;Dupla;Reta;Não;2;0;1;0;0;1;1;1;-22,4550412;-44,38649998;SPRF-RJ;DEL07-RJ;UOP02-DEL07-RJ
584816;03/03/2024;domingo;21:50:00;TO;10;462;PALMAS;Ausência de sinalização;Colisão traseira;Com Vítimas Feridas;Plena Noite;Crescente;Garoa/Chuvisco;Múltipla;Reta;Sim;3;0;1;0;2;0;1;2;-10,16462393;-48,16862821;SPRF-TO;DEL01-TO;UOP03-DEL01-TO
584817;03/03/2024;domingo;21:45:00;SE;101;89;NOSSA SENHORA DO SOCORRO;Animais na Pista;Tombamento;Com Vítimas Feridas;Pleno dia;Decrescente;Céu Claro;Dupla;Declive;Não;3;0;3;0;0;0;3;1;-10,880565;-37,133573;SPRF-SE;DEL01-SE;UOP01-DEL01-SE
584820;03/03/2024;domingo;21:55:00;SC;101;209,1;SAO JOSE;Ausência de reação do condutor;Tombamento;Com Vítimas Feridas;Plena Noite;Decrescente;Chuva;Múltipla;Reta;Sim;1;0;1;0;0;0;1;1;-27,61000542;-48,63895057;SPRF-SC;DEL01-SC;UOP01-DEL01-SC
584821;03/03/2024;domingo;21:10:00;RJ;101;258;RIO BONITO;Pedestre cruzava a pista fora da faixa;Atropelamento de Pedestre;Com Vítimas Feridas;Plena Noite;Crescente;Céu Claro;Dupla;Reta;Não;3;0;1;0;2;0;1;2;-22,7015937;-42,58693809;SPRF-RJ;DEL02-RJ;UOP03-DEL02-RJ
584822;03/03/2024;domingo;22:30:00;PR;376;248,9;APUCARANA;Ausência de reação do condutor;Colisão com objeto;Sem Vítimas;Plena Noite;Decrescente;Céu Claro;Dupla;Curva;Não;1;0;0;0;1;0;0;1;-23,62178992;-51,38837894;SPRF-PR;DEL07-PR;UOP03-DEL07-PR
584823;03/03/2024;domingo;17:30:00;PB;230;243,5;JUAZEIRINHO;Transitar na contramão;Colisão frontal;Com Vítimas Feridas;Plena Noite;Decrescente;Céu Claro;Simples;Reta;Não;2;0;0;1;1;0;1;2;-7,0689;-36,5893;SPRF-PB;DEL02-PB;UOP02-DEL02-PB
584824;03/03/2024;domingo;22:00:00;SP;116;448;REGISTRO;Fumaça;Incêndio;Sem Vítimas;Plena Noite;Decrescente;Céu Claro;Dupla;Reta;Sim;1;0;0;0;1;0;0;1;-24,52099699;-47,85336602;SPRF-SP;DEL05-SP;UOP01-DEL05-SP
584826;03/03/2024;domingo;22:10:00;PR;163;252;TOLEDO;Velocidade Incompatível;Capotamento;Com Vítimas Feridas;Plena Noite;Crescente;Garoa/Chuvisco;Dupla;Reta;Sim;1;0;0;1;0;0;1;1;-24,6895249;-53,74927497;SPRF-PR;DEL06-PR;UOP02-DEL06-PR
584827;03/03/2024;domingo;22:25:00;PR;376;652,5;TIJUCAS DO SUL;Ingestão de álcool pelo condutor;Colisão traseira;Com Vítimas Feridas;Plena Noite;Decrescente;Nublado;Dupla;"Curva;Aclive";Não;6;0;1;0;5;0;1;2;-25,84208635;-49,05677032;SPRF-PR;DEL01-PR;UOP04-DEL01-PR
584828;03/03/2024;domingo;21:00:00;PR;369;462,5;CORBELIA;Suicídio (presumido);Atropelamento de Pedestre;Com Vítimas Fatais;Plena Noite;Decrescente;Céu Claro;Simples;"Declive;Reta";Sim;5;1;0;0;3;1;0;2;-24,6339116;-53,2087347;SPRF-PR;DEL04-PR;UOP03-DEL04-PR
584829;03/03/2024;domingo;19:30:00;PR;369;371;MAMBORE;Desrespeitar a preferência no cruzamento;Colisão transversal;Com Vítimas Feridas;Plena Noite;Decrescente;Céu Claro;Simples;Interseção de Vias;Não;5;0;2;0;3;0;2;2;-24,27325687;-52,51220226;SPRF-PR;DEL09-PR;UOP03-DEL09-PR
584830;03/03/2024;domingo;18:30:00;RN;110;36,6;MOSSORO;Animais na Pista;Atropelamento de Animal;Sem Vítimas;Plena Noite;Decrescente;Céu Claro;Simples;Reta;Não;1;0;0;0;1;0;0;1;-5,16877677;-37,23530801;SPRF-RN;DEL04-RN;UOP01-DEL04-RN
584832;03/03/2024;domingo;22:00:00;PI;343;4,8;TERESINA;Condutor deixou de manter distância do veículo da frente;Colisão traseira;Com Vítimas Feridas;Plena Noite;Crescente;Chuva;Múltipla;Ponte;Sim;2;0;0;1;1;0;1;2;-5,08304038;-42,79628076;SPRF-PI;DEL01-PI;UOP01-DEL01-PI
584833;03/03/2024;domingo;22:40:00;SP;116;209;GUARULHOS;Ausência de reação do condutor;Colisão transversal;Sem Vítimas;Plena Noite;Crescente;Nublado;Múltipla;Reta;Não;2;0;0;0;2;0;0;2;-23,42511799;-46,40221101;SPRF-SP;DEL01-SP;UOP01-DEL01-SP
584834;03/03/2024;domingo;17:30:00;MG;364;14;FRUTAL;Reação tardia ou ineficiente do condutor;Saída de leito carroçável;Com Vítimas Feridas;Pleno dia;Decrescente;Céu Claro;Simples;Reta;Não;1;0;0;1;0;0;1;1;-20,07038748;-48,78972871;SPRF-MG;DEL13-MG;UOP02-DEL13-MG
584835;03/03/2024;domingo;23:20:00;PR;277;235;FERNANDES PINHEIRO;Demais falhas mecânicas ou elétricas;Saída de leito carroçável;Sem Vítimas;Plena Noite;Crescente;Céu Claro;Simples;Reta;Não;1;0;0;0;1;0;0;1;-25,46813144;-50,50708614;SPRF-PR;DEL08-PR;UOP02-DEL08-PR
584837;03/03/2024;domingo;20:45:00;SC;101;359;SANGAO;Chuva;Tombamento;Com Vítimas Feridas;Plena Noite;Decrescente;Garoa/Chuvisco;Dupla;"Interseção de Vias;Rotatória";Sim;1;0;1;0;0;0;1;1;-28,660654;-49,110452;SPRF-SC;DEL02-SC;UOP01-DEL02-SC
584839;03/03/2024;domingo;23:25:00;SC;163;79,2;SAO MIGUEL DO OESTE;Ingestão de álcool pelo condutor;Saída de leito carroçável;Com Vítimas Feridas;Plena Noite;Crescente;Céu Claro;Dupla;"Rotatória;Declive;Interseção de Vias";Não;2;0;2;0;0;0;2;1;-26,65911819;-53,51816757;SPRF-SC;DEL07-SC;UOP03-DEL07-SC
584841;04/03/2024;segunda-feira;01:50:00;MG;40;697,6;BARBACENA;Ausência de reação do condutor;Queda de ocupante de veículo;Com Vítimas Feridas;Plena Noite;Decrescente;Nublado;Simples;Reta;Não;1;0;0;1;0;0;1;1;-21,18602848;-43,75246525;SPRF-MG;DEL05-MG;UOP02-DEL05-MG
584842;04/03/2024;segunda-feira;02:15:00;MG;50;203;DELTA;Ausência de reação do condutor;Saída de leito carroçável;Com Vítimas Feridas;Plena Noite;Decrescente;Chuva;Dupla;Aclive;Não;1;0;1;0;0;0;1;1;-19,92627147;-47,82191068;SPRF-MG;DEL13-MG;UOP01-DEL13-MG
584843;04/03/2024;segunda-feira;02:45:00;GO;60;103;ANAPOLIS;Velocidade Incompatível;Colisão traseira;Com Vítimas Feridas;Plena Noite;Decrescente;Céu Claro;Dupla;"Aclive;Reta";Não;3;0;0;2;1;0;2;2;-16,4098;-48,9913;SPRF-GO;DEL02-GO;UOP01-DEL02-GO
584844;04/03/2024;segunda-feira;02:20:00;MS;267;636,1;PORTO MURTINHO;Ausência de reação do condutor;Saída de leito carroçável;Com Vítimas Feridas;Plena Noite;Decrescente;Céu Claro;Simples;Reta;Não;1;0;1;0;0;0;1;1;-21,74399742;-57,43890618;SPRF-MS;DEL05-MS;UOP01-DEL05-MS
584845;04/03/2024;segunda-feira;03:20:00;MG;262;374;JUATUBA;Velocidade Incompatível;Queda de ocupante de veículo;Com Vítimas Feridas;Plena Noite;Decrescente;Céu Claro;Dupla;"Reta;Declive";Não;1;0;1;0;0;0;1;1;-19,93268682;-44,41635132;SPRF-MG;DEL01-MG;UOP03-DEL01-MG
584846;04/03/2024;segunda-feira;03:40:00;MG;381;481;BETIM;Ausência de reação do condutor;Queda de ocupante de veículo;Com Vítimas Feridas;Plena Noite;Crescente;Céu Claro;Múltipla;Reta;Sim;1;0;0;1;0;0;1;1;-19,95931561;-44,08825597;SPRF-MG;DEL01-MG;UOP03-DEL01-MG
584847;04/03/2024;segunda-feira;03:25:00;PA;316;27,9;BENEVIDES;Ausência de reação do condutor;Colisão com objeto;Sem Vítimas;Plena Noite;Decrescente;Ignorado;Dupla;Curva;Sim;1;0;0;0;0;1;0;1;-1,31824794;-48,22663008;SPRF-PA;DEL01-PA;UOP01-DEL01-PA
584848;03/03/2024;domingo;19:30:00;BA;116;337;TEOFILANDIA;Entrada inopinada do pedestre;Atropelamento de Pedestre;Com Vítimas Feridas;Plena Noite;Decrescente;Chuva;Simples;Reta;Não;3;0;0;1;2;0;1;2;-11,47624586;-38,99386633;SPRF-BA;DEL02-BA;UOP01-DEL02-BA
584849;04/03/2024;segunda-feira;05:07:00;SP;116;129;CACAPAVA;Reação tardia ou ineficiente do condutor;Colisão lateral mesmo sentido;Com Vítimas Feridas;Amanhecer;Decrescente;Céu Claro;Dupla;Reta;Sim;2;0;0;1;1;0;1;2;-23,11885593;-45,71948203;SPRF-SP;DEL02-SP;UOP02-DEL02-SP
584850;04/03/2024;segunda-feira;03:20:00;SC;101;6;GARUVA;Ingestão de álcool pelo condutor;Saída de leito carroçável;Sem Vítimas;Plena Noite;Decrescente;Ignorado;Múltipla;Reta;Não;1;0;0;0;1;0;0;1;-26,02957067;-48,86092186;SPRF-SC;DEL03-SC;UOP01-DEL03-SC
584851;20/02/2024;terça-feira;13:45:00;RJ;101;298;ITABORAI;Acessar a via sem observar a presença dos outros veículos;Colisão traseira;Com Vítimas Feridas;Pleno dia;Crescente;Céu Claro;Dupla;Reta;Não;1;0;1;0;0;0;1;1;-22,7714;-42,92896;SPRF-RJ;DEL02-RJ;UOP02-DEL02-RJ
584852;28/02/2024;quarta-feira;07:30:00;MG;381;429;CAETE;Ausência de reação do condutor;Queda de ocupante de veículo;Com Vítimas Feridas;Pleno dia;Decrescente;Céu Claro;Simples;Curva;Não;1;0;1;0;0;0;1;1;-19,78663743;-43,71433695;SPRF-MG;DEL01-MG;UOP01-DEL01-MG
584853;04/03/2024;segunda-feira;05:00:00;SP;116;101,4;PINDAMONHANGABA;Manobra de mudança de faixa;Colisão traseira;Com Vítimas Feridas;Amanhecer;Decrescente;Céu Claro;Dupla;"Reta;Aclive";Não;2;0;0;1;1;0;1;2;-22,99074204;-45,48115098;SPRF-SP;DEL08-SP;UOP01-DEL08-SP
584854;04/03/2024;segunda-feira;06:30:00;SC;101;212,7;PALHOCA;Trafegar com motocicleta (ou similar) entre as faixas;Colisão lateral mesmo sentido;Com Vítimas Feridas;Pleno dia;Decrescente;Céu Claro;Múltipla;Reta;Não;2;0;0;1;1;0;1;2;-27,62996929;-48,65903871;SPRF-SC;DEL01-SC;UOP02-DEL01-SC
584856;04/03/2024;segunda-feira;06:15:00;RS;158;220,8;CRUZ ALTA;Velocidade Incompatível;Saída de leito carroçável;Com Vítimas Feridas;Amanhecer;Crescente;Chuva;Simples;Curva;Não;2;0;1;0;1;0;1;1;-28,861118;-53,61617098;SPRF-RS;DEL10-RS;UOP02-DEL10-RS
584858;04/03/2024;segunda-feira;06:20:00;MG;153;7;ARAPORA;Acumulo de areia ou detritos sobre o pavimento;Saída de leito carroçável;Com Vítimas Feridas;Amanhecer;Crescente;Céu Claro;Dupla;Reta;Não;1;0;1;0;0;0;1;1;-18,478658;-49,188442;SPRF-MG;DEL15-MG;UOP03-DEL15-MG
584859;04/03/2024;segunda-feira;07:00:00;SP;116;221;GUARULHOS;Trafegar com motocicleta (ou similar) entre as faixas;Colisão traseira;Com Vítimas Feridas;Pleno dia;Crescente;Sol;Múltipla;Reta;Sim;2;0;1;0;1;0;1;2;-23,46802395;-46,50704901;SPRF-SP;DEL01-SP;UOP01-DEL01-SP
584861;04/03/2024;segunda-feira;06:50:00;MG;262;368;JUATUBA;Entrada inopinada do pedestre;Atropelamento de Pedestre;Com Vítimas Feridas;Amanhecer;Decrescente;Céu Claro;Dupla;Curva;Sim;2;0;1;1;0;0;2;2;-19,97239513;-44,28042402;SPRF-MG;DEL01-MG;UOP03-DEL01-MG
584862;04/03/2024;segunda-feira;07:00:00;MG;381;938,5;EXTREMA;Velocidade Incompatível;Queda de ocupante de veículo;Com Vítimas Feridas;Pleno dia;Crescente;Nublado;Dupla;Reta;Não;1;0;1;0;0;0;1;1;-22,83909203;-46,32850893;SPRF-MG;DEL16-MG;UOP03-DEL16-MG
584871;04/03/2024;segunda-feira;06:20:00;MG;116;509,1;UBAPORANGA;Reação tardia ou ineficiente do condutor;Colisão traseira;Com Vítimas Feridas;Pleno dia;Crescente;Nublado;Simples;"Interseção de Vias;Reta";Sim;2;0;1;0;1;0;1;2;-19,63654904;-42,10593182;SPRF-MG;DEL06-MG;UOP02-DEL06-MG
584872;04/03/2024;segunda-feira;06:50:00;MG;153;7;ARAPORA;Demais falhas mecânicas ou elétricas;Tombamento;Com Vítimas Feridas;Pleno dia;Crescente;Céu Claro;Dupla;Reta;Não;1;0;1;0;0;0;1;1;-18,478658;-49,188442;SPRF-MG;DEL15-MG;UOP03-DEL15-MG
584874;04/03/2024;segunda-feira;02:50:00;RO;364;661;CANDEIAS DO JAMARI;Reação tardia ou ineficiente do condutor;Queda de ocupante de veículo;Com Vítimas Feridas;Plena Noite;Decrescente;Céu Claro;Simples;Reta;Não;1;0;1;0;0;0;1;1;-8,82379174;-63,45418145;SPRF-RO;DEL01-RO;UOP01-DEL01-RO
584875;04/03/2024;segunda-feira;07:20:00;MG;381;6;BETIM;Ausência de reação do condutor;Queda de ocupante de veículo;Com Vítimas Feridas;Pleno dia;Decrescente;Céu Claro;Dupla;Curva;Não;2;0;1;0;1;0;1;2;-19,96825;-44,198708;SPRF-MG;DEL01-MG;UOP03-DEL01-MG
584877;04/03/2024;segunda-feira;06:45:00;SC;101;253;PAULO LOPES;Animais na Pista;Atropelamento de Animal;Com Vítimas Feridas;Pleno dia;Crescente;Céu Claro;Dupla;Reta;Não;1;0;0;1;0;0;1;1;-27,96492999;-48,67962057;SPRF-SC;DEL02-SC;UOP03-DEL02-SC
584878;04/03/2024;segunda-feira;06:51:00;RN;304;307;PARNAMIRIM;Acessar a via sem observar a presença dos outros veículos;Colisão traseira;Com Vítimas Feridas;Pleno dia;Crescente;Céu Claro;Dupla;Reta;Não;3;0;0;1;1;1;1;2;-5,89157688;-35,25507737;SPRF-RN;DEL01-RN;UOP01-DEL01-RN
584879;04/03/2024;segunda-feira;07:15:00;PR;116;125;FAZENDA RIO GRANDE;Trafegar com motocicleta (ou similar) entre as faixas;Colisão lateral mesmo sentido;Com Vítimas Feridas;Pleno dia;Crescente;Céu Claro;Dupla;Reta;Sim;2;0;1;0;1;0;1;2;-25,631138;-49,31349;SPRF-PR;DEL01-PR;UOP03-DEL01-PR
584880;04/03/2024;segunda-feira;07:00:00;RJ;493;96;SEROPEDICA;Ausência de reação do condutor;Queda de ocupante de veículo;Com Vítimas Feridas;Pleno dia;Decrescente;Céu Claro;Simples;"Declive;Viaduto;Reta";Não;1;0;1;0;0;0;1;1;-22,706321;-43,699426;SPRF-RJ;DEL01-RJ;UOP03-DEL01-RJ
584882;04/03/2024;segunda-feira;07:02:00;RJ;101;333;RIO DE JANEIRO;Manobra de mudança de faixa;Colisão traseira;Com Vítimas Feridas;Pleno dia;Crescente;Céu Claro;Dupla;Reta;Sim;2;0;1;0;1;0;1;2;-22,87827816;-43,21053578;SPRF-RJ;DEL02-RJ;UOP01-DEL02-RJ
584884;04/03/2024;segunda-feira;06:50:00;RS;468;29,8;PALMEIRA DAS MISSOES;Chuva;Tombamento;Com Vítimas Feridas;Pleno dia;Decrescente;Chuva;Simples;Curva;Não;1;0;1;0;0;0;1;1;-27,75057606;-53,51817302;SPRF-RS;DEL08-RS;UOP01-DEL08-RS
584885;04/03/2024;segunda-feira;07:50:00;PE;101;76;RECIFE;Reação tardia ou ineficiente do condutor;Colisão lateral mesmo sentido;Com Vítimas Feridas;Pleno dia;Decrescente;Céu Claro;Dupla;Reta;Não;2;0;0;1;1;0;1;2;-8,11813811;-34,94329214;SPRF-PE;DEL01-PE;UOP01-DEL01-PE
584886;04/03/2024;segunda-feira;07:30:00;CE;116;11;FORTALEZA;Condutor deixou de manter distância do veículo da frente;Colisão traseira;Com Vítimas Feridas;Pleno dia;Crescente;Sol;Dupla;Reta;Sim;2;0;1;0;1;0;1;2;-3,84394724;-38,49891546;SPRF-CE;DEL01-CE;UOP02-DEL01-CE
584887;24/01/2024;quarta-feira;09:29:00;SC;101;436,8;SOMBRIO;Pedestre cruzava a pista fora da faixa;Atropelamento de Pedestre;Com Vítimas Fatais;Pleno dia;Crescente;Garoa/Chuvisco;Dupla;"Declive;Curva";Não;3;1;0;0;2;0;0;2;-29,121356;-49,643096;SPRF-SC;DEL02-SC;UOP02-DEL02-SC
584888;28/02/2024;quarta-feira;18:00:00;RJ;495;1;TERESOPOLIS;Trafegar com motocicleta (ou similar) entre as faixas;Colisão lateral mesmo sentido;Com Vítimas Feridas;Plena Noite;Crescente;Céu Claro;Simples;Reta;Sim;2;0;1;0;1;0;1;2;-22,400555;-42,976154;SPRF-RJ;DEL04-RJ;UOP01-DEL04-RJ
584890;03/03/2024;domingo;21:45:00;RJ;116;323,9;ITATIAIA;Reação tardia ou ineficiente do condutor;Capotamento;Com Vítimas Feridas;Plena Noite;Crescente;Céu Claro;Simples;Curva;Sim;1;0;0;1;0;0;1;1;-22,488885;-44,552696;SPRF-RJ;DEL07-RJ;UOP02-DEL07-RJ
584891;31/01/2024;quarta-feira;16:50:00;MA;10;257;IMPERATRIZ;Mal súbito do condutor;Tombamento;Com Vítimas Feridas;Pleno dia;Decrescente;Céu Claro;Simples;Reta;Sim;1;0;1;0;0;0;1;1;-5,490634;-47,471973;SPRF-MA;DEL04-MA;UOP01-DEL04-MA
584892;04/03/2024;segunda-feira;06:45:00;SP;101;44,4;UBATUBA;Acessar a via sem observar a presença dos outros veículos;Colisão transversal;Com Vítimas Feridas;Pleno dia;Decrescente;Céu Claro;Simples;Reta;Sim;2;0;1;0;1;0;1;2;-23,41031675;-45,06484509;SPRF-SP;DEL06-SP;UOP01-DEL06-SP
584894;04/03/2024;segunda-feira;08:00:00;MG;40;352,2;FELIXLANDIA;Avarias e/ou desgaste excessivo no pneu;Queda de ocupante de veículo;Com Vítimas Feridas;Pleno dia;Crescente;Chuva;Simples;Reta;Não;1;0;1;0;0;0;1;1;-18,72830582;-44,92054099;SPRF-MG;DEL02-MG;UOP01-DEL02-MG
584895;04/03/2024;segunda-feira;08:12:00;SP;153;65,6;SAO JOSE DO RIO PRETO;Avarias e/ou desgaste excessivo no pneu;Tombamento;Com Vítimas Feridas;Pleno dia;Decrescente;Céu Claro;Dupla;Reta;Sim;1;0;1;0;0;0;1;1;-20,8355877;-49,36570039;SPRF-SP;DEL09-SP;UOP01-DEL09-SP
584896;04/03/2024;segunda-feira;07:27:00;PE;232;125,9;CARUARU;Entrada inopinada do pedestre;Atropelamento de Pedestre;Com Vítimas Feridas;Pleno dia;Crescente;Céu Claro;Dupla;Reta;Não;2;0;0;1;0;1;1;2;-8,30807114;-35,94580097;SPRF-PE;DEL02-PE;UOP01-DEL02-PE
584897;04/03/2024;segunda-feira;07:39:00;PR;116;121;CURITIBA;Manobra de mudança de faixa;Colisão lateral mesmo sentido;Com Vítimas Feridas;Pleno dia;Decrescente;Céu Claro;Múltipla;Reta;Sim;3;0;1;1;1;0;2;2;-25,59458;-49,316085;SPRF-PR;DEL01-PR;UOP03-DEL01-PR
584899;04/03/2024;segunda-feira;00:50:00;MT;70;305;PRIMAVERA DO LESTE;Transitar na contramão;Colisão frontal;Com Vítimas Fatais;Plena Noite;Decrescente;Nublado;Simples;Curva;Não;2;1;0;1;0;0;1;2;-15,57490523;-54,51450102;SPRF-MT;DEL05-MT;UOP01-DEL05-MT
584900;04/03/2024;segunda-feira;08:40:00;ES;101;255,5;SERRA;Velocidade Incompatível;Colisão lateral mesmo sentido;Com Vítimas Feridas;Pleno dia;Decrescente;Céu Claro;Simples;Reta;Sim;3;0;2;0;1;0;2;2;-20,11487935;-40,31943619;SPRF-ES;DEL02-ES;UOP01-DEL02-ES
584902;04/03/2024;segunda-feira;08:15:00;MG;381;486,4;BETIM;Velocidade Incompatível;Engavetamento;Com Vítimas Feridas;Pleno dia;Decrescente;Céu Claro;Múltipla;Reta;Sim;4;0;1;0;2;1;1;4;-19,9560515;-44,1020433;SPRF-MG;DEL01-MG;UOP03-DEL01-MG
584903;04/03/2024;segunda-feira;07:50:00;PE;232;73;GRAVATA;Retorno proibido;Colisão transversal;Com Vítimas Feridas;Pleno dia;Decrescente;Céu Claro;Dupla;Reta;Não;2;0;1;1;0;0;2;2;-8,19060018;-35,50931093;SPRF-PE;DEL02-PE;UOP02-DEL02PE