id;data_inversa;dia_semana;horario;uf;br;km;municipio;causa_acidente;tipo_acidente;classificacao_acidente;fase_dia;sentido_via;condicao_metereologica;tipo_pista;tracado_via;uso_solo;pessoas;mortos;feridos_leves;feridos_graves;ilesos;ignorados;feridos;veiculos;latitude;longitude;regional;delegacia;uop
584904;04/03/2024;segunda-feira;07:42:00;PR;369;144;LONDRINA;Condutor deixou de manter distância do veículo da frente;Colisão traseira;Com Vítimas Feridas;Pleno dia;Crescente;Céu Claro;Dupla;Reta;Não;2;0;1;0;1;0;1;2;-23,29370258;-51,10942841;SPRF-PR;DEL07-PR;UOP01-DEL07-PR
584907;04/03/2024;segunda-feira;08:00:00;RJ;101;487;ANGRA DOS REIS;Acessar a via sem observar a presença dos outros veículos;Colisão lateral mesmo sentido;Com Vítimas Feridas;Pleno dia;Decrescente;Céu Claro;Simples;"Rotatória;Reta";Sim;2;0;1;0;1;0;1;2;-22,96828891;-44,29864663;SPRF-RJ;DEL03-RJ;UOP03-DEL03-RJ
584912;04/03/2024;segunda-feira;09:10:00;PB;104;115;LAGOA SECA;Retorno proibido;Colisão transversal;Com Vítimas Feridas;Pleno dia;Crescente;Sol;Simples;Reta;Não;2;0;0;1;1;0;1;2;-7,172018;-35,85983397;SPRF-PB;DEL02-PB;UOP04-DEL02-PB
584914;04/03/2024;segunda-feira;08:50:00;SC;470;71;INDAIAL;Condutor deixou de manter distância do veículo da frente;Colisão traseira;Com Vítimas Feridas;Pleno dia;Decrescente;Céu Claro;Dupla;"Em Obras;Reta";Sim;3;0;1;1;1;0;2;2;-26,895243;-49,262104;SPRF-SC;DEL04-SC;UOP01-DEL04-SC
584915;04/03/2024;segunda-feira;07:20:00;RJ;40;122;DUQUE DE CAXIAS;Trafegar com motocicleta (ou similar) entre as faixas;Colisão lateral mesmo sentido;Com Vítimas Feridas;Pleno dia;Crescente;Céu Claro;Múltipla;Reta;Sim;2;0;1;0;1;0;1;2;-22,79083113;-43,28611569;SPRF-RJ;DEL01-RJ;UOP02-DEL01-RJ
584916;04/03/2024;segunda-feira;07:20:00;MG;116;374,5;FREI INOCENCIO;Reação tardia ou ineficiente do condutor;Colisão traseira;Com Vítimas Feridas;Pleno dia;Decrescente;Céu Claro;Simples;Reta;Sim;3;0;1;0;2;0;1;2;-18,57167276;-41,91082732;SPRF-MG;DEL06-MG;UOP01-DEL06-MG
584921;04/03/2024;segunda-feira;09:27:00;ES;101;143,7;LINHARES;Desrespeitar a preferência no cruzamento;Colisão transversal;Com Vítimas Feridas;Pleno dia;Decrescente;Céu Claro;Simples;Interseção de Vias;Não;2;0;1;0;1;0;1;2;-19,34286596;-40,0638568;SPRF-ES;DEL04-ES;UOP01-DEL04-ES
584922;04/03/2024;segunda-feira;08:10:00;PR;369;138;IBIPORA;Acessar a via sem observar a presença dos outros veículos;Colisão transversal;Com Vítimas Feridas;Pleno dia;Crescente;Céu Claro;Simples;"Reta;Aclive";Sim;2;0;1;0;1;0;1;2;-23,27253663;-51,05132036;SPRF-PR;DEL07-PR;UOP01-DEL07-PR
584925;04/03/2024;segunda-feira;09:28:00;SC;282;52;AGUAS MORNAS;Acessar a via sem observar a presença dos outros veículos;Colisão transversal;Com Vítimas Feridas;Pleno dia;Crescente;Nublado;Simples;"Declive;Reta";Não;2;0;1;0;1;0;1;2;-27,696936;-48,964138;SPRF-SC;DEL01-SC;UOP03-DEL01-SC
584928;04/03/2024;segunda-feira;10:35:00;RS;293;31,2;MORRO REDONDO;Pedestre andava na pista;Atropelamento de Pedestre;Com Vítimas Fatais;Pleno dia;Crescente;Céu Claro;Simples;"Aclive;Reta;Interseção de Vias";Não;2;1;0;0;1;0;0;2;-31,72946105;-52,63335899;SPRF-RS;DEL07-RS;UOP01-DEL07-RS
584929;04/03/2024;segunda-feira;10:25:00;DF;20;22;BRASILIA;Acessar a via sem observar a presença dos outros veículos;Colisão transversal;Com Vítimas Feridas;Pleno dia;Crescente;Nublado;Múltipla;"Declive;Reta";Sim;4;0;2;1;1;0;3;2;-15,59834;-47,676186;SPRF-DF;DEL02-DF;UOP01-DEL02-DF
584930;04/03/2024;segunda-feira;08:50:00;SP;381;28,9;BRAGANCA PAULISTA;Demais falhas na via;Queda de ocupante de veículo;Com Vítimas Feridas;Pleno dia;Decrescente;Céu Claro;Dupla;Reta;Não;1;0;1;0;0;0;1;1;-23,03614495;-46,55183601;SPRF-SP;DEL03-SP;UOP02-DEL03-SP
584931;04/03/2024;segunda-feira;10:00:00;RJ;116;203;QUEIMADOS;Avarias e/ou desgaste excessivo no pneu;Queda de ocupante de veículo;Com Vítimas Feridas;Pleno dia;Crescente;Sol;Dupla;Reta;Não;2;0;2;0;0;0;2;1;-22,73096751;-43,62245615;SPRF-RJ;DEL06-RJ;UOP02-DEL06-RJ
584932;04/03/2024;segunda-feira;10:05:00;RO;364;202;PIMENTA BUENO;Demais falhas mecânicas ou elétricas;Eventos atípicos;Sem Vítimas;Pleno dia;Crescente;Céu Claro;Simples;Aclive;Não;2;0;0;0;2;0;0;1;-11,62947438;-61,2056878;SPRF-RO;DEL02-RO;UOP02-DEL02-RO
584934;04/03/2024;segunda-feira;10:45:00;RS;470;175;VERANOPOLIS;Acessar a via sem observar a presença dos outros veículos;Colisão transversal;Com Vítimas Feridas;Pleno dia;Decrescente;Chuva;Simples;Retorno Regulamentado;Sim;3;0;3;0;0;0;3;2;-28,91926201;-51,53914905;SPRF-RS;DEL06-RS;UOP02-DEL06-RS
584938;04/03/2024;segunda-feira;11:30:00;BA;101;848;ALCOBACA;Reação tardia ou ineficiente do condutor;Saída de leito carroçável;Com Vítimas Feridas;Pleno dia;Crescente;Sol;Simples;Reta;Não;4;0;3;0;1;0;3;1;-17,32130123;-39,63093995;SPRF-BA;DEL09-BA;UOP02-DEL09-BA
584940;04/03/2024;segunda-feira;10:40:00;MG;40;806,1;MATIAS BARBOSA;Ausência de reação do condutor;Saída de leito carroçável;Com Vítimas Feridas;Pleno dia;Decrescente;Sol;Dupla;Reta;Não;1;0;1;0;0;0;1;1;-21,86659197;-43,361643;SPRF-MG;DEL05-MG;UOP01-DEL05-MG
584941;04/03/2024;segunda-feira;11:45:00;RJ;116;42;TERESOPOLIS;Condutor deixou de manter distância do veículo da frente;Colisão traseira;Com Vítimas Feridas;Pleno dia;Crescente;Céu Claro;Simples;Reta;Sim;3;0;2;0;1;0;2;2;-22,14560636;-42,79362881;SPRF-RJ;DEL04-RJ;UOP01-DEL04-RJ
584942;04/03/2024;segunda-feira;07:40:00;RR;174;483;BOA VISTA;Mal súbito do condutor;Saída de leito carroçável;Com Vítimas Feridas;Pleno dia;Crescente;Céu Claro;Simples;Reta;Não;2;0;2;0;0;0;2;1;2,70740743;-60,84457398;SPRF-RR;DEL01-RR;UOP01-DEL01-RR
584943;04/03/2024;segunda-feira;12:15:00;PR;163;82;PLANALTO;Acessar a via sem observar a presença dos outros veículos;Colisão transversal;Com Vítimas Feridas;Pleno dia;Crescente;Céu Claro;Simples;Rotatória;Não;2;0;1;0;1;0;1;2;-25,73774102;-53,80206511;SPRF-PR;DEL02-PR;UOP02-DEL02-PR
584944;04/03/2024;segunda-feira;11:20:00;BA;367;83;EUNAPOLIS;Acessar a via sem observar a presença dos outros veículos;Colisão transversal;Com Vítimas Feridas;Pleno dia;Crescente;Céu Claro;Simples;Reta;Sim;3;0;2;0;1;0;2;2;-16,37256267;-39,57064408;SPRF-BA;DEL09-BA;UOP03-DEL09-BA
584945;04/03/2024;segunda-feira;11:20:00;SP;116;227;SAO PAULO;Trafegar com motocicleta (ou similar) entre as faixas;Colisão lateral mesmo sentido;Com Vítimas Feridas;Pleno dia;Crescente;Nublado;Múltipla;Aclive;Sim;2;0;1;0;1;0;1;2;-23,49659264;-46,55648754;SPRF-SP;DEL01-SP;UOP01-DEL01-SP
584947;04/03/2024;segunda-feira;08:52:00;RO;174;14;VILHENA;Manobra de mudança de faixa;Colisão transversal;Com Vítimas Feridas;Pleno dia;Decrescente;Céu Claro;Dupla;"Reta;Interseção de Vias";Sim;2;0;1;0;1;0;1;2;-12,73306632;-60,12981255;SPRF-RO;DEL04-RO;UOP01-DEL04-RO
584948;04/03/2024;segunda-feira;08:30:00;SC;470;275;BRUNOPOLIS;Ausência de reação do condutor;Colisão com objeto;Com Vítimas Fatais;Pleno dia;Decrescente;Céu Claro;Simples;Curva;Não;1;1;0;0;0;0;0;1;-27,330534;-50,819355;SPRF-SC;DEL07-SC;UOP06-DEL07-SC
584950;04/03/2024;segunda-feira;11:40:00;GO;50;98;CRISTALINA;Acessar a via sem observar a presença dos outros veículos;Colisão transversal;Com Vítimas Feridas;Pleno dia;Crescente;Nublado;Simples;"Interseção de Vias;Reta";Sim;2;0;0;1;1;0;1;2;-16,76657076;-47,61616599;SPRF-DF;DEL01-DF;UOP02-DEL01-DF
584952;04/03/2024;segunda-feira;12:06:00;MG;116;355;JAMPRUCA;Acessar a via sem observar a presença dos outros veículos;Colisão transversal;Com Vítimas Fatais;Pleno dia;Crescente;Céu Claro;Simples;Reta;Não;2;1;1;0;0;0;1;2;-18,42578388;-41,82960841;SPRF-MG;DEL11-MG;UOP01-DEL11-MG
584954;04/03/2024;segunda-feira;13:30:00;SC;101;214,1;PALHOCA;Reação tardia ou ineficiente do condutor;Colisão traseira;Com Vítimas Feridas;Pleno dia;Crescente;Céu Claro;Simples;Reta;Não;2;0;1;0;1;0;1;2;-27,64443;-48,67057;SPRF-SC;DEL01-SC;UOP02-DEL01-SC
584955;04/03/2024;segunda-feira;13:20:00;PA;10;33;DOM ELISEU;Acessar a via sem observar a presença dos outros veículos;Colisão transversal;Com Vítimas Feridas;Pleno dia;Crescente;Céu Claro;Simples;Reta;Não;2;0;0;1;1;0;1;2;-4,16074668;-47,54490137;SPRF-PA;DEL02-PA;UOP02-DEL02-PA
584956;04/03/2024;segunda-feira;12:55:00;RS;386;283,1;SAO JOSE DO HERVAL;Acessar a via sem observar a presença dos outros veículos;Colisão transversal;Com Vítimas Feridas;Pleno dia;Crescente;Chuva;Simples;Reta;Não;4;0;1;0;3;0;1;2;-29,0436;-52,297913;SPRF-RS;DEL04-RS;UOP03-DEL04-RS
584958;04/03/2024;segunda-feira;11:00:00;SP;381;63;MAIRIPORA;Mal súbito do condutor;Saída de leito carroçável;Com Vítimas Fatais;Pleno dia;Decrescente;Céu Claro;Múltipla;Reta;Não;1;1;0;0;0;0;0;1;-23,302805;-46,572767;SPRF-SP;DEL03-SP;UOP01-DEL03-SP
584960;04/03/2024;segunda-feira;11:10:00;RJ;393;175,5;TRES RIOS;Reação tardia ou ineficiente do condutor;Queda de ocupante de veículo;Com Vítimas Feridas;Pleno dia;Decrescente;Céu Claro;Simples;Reta;Não;1;0;1;0;0;0;1;1;-22,12309905;-43,20363803;SPRF-RJ;DEL05-RJ;UOP03-DEL05-RJ
584963;04/03/2024;segunda-feira;13:50:00;SC;101;197,6;BIGUACU;Reação tardia ou ineficiente do condutor;Colisão traseira;Com Vítimas Feridas;Pleno dia;Crescente;Nublado;Dupla;Reta;Sim;2;0;1;0;1;0;1;2;-27,51844497;-48,63848496;SPRF-SC;DEL01-SC;UOP01-DEL01-SC
584964;04/03/2024;segunda-feira;11:15:00;ES;259;97;BAIXO GUANDU;Reação tardia ou ineficiente do condutor;Tombamento;Com Vítimas Feridas;Pleno dia;Decrescente;Céu Claro;Simples;Reta;Não;1;0;0;1;0;0;1;1;-19,50840723;-40,97010695;SPRF-ES;DEL02-ES;UOP01-DEL02-ES
584965;04/03/2024;segunda-feira;11:15:00;MG;116;453,7;ENGENHEIRO CALDAS;Manobra de mudança de faixa;Colisão lateral mesmo sentido;Com Vítimas Feridas;Pleno dia;Decrescente;Céu Claro;Simples;Reta;Não;2;0;0;1;1;0;1;2;-19,17637694;-42,0358701;SPRF-MG;DEL06-MG;UOP02-DEL06-MG
584966;04/03/2024;segunda-feira;14:09:00;RS;472;574;URUGUAIANA;Acessar a via sem observar a presença dos outros veículos;Colisão transversal;Com Vítimas Feridas;Pleno dia;Crescente;Nublado;Simples;"Reta;Interseção de Vias;Rotatória";Sim;2;0;2;0;0;0;2;2;-29,763519;-57,05215;SPRF-RS;DEL13-RS;UOP01-DEL13-RS
584968;04/03/2024;segunda-feira;13:40:00;PA;316;103;SANTA MARIA DO PARA;Acessar a via sem observar a presença dos outros veículos;Colisão transversal;Com Vítimas Feridas;Pleno dia;Crescente;Céu Claro;Simples;Reta;Sim;2;0;0;1;1;0;1;2;-1,33965249;-47,57773209;SPRF-PA;DEL01-PA;UOP02-DEL01-PA
584969;04/03/2024;segunda-feira;14:18:00;DF;20;22;BRASILIA;Reação tardia ou ineficiente do condutor;Saída de leito carroçável;Sem Vítimas;Pleno dia;Decrescente;Chuva;Dupla;Reta;Sim;1;0;0;0;1;0;0;1;-15,59834;-47,676186;SPRF-DF;DEL02-DF;UOP01-DEL02-DF
584971;04/03/2024;segunda-feira;14:00:00;RS;386;377,2;PAVERAMA;Acessar a via sem observar a presença dos outros veículos;Colisão lateral mesmo sentido;Com Vítimas Feridas;Pleno dia;Decrescente;Nublado;Dupla;Rotatória;Não;4;0;1;0;3;0;1;2;-29,629107;-51,775948;SPRF-RS;DEL04-RS;UOP01-DEL04-RS
584972;04/03/2024;segunda-feira;12:52:00;AM;NA;NA;MANAUS;Demais falhas mecânicas ou elétricas;Colisão traseira;Sem Vítimas;Pleno dia;Não Informado;Céu Claro;Simples;Aclive;Sim;3;0;0;0;3;0;0;2;-3,0834688;-60,0014848;SPRF-AM;DEL01-AM;N/A
584975;04/03/2024;segunda-feira;14:24:00;PE;104;66;CARUARU;Conversão proibida;Colisão lateral mesmo sentido;Sem Vítimas;Pleno dia;Decrescente;Céu Claro;Dupla;"Ponte;Reta";Sim;3;0;0;0;3;0;0;2;-8,2937;-35,9864;SPRF-PE;DEL02-PE;UOP01-DEL02-PE
584976;04/03/2024;segunda-feira;14:05:00;MS;163;39;ELDORADO;Ultrapassagem Indevida;Colisão lateral mesmo sentido;Com Vítimas Feridas;Pleno dia;Crescente;Céu Claro;Simples;Reta;Sim;2;0;1;0;1;0;1;2;-23,79233472;-54,28374767;SPRF-MS;DEL09-MS;UOP02-DEL09-MS
584977;04/03/2024;segunda-feira;14:15:00;RJ;116;312;RESENDE;Demais falhas mecânicas ou elétricas;Colisão com objeto;Com Vítimas Feridas;Pleno dia;Decrescente;Sol;Dupla;Reta;Não;1;0;1;0;0;0;1;1;-22,46068623;-44,45262504;SPRF-RJ;DEL07-RJ;UOP02-DEL07-RJ
584978;04/03/2024;segunda-feira;11:30:00;RS;116;153,5;CAXIAS DO SUL;Acumulo de óleo sobre o pavimento;Saída de leito carroçável;Sem Vítimas;Pleno dia;Decrescente;Garoa/Chuvisco;Dupla;Curva;Sim;1;0;0;0;1;0;0;1;-29,18579758;-51,17713005;SPRF-RS;DEL05-RS;UOP01-DEL05-RS
584981;04/03/2024;segunda-feira;15:13:00;PR;376;668;GUARATUBA;Demais falhas mecânicas ou elétricas;Incêndio;Sem Vítimas;Pleno dia;Decrescente;Nublado;Dupla;"Aclive;Reta";Não;1;0;0;0;1;0;0;1;-25,864159;-48,937538;SPRF-PR;DEL01-PR;UOP04-DEL01-PR
584982;04/03/2024;segunda-feira;14:22:00;DF;60;26,9;BRASILIA;Manobra de mudança de faixa;Capotamento;Com Vítimas Feridas;Pleno dia;Decrescente;Chuva;Dupla;Reta;Sim;2;0;1;0;1;0;1;1;-16,003504;-48,245281;SPRF-DF;DEL03-DF;UOP01-DEL03-DF
584983;04/03/2024;segunda-feira;11:40:00;PR;153;108,3;IBAITI;Acesso irregular;Colisão transversal;Com Vítimas Feridas;Pleno dia;Decrescente;Céu Claro;Simples;"Interseção de Vias;Reta";Sim;2;0;1;0;0;1;1;2;-23,838009;-50,19312;SPRF-PR;DEL07-PR;UOP04-DEL07-PR
584986;04/03/2024;segunda-feira;10:25:00;MS;262;561,4;MIRANDA;Velocidade Incompatível;Saída de leito carroçável;Sem Vítimas;Pleno dia;Decrescente;Chuva;Simples;Reta;Não;1;0;0;0;0;1;0;1;-20,2238422;-56,40175113;SPRF-MS;DEL03-MS;UOP02-DEL03-MS
584987;04/03/2024;segunda-feira;15:20:00;BA;324;615;SALVADOR;Demais falhas mecânicas ou elétricas;Queda de ocupante de veículo;Com Vítimas Feridas;Pleno dia;Decrescente;Nublado;Dupla;Reta;Sim;1;0;1;0;0;0;1;1;-12,885428;-38,437503;SPRF-BA;DEL01-BA;UOP01-DEL01-BA
584989;21/01/2024;domingo;12:18:00;MS;NA;NA;CAMPO GRANDE;Reação tardia ou ineficiente do condutor;Colisão com objeto;Sem Vítimas;Pleno dia;Não Informado;Céu Claro;Simples;Reta;Sim;2;0;0;0;2;0;0;1;-20,46752;-54,61868;SPRF-MS;N/A;N/A
584990;04/03/2024;segunda-feira;14:30:00;RS;448;10;CANOAS;Ausência de reação do condutor;Saída de leito carroçável;Com Vítimas Feridas;Pleno dia;Decrescente;Nublado;Múltipla;Curva;Não;1;0;0;1;0;0;1;1;-29,903273;-51,244934;SPRF-RS;DEL01-RS;UOP01-DEL01-RS
584991;04/03/2024;segunda-feira;16:25:00;SP;101;47,7;UBATUBA;Acessar a via sem observar a presença dos outros veículos;Colisão transversal;Com Vítimas Feridas;Pleno dia;Crescente;Céu Claro;Simples;"Rotatória;Curva;Interseção de Vias";Sim;3;0;1;0;2;0;1;2;-23,429897;-45,082436;SPRF-SP;DEL06-SP;UOP01-DEL06-SP
584992;04/03/2024;segunda-feira;08:00:00;MG;365;806;GURINHATA;Condutor Dormindo;Saída de leito carroçável;Com Vítimas Feridas;Pleno dia;Crescente;Céu Claro;Simples;Reta;Não;1;0;1;0;0;0;1;1;-18,89441663;-49,97329495;SPRF-MG;DEL15-MG;UOP03-DEL15-MG
584993;04/03/2024;segunda-feira;13:00:00;RJ;116;89;TERESOPOLIS;Demais falhas mecânicas ou elétricas;Incêndio;Sem Vítimas;Pleno dia;Decrescente;Céu Claro;Dupla;Reta;Não;1;0;0;0;1;0;0;1;-22,45706098;-42,96221791;SPRF-RJ;DEL04-RJ;UOP01-DEL04-RJ
584995;04/03/2024;segunda-feira;16:30:00;GO;153;493;GOIANIA;Manobra de mudança de faixa;Colisão lateral mesmo sentido;Sem Vítimas;Pleno dia;Decrescente;Céu Claro;Dupla;Reta;Sim;3;0;0;0;3;0;0;2;-16,6537;-49,2172;SPRF-GO;DEL01-GO;UOP01-DEL01-GO
584997;04/03/2024;segunda-feira;15:40:00;MG;381;273,7;CORONEL FABRICIANO;Acessar a via sem observar a presença dos outros veículos;Colisão lateral mesmo sentido;Com Vítimas Feridas;Pleno dia;Decrescente;Céu Claro;Simples;Reta;Não;2;0;0;1;0;1;1;2;-19,53908414;-42,68154144;SPRF-MG;DEL03-MG;UOP02-DEL03-MG
584998;04/03/2024;segunda-feira;12:02:00;AC;317;108;SENADOR GUIOMARD;Reação tardia ou ineficiente do condutor;Saída de leito carroçável;Com Vítimas Fatais;Pleno dia;Decrescente;Ignorado;Simples;Reta;Não;1;1;0;0;0;0;0;1;-10,28604805;-67,69526209;SPRF-AC;DEL01-AC;UOP01-DEL01-AC
584999;04/03/2024;segunda-feira;15:30:00;GO;60;164;GOIANIA;Ausência de sinalização;Colisão traseira;Com Vítimas Feridas;Pleno dia;Crescente;Céu Claro;Dupla;"Reta;Viaduto";Sim;2;0;1;0;1;0;1;2;-16,7036;-49,342;SPRF-GO;DEL01-GO;UOP02-DEL01-GO
585002;04/03/2024;segunda-feira;17:25:00;GO;40;8,3;VALPARAISO DE GOIAS;Demais falhas mecânicas ou elétricas;Incêndio;Sem Vítimas;Pleno dia;Decrescente;Garoa/Chuvisco;Dupla;Reta;Sim;1;0;0;0;1;0;0;1;-16,05121627;-47,9814899;SPRF-DF;DEL01-DF;UOP01-DEL01-DF
585005;04/03/2024;segunda-feira;17:40:00;PB;230;156,3;CAMPINA GRANDE;Ingestão de álcool pelo condutor;Colisão traseira;Com Vítimas Feridas;Anoitecer;Crescente;Céu Claro;Simples;"Em Obras;Ponte;Reta";Sim;3;0;1;1;1;0;2;2;-7,2693;-35,9138;SPRF-PB;DEL02-PB;UOP01-DEL02-PB
585006;04/03/2024;segunda-feira;17:50:00;SC;282;6;SAO JOSE;Trafegar com motocicleta (ou similar) entre as faixas;Colisão lateral mesmo sentido;Com Vítimas Feridas;Pleno dia;Decrescente;Céu Claro;Dupla;Curva;Não;2;0;1;0;1;0;1;2;-27,591936;-48,618244;SPRF-SC;DEL01-SC;UOP01-DEL01-SC
585007;04/03/2024;segunda-feira;17:45:00;RS;392;15,6;RIO GRANDE;Condutor deixou de manter distância do veículo da frente;Colisão traseira;Sem Vítimas;Pleno dia;Crescente;Céu Claro;Simples;"Em Obras;Reta";Não;6;0;0;0;6;0;0;3;-32,11079503;-52,15933006;SPRF-RS;DEL07-RS;UOP02-DEL07-RS
585009;04/03/2024;segunda-feira;16:50:00;SE;101;91,8;NOSSA SENHORA DO SOCORRO;Reação tardia ou ineficiente do condutor;Colisão traseira;Com Vítimas Feridas;Pleno dia;Decrescente;Céu Claro;Dupla;"Aclive;Reta";Sim;2;0;2;0;0;0;2;2;-10,90169474;-37,13619222;SPRF-SE;DEL01-SE;UOP01-DEL01-SE
585010;04/03/2024;segunda-feira;18:00:00;RS;470;178;VERANOPOLIS;Reação tardia ou ineficiente do condutor;Saída de leito carroçável;Com Vítimas Feridas;Pleno dia;Crescente;Garoa/Chuvisco;Simples;Curva;Sim;1;0;1;0;0;0;1;1;-28,94753484;-51,55413312;SPRF-RS;DEL06-RS;UOP02-DEL06-RS
585011;04/03/2024;segunda-feira;13:30:00;RO;364;130,8;PIMENTA BUENO;Reação tardia ou ineficiente do condutor;Saída de leito carroçável;Com Vítimas Feridas;Pleno dia;Decrescente;Céu Claro;Simples;Reta;Não;2;0;1;0;1;0;1;1;-12,036143;-60,76828;SPRF-RO;DEL02-RO;UOP02-DEL02-RO
585014;04/03/2024;segunda-feira;18:00:00;PB;230;54,5;SANTA RITA;Reação tardia ou ineficiente do condutor;Colisão traseira;Com Vítimas Feridas;Plena Noite;Decrescente;Céu Claro;Dupla;Reta;Não;5;0;0;1;3;1;1;2;-7,2007;-35,0854;SPRF-PB;DEL01-PB;UOP03-DEL01-PB
585015;04/03/2024;segunda-feira;18:00:00;SP;116;277;EMBU DAS ARTES;Trafegar com motocicleta (ou similar) entre as faixas;Colisão traseira;Sem Vítimas;Anoitecer;Decrescente;Nublado;Dupla;Reta;Sim;2;0;0;0;1;1;0;2;-23,64870535;-46,84395469;SPRF-SP;DEL04-SP;UOP01-DEL04-SP
585016;04/03/2024;segunda-feira;18:30:00;RS;153;53,5;ERECHIM;Desrespeitar a preferência no cruzamento;Colisão transversal;Sem Vítimas;Anoitecer;Crescente;Garoa/Chuvisco;Simples;"Interseção de Vias;Reta";Não;2;0;0;0;2;0;0;2;-27,67588411;-52,290501;SPRF-RS;DEL08-RS;UOP04-DEL08-RS
585019;04/03/2024;segunda-feira;17:50:00;BA;367;23;PORTO SEGURO;Ausência de reação do condutor;Colisão traseira;Com Vítimas Feridas;Pleno dia;Crescente;Céu Claro;Simples;Reta;Sim;2;0;1;0;1;0;1;2;-16,43517732;-39,07201198;SPRF-BA;DEL09-BA;UOP03-DEL09-BA
585020;04/03/2024;segunda-feira;13:40:00;BA;367;73,5;EUNAPOLIS;Velocidade Incompatível;Tombamento;Com Vítimas Feridas;Pleno dia;Decrescente;Chuva;Simples;Curva;Não;1;0;0;1;0;0;1;1;-16,38476542;-39,48916587;SPRF-BA;DEL09-BA;UOP03-DEL09-BA
585024;04/03/2024;segunda-feira;16:20:00;MG;381;931;ITAPEVA;Ausência de reação do condutor;Queda de ocupante de veículo;Com Vítimas Feridas;Pleno dia;Decrescente;Nublado;Dupla;"Declive;Curva";Sim;1;0;1;0;0;0;1;1;-22,8076393;-46,27636971;SPRF-MG;DEL16-MG;UOP03-DEL16-MG
585025;04/03/2024;segunda-feira;18:20:00;MG;262;40;MANHUACU;Ausência de reação do condutor;Colisão transversal;Com Vítimas Feridas;Plena Noite;Crescente;Nublado;Simples;"Retorno Regulamentado;Reta";Sim;2;0;1;0;1;0;1;2;-20,27334219;-42,04913988;SPRF-MG;DEL06-MG;UOP03-DEL06-MG
585036;04/03/2024;segunda-feira;18:55:00;SP;153;80;BADY BASSITT;Ausência de reação do condutor;Saída de leito carroçável;Com Vítimas Feridas;Plena Noite;Crescente;Céu Claro;Dupla;Declive;Não;1;0;1;0;0;0;1;1;-20,90910476;-49,48021806;SPRF-SP;DEL09-SP;UOP01-DEL09-SP
585037;04/03/2024;segunda-feira;17:34:00;PI;20;374,9;MONSENHOR HIPOLITO;Acessar a via sem observar a presença dos outros veículos;Colisão transversal;Com Vítimas Feridas;Anoitecer;Crescente;Ignorado;Simples;Reta;Não;2;0;0;1;1;0;1;2;-6,74089001;-40,96883198;SPRF-PI;DEL04-PI;UOP01-DEL04-PI
585038;04/03/2024;segunda-feira;18:00:00;SC;282;4,4;FLORIANOPOLIS;Condutor deixou de manter distância do veículo da frente;Colisão traseira;Com Vítimas Feridas;Anoitecer;Crescente;Nublado;Dupla;Reta;Não;3;0;2;0;1;0;2;3;-27,592646;-48,604034;SPRF-SC;DEL01-SC;UOP01-DEL01-SC
585039;04/03/2024;segunda-feira;18:55:00;MT;364;204;RONDONOPOLIS;Frear bruscamente;Tombamento;Com Vítimas Feridas;Anoitecer;Crescente;Nublado;Dupla;"Reta;Aclive";Sim;1;0;1;0;0;0;1;1;-16,467325;-54,657196;SPRF-MT;DEL02-MT;UOP01-DEL02-MT
585040;04/03/2024;segunda-feira;16:45:00;BA;101;535;SAO JOSE DA VITORIA;Transitar na contramão;Colisão transversal;Com Vítimas Fatais;Anoitecer;Crescente;Chuva;Simples;"Declive;Curva";Não;3;1;0;0;2;0;0;2;-15,03366;-39,331093;SPRF-BA;DEL05-BA;UOP01-DEL05-BA
585042;04/03/2024;segunda-feira;18:35:00;GO;40;32,8;LUZIANIA;Condutor usando celular;Saída de leito carroçável;Com Vítimas Feridas;Plena Noite;Decrescente;Nublado;Dupla;Reta;Não;2;0;1;0;1;0;1;1;-16,291947;-47,852139;SPRF-DF;DEL01-DF;UOP01-DEL01-DF
585043;04/03/2024;segunda-feira;18:02:00;RJ;101;324;NITEROI;Condutor deixou de manter distância do veículo da frente;Colisão traseira;Com Vítimas Feridas;Pleno dia;Decrescente;Céu Claro;Múltipla;Reta;Não;2;0;1;0;0;1;1;2;-22,87381074;-43,12640997;SPRF-RJ;DEL02-RJ;UOP01-DEL02-RJ
585045;04/03/2024;segunda-feira;19:30:00;RJ;116;212;SEROPEDICA;Iluminação deficiente;Colisão frontal;Com Vítimas Feridas;Anoitecer;Crescente;Céu Claro;Dupla;Reta;Não;3;0;1;1;1;0;2;2;-22,71844298;-43,700897;SPRF-RJ;DEL06-RJ;UOP02-DEL06-RJ