id;data_inversa;dia_semana;horario;uf;br;km;municipio;causa_acidente;tipo_acidente;classificacao_acidente;fase_dia;sentido_via;condicao_metereologica;tipo_pista;tracado_via;uso_solo;pessoas;mortos;feridos_leves;feridos_graves;ilesos;ignorados;feridos;veiculos;latitude;longitude;regional;delegacia;uop
585202;05/03/2024;terça-feira;15:00:00;RJ;116;94;GUAPIMIRIM;Ausência de reação do condutor;Colisão traseira;Com Vítimas Feridas;Pleno dia;Decrescente;Céu Claro;Simples;"Aclive;Reta";Não;4;0;1;0;3;0;1;3;-22,46643519;-43,00088701;SPRF-RJ;DEL04-RJ;UOP01-DEL04-RJ
585204;05/03/2024;terça-feira;15:15:00;RS;290;53;GLORINHA;Reação tardia ou ineficiente do condutor;Queda de ocupante de veículo;Com Vítimas Feridas;Pleno dia;Decrescente;Céu Claro;Múltipla;Reta;Não;2;0;1;0;1;0;1;1;-29,912077;-50,787758;SPRF-RS;DEL03-RS;UOP01-DEL03-RS
585205;05/03/2024;terça-feira;11:05:00;BA;116;460;SANTO ESTEVAO;Acessar a via sem observar a presença dos outros veículos;Colisão transversal;Com Vítimas Feridas;Pleno dia;Decrescente;Céu Claro;Dupla;Reta;Não;2;0;1;0;0;1;1;2;-12,42571818;-39,20648189;SPRF-BA;DEL02-BA;UOP01-DEL02-BA
585207;05/03/2024;terça-feira;17:25:00;CE;116;20,6;ITAITINGA;Ausência de reação do condutor;Colisão lateral mesmo sentido;Com Vítimas Feridas;Plena Noite;Crescente;Céu Claro;Dupla;Reta;Não;2;0;1;0;0;1;1;2;-3,92277497;-38,50762327;SPRF-CE;DEL01-CE;UOP02-DEL01-CE
585208;05/03/2024;terça-feira;15:30:00;MG;381;556,2;ITAGUARA;Chuva;Saída de leito carroçável;Com Vítimas Feridas;Pleno dia;Decrescente;Chuva;Dupla;Curva;Não;1;0;1;0;0;0;1;1;-20,36068712;-44,46666568;SPRF-MG;DEL04-MG;UOP03-DEL04-MG
585209;05/03/2024;terça-feira;09:20:00;BA;116;590,4;IRAJUBA;Demais falhas mecânicas ou elétricas;Queda de ocupante de veículo;Com Vítimas Feridas;Pleno dia;Crescente;Céu Claro;Simples;Reta;Não;2;0;1;0;1;0;1;1;-13,13736057;-40,00011212;SPRF-BA;DEL03-BA;UOP02-DEL03-BA
585210;05/03/2024;terça-feira;12:30:00;MG;381;545,8;ITATIAIUCU;Chuva;Tombamento;Com Vítimas Feridas;Pleno dia;Crescente;Nublado;Dupla;"Aclive;Curva";Não;1;0;1;0;0;0;1;1;-20,28766303;-44,43572087;SPRF-MG;DEL04-MG;UOP03-DEL04-MG
585211;05/03/2024;terça-feira;18:05:00;RS;472;573;URUGUAIANA;Retorno proibido;Colisão transversal;Com Vítimas Feridas;Pleno dia;Crescente;Céu Claro;Simples;Curva;Sim;3;0;2;0;1;0;2;2;-29,76465212;-57,04239428;SPRF-RS;DEL13-RS;UOP01-DEL13-RS
585212;05/03/2024;terça-feira;18:25:00;MG;116;701,1;MURIAE;Desrespeitar a preferência no cruzamento;Colisão transversal;Com Vítimas Feridas;Plena Noite;Crescente;Nublado;Simples;Interseção de Vias;Sim;4;0;0;1;3;0;1;2;-21,11938311;-42,38006362;SPRF-MG;DEL07-MG;UOP02-DEL07-MG
585214;05/03/2024;terça-feira;18:00:00;PB;101;85;BAYEUX;Acessar a via sem observar a presença dos outros veículos;Colisão lateral mesmo sentido;Com Vítimas Feridas;Plena Noite;Decrescente;Céu Claro;Dupla;"Reta;Interseção de Vias";Sim;4;0;2;0;2;0;2;2;-7,14859768;-34,91249809;SPRF-PB;DEL01-PB;UOP01-DEL01-PB
585215;05/03/2024;terça-feira;17:40:00;ES;259;58;COLATINA;Condutor deixou de manter distância do veículo da frente;Colisão traseira;Com Vítimas Feridas;Plena Noite;Crescente;Céu Claro;Simples;Curva;Não;1;0;0;1;0;0;1;1;-19,52530482;-40,67461308;SPRF-ES;DEL02-ES;UOP01-DEL02-ES
585216;05/03/2024;terça-feira;16:30:00;PR;369;365,5;MAMBORE;Ultrapassagem Indevida;Colisão frontal;Com Vítimas Feridas;Pleno dia;Decrescente;Sol;Simples;"Reta;Declive";Não;3;0;1;1;1;0;2;2;-24,231215;-52,519478;SPRF-PR;DEL09-PR;UOP03-DEL09-PR
585219;05/03/2024;terça-feira;10:00:00;PA;316;34;SANTA IZABEL DO PARA;Reação tardia ou ineficiente do condutor;Colisão traseira;Sem Vítimas;Pleno dia;Crescente;Sol;Dupla;Reta;Sim;4;0;0;0;4;0;0;2;-1,29444763;-48,17249938;SPRF-PA;DEL01-PA;UOP01-DEL01-PA
585220;05/03/2024;terça-feira;17:35:00;PR;369;186;ARAPONGAS;Ultrapassagem Indevida;Colisão transversal;Com Vítimas Feridas;Anoitecer;Decrescente;Céu Claro;Simples;Interseção de Vias;Sim;2;0;1;0;1;0;1;2;-23,42448917;-51,42366236;SPRF-PR;DEL07-PR;UOP03-DEL07-PR
585221;05/03/2024;terça-feira;18:50:00;RS;472;566;URUGUAIANA;Reação tardia ou ineficiente do condutor;Queda de ocupante de veículo;Com Vítimas Feridas;Anoitecer;Decrescente;Céu Claro;Simples;Reta;Não;1;0;1;0;0;0;1;1;-29,70536312;-56,92141479;SPRF-RS;DEL13-RS;UOP01-DEL13-RS
585222;05/03/2024;terça-feira;19:00:00;GO;60;99;ANAPOLIS;Entrada inopinada do pedestre;Atropelamento de Pedestre;Com Vítimas Fatais;Plena Noite;Crescente;Céu Claro;Dupla;Reta;Sim;2;1;0;0;1;0;0;2;-16,3924;-48,9588;SPRF-GO;DEL02-GO;UOP01-DEL02-GO
585223;05/03/2024;terça-feira;18:20:00;PE;232;5;RECIFE;Ausência de reação do condutor;Colisão traseira;Com Vítimas Feridas;Plena Noite;Crescente;Nublado;Dupla;Reta;Sim;2;0;1;0;1;0;1;2;-8,068413;-34,946683;SPRF-PE;DEL01-PE;UOP01-DEL01-PE
585225;05/03/2024;terça-feira;17:09:00;PI;343;340;TERESINA;Retorno proibido;Colisão transversal;Sem Vítimas;Pleno dia;Crescente;Céu Claro;Múltipla;Reta;Sim;2;0;0;0;2;0;0;2;-5,074137;-42,73629;SPRF-PI;DEL01-PI;UOP01-DEL01-PI
585226;05/03/2024;terça-feira;09:20:00;BA;242;892;LUIS EDUARDO MAGALHAES;Ausência de reação do condutor;Saída de leito carroçável;Com Vítimas Feridas;Pleno dia;Decrescente;Céu Claro;Simples;Reta;Não;1;0;1;0;0;0;1;1;-12,10665;-45,909438;SPRF-BA;DEL10-BA;UOP01-DEL10-BA
585227;05/03/2024;terça-feira;19:10:00;ES;101;126;SOORETAMA;Objeto estático sobre o leito carroçável;Colisão com objeto;Com Vítimas Feridas;Plena Noite;Decrescente;Céu Claro;Dupla;"Aclive;Reta";Sim;1;0;1;0;0;0;1;1;-19,193953;-40,0951;SPRF-ES;DEL04-ES;UOP01-DEL04-ES
585228;05/03/2024;terça-feira;19:26:00;PB;230;154,5;CAMPINA GRANDE;Conversão proibida;Colisão transversal;Com Vítimas Feridas;Plena Noite;Crescente;Nublado;Simples;"Em Obras;Retorno Regulamentado;Curva";Sim;2;0;0;1;1;0;1;2;-7,2777;-35,8985;SPRF-PB;DEL02-PB;UOP01-DEL02-PB
585230;05/03/2024;terça-feira;19:30:00;PE;232;86,4;GRAVATA;Ausência de sinalização;Saída de leito carroçável;Com Vítimas Feridas;Plena Noite;Crescente;Céu Claro;Dupla;Reta;Não;1;0;0;1;0;0;1;1;-8,2138477;-35,62602282;SPRF-PE;DEL02-PE;UOP02-DEL02PE
585232;05/03/2024;terça-feira;17:15:00;PE;110;245;JATOBA;Acessar a via sem observar a presença dos outros veículos;Colisão transversal;Com Vítimas Feridas;Anoitecer;Decrescente;Céu Claro;Simples;Reta;Sim;2;0;1;0;1;0;1;2;-9,17592006;-38,26268506;SPRF-BA;DEL07-BA;UOP01-DEL07-BA
585233;05/03/2024;terça-feira;19:32:00;DF;80;21,8;BRASILIA;Acessar a via sem observar a presença dos outros veículos;Colisão transversal;Com Vítimas Feridas;Plena Noite;Crescente;Céu Claro;Simples;Reta;Não;2;0;1;0;1;0;1;2;-15,658299;-48,20282;SPRF-DF;DEL03-DF;UOP02-DEL03-DF
585234;05/03/2024;terça-feira;18:40:00;MG;267;122,8;JUIZ DE FORA;Conversão proibida;Colisão lateral mesmo sentido;Com Vítimas Feridas;Plena Noite;Decrescente;Nublado;Simples;Reta;Não;2;0;1;0;1;0;1;2;-21,71024166;-43,49328265;SPRF-MG;DEL05-MG;UOP01-DEL05-MG
585235;05/03/2024;terça-feira;19:20:00;RJ;40;44,9;AREAL;Pedestre cruzava a pista fora da faixa;Atropelamento de Pedestre;Com Vítimas Feridas;Plena Noite;Crescente;Céu Claro;Dupla;"Curva;Aclive";Não;2;0;1;0;1;0;1;2;-22,27275475;-43,10869115;SPRF-RJ;DEL05-RJ;UOP02-DEL05-RJ
585237;05/03/2024;terça-feira;18:34:00;BA;324;513;FEIRA DE SANTANA;Pedestre cruzava a pista fora da faixa;Atropelamento de Pedestre;Com Vítimas Feridas;Anoitecer;Decrescente;Céu Claro;Simples;Reta;Sim;2;0;1;1;0;0;2;2;-12,23098007;-38,96101401;SPRF-BA;DEL02-BA;UOP01-DEL02-BA
585238;05/03/2024;terça-feira;20:30:00;RN;101;83,9;NATAL;Reação tardia ou ineficiente do condutor;Colisão traseira;Com Vítimas Feridas;Plena Noite;Crescente;Céu Claro;Dupla;Reta;Sim;2;0;0;1;1;0;1;2;-5,7710445;-35,26616981;SPRF-RN;DEL02-RN;UOP01-DEL02-RN
585243;05/03/2024;terça-feira;20:00:00;RJ;356;186;SAO JOAO DA BARRA;Reação tardia ou ineficiente do condutor;Colisão lateral sentido oposto;Com Vítimas Feridas;Plena Noite;Crescente;Céu Claro;Simples;Reta;Sim;4;0;0;1;3;0;1;3;-21,629016;-41,028778;SPRF-RJ;DEL08-RJ;UOP02-DEL08-RJ
585244;05/03/2024;terça-feira;21:00:00;MG;40;756,8;EWBANK DA CAMARA;Animais na Pista;Atropelamento de Animal;Com Vítimas Feridas;Plena Noite;Decrescente;Chuva;Simples;Reta;Não;1;0;1;0;0;0;1;1;-21,49531809;-43,53514132;SPRF-MG;DEL05-MG;UOP01-DEL05-MG
585245;25/01/2024;quinta-feira;21:30:00;MG;262;362;JUATUBA;Manobra de mudança de faixa;Colisão lateral mesmo sentido;Com Vítimas Feridas;Plena Noite;Crescente;Céu Claro;Dupla;"Declive;Reta";Sim;2;0;1;0;1;0;1;2;-19,970921;-44,28979;SPRF-MG;DEL01-MG;UOP03-DEL01-MG
585247;05/03/2024;terça-feira;20:30:00;SP;NA;NA;JACAREI;Frear bruscamente;Colisão traseira;Sem Vítimas;Plena Noite;Não Informado;Chuva;Dupla;Reta;Sim;5;0;0;0;5;0;0;2;-23,26293997;-45,96865004;SPRF-SP;DEL02-SP;UOP01-DEL02-SP
585249;05/03/2024;terça-feira;17:50:00;SP;116;47,7;CANAS;Objeto estático sobre o leito carroçável;Colisão traseira;Com Vítimas Feridas;Amanhecer;Decrescente;Garoa/Chuvisco;Dupla;Reta;Não;3;0;2;0;1;0;2;2;-22,71946606;-45,06109596;SPRF-SP;DEL08-SP;UOP02-DEL08-SP
585250;05/03/2024;terça-feira;17:30:00;SP;459;7;PIQUETE;Condutor Dormindo;Saída de leito carroçável;Com Vítimas Feridas;Pleno dia;Decrescente;Chuva;Simples;Reta;Não;2;0;1;1;0;0;2;1;-22,57378;-45,193432;SPRF-SP;DEL08-SP;UOP02-DEL08-SP
585251;05/03/2024;terça-feira;22:30:00;GO;60;97;ANAPOLIS;Acessar a via sem observar a presença dos outros veículos;Colisão lateral mesmo sentido;Com Vítimas Feridas;Plena Noite;Crescente;Ignorado;Dupla;"Retorno Regulamentado;Reta";Sim;2;0;0;1;1;0;1;2;-16,3774;-48,9483;SPRF-GO;DEL02-GO;UOP01-DEL02-GO
585252;05/03/2024;terça-feira;22:30:00;MG;40;514;RIBEIRAO DAS NEVES;Velocidade Incompatível;Capotamento;Com Vítimas Feridas;Plena Noite;Crescente;Céu Claro;Dupla;Reta;Não;1;0;1;0;0;0;1;1;-19,80151928;-44,10000333;SPRF-MG;DEL01-MG;UOP02-DEL01-MG
585253;05/03/2024;terça-feira;21:55:00;GO;364;312;MINEIROS;Acessar a via sem observar a presença dos outros veículos;Colisão frontal;Com Vítimas Feridas;Plena Noite;Crescente;Céu Claro;Simples;Reta;Não;6;0;1;0;5;0;1;2;-17,475958;-52,569813;SPRF-GO;DEL05-GO;UOP01-DEL05-GO
585255;05/03/2024;terça-feira;22:42:00;ES;101;5,5;SERRA;Ingestão de álcool pelo condutor;Colisão com objeto;Com Vítimas Feridas;Plena Noite;Crescente;Céu Claro;Dupla;Reta;Não;1;0;1;0;0;0;1;1;-20,129093;-40,308125;SPRF-ES;DEL02-ES;UOP01-DEL02-ES
585256;05/03/2024;terça-feira;22:54:00;SC;101;135;BALNEARIO CAMBORIU;Acessar a via sem observar a presença dos outros veículos;Colisão transversal;Com Vítimas Feridas;Plena Noite;Crescente;Céu Claro;Dupla;Reta;Sim;2;0;1;0;1;0;1;2;-27,0050108;-48,62677494;SPRF-SC;DEL04-SC;UOP03-DEL04-SC
585257;05/03/2024;terça-feira;21:30:00;ES;262;34,6;DOMINGOS MARTINS;Velocidade Incompatível;Colisão traseira;Sem Vítimas;Plena Noite;Crescente;Céu Claro;Simples;Curva;Não;2;0;0;0;2;0;0;2;-20,37309781;-40,5917608;SPRF-ES;DEL01-ES;UOP01-DEL01-ES
585259;05/03/2024;terça-feira;18:30:00;PI;343;175,5;PIRIPIRI;Reação tardia ou ineficiente do condutor;Colisão com objeto;Com Vítimas Fatais;Anoitecer;Decrescente;Céu Claro;Simples;Reta;Não;5;1;2;1;1;0;3;2;-4,202044;-41,781467;SPRF-PI;DEL02-PI;UOP01-DEL02-PI
585260;05/03/2024;terça-feira;23:27:00;RS;448;9;CANOAS;Ausência de reação do condutor;Queda de ocupante de veículo;Com Vítimas Feridas;Plena Noite;Decrescente;Céu Claro;Dupla;"Em Obras;Reta";Não;1;0;1;0;0;0;1;1;-29,896093;-51,244072;SPRF-RS;DEL01-RS;UOP02-DEL01-RS
585261;05/03/2024;terça-feira;16:15:00;RS;472;422;SAO BORJA;Avarias e/ou desgaste excessivo no pneu;Saída de leito carroçável;Com Vítimas Feridas;Pleno dia;Decrescente;Céu Claro;Simples;Reta;Não;4;0;3;1;0;0;4;1;-28,85288138;-56,08143926;SPRF-RS;DEL12-RS;UOP01-DEL12-RS
585262;06/03/2024;quarta-feira;00:30:00;MG;262;443;NOVA SERRANA;Ausência de reação do condutor;Saída de leito carroçável;Com Vítimas Feridas;Plena Noite;Decrescente;Céu Claro;Dupla;Reta;Sim;1;0;0;1;0;0;1;1;-19,87135137;-44,97940063;SPRF-MG;DEL08-MG;UOP03-DEL08-MG
585263;05/03/2024;terça-feira;23:40:00;MT;163;817;SINOP;Ausência de reação do condutor;Queda de ocupante de veículo;Com Vítimas Feridas;Plena Noite;Crescente;Céu Claro;Simples;Declive;Não;1;0;1;0;0;0;1;1;-12,14816701;-55,51381118;SPRF-MT;DEL06-MT;UOP02-DEL06-MT
585265;06/03/2024;quarta-feira;01:00:00;SC;282;537,1;CHAPECO;Reação tardia ou ineficiente do condutor;Saída de leito carroçável;Sem Vítimas;Plena Noite;Decrescente;Céu Claro;Simples;Reta;Não;1;0;0;0;0;1;0;1;-26,999933;-52,663895;SPRF-SC;DEL07-SC;UOP01-DEL07-SC
585267;05/03/2024;terça-feira;21:35:00;RJ;116;230;PIRAI;Ausência de reação do condutor;Colisão com objeto;Com Vítimas Feridas;Plena Noite;Decrescente;Chuva;Dupla;"Declive;Curva";Não;3;0;3;0;0;0;3;1;-22,65208783;-43,82143902;SPRF-RJ;DEL07-RJ;UOP01-DEL07-RJ
585268;06/03/2024;quarta-feira;01:50:00;PB;230;67,8;SAO MIGUEL DE TAIPU;Condutor Dormindo;Saída de leito carroçável;Com Vítimas Feridas;Plena Noite;Decrescente;Nublado;Dupla;Curva;Não;1;0;0;1;0;0;1;1;-7,1856;-35,1989;SPRF-PB;DEL01-PB;UOP03-DEL01-PB
585272;06/03/2024;quarta-feira;04:10:00;DF;80;17,3;BRASILIA;Condutor Dormindo;Saída de leito carroçável;Sem Vítimas;Plena Noite;Decrescente;Nublado;Dupla;"Reta;Declive";Sim;1;0;0;0;1;0;0;1;-15,692071;-48,205139;SPRF-DF;DEL03-DF;UOP02-DEL03-DF
585276;06/03/2024;quarta-feira;05:45:00;SP;116;227;GUARULHOS;Ausência de reação do condutor;Queda de ocupante de veículo;Com Vítimas Feridas;Pleno dia;Crescente;Céu Claro;Múltipla;Reta;Sim;1;0;1;0;0;0;1;1;-23,49659264;-46,55648754;SPRF-SP;DEL01-SP;UOP01-DEL01-SP
585280;05/03/2024;terça-feira;14:40:00;MT;70;630,5;POCONE;Reação tardia ou ineficiente do condutor;Saída de leito carroçável;Com Vítimas Feridas;Pleno dia;Decrescente;Chuva;Simples;Reta;Não;2;0;1;0;1;0;1;1;-15,92893488;-56,94977097;SPRF-MT;DEL03-MT;UOP02-DEL03-MT
585282;06/03/2024;quarta-feira;06:20:00;MG;381;456,8;BELO HORIZONTE;Condutor deixou de manter distância do veículo da frente;Engavetamento;Com Vítimas Feridas;Pleno dia;Crescente;Céu Claro;Dupla;Reta;Sim;7;0;1;1;5;0;2;6;-19,85862954;-43,91292495;SPRF-MG;DEL01-MG;UOP01-DEL01-MG
585283;06/03/2024;quarta-feira;06:50:00;BA;101;883;TEIXEIRA DE FREITAS;Reação tardia ou ineficiente do condutor;Queda de ocupante de veículo;Com Vítimas Feridas;Pleno dia;Crescente;Céu Claro;Simples;Reta;Não;1;0;1;0;0;0;1;1;-17,57513913;-39,73480225;SPRF-BA;DEL09-BA;UOP02-DEL09-BA
585286;06/03/2024;quarta-feira;06:40:00;PB;230;23,8;JOAO PESSOA;Reação tardia ou ineficiente do condutor;Colisão traseira;Com Vítimas Feridas;Pleno dia;Decrescente;Céu Claro;Dupla;Reta;Sim;2;0;1;0;0;1;1;2;-7,1562;-34,8574;SPRF-PB;DEL01-PB;UOP01-DEL01-PB
585287;06/03/2024;quarta-feira;06:45:00;PB;230;22;JOAO PESSOA;Condutor deixou de manter distância do veículo da frente;Tombamento;Com Vítimas Feridas;Pleno dia;Decrescente;Nublado;Dupla;Reta;Sim;3;0;2;0;0;1;2;2;-7,1495;-34,8517;SPRF-PB;DEL01-PB;UOP01-DEL01-PB
585292;06/03/2024;quarta-feira;07:00:00;SP;116;389;MIRACATU;Acumulo de água sobre o pavimento;Saída de leito carroçável;Com Vítimas Feridas;Pleno dia;Crescente;Chuva;Dupla;Reta;Não;2;0;1;0;1;0;1;1;-24,27280624;-47,4062269;SPRF-SP;DEL04-SP;UOP02-DEL04-SP
585293;06/03/2024;quarta-feira;06:40:00;SE;235;59;ITABAIANA;Acessar a via sem observar a presença dos outros veículos;Tombamento;Com Vítimas Feridas;Pleno dia;Crescente;Céu Claro;Simples;Reta;Não;1;0;1;0;0;0;1;1;-10,63273;-37,45686;SPRF-SE;DEL01-SE;UOP02-DEL01-SE
585295;06/03/2024;quarta-feira;02:00:00;RJ;40;115;DUQUE DE CAXIAS;Acumulo de água sobre o pavimento;Colisão com objeto;Com Vítimas Feridas;Plena Noite;Decrescente;Chuva;Simples;Reta;Sim;1;0;1;0;0;0;1;1;-22,72756999;-43,2891609;SPRF-RJ;DEL01-RJ;UOP02-DEL01-RJ
585296;06/03/2024;quarta-feira;06:45:00;SC;101;45,3;JOINVILLE;Reação tardia ou ineficiente do condutor;Colisão traseira;Com Vítimas Feridas;Pleno dia;Decrescente;Garoa/Chuvisco;Dupla;Reta;Sim;3;0;1;0;2;0;1;3;-26,32214492;-48,8689509;SPRF-SC;DEL03-SC;UOP01-DEL03-SC
585298;05/03/2024;terça-feira;10:00:00;BA;367;22,9;PORTO SEGURO;Condutor deixou de manter distância do veículo da frente;Colisão lateral mesmo sentido;Com Vítimas Feridas;Pleno dia;Decrescente;Nublado;Simples;Reta;Sim;2;0;1;0;1;0;1;2;-16,44149625;-39,06566204;SPRF-BA;DEL09-BA;UOP03-DEL09-BA
585300;06/03/2024;quarta-feira;07:55:00;RS;472;578;URUGUAIANA;Acessar a via sem observar a presença dos outros veículos;Colisão transversal;Com Vítimas Feridas;Pleno dia;Decrescente;Céu Claro;Simples;Reta;Sim;3;0;1;0;2;0;1;2;-29,78672711;-57,0798111;SPRF-RS;DEL13-RS;UOP01-DEL13-RS
585301;06/03/2024;quarta-feira;07:28:00;BA;324;551;AMELIA RODRIGUES;Demais falhas mecânicas ou elétricas;Colisão lateral mesmo sentido;Com Vítimas Feridas;Pleno dia;Decrescente;Céu Claro;Dupla;Reta;Não;3;0;2;0;1;0;2;2;-12,44409807;-38,71821505;SPRF-BA;DEL01-BA;UOP03-DEL01-BA
585302;06/03/2024;quarta-feira;07:45:00;ES;259;56,7;COLATINA;Animais na Pista;Atropelamento de Animal;Sem Vítimas;Pleno dia;Crescente;Sol;Simples;Reta;Não;1;0;0;0;0;1;0;1;-19,50128488;-40,65265414;SPRF-ES;DEL02-ES;UOP01-DEL02-ES
585303;06/03/2024;quarta-feira;07:40:00;RS;116;261;CANOAS;Reação tardia ou ineficiente do condutor;Colisão traseira;Com Vítimas Feridas;Pleno dia;Decrescente;Céu Claro;Dupla;Reta;Sim;2;0;1;0;1;0;1;2;-29,887983;-51,17901;SPRF-RS;DEL01-RS;UOP01-DEL01-RS
585305;06/03/2024;quarta-feira;07:06:00;SC;101;284,1;IMBITUBA;Avarias e/ou desgaste excessivo no pneu;Queda de ocupante de veículo;Com Vítimas Feridas;Pleno dia;Decrescente;Céu Claro;Dupla;Reta;Não;1;0;1;0;0;0;1;1;-28,21285498;-48,69962617;SPRF-SC;DEL02-SC;UOP03-DEL02-SC
585306;06/03/2024;quarta-feira;07:30:00;RN;110;45,6;MOSSORO;Condutor deixou de manter distância do veículo da frente;Colisão lateral mesmo sentido;Com Vítimas Feridas;Pleno dia;Crescente;Céu Claro;Simples;Reta;Sim;2;0;1;0;1;0;1;2;-5,19257993;-37,31114905;SPRF-RN;DEL04-RN;UOP01-DEL04-RN
585307;06/03/2024;quarta-feira;07:35:00;RS;285;338;CARAZINHO;Acessar a via sem observar a presença dos outros veículos;Colisão transversal;Com Vítimas Feridas;Pleno dia;Decrescente;Céu Claro;Simples;"Declive;Reta";Sim;2;0;1;0;1;0;1;2;-28,315704;-52,779015;SPRF-RS;DEL08-RS;UOP03-DEL08-RS
585308;06/03/2024;quarta-feira;07:05:00;RO;364;713;PORTO VELHO;Trafegar com motocicleta (ou similar) entre as faixas;Colisão lateral mesmo sentido;Com Vítimas Fatais;Pleno dia;Crescente;Céu Claro;Dupla;Reta;Sim;6;1;1;0;4;0;1;5;-8,77331583;-63,87969248;SPRF-RO;DEL01-RO;UOP01-DEL01-RO
585309;06/03/2024;quarta-feira;08:15:00;SP;116;283,8;ITAPECERICA DA SERRA;Animais na Pista;Tombamento;Com Vítimas Feridas;Pleno dia;Crescente;Céu Claro;Dupla;Reta;Sim;1;0;1;0;0;0;1;1;-23,69297005;-46,86352786;SPRF-SP;DEL04-SP;UOP01-DEL04-SP
585312;06/03/2024;quarta-feira;08:50:00;PR;116;116;CURITIBA;Trafegar com motocicleta (ou similar) entre as faixas;Colisão traseira;Com Vítimas Feridas;Pleno dia;Decrescente;Nublado;Múltipla;Reta;Sim;2;0;0;1;1;0;1;2;-25,548008;-49,304333;SPRF-PR;DEL01-PR;UOP03-DEL01-PR
585313;21/02/2024;quarta-feira;17:40:00;CE;116;7;FORTALEZA;Mal súbito do condutor;Tombamento;Com Vítimas Fatais;Pleno dia;Decrescente;Céu Claro;Múltipla;Reta;Sim;2;1;1;0;0;0;1;1;-3,81002083;-38,50049968;SPRF-CE;DEL01-CE;UOP02-DEL01-CE
585314;06/03/2024;quarta-feira;09:00:00;MG;50;176,1;UBERABA;Condutor deixou de manter distância do veículo da frente;Colisão traseira;Com Vítimas Feridas;Pleno dia;Decrescente;Céu Claro;Dupla;Reta;Sim;3;0;0;1;2;0;1;2;-19,77919981;-47,960032;SPRF-MG;DEL13-MG;UOP01-DEL13-MG
585320;06/03/2024;quarta-feira;09:10:00;SC;282;4,3;SAO JOSE;Reação tardia ou ineficiente do condutor;Colisão traseira;Com Vítimas Feridas;Pleno dia;Crescente;Nublado;Dupla;Reta;Sim;3;0;2;0;1;0;2;2;-27,592646;-48,604034;SPRF-SC;DEL01-SC;UOP01-DEL01-SC
585323;06/03/2024;quarta-feira;10:00:00;PB;230;22;JOAO PESSOA;Trafegar com motocicleta (ou similar) entre as faixas;Tombamento;Com Vítimas Feridas;Pleno dia;Decrescente;Céu Claro;Dupla;Reta;Não;1;0;1;0;0;0;1;1;-7,1495;-34,8517;SPRF-PB;DEL01-PB;UOP01-DEL01-PB
585327;06/03/2024;quarta-feira;08:00:00;GO;153;501;GOIANIA;Reação tardia ou ineficiente do condutor;Colisão traseira;Com Vítimas Feridas;Pleno dia;Crescente;Céu Claro;Dupla;Curva;Sim;2;0;0;1;1;0;1;2;-16,7189;-49,2382;SPRF-GO;DEL01-GO;UOP01-DEL01-GO
585328;06/03/2024;quarta-feira;09:15:00;RS;116;249;SAO LEOPOLDO;Acumulo de areia ou detritos sobre o pavimento;Colisão com objeto;Sem Vítimas;Pleno dia;Crescente;Céu Claro;Múltipla;Reta;Sim;1;0;0;0;1;0;0;1;-29,7831804;-51,16099063;SPRF-RS;DEL01-RS;UOP02-DEL01-RS
585329;06/03/2024;quarta-feira;09:15:00;RN;304;306;PARNAMIRIM;Acessar a via sem observar a presença dos outros veículos;Colisão lateral mesmo sentido;Sem Vítimas;Pleno dia;Decrescente;Nublado;Dupla;Reta;Sim;2;0;0;0;2;0;0;2;-5,89012265;-35,26352022;SPRF-RN;DEL01-RN;UOP02-DEL01-RN
585330;06/03/2024;quarta-feira;08:30:00;GO;60;378;RIO VERDE;Conversão proibida;Colisão transversal;Com Vítimas Feridas;Pleno dia;Decrescente;Céu Claro;Dupla;Reta;Sim;2;0;0;1;1;0;1;2;-17,7481;-50,8763;SPRF-GO;DEL04-GO;UOP02-DEL04-GO
585332;06/03/2024;quarta-feira;09:50:00;DF;70;15,7;BRASILIA;Manobra de mudança de faixa;Colisão lateral mesmo sentido;Com Vítimas Feridas;Pleno dia;Decrescente;Céu Claro;Dupla;Rotatória;Sim;2;0;1;0;1;0;1;2;-15,798888;-48,185043;SPRF-DF;DEL03-DF;UOP02-DEL03-DF
585333;17/02/2024;sábado;21:50:00;MS;463;2;DOURADOS;Ingestão de álcool pelo condutor;Colisão frontal;Sem Vítimas;Plena Noite;Decrescente;Céu Claro;Simples;Reta;Não;2;0;0;0;2;0;0;2;-22,2591541;-54,823354;SPRF-MS;DEL04-MS;UOP01-DEL04-MS
585334;10/02/2024;sábado;17:00:00;PR;280;262,6;MARMELEIRO;Manobra de mudança de faixa;Colisão transversal;Com Vítimas Feridas;Pleno dia;Crescente;Céu Claro;Simples;Reta;Não;3;0;0;2;0;1;2;3;-26,188955;-53,080484;SPRF-PR;DEL02-PR;UOP01-DEL02-PR
585336;17/02/2024;sábado;15:10:00;BA;324;518;FEIRA DE SANTANA;Retorno proibido;Colisão transversal;Com Vítimas Feridas;Pleno dia;Decrescente;Sol;Múltipla;Reta;Sim;2;0;1;0;0;1;1;2;-12,258195;-38,932182;SPRF-BA;DEL02-BA;UOP01-DEL02-BA