id;data_inversa;dia_semana;horario;uf;br;km;municipio;causa_acidente;tipo_acidente;classificacao_acidente;fase_dia;sentido_via;condicao_metereologica;tipo_pista;tracado_via;uso_solo;pessoas;mortos;feridos_leves;feridos_graves;ilesos;ignorados;feridos;veiculos;latitude;longitude;regional;delegacia;uop
585342;06/03/2024;quarta-feira;11:00:00;PE;101;66,9;RECIFE;Acessar a via sem observar a presença dos outros veículos;Colisão transversal;Com Vítimas Feridas;Pleno dia;Decrescente;Nublado;Múltipla;"Reta;Interseção de Vias";Sim;3;0;1;0;0;2;1;3;-8,03368534;-34,94184125;SPRF-PE;DEL01-PE;UOP01-DEL01-PE
585343;06/03/2024;quarta-feira;11:50:00;CE;116;23;AQUIRAZ;Problema com o freio;Saída de leito carroçável;Com Vítimas Feridas;Pleno dia;Crescente;Chuva;Dupla;Retorno Regulamentado;Não;2;0;1;1;0;0;2;1;-3,94905489;-38,51212845;SPRF-CE;DEL01-CE;UOP02-DEL01-CE
585344;06/03/2024;quarta-feira;10:40:00;SC;282;409;CATANDUVAS;Reação tardia ou ineficiente do condutor;Colisão traseira;Sem Vítimas;Pleno dia;Crescente;Céu Claro;Simples;Curva;Não;2;0;0;0;2;0;0;2;-27,065756;-51,664165;SPRF-SC;DEL07-SC;UOP05-DEL07-SC
585346;06/03/2024;quarta-feira;11:30:00;MG;40;632,8;CONSELHEIRO LAFAIETE;Retorno proibido;Colisão transversal;Com Vítimas Feridas;Pleno dia;Crescente;Nublado;Simples;"Declive;Curva";Sim;3;0;1;2;0;0;3;2;-20,68369617;-43,79362005;SPRF-MG;DEL05-MG;UOP02-DEL05-MG
585350;06/03/2024;quarta-feira;12:50:00;PR;376;272;MARILANDIA DO SUL;Avarias e/ou desgaste excessivo no pneu;Queda de ocupante de veículo;Com Vítimas Feridas;Pleno dia;Decrescente;Sol;Dupla;Reta;Não;2;0;1;1;0;0;2;1;-23,759;-51,272;SPRF-PR;DEL07-PR;UOP02-DEL07-PR
585351;06/03/2024;quarta-feira;10:10:00;BA;116;19;VITORIA DA CONQUISTA;Acesso irregular;Colisão transversal;Com Vítimas Feridas;Pleno dia;Decrescente;Nublado;Simples;Reta;Sim;3;0;1;1;1;0;2;2;-14,851;-40,8485;SPRF-BA;DEL08-BA;UOP01-DEL08-BA
585354;06/03/2024;quarta-feira;12:30:00;PB;230;461,8;SOUSA;Conversão proibida;Colisão lateral mesmo sentido;Com Vítimas Feridas;Pleno dia;Decrescente;Céu Claro;Simples;Reta;Sim;4;0;1;1;2;0;2;2;-6,778443;-38,229889;SPRF-PB;DEL03-PB;UOP03-DEL03-PB
585355;06/03/2024;quarta-feira;12:28:00;MG;116;277;TEOFILO OTONI;Manobra de mudança de faixa;Colisão lateral mesmo sentido;Com Vítimas Feridas;Pleno dia;Decrescente;Céu Claro;Simples;Reta;Sim;2;0;1;0;1;0;1;2;-17,859892;-41,515129;SPRF-MG;DEL11-MG;UOP01-DEL11-MG
585357;06/03/2024;quarta-feira;12:25:00;SC;101;118;ITAJAI;Demais falhas mecânicas ou elétricas;Tombamento;Com Vítimas Feridas;Pleno dia;Crescente;Céu Claro;Simples;Reta;Sim;2;0;1;1;0;0;2;1;-26,895859;-48,71903;SPRF-SC;DEL04-SC;UOP04-DEL04-SC
585361;06/03/2024;quarta-feira;14:00:00;PR;277;693;SAO MIGUEL DO IGUACU;Desrespeitar a preferência no cruzamento;Colisão transversal;Com Vítimas Feridas;Pleno dia;Decrescente;Céu Claro;Dupla;Reta;Não;2;0;1;0;1;0;1;2;-25,37239725;-54,27033988;SPRF-PR;DEL05-PR;UOP01-DEL05-PR
585363;06/03/2024;quarta-feira;13:30:00;RJ;40;108;DUQUE DE CAXIAS;Avarias e/ou desgaste excessivo no pneu;Queda de ocupante de veículo;Com Vítimas Feridas;Pleno dia;Decrescente;Céu Claro;Múltipla;Reta;Sim;2;0;2;0;0;0;2;1;-22,66771947;-43,2849741;SPRF-RJ;DEL01-RJ;UOP02-DEL01-RJ
585365;06/03/2024;quarta-feira;12:40:00;SC;470;110,9;APIUNA;Conversão proibida;Colisão frontal;Com Vítimas Feridas;Pleno dia;Decrescente;Nublado;Simples;Reta;Não;2;0;2;0;0;0;2;2;-27,09599982;-49,45788503;SPRF-SC;DEL04-SC;UOP02-DEL04-SC
585367;06/03/2024;quarta-feira;13:10:00;MG;40;36;PARACATU;Reação tardia ou ineficiente do condutor;Colisão traseira;Com Vítimas Feridas;Pleno dia;Crescente;Céu Claro;Dupla;Reta;Não;2;0;0;1;1;0;1;2;-17,196358;-46,909396;SPRF-MG;DEL14-MG;UOP01-DEL14-MG
585368;27/02/2024;terça-feira;19:19:00;MG;381;250;SANTANA DO PARAISO;Avarias e/ou desgaste excessivo no pneu;Tombamento;Com Vítimas Feridas;Plena Noite;Decrescente;Céu Claro;Simples;Reta;Não;2;0;0;1;1;0;1;2;-19,45202521;-42,51914978;SPRF-MG;DEL06-MG;UOP01-DEL06-MG
585369;06/03/2024;quarta-feira;14:50:00;ES;101;184,9;ARACRUZ;Transitar na contramão;Colisão frontal;Com Vítimas Feridas;Pleno dia;Crescente;Céu Claro;Simples;"Reta;Aclive";Não;4;0;3;0;1;0;3;2;-19,65524008;-40,23355674;SPRF-ES;DEL04-ES;UOP01-DEL04-ES
585370;06/03/2024;quarta-feira;14:30:00;GO;60;46,7;ALEXANIA;Avarias e/ou desgaste excessivo no pneu;Saída de leito carroçável;Com Vítimas Feridas;Pleno dia;Decrescente;Chuva;Dupla;"Aclive;Curva";Não;4;0;4;0;0;0;4;1;-16,1417;-48,5988;SPRF-GO;DEL02-GO;UOP01-DEL02-GO
585374;23/02/2024;sexta-feira;18:45:00;MG;40;144;JOAO PINHEIRO;Acesso irregular;Colisão traseira;Com Vítimas Feridas;Anoitecer;Crescente;Nublado;Simples;"Aclive;Curva";Sim;3;0;1;0;2;0;1;2;-17,74968182;-46,16992584;SPRF-MG;DEL14-MG;UOP01-DEL14-MG
585376;06/03/2024;quarta-feira;14:26:00;RN;226;0,9;NATAL;Conversão proibida;Colisão frontal;Com Vítimas Feridas;Pleno dia;Decrescente;Sol;Dupla;Em Obras;Sim;4;0;3;0;0;1;3;3;-5,80533866;-35,23993492;SPRF-RN;DEL01-RN;UOP02-DEL01-RN
585379;06/03/2024;quarta-feira;13:45:00;BA;116;14,5;VITORIA DA CONQUISTA;Transitar na contramão;Colisão transversal;Com Vítimas Feridas;Pleno dia;Decrescente;Céu Claro;Simples;"Retorno Regulamentado;Reta";Sim;2;0;1;0;1;0;1;2;-14,851;-40,8485;SPRF-BA;DEL08-BA;UOP01-DEL08-BA
585380;06/03/2024;quarta-feira;15:10:00;SC;101;225;PALHOCA;Reação tardia ou ineficiente do condutor;Saída de leito carroçável;Com Vítimas Feridas;Pleno dia;Decrescente;Céu Claro;Múltipla;"Reta;Aclive";Sim;1;0;1;0;0;0;1;1;-27,73292191;-48,6409567;SPRF-SC;DEL01-SC;UOP02-DEL01-SC
585384;06/03/2024;quarta-feira;14:30:00;MG;116;547,8;SANTA BARBARA DO LESTE;Ausência de reação do condutor;Colisão com objeto;Com Vítimas Feridas;Pleno dia;Decrescente;Nublado;Simples;Curva;Não;4;0;4;0;0;0;4;1;-19,94406896;-42,1320258;SPRF-MG;DEL06-MG;UOP02-DEL06-MG
585385;23/02/2024;sexta-feira;16:30:00;MT;70;522;VARZEA GRANDE;Conversão proibida;Queda de ocupante de veículo;Com Vítimas Feridas;Pleno dia;Crescente;Nublado;Simples;Reta;Sim;2;0;1;0;1;0;1;2;-15,6627096;-56,18541241;SPRF-MT;DEL01-MT;UOP02-DEL01-MT
585386;06/03/2024;quarta-feira;13:30:00;GO;60;236;INDIARA;Acumulo de água sobre o pavimento;Saída de leito carroçável;Sem Vítimas;Pleno dia;Crescente;Chuva;Dupla;"Aclive;Reta";Não;1;0;0;0;1;0;0;1;-17,0832;-49,8386;SPRF-GO;DEL01-GO;UOP02-DEL01-GO
585387;06/03/2024;quarta-feira;16:00:00;ES;101;68,4;SAO MATEUS;Acessar a via sem observar a presença dos outros veículos;Colisão transversal;Com Vítimas Fatais;Pleno dia;Crescente;Céu Claro;Simples;"Reta;Aclive";Não;2;1;0;0;1;0;0;2;-18,726597;-39,85975;SPRF-ES;DEL04-ES;UOP02-DEL04-ES
585390;06/03/2024;quarta-feira;15:55:00;MG;381;750;TRES CORACOES;Chuva;Tombamento;Com Vítimas Feridas;Pleno dia;Crescente;Chuva;Dupla;Curva;Não;1;0;1;0;0;0;1;1;-21,66711081;-45,31607202;SPRF-MG;DEL16-MG;UOP02-DEL16-MG
585391;06/03/2024;quarta-feira;15:20:00;RJ;116;143;DUQUE DE CAXIAS;Avarias e/ou desgaste excessivo no pneu;Queda de ocupante de veículo;Com Vítimas Feridas;Pleno dia;Decrescente;Céu Claro;Dupla;Reta;Sim;2;0;1;0;1;0;1;1;-22,65237271;-43,23918118;SPRF-RJ;DEL01-RJ;UOP02-DEL01-RJ
585392;06/03/2024;quarta-feira;15:11:00;PB;104;97;ESPERANCA;Acessar a via sem observar a presença dos outros veículos;Colisão transversal;Com Vítimas Feridas;Pleno dia;Crescente;Garoa/Chuvisco;Simples;Interseção de Vias;Sim;3;0;1;0;2;0;1;2;-7,01994564;-35,85788662;SPRF-PB;DEL02-PB;UOP04-DEL02-PB
585395;06/03/2024;quarta-feira;11:30:00;MS;262;780;CORUMBA;Ausência de reação do condutor;Saída de leito carroçável;Sem Vítimas;Pleno dia;Decrescente;Céu Claro;Simples;Reta;Sim;1;0;0;0;1;0;0;1;-19,08285699;-57,62168025;SPRF-MS;DEL03-MS;UOP03-DEL03-MS
585397;06/03/2024;quarta-feira;16:15:00;PE;104;68;CARUARU;Reação tardia ou ineficiente do condutor;Colisão traseira;Com Vítimas Feridas;Pleno dia;Crescente;Céu Claro;Dupla;"Viaduto;Reta";Sim;2;0;1;0;1;0;1;2;-8,3107;-35,9904;SPRF-PE;DEL02-PE;UOP01-DEL02-PE
585400;06/03/2024;quarta-feira;16:40:00;RS;290;14;SANTO ANTONIO DA PATRULHA;Reação tardia ou ineficiente do condutor;Saída de leito carroçável;Sem Vítimas;Pleno dia;Decrescente;Nublado;Dupla;Reta;Não;1;0;0;0;1;0;0;1;-29,867395;-50,401199;SPRF-RS;DEL03-RS;UOP01-DEL03-RS
585402;06/03/2024;quarta-feira;12:00:00;RJ;40;110;DUQUE DE CAXIAS;Transitar no Acostamento;Colisão traseira;Com Vítimas Feridas;Pleno dia;Crescente;Chuva;Múltipla;Reta;Sim;2;0;1;0;1;0;1;2;-22,684193;-43,285425;SPRF-RJ;DEL01-RJ;UOP02-DEL01-RJ
585403;06/03/2024;quarta-feira;16:10:00;MG;251;517,2;MONTES CLAROS;Demais falhas mecânicas ou elétricas;Incêndio;Sem Vítimas;Pleno dia;Decrescente;Céu Claro;Simples;Reta;Não;1;0;0;0;1;0;0;1;-16,66154421;-43,76055398;SPRF-MG;DEL12-MG;UOP01-DEL12-MG
585404;06/03/2024;quarta-feira;14:15:00;RJ;40;106,3;SAPUCAIA;Velocidade Incompatível;Colisão traseira;Com Vítimas Feridas;Pleno dia;Decrescente;Nublado;Simples;Reta;Sim;4;0;1;0;3;0;1;2;-21,88885874;-42,70076752;SPRF-RJ;DEL01-RJ;UOP02-DEL01-RJ
585405;06/03/2024;quarta-feira;17:25:00;RS;101;3,6;TORRES;Manobra de mudança de faixa;Colisão lateral mesmo sentido;Com Vítimas Feridas;Pleno dia;Decrescente;Céu Claro;Dupla;Reta;Não;2;0;1;0;1;0;1;2;-29,32474865;-49,77922041;SPRF-RS;DEL03-RS;UOP02-DEL03-RS
585427;06/03/2024;quarta-feira;17:00:00;MG;262;801,8;UBERABA;Condutor deixou de manter distância do veículo da frente;Colisão lateral mesmo sentido;Com Vítimas Feridas;Pleno dia;Decrescente;Nublado;Dupla;"Reta;Declive";Sim;4;0;2;1;0;1;3;3;-19,77920263;-47,955319;SPRF-MG;DEL13-MG;UOP01-DEL13-MG
585479;06/03/2024;quarta-feira;17:30:00;MG;40;554,7;NOVA LIMA;Manobra de mudança de faixa;Colisão lateral mesmo sentido;Com Vítimas Feridas;Anoitecer;Decrescente;Chuva;Dupla;"Aclive;Curva;Interseção de Vias";Não;2;0;1;0;1;0;1;2;-20,0866769;-43,97614717;SPRF-MG;DEL01-MG;UOP02-DEL01-MG
585481;06/03/2024;quarta-feira;15:30:00;BA;101;792;ITAMARAJU;Reação tardia ou ineficiente do condutor;Saída de leito carroçável;Com Vítimas Feridas;Pleno dia;Crescente;Céu Claro;Simples;Curva;Não;2;0;1;0;1;0;1;1;-17,08240008;-39,56959989;SPRF-BA;DEL09-BA;UOP01-DEL09-BA
585483;06/03/2024;quarta-feira;18:00:00;SP;101;44;UBATUBA;Acessar a via sem observar a presença dos outros veículos;Atropelamento de Pedestre;Com Vítimas Feridas;Anoitecer;Crescente;Chuva;Simples;Reta;Sim;2;0;1;0;1;0;1;2;-23,41119009;-45,06612718;SPRF-SP;DEL06-SP;UOP01-DEL06-SP
585484;06/03/2024;quarta-feira;18:20:00;PB;230;14;CABEDELO;Condutor deixou de manter distância do veículo da frente;Tombamento;Com Vítimas Feridas;Plena Noite;Decrescente;Céu Claro;Dupla;Reta;Sim;2;0;2;0;0;0;2;1;-7,0844;-34,8488;SPRF-PB;DEL01-PB;UOP01-DEL01-PB
585486;06/03/2024;quarta-feira;18:05:00;PR;277;579,6;CASCAVEL;Condutor deixou de manter distância do veículo da frente;Colisão traseira;Com Vítimas Feridas;Pleno dia;Crescente;Chuva;Dupla;Reta;Não;2;0;1;0;1;0;1;2;-24,98298977;-53,359282;SPRF-PR;DEL04-PR;UOP01-DEL04-PR
585487;06/03/2024;quarta-feira;17:00:00;RS;116;153;CAXIAS DO SUL;Ultrapassagem Indevida;Colisão lateral mesmo sentido;Com Vítimas Feridas;Pleno dia;Decrescente;Céu Claro;Dupla;"Retorno Regulamentado;Reta";Sim;2;0;1;0;1;0;1;2;-29,18579758;-51,17713005;SPRF-RS;DEL05-RS;UOP01-DEL05-RS
585488;06/03/2024;quarta-feira;17:45:00;RS;386;344,7;LAJEADO;Acumulo de areia ou detritos sobre o pavimento;Tombamento;Com Vítimas Feridas;Pleno dia;Decrescente;Céu Claro;Dupla;"Desvio Temporário;Em Obras;Reta";Sim;1;0;1;0;0;0;1;1;-29,439268;-51,993633;SPRF-RS;DEL04-RS;UOP01-DEL04-RS
585489;06/03/2024;quarta-feira;17:40:00;MG;381;681,2;PERDOES;Demais falhas mecânicas ou elétricas;Colisão com objeto;Com Vítimas Feridas;Pleno dia;Crescente;Nublado;Dupla;Reta;Não;1;0;1;0;0;0;1;1;-21,16168571;-45,12045619;SPRF-MG;DEL04-MG;UOP02-DEL04-MG
585492;06/03/2024;quarta-feira;19:00:00;PR;369;18,1;CAMBARA;Reação tardia ou ineficiente do condutor;Tombamento;Com Vítimas Feridas;Anoitecer;Decrescente;Céu Claro;Simples;Reta;Sim;1;0;1;0;0;0;1;1;-23,03625681;-50,06811976;SPRF-PR;DEL07-PR;UOP05-DEL07-PR
585493;06/03/2024;quarta-feira;18:52:00;RJ;101;322;NITEROI;Manobra de mudança de faixa;Colisão lateral mesmo sentido;Com Vítimas Feridas;Plena Noite;Decrescente;Céu Claro;Dupla;Reta;Não;3;0;1;0;2;0;1;3;-22,878923;-43,110676;SPRF-RJ;DEL02-RJ;UOP01-DEL02-RJ
585494;01/03/2024;sexta-feira;14:30:00;MS;262;323;CAMPO GRANDE;Ausência de reação do condutor;Tombamento;Com Vítimas Feridas;Pleno dia;Crescente;Céu Claro;Simples;Reta;Não;1;0;1;0;0;0;1;1;-20,46901688;-54,506023;SPRF-MS;DEL01-MS;UOP01-DEL01-MS
585496;06/03/2024;quarta-feira;17:10:00;SP;116;38;CACHOEIRA PAULISTA;Chuva;Colisão traseira;Com Vítimas Feridas;Pleno dia;Decrescente;Chuva;Dupla;Curva;Sim;2;0;1;0;1;0;1;2;-22,67026579;-44,99183604;SPRF-SP;DEL08-SP;UOP02-DEL08-SP
585498;06/03/2024;quarta-feira;19:30:00;GO;40;99,9;CRISTALINA;Condutor deixou de manter distância do veículo da frente;Colisão lateral mesmo sentido;Com Vítimas Feridas;Plena Noite;Decrescente;Nublado;Simples;Reta;Não;2;0;2;0;0;0;2;2;-16,779273;-47,584937;SPRF-DF;DEL01-DF;UOP02-DEL01-DF
585499;06/03/2024;quarta-feira;16:00:00;MS;163;312;RIO BRILHANTE;Acessar a via sem observar a presença dos outros veículos;Colisão transversal;Com Vítimas Feridas;Pleno dia;Crescente;Nublado;Dupla;Reta;Não;2;0;1;0;1;0;1;2;-21,87763399;-54,52456581;SPRF-MS;DEL02-MS;UOP02-DEL02-MS
585502;06/03/2024;quarta-feira;15:30:00;MG;40;648,7;CRISTIANO OTONI;Chuva;Saída de leito carroçável;Com Vítimas Feridas;Pleno dia;Crescente;Chuva;Simples;"Curva;Declive";Não;1;0;1;0;0;0;1;1;-20,818725;-43,812025;SPRF-MG;DEL05-MG;UOP02-DEL05-MG
585503;06/03/2024;quarta-feira;14:30:00;RJ;116;183;NOVA IGUACU;Manobra de mudança de faixa;Queda de ocupante de veículo;Com Vítimas Feridas;Pleno dia;Crescente;Garoa/Chuvisco;Múltipla;Reta;Sim;2;0;1;0;1;0;1;2;-22,7516014;-43,43849831;SPRF-RJ;DEL06-RJ;UOP01-DEL06-RJ
585504;06/03/2024;quarta-feira;19:45:00;RS;392;1,5;CAPAO DO LEAO;Acessar a via sem observar a presença dos outros veículos;Colisão transversal;Com Vítimas Feridas;Plena Noite;Crescente;Céu Claro;Simples;Reta;Sim;4;0;1;1;1;1;2;3;-31,7602;-52,4381;SPRF-RS;DEL07-RS;UOP01-DEL07-RS
585505;06/03/2024;quarta-feira;19:27:00;TO;153;240;COLINAS DO TOCANTINS;Manobra de mudança de faixa;Saída de leito carroçável;Com Vítimas Feridas;Plena Noite;Crescente;Nublado;Simples;"Reta;Ponte";Não;3;0;1;0;2;0;1;1;-7,994203;-48,46468483;SPRF-TO;DEL02-TO;UOP01-DEL02-TO
585506;06/03/2024;quarta-feira;18:18:00;PE;101;39;IGARASSU;Demais falhas mecânicas ou elétricas;Incêndio;Sem Vítimas;Plena Noite;Crescente;Chuva;Dupla;"Aclive;Reta";Não;1;0;0;0;1;0;0;1;-7,818542;-34,917432;SPRF-PE;DEL01-PE;UOP02-DEL01-PE
585507;06/03/2024;quarta-feira;19:20:00;SC;101;345;TREZE DE MAIO;Ausência de reação do condutor;Saída de leito carroçável;Com Vítimas Feridas;Plena Noite;Decrescente;Céu Claro;Múltipla;Reta;Sim;5;0;0;5;0;0;5;1;-28,55712153;-49,05435205;SPRF-SC;DEL02-SC;UOP01-DEL02-SC
585509;14/01/2024;domingo;09:15:00;RR;174;9;BOA VISTA;Condutor Dormindo;Colisão frontal;Com Vítimas Feridas;Pleno dia;Crescente;Céu Claro;Simples;Reta;Não;2;0;0;1;1;0;1;2;2,819364;-60,673775;SPRF-RR;DEL01-RR;UOP01-DEL01-RR
585517;17/01/2024;quarta-feira;18:20:00;ES;101;260;SERRA;Acessar a via sem observar a presença dos outros veículos;Colisão transversal;Com Vítimas Fatais;Anoitecer;Crescente;Céu Claro;Simples;"Aclive;Reta";Sim;2;1;0;0;1;0;0;2;-20,14616415;-40,28836206;SPRF-ES;DEL02-ES;UOP01-DEL02-ES
585519;06/03/2024;quarta-feira;19:00:00;MG;116;112,8;ITAOBIM;Ausência de reação do condutor;Queda de ocupante de veículo;Com Vítimas Feridas;Plena Noite;Decrescente;Nublado;Simples;Reta;Não;1;0;0;1;0;0;1;1;-16,53047105;-41,50536963;SPRF-MG;DEL11-MG;UOP02-DEL11-MG
585520;06/03/2024;quarta-feira;20:20:00;RJ;116;180;NOVA IGUACU;Reação tardia ou ineficiente do condutor;Engavetamento;Com Vítimas Feridas;Plena Noite;Crescente;Nublado;Múltipla;"Aclive;Reta";Sim;9;0;1;0;8;0;1;4;-22,7651616;-43,4154728;SPRF-RJ;DEL06-RJ;UOP01-DEL06-RJ
585521;11/02/2024;domingo;20:40:00;AC;364;139;RIO BRANCO;Condutor deixou de manter distância do veículo da frente;Colisão traseira;Com Vítimas Feridas;Plena Noite;Decrescente;Chuva;Dupla;Reta;Sim;1;0;0;1;0;0;1;1;-9,95359291;-67,86119892;SPRF-AC;DEL01-AC;UOP01-DEL01-AC
585522;06/03/2024;quarta-feira;20:20:00;MG;116;112,6;ITAOBIM;Animais na Pista;Atropelamento de Animal;Com Vítimas Feridas;Plena Noite;Crescente;Céu Claro;Simples;Curva;Não;1;0;1;0;0;0;1;1;-16,537856;-41,506196;SPRF-MG;DEL11-MG;UOP02-DEL11-MG
585524;06/03/2024;quarta-feira;20:40:00;PR;369;207;APUCARANA;Condutor desrespeitou a iluminação vermelha do semáforo;Colisão transversal;Com Vítimas Feridas;Plena Noite;Crescente;Céu Claro;Simples;"Retorno Regulamentado;Reta;Interseção de Vias";Sim;2;0;0;1;1;0;1;2;-23,56298;-51,48893;SPRF-PR;DEL07-PR;UOP03-DEL07-PR
585526;06/03/2024;quarta-feira;20:30:00;BA;415;29;ILHEUS;Objeto estático sobre o leito carroçável;Saída de leito carroçável;Com Vítimas Feridas;Plena Noite;Crescente;Céu Claro;Simples;Reta;Não;1;0;1;0;0;0;1;1;-14,787337;-39,219854;SPRF-BA;DEL05-BA;UOP01-DEL05-BA
585527;06/03/2024;quarta-feira;19:52:00;RJ;116;75,1;TERESOPOLIS;Transitar na contramão;Colisão lateral sentido oposto;Com Vítimas Feridas;Plena Noite;Crescente;Chuva;Simples;Curva;Não;3;0;2;0;1;0;2;3;-22,3617791;-42,94152556;SPRF-RJ;DEL04-RJ;UOP01-DEL04-RJ
585528;06/03/2024;quarta-feira;19:30:00;MG;116;547,8;SANTA BARBARA DO LESTE;Deficiência do Sistema de Iluminação/Sinalização;Colisão traseira;Com Vítimas Feridas;Plena Noite;Decrescente;Céu Claro;Dupla;Curva;Não;2;0;0;1;1;0;1;2;-19,94406896;-42,1320258;SPRF-MG;DEL06-MG;UOP02-DEL06-MG
585529;06/03/2024;quarta-feira;21:40:00;AL;104;41,6;UNIAO DOS PALMARES;Reação tardia ou ineficiente do condutor;Queda de ocupante de veículo;Com Vítimas Feridas;Plena Noite;Crescente;Céu Claro;Simples;Reta;Não;1;0;0;1;0;0;1;1;-9,204973;-36,03164206;SPRF-AL;DEL01-AL;UOP02-DEL01-AL
585530;06/03/2024;quarta-feira;22:25:00;ES;101;167;LINHARES;Reação tardia ou ineficiente do condutor;Colisão com objeto;Com Vítimas Feridas;Plena Noite;Crescente;Nublado;Simples;Reta;Não;1;0;1;0;0;0;1;1;-19,52734804;-40,15218496;SPRF-ES;DEL04-ES;UOP01-DEL04-ES
585531;06/03/2024;quarta-feira;20:40:00;RS;470;157,7;NOVA PRATA;Reação tardia ou ineficiente do condutor;Colisão frontal;Com Vítimas Feridas;Plena Noite;Crescente;Nublado;Simples;Curva;Não;2;0;2;0;0;0;2;2;-28,79171034;-51,61669493;SPRF-RS;DEL06-RS;UOP02-DEL06-RS
585532;06/03/2024;quarta-feira;21:25:00;PB;230;337,1;PATOS;Demais falhas mecânicas ou elétricas;Incêndio;Sem Vítimas;Plena Noite;Decrescente;Céu Claro;Simples;Reta;Sim;1;0;0;0;1;0;0;1;-7,0084;-37,2829;SPRF-PB;DEL03-PB;UOP01-DEL03-PB
585533;06/03/2024;quarta-feira;20:40:00;PR;272;560;TERRA ROXA;Pedestre andava na pista;Atropelamento de Pedestre;Com Vítimas Feridas;Plena Noite;Decrescente;Céu Claro;Simples;Reta;Não;2;0;0;1;1;0;1;2;-24,08871;-54,18929;SPRF-PR;DEL06-PR;UOP01-DEL06-PR
585534;06/03/2024;quarta-feira;20:30:00;ES;101;144;LINHARES;Transitar no Acostamento;Colisão frontal;Com Vítimas Feridas;Plena Noite;Crescente;Céu Claro;Múltipla;Reta;Sim;2;0;1;0;1;0;1;2;-19,35188295;-40,0636685;SPRF-ES;DEL04-ES;UOP01-DEL04-ES
585536;06/03/2024;quarta-feira;21:15:00;SC;282;216,2;LAGES;Ingestão de álcool pelo condutor;Colisão com objeto;Sem Vítimas;Plena Noite;Crescente;Nublado;Simples;Reta;Sim;2;0;0;0;1;1;0;2;-27,7972109;-50,29047489;SPRF-SC;DEL05-SC;UOP01-DEL05-SC
585537;06/03/2024;quarta-feira;23:00:00;PE;101;72;RECIFE;Ingestão de álcool pelo condutor;Colisão com objeto;Sem Vítimas;Plena Noite;Crescente;Céu Claro;Dupla;Curva;Sim;1;0;0;0;0;1;0;1;-8,07663102;-34,94277871;SPRF-PE;DEL01-PE;UOP01-DEL01-PE
585538;06/03/2024;quarta-feira;22:30:00;BA;415;20;ILHEUS;Ingestão de álcool pelo condutor;Tombamento;Com Vítimas Feridas;Plena Noite;Decrescente;Céu Claro;Simples;Reta;Não;1;0;1;0;0;0;1;1;-14,7988036;-39,16236617;SPRF-BA;DEL05-BA;UOP01-DEL05-BA
585539;06/03/2024;quarta-feira;22:35:00;CE;222;251;SOBRAL;Iluminação deficiente;Colisão traseira;Com Vítimas Fatais;Plena Noite;Crescente;Céu Claro;Simples;Reta;Não;2;1;0;0;1;0;0;2;-3,75579059;-40,55909297;SPRF-CE;DEL04-CE;UOP01-DEL04-CE
585545;06/03/2024;quarta-feira;20:30:00;GO;60;309;ACREUNA;Transitar na contramão;Colisão frontal;Com Vítimas Fatais;Plena Noite;Decrescente;Céu Claro;Dupla;"Retorno Regulamentado;Reta";Não;2;1;0;0;1;0;0;2;-17,4097;-50,4044;SPRF-GO;DEL04-GO;UOP02-DEL04-GO
585547;06/03/2024;quarta-feira;22:50:00;PR;376;629;SAO JOSE DOS PINHAIS;Transitar na contramão;Colisão frontal;Com Vítimas Feridas;Plena Noite;Crescente;Céu Claro;Múltipla;Reta;Sim;2;0;2;0;0;0;2;2;-25,6978704;-49,14406842;SPRF-PR;DEL01-PR;UOP04-DEL01-PR
585549;06/03/2024;quarta-feira;21:15:00;SC;116;171,2;PONTE ALTA DO NORTE;Reação tardia ou ineficiente do condutor;Saída de leito carroçável;Sem Vítimas;Plena Noite;Crescente;Garoa/Chuvisco;Simples;"Reta;Declive";Não;1;0;0;0;1;0;0;1;-27,2035;-50,4657062;SPRF-SC;DEL05-SC;UOP03-DEL05-SC
585550;06/03/2024;quarta-feira;22:50:00;PR;369;149;LONDRINA;Acumulo de água sobre o pavimento;Colisão traseira;Com Vítimas Feridas;Plena Noite;Decrescente;Chuva;Dupla;Reta;Sim;3;0;0;1;2;0;1;2;-23,29304926;-51,14942014;SPRF-PR;DEL07-PR;UOP01-DEL07-PR
585551;06/03/2024;quarta-feira;23:40:00;PR;277;1;PARANAGUA;Acessar a via sem observar a presença dos outros veículos;Colisão transversal;Com Vítimas Feridas;Plena Noite;Crescente;Garoa/Chuvisco;Dupla;Reta;Sim;3;0;1;0;2;0;1;2;-25,5177809;-48,5408875;SPRF-PR;DEL01-PR;UOP05-DEL01-PR
585553;07/03/2024;quinta-feira;00:01:00;SC;101;139;BALNEARIO CAMBORIU;Reação tardia ou ineficiente do condutor;Tombamento;Com Vítimas Feridas;Plena Noite;Crescente;Chuva;Múltipla;Curva;Sim;1;0;1;0;0;0;1;1;-27,02982303;-48,60115006;SPRF-SC;DEL04-SC;UOP03-DEL04-SC
585554;06/03/2024;quarta-feira;22:20:00;GO;60;345;SANTO ANTONIO DA BARRA;Ausência de reação do condutor;Saída de leito carroçável;Com Vítimas Feridas;Plena Noite;Crescente;Céu Claro;Dupla;Reta;Não;4;0;1;0;1;2;1;2;-17,565;-50,6494;SPRF-GO;DEL04-GO;UOP02-DEL04-GO