id;data_inversa;dia_semana;horario;uf;br;km;municipio;causa_acidente;tipo_acidente;classificacao_acidente;fase_dia;sentido_via;condicao_metereologica;tipo_pista;tracado_via;uso_solo;pessoas;mortos;feridos_leves;feridos_graves;ilesos;ignorados;feridos;veiculos;latitude;longitude;regional;delegacia;uop
585555;06/03/2024;quarta-feira;21:30:00;PE;428;184;PETROLINA;Reação tardia ou ineficiente do condutor;Colisão com objeto;Com Vítimas Feridas;Plena Noite;Decrescente;Céu Claro;Simples;Reta;Sim;4;0;2;0;2;0;2;1;-9,33211208;-40,46621385;SPRF-PE;DEL06-PE;UOP01-DEL06-PE
585556;06/03/2024;quarta-feira;19:20:00;GO;40;10;LUZIANIA;Acessar a via sem observar a presença dos outros veículos;Colisão transversal;Com Vítimas Feridas;Plena Noite;Decrescente;Céu Claro;Dupla;Reta;Sim;3;0;2;0;1;0;2;2;-16,131285;-47,957923;SPRF-DF;DEL01-DF;UOP01-DEL01-DF
585559;07/03/2024;quinta-feira;03:40:00;PE;101;46;IGARASSU;Velocidade Incompatível;Colisão com objeto;Com Vítimas Feridas;Pleno dia;Crescente;Céu Claro;Múltipla;Reta;Sim;2;0;2;0;0;0;2;1;-7,87406004;-34,90588126;SPRF-PE;DEL01-PE;UOP02-DEL01-PE
585560;07/03/2024;quinta-feira;03:40:00;SP;381;83,4;SAO PAULO;Pedestre andava na pista;Atropelamento de Pedestre;Com Vítimas Fatais;Pleno dia;Decrescente;Nublado;Dupla;Reta;Não;2;1;0;0;0;1;0;2;-23,4309671;-46,56998022;SPRF-SP;DEL03-SP;UOP01-DEL03-SP
585562;07/03/2024;quinta-feira;03:30:00;GO;153;210;URUACU;Transitar no Acostamento;Colisão frontal;Sem Vítimas;Plena Noite;Crescente;Céu Claro;Simples;"Reta;Aclive";Não;1;0;0;0;1;0;0;1;-14,605865;-49,166637;SPRF-GO;DEL07-GO;UOP02-DEL07-GO
585563;06/03/2024;quarta-feira;18:10:00;BA;101;437;UBAITABA;Velocidade Incompatível;Capotamento;Com Vítimas Feridas;Plena Noite;Crescente;Céu Claro;Simples;Reta;Não;1;0;1;0;0;0;1;1;-14,241022;-39,320011;SPRF-BA;DEL05-BA;UOP01-DEL05-BA
585565;07/03/2024;quinta-feira;04:15:00;SC;101;129;BALNEARIO CAMBORIU;Ingestão de álcool pelo condutor;Colisão com objeto;Sem Vítimas;Plena Noite;Decrescente;Céu Claro;Dupla;Curva;Sim;2;0;0;0;2;0;0;2;-26,98064277;-48,6790679;SPRF-SC;DEL04-SC;UOP03-DEL04-SC
585568;07/03/2024;quinta-feira;04:30:00;RS;386;63,6;SEBERI;Demais falhas mecânicas ou elétricas;Queda de ocupante de veículo;Com Vítimas Feridas;Plena Noite;Decrescente;Céu Claro;Simples;Reta;Não;1;0;1;0;0;0;1;1;-27,608656;-53,344784;SPRF-RS;DEL08-RS;UOP02-DEL08-RS
585569;07/03/2024;quinta-feira;05:30:00;RS;392;121;CANGUCU;Ingestão de álcool pelo condutor;Saída de leito carroçável;Sem Vítimas;Amanhecer;Crescente;Céu Claro;Simples;Curva;Sim;1;0;0;0;1;0;0;1;-31,39134151;-52,69918993;SPRF-RS;DEL07-RS;UOP01-DEL07-RS
585570;07/03/2024;quinta-feira;05:35:00;SC;101;119,1;ITAJAI;Reação tardia ou ineficiente do condutor;Tombamento;Com Vítimas Feridas;Amanhecer;Crescente;Nublado;Dupla;Reta;Não;2;0;0;1;1;0;1;1;-26,9043179;-48,71555481;SPRF-SC;DEL04-SC;UOP04-DEL04-SC
585571;07/03/2024;quinta-feira;05:40:00;PR;277;104;CAMPO LARGO;Reação tardia ou ineficiente do condutor;Tombamento;Com Vítimas Feridas;Amanhecer;Crescente;Nublado;Dupla;Reta;Sim;1;0;1;0;0;0;1;1;-25,43056;-49,3975;SPRF-PR;DEL01-PR;UOP06-DEL01-PR
585573;06/03/2024;quarta-feira;20:00:00;PE;428;82;SANTA MARIA DA BOA VISTA;Animais na Pista;Atropelamento de Animal;Com Vítimas Feridas;Plena Noite;Crescente;Céu Claro;Simples;"Reta;Declive";Não;2;0;2;0;0;0;2;1;-8,78569222;-39,82185946;SPRF-PE;DEL06-PE;UOP03-DEL06-PE
585574;07/03/2024;quinta-feira;05:44:00;RS;293;35,2;CAPAO DO LEAO;Animais na Pista;Atropelamento de Animal;Com Vítimas Feridas;Plena Noite;Crescente;Céu Claro;Simples;"Ponte;Reta";Não;1;0;1;0;0;0;1;1;-31,73851383;-52,67295601;SPRF-RS;DEL07-RS;UOP01-DEL07-RS
585575;07/03/2024;quinta-feira;06:40:00;PI;316;21;TERESINA;Avarias e/ou desgaste excessivo no pneu;Queda de ocupante de veículo;Com Vítimas Feridas;Pleno dia;Decrescente;Céu Claro;Dupla;Aclive;Não;2;0;2;0;0;0;2;1;-5,26746306;-42,72741334;SPRF-PI;DEL01-PI;UOP02-DEL01-PI
585577;07/03/2024;quinta-feira;06:50:00;PE;101;68,1;RECIFE;Reação tardia ou ineficiente do condutor;Colisão lateral mesmo sentido;Com Vítimas Feridas;Pleno dia;Crescente;Céu Claro;Dupla;"Viaduto;Reta";Sim;2;0;1;0;1;0;1;2;-8,05074296;-34,94580619;SPRF-PE;DEL01-PE;UOP01-DEL01-PE
585578;06/03/2024;quarta-feira;12:00:00;PI;343;96,9;CARAUBAS DO PIAUI;Transitar no Acostamento;Colisão com objeto;Sem Vítimas;Pleno dia;Decrescente;Nublado;Simples;Reta;Não;1;0;0;0;0;1;0;1;-3,538525;-41,712799;SPRF-PI;DEL05-PI;UOP01-DEL05-PI
585580;07/03/2024;quinta-feira;06:40:00;RJ;116;190;NOVA IGUACU;Transitar na contramão;Atropelamento de Pedestre;Com Vítimas Feridas;Pleno dia;Crescente;Céu Claro;Múltipla;Reta;Sim;2;0;1;1;0;0;2;2;-22,74123776;-43,5007311;SPRF-RJ;DEL06-RJ;UOP01-DEL06-RJ
585583;06/03/2024;quarta-feira;13:20:00;RJ;465;21;SEROPEDICA;Transitar no Acostamento;Colisão transversal;Com Vítimas Feridas;Pleno dia;Crescente;Céu Claro;Simples;Reta;Não;2;0;1;0;1;0;1;2;-22,854782;-43,601933;SPRF-RJ;DEL06-RJ;UOP02-DEL06-RJ
585584;03/01/2024;quarta-feira;16:00:00;PR;277;483,5;NOVA LARANJEIRAS;Velocidade Incompatível;Saída de leito carroçável;Com Vítimas Feridas;Pleno dia;Crescente;Céu Claro;Simples;Curva;Não;2;0;0;1;1;0;1;1;-25,2622462;-52,6238801;SPRF-PR;DEL04-PR;UOP02-DEL04-PR
585586;07/03/2024;quinta-feira;07:15:00;RS;386;361,7;ESTRELA;Reação tardia ou ineficiente do condutor;Colisão traseira;Com Vítimas Feridas;Pleno dia;Decrescente;Sol;Dupla;"Declive;Reta";Não;6;0;4;0;2;0;4;3;-29,552738;-51,900085;SPRF-RS;DEL04-RS;UOP01-DEL04-RS
585587;07/03/2024;quinta-feira;07:20:00;RS;386;248,3;SOLEDADE;Acessar a via sem observar a presença dos outros veículos;Colisão transversal;Com Vítimas Feridas;Pleno dia;Decrescente;Céu Claro;Simples;"Retorno Regulamentado;Rotatória";Sim;7;0;3;0;4;0;3;2;-28,81940955;-52,48235464;SPRF-RS;DEL04-RS;UOP03-DEL04-RS
585588;07/03/2024;quinta-feira;08:00:00;SP;116;387;MIRACATU;Chuva;Saída de leito carroçável;Com Vítimas Feridas;Pleno dia;Crescente;Nublado;Dupla;Reta;Não;1;0;1;0;0;0;1;1;-24,26558971;-47,38858809;SPRF-SP;DEL04-SP;UOP02-DEL04-SP
585589;25/01/2024;quinta-feira;17:50:00;BA;101;162;CONCEICAO DO JACUIPE;Reação tardia ou ineficiente do condutor;Capotamento;Com Vítimas Feridas;Plena Noite;Decrescente;Ignorado;Dupla;Reta;Sim;2;0;2;0;0;0;2;1;-12,35551436;-38,782478;SPRF-BA;DEL01-BA;UOP03-DEL01-BA
585591;29/02/2024;quinta-feira;02:04:00;SP;262;321,7;CASTILHO;Animais na Pista;Colisão traseira;Com Vítimas Feridas;Plena Noite;Decrescente;Céu Claro;Dupla;Curva;Não;2;0;0;1;0;1;1;2;-20,78935176;-51,61112808;SPRF-MS;DEL07-MS;UOP01-DEL07-MS
585592;07/03/2024;quinta-feira;07:35:00;RS;392;24,5;RIO GRANDE;Objeto estático sobre o leito carroçável;Queda de ocupante de veículo;Com Vítimas Feridas;Pleno dia;Decrescente;Céu Claro;Dupla;Reta;Não;1;0;1;0;0;0;1;1;-32,0858159;-52,23789595;SPRF-RS;DEL07-RS;UOP02-DEL07-RS
585593;06/03/2024;quarta-feira;20:15:00;RJ;116;178;BELFORD ROXO;Avarias e/ou desgaste excessivo no pneu;Tombamento;Com Vítimas Feridas;Plena Noite;Crescente;Céu Claro;Dupla;Reta;Sim;1;0;1;0;0;0;1;1;-22,77496393;-43,40081465;SPRF-RJ;DEL06-RJ;UOP01-DEL06-RJ
585595;05/03/2024;terça-feira;11:45:00;PE;407;122,9;PETROLINA;Ausência de reação do condutor;Colisão traseira;Com Vítimas Feridas;Pleno dia;Crescente;Nublado;Simples;"Em Obras;Reta";Sim;3;0;1;0;2;0;1;2;-9,35368726;-40,55051642;SPRF-PE;DEL06-PE;UOP01-DEL06-PE
585596;07/03/2024;quinta-feira;08:13:00;SC;470;76;INDAIAL;Conversão proibida;Colisão transversal;Com Vítimas Feridas;Pleno dia;Decrescente;Nublado;Simples;"Curva;Em Obras";Não;4;0;1;1;2;0;2;2;-26,924833;-49,284004;SPRF-SC;DEL04-SC;UOP01-DEL04-SC
585597;07/03/2024;quinta-feira;08:30:00;PI;343;282;ALTOS;Transitar na contramão;Colisão transversal;Com Vítimas Feridas;Pleno dia;Decrescente;Céu Claro;Simples;Reta;Não;4;0;1;0;3;0;1;2;-4,940879;-42,326392;SPRF-PI;DEL01-PI;UOP03-DEL01-PI
585598;07/03/2024;quinta-feira;06:46:00;MT;163;674;LUCAS DO RIO VERDE;Ultrapassagem Indevida;Colisão frontal;Com Vítimas Fatais;Pleno dia;Decrescente;Sol;Simples;Reta;Não;4;1;1;2;0;0;3;2;-13,29032613;-56,03348571;SPRF-MT;DEL06-MT;UOP01-DEL06-MT
585599;07/03/2024;quinta-feira;08:30:00;SC;101;121;ITAJAI;Reação tardia ou ineficiente do condutor;Colisão traseira;Com Vítimas Feridas;Pleno dia;Crescente;Nublado;Dupla;Viaduto;Sim;2;0;1;0;1;0;1;2;-26,92103178;-48,70856446;SPRF-SC;DEL04-SC;UOP04-DEL04-SC
585605;07/03/2024;quinta-feira;07:30:00;SC;280;154;MAFRA;Condutor deixou de manter distância do veículo da frente;Colisão traseira;Sem Vítimas;Pleno dia;Decrescente;Nublado;Simples;Curva;Não;2;0;0;0;2;0;0;2;-26,21362587;-49,7181449;SPRF-SC;DEL06-SC;UOP03-DEL06-SC
585608;07/03/2024;quinta-feira;08:15:00;RJ;356;185;SAO JOAO DA BARRA;Condutor deixou de manter distância do veículo da frente;Engavetamento;Com Vítimas Feridas;Pleno dia;Decrescente;Céu Claro;Simples;Reta;Sim;3;0;1;0;2;0;1;3;-21,63133405;-41,03952199;SPRF-RJ;DEL08-RJ;UOP02-DEL08-RJ
585609;07/03/2024;quinta-feira;08:00:00;RS;153;381,9;NOVO CABRAIS;Acessar a via sem observar a presença dos outros veículos;Colisão frontal;Com Vítimas Feridas;Pleno dia;Decrescente;Céu Claro;Simples;"Declive;Reta";Não;3;0;2;0;0;1;2;2;-29,83175395;-52,96911346;SPRF-RS;DEL02-RS;UOP03-DEL02-RS
585611;07/03/2024;quinta-feira;08:30:00;SC;101;86;BARRA VELHA;Acessar a via sem observar a presença dos outros veículos;Colisão frontal;Com Vítimas Feridas;Pleno dia;Decrescente;Nublado;Simples;Viaduto;Não;2;0;1;0;1;0;1;2;-26,63277317;-48,70232513;SPRF-SC;DEL03-SC;UOP02-DEL03-SC
585613;07/03/2024;quinta-feira;10:00:00;RJ;116;184;NOVA IGUACU;Manobra de mudança de faixa;Colisão lateral mesmo sentido;Com Vítimas Feridas;Pleno dia;Crescente;Céu Claro;Dupla;Curva;Sim;2;0;1;0;1;0;1;2;-22,74647215;-43,44594311;SPRF-RJ;DEL06-RJ;UOP01-DEL06-RJ
585615;29/02/2024;quinta-feira;21:57:00;SC;101;252,8;PAULO LOPES;Reação tardia ou ineficiente do condutor;Colisão frontal;Com Vítimas Feridas;Plena Noite;Crescente;Nublado;Múltipla;Reta;Sim;6;0;4;1;1;0;5;3;-27,96488448;-48,67937708;SPRF-SC;DEL02-SC;UOP03-DEL02-SC
585616;07/03/2024;quinta-feira;09:45:00;MS;158;159,1;APARECIDA DO TABOADO;Demais falhas mecânicas ou elétricas;Incêndio;Sem Vítimas;Pleno dia;Decrescente;Céu Claro;Simples;Reta;Não;3;0;0;0;3;0;0;1;-20,16982117;-51,21021961;SPRF-MS;DEL08-MS;UOP01-DEL08-MS
585617;07/03/2024;quinta-feira;10:00:00;PI;343;343,2;TERESINA;Desrespeitar a preferência no cruzamento;Colisão transversal;Com Vítimas Feridas;Pleno dia;Decrescente;Céu Claro;Múltipla;"Rotatória;Viaduto;Interseção de Vias";Sim;2;0;0;1;1;0;1;2;-5,0904635;-42,76048064;SPRF-PI;DEL01-PI;UOP01-DEL01-PI
585621;07/03/2024;quinta-feira;10:30:00;MG;40;512;RIBEIRAO DAS NEVES;Trafegar com motocicleta (ou similar) entre as faixas;Tombamento;Com Vítimas Feridas;Pleno dia;Crescente;Céu Claro;Dupla;"Reta;Aclive";Não;2;0;0;1;0;1;1;2;-19,78946999;-44,11290699;SPRF-MG;DEL01-MG;UOP02-DEL01-MG
585622;07/03/2024;quinta-feira;10:20:00;RJ;116;170;RIO DE JANEIRO;Reação tardia ou ineficiente do condutor;Colisão lateral mesmo sentido;Com Vítimas Feridas;Pleno dia;Decrescente;Céu Claro;Múltipla;Reta;Não;2;0;1;0;1;0;1;2;-22,81113183;-43,3336729;SPRF-RJ;DEL06-RJ;UOP01-DEL06-RJ
585623;07/03/2024;quinta-feira;09:00:00;RJ;101;574;PARATY;Condutor deixou de manter distância do veículo da frente;Colisão traseira;Com Vítimas Feridas;Pleno dia;Decrescente;Garoa/Chuvisco;Simples;Reta;Não;4;0;1;0;3;0;1;3;-23,21106418;-44,73373262;SPRF-RJ;DEL03-RJ;UOP04-DEL03-RJ
585625;05/02/2024;segunda-feira;07:30:00;PB;101;76;SANTA RITA;Ausência de reação do condutor;Saída de leito carroçável;Com Vítimas Feridas;Pleno dia;Crescente;Céu Claro;Dupla;"Declive;Reta";Não;1;0;0;1;0;0;1;1;-7,09085711;-34,96857932;SPRF-PB;DEL01-PB;UOP04-DEL01-PB
585627;07/03/2024;quinta-feira;07:10:00;RJ;101;488;ANGRA DOS REIS;Conversão proibida;Colisão traseira;Com Vítimas Feridas;Pleno dia;Decrescente;Nublado;Simples;Reta;Sim;3;0;1;1;1;0;2;2;-22,95677315;-44,30073738;SPRF-RJ;DEL03-RJ;UOP03-DEL03-RJ
585631;07/03/2024;quinta-feira;11:45:00;MG;262;440,8;NOVA SERRANA;Manobra de mudança de faixa;Colisão lateral mesmo sentido;Com Vítimas Feridas;Pleno dia;Decrescente;Céu Claro;Dupla;"Declive;Reta";Não;2;0;0;1;1;0;1;2;-19,87363169;-44,95947719;SPRF-MG;DEL08-MG;UOP03-DEL08-MG
585633;07/03/2024;quinta-feira;11:30:00;MS;60;420,5;SIDROLANDIA;Condutor deixou de manter distância do veículo da frente;Colisão traseira;Com Vítimas Feridas;Pleno dia;Crescente;Céu Claro;Simples;Reta;Não;2;0;1;0;1;0;1;2;-20,90053615;-54,92368799;SPRF-MS;DEL01-MS;UOP04-DEL01-MS
585635;07/03/2024;quinta-feira;10:50:00;MG;381;485;BETIM;Condutor deixou de manter distância do veículo da frente;Colisão traseira;Sem Vítimas;Pleno dia;Crescente;Céu Claro;Múltipla;Declive;Sim;2;0;0;0;2;0;0;2;-19,95659361;-44,12622893;SPRF-MG;DEL01-MG;UOP03-DEL01-MG
585637;07/03/2024;quinta-feira;10:00:00;RJ;40;71;PETROPOLIS;Pista Escorregadia;Tombamento;Com Vítimas Feridas;Pleno dia;Crescente;Chuva;Dupla;Retorno Regulamentado;Não;2;0;2;0;0;0;2;1;-22,45304974;-43,20832411;SPRF-RJ;DEL01-RJ;UOP01-DEL01-RJ
585639;07/03/2024;quinta-feira;12:00:00;RJ;40;51;PETROPOLIS;Velocidade Incompatível;Saída de leito carroçável;Com Vítimas Feridas;Pleno dia;Crescente;Chuva;Dupla;Reta;Sim;1;0;1;0;0;0;1;1;-22,32705315;-43,13253559;SPRF-RJ;DEL05-RJ;UOP02-DEL05-RJ
585641;07/03/2024;quinta-feira;11:40:00;RO;319;63;PORTO VELHO;Manobra de mudança de faixa;Colisão lateral mesmo sentido;Sem Vítimas;Pleno dia;Crescente;Céu Claro;Dupla;"Reta;Interseção de Vias";Sim;2;0;0;0;2;0;0;2;-8,75877857;-63,88612568;SPRF-RO;DEL01-RO;UOP01-DEL01-RO
585643;07/03/2024;quinta-feira;13:27:00;SP;116;218,7;GUARULHOS;Ausência de reação do condutor;Capotamento;Com Vítimas Feridas;Pleno dia;Decrescente;Nublado;Múltipla;Reta;Sim;4;0;3;0;1;0;3;1;-23,457972;-46,479927;SPRF-SP;DEL01-SP;UOP01-DEL01-SP
585644;07/03/2024;quinta-feira;12:20:00;PE;101;68;RECIFE;Ultrapassagem Indevida;Colisão lateral mesmo sentido;Com Vítimas Feridas;Pleno dia;Decrescente;Sol;Dupla;Reta;Sim;2;0;1;0;1;0;1;2;-8,05074296;-34,94580619;SPRF-PE;DEL01-PE;UOP01-DEL01-PE
585645;21/02/2024;quarta-feira;14:10:00;RS;290;39;SANTO ANTONIO DA PATRULHA;Manobra de mudança de faixa;Colisão lateral mesmo sentido;Com Vítimas Feridas;Pleno dia;Decrescente;Céu Claro;Dupla;Reta;Não;2;0;1;0;1;0;1;2;-29,88664379;-50,65263748;SPRF-RS;DEL03-RS;UOP01-DEL03-RS
585646;07/03/2024;quinta-feira;12:38:00;BA;116;440,7;FEIRA DE SANTANA;Velocidade Incompatível;Colisão com objeto;Com Vítimas Feridas;Pleno dia;Crescente;Céu Claro;Dupla;"Curva;Declive";Não;2;0;1;1;0;0;2;1;-12,32646656;-39,05847632;SPRF-BA;DEL02-BA;UOP01-DEL02-BA
585647;21/02/2024;quarta-feira;17:40:00;PI;NA;NA;PAULISTANA;Demais falhas mecânicas ou elétricas;Eventos atípicos;Sem Vítimas;Anoitecer;Não Informado;Chuva;Simples;Reta;Não;2;0;0;0;2;0;0;1;-8;-41;SPRF-PI;DEL04-PI;UOP01-DEL04-PI
585648;07/03/2024;quinta-feira;12:20:00;PI;316;11;TERESINA;Desrespeitar a preferência no cruzamento;Colisão transversal;Sem Vítimas;Pleno dia;Crescente;Sol;Múltipla;"Viaduto;Rotatória;Reta";Sim;2;0;0;0;2;0;0;2;-5,191739;-42,76076102;SPRF-PI;DEL01-PI;UOP02-DEL01-PI
585649;07/03/2024;quinta-feira;14:05:00;SC;101;205;SAO JOSE;Acessar a via sem observar a presença dos outros veículos;Colisão transversal;Com Vítimas Feridas;Pleno dia;Decrescente;Nublado;Múltipla;Reta;Sim;2;0;1;0;1;0;1;2;-27,58313237;-48,61532885;SPRF-SC;DEL01-SC;UOP01-DEL01-SC
585651;07/03/2024;quinta-feira;13:00:00;BA;324;355;CAPIM GROSSO;Condutor deixou de manter distância do veículo da frente;Colisão traseira;Sem Vítimas;Pleno dia;Crescente;Céu Claro;Simples;Reta;Não;2;0;0;0;2;0;0;2;-11,37365967;-40,00722582;SPRF-BA;DEL04-BA;UOP02-DEL04-BA
585652;28/02/2024;quarta-feira;10:00:00;RJ;101;317;SAO GONCALO;Demais falhas mecânicas ou elétricas;Incêndio;Com Vítimas Feridas;Pleno dia;Crescente;Céu Claro;Dupla;Reta;Sim;1;0;1;0;0;0;1;1;-22,83707798;-43,09492006;SPRF-RJ;DEL02-RJ;UOP02-DEL02-RJ
585653;29/02/2024;quinta-feira;18:15:00;CE;116;16;FORTALEZA;Avarias e/ou desgaste excessivo no pneu;Queda de ocupante de veículo;Com Vítimas Feridas;Plena Noite;Decrescente;Céu Claro;Dupla;Reta;Sim;2;0;2;0;0;0;2;1;-3,88732794;-38,50185439;SPRF-CE;DEL01-CE;UOP02-DEL01-CE
585655;07/03/2024;quinta-feira;07:40:00;MG;381;229,6;BELO ORIENTE;Velocidade Incompatível;Tombamento;Sem Vítimas;Pleno dia;Crescente;Ignorado;Dupla;"Retorno Regulamentado;Reta";Não;1;0;0;0;0;1;0;1;-19,35211898;-42,43413106;SPRF-MG;DEL06-MG;UOP01-DEL06-MG
585656;07/03/2024;quinta-feira;14:00:00;PE;104;29;TORITAMA;Ultrapassagem Indevida;Colisão transversal;Com Vítimas Feridas;Pleno dia;Decrescente;Sol;Simples;Reta;Sim;3;0;2;0;1;0;2;2;-8,0078;-36,0621;SPRF-PE;DEL02-PE;UOP01-DEL02-PE
585658;07/03/2024;quinta-feira;15:15:00;SE;101;81,7;LARANJEIRAS;Mal súbito do condutor;Tombamento;Com Vítimas Feridas;Pleno dia;Crescente;Sol;Dupla;Reta;Não;1;0;0;1;0;0;1;1;-10,80904288;-37,14002862;SPRF-SE;DEL01-SE;UOP01-DEL01-SE
585659;01/02/2024;quinta-feira;03:30:00;RJ;101;309;SAO GONCALO;Demais falhas mecânicas ou elétricas;Incêndio;Com Vítimas Feridas;Plena Noite;Decrescente;Ignorado;Dupla;Reta;Não;1;0;1;0;0;0;1;1;-22,79498873;-43,03446105;SPRF-RJ;DEL02-RJ;UOP02-DEL02-RJ
585660;07/03/2024;quinta-feira;10:30:00;PA;230;94;SAO JOAO DO ARAGUAIA;Ausência de reação do condutor;Colisão traseira;Com Vítimas Feridas;Pleno dia;Decrescente;Céu Claro;Simples;Reta;Não;3;0;1;0;1;1;1;3;-5,44399464;-48,91070283;SPRF-PA;DEL03-PA;UOP01-DEL03-PA
585661;07/03/2024;quinta-feira;13:10:00;SC;282;564,7;PONTE SERRADA;Transitar na contramão;Colisão lateral sentido oposto;Com Vítimas Feridas;Pleno dia;Decrescente;Chuva;Simples;"Aclive;Curva";Não;2;0;2;0;0;0;2;2;-26,8577534;-52,04927353;SPRF-SC;DEL07-SC;UOP02-DEL07-SC
585669;07/03/2024;quinta-feira;15:35:00;PE;424;84;GARANHUNS;Ausência de reação do condutor;Saída de leito carroçável;Com Vítimas Feridas;Pleno dia;Decrescente;Céu Claro;Simples;Curva;Sim;1;0;0;1;0;0;1;1;-8,84941934;-36,51641817;SPRF-PE;DEL03-PE;UOP01-DEL03-PE
585672;07/03/2024;quinta-feira;15:59:00;PR;163;291;MARECHAL CANDIDO RONDON;Pista Escorregadia;Queda de ocupante de veículo;Com Vítimas Feridas;Pleno dia;Crescente;Sol;Dupla;Rotatória;Não;1;0;1;0;0;0;1;1;-24,526948;-54,053809;SPRF-PR;DEL06-PR;UOP02-DEL06-PR
585674;07/03/2024;quinta-feira;16:43:00;SP;153;41,4;ONDA VERDE;Avarias e/ou desgaste excessivo no pneu;Saída de leito carroçável;Com Vítimas Feridas;Pleno dia;Decrescente;Chuva;Simples;"Reta;Declive";Não;1;0;1;0;0;0;1;1;-20,62848304;-49,33623886;SPRF-SP;DEL09-SP;UOP01-DEL09-SP
585676;07/03/2024;quinta-feira;17:00:00;RS;116;133,1;CAXIAS DO SUL;Reação tardia ou ineficiente do condutor;Colisão frontal;Com Vítimas Feridas;Pleno dia;Crescente;Céu Claro;Simples;Curva;Não;21;0;0;1;19;1;1;4;-29,05590302;-51,09689605;SPRF-RS;DEL05-RS;UOP01-DEL05-RS
585678;07/03/2024;quinta-feira;17:40:00;RS;386;348,7;LAJEADO;Acessar a via sem observar a presença dos outros veículos;Colisão transversal;Com Vítimas Feridas;Pleno dia;Decrescente;Céu Claro;Dupla;"Interseção de Vias;Reta";Sim;2;0;1;1;0;0;2;2;-29,46368217;-51,95536494;SPRF-RS;DEL04-RS;UOP01-DEL04-RS
585683;07/03/2024;quinta-feira;17:35:00;RS;285;120,3;VACARIA;Trafegar com motocicleta (ou similar) entre as faixas;Atropelamento de Pedestre;Com Vítimas Feridas;Pleno dia;Decrescente;Céu Claro;Simples;Reta;Sim;2;0;2;0;0;0;2;2;-28,506767;-50,926594;SPRF-RS;DEL05-RS;UOP03-DEL05-RS
585684;14/01/2024;domingo;23:45:00;RJ;101;477;ANGRA DOS REIS;Acessar a via sem observar a presença dos outros veículos;Colisão transversal;Com Vítimas Feridas;Plena Noite;Decrescente;Céu Claro;Simples;Interseção de Vias;Sim;3;0;3;0;0;0;3;2;-22,99820396;-44,26554599;SPRF-RJ;DEL03-RJ;UOP03-DEL03-RJ
585685;07/03/2024;quinta-feira;17:20:00;SC;282;2;FLORIANOPOLIS;Trafegar com motocicleta (ou similar) entre as faixas;Colisão traseira;Com Vítimas Feridas;Pleno dia;Crescente;Céu Claro;Dupla;Reta;Sim;2;0;1;0;1;0;1;2;-27,603289;-48,590416;SPRF-SC;DEL01-SC;UOP01-DEL01-SC
585686;07/03/2024;quinta-feira;16:40:00;SC;101;92,1;BARRA VELHA;Demais falhas mecânicas ou elétricas;Tombamento;Com Vítimas Feridas;Pleno dia;Decrescente;Nublado;Dupla;Reta;Sim;2;0;2;0;0;0;2;1;-26,6806041;-48,6931497;SPRF-SC;DEL03-SC;UOP02-DEL03-SC
585687;12/02/2024;segunda-feira;12:20:00;SC;470;62;INDAIAL;Acessar a via sem observar a presença dos outros veículos;Colisão transversal;Com Vítimas Feridas;Pleno dia;Decrescente;Céu Claro;Simples;Reta;Não;3;0;2;0;1;0;2;2;-26,87448778;-49,18597341;SPRF-SC;DEL04-SC;UOP01-DEL04-SC
585690;07/03/2024;quinta-feira;17:15:00;SC;101;330;TUBARAO;Demais falhas mecânicas ou elétricas;Colisão traseira;Com Vítimas Feridas;Pleno dia;Decrescente;Céu Claro;Dupla;Reta;Não;2;0;1;0;1;0;1;2;-28,45115639;-48,97286879;SPRF-SC;DEL02-SC;UOP01-DEL02-SC
585691;07/03/2024;quinta-feira;17:20:00;DF;70;11,2;BRASILIA;Pedestre cruzava a pista fora da faixa;Atropelamento de Pedestre;Com Vítimas Feridas;Pleno dia;Decrescente;Céu Claro;Dupla;Reta;Sim;2;0;1;1;0;0;2;2;-15,789762;-48,148727;SPRF-DF;DEL03-DF;UOP02-DEL03-DF
585694;07/03/2024;quinta-feira;18:20:00;PR;476;152,1;ARAUCARIA;Velocidade Incompatível;Colisão traseira;Com Vítimas Feridas;Pleno dia;Decrescente;Céu Claro;Dupla;Reta;Sim;4;0;1;1;2;0;2;3;-25,56966896;-49,38388824;SPRF-PR;DEL01-PR;UOP06-DEL01-PR
585695;07/03/2024;quinta-feira;18:45:00;SC;101;210,1;SAO JOSE;Trafegar com motocicleta (ou similar) entre as faixas;Colisão traseira;Com Vítimas Feridas;Plena Noite;Decrescente;Nublado;Múltipla;Reta;Sim;3;0;2;0;1;0;2;2;-27,6167305;-48,6457265;SPRF-SC;DEL01-SC;UOP01-DEL01-SC
585696;07/03/2024;quinta-feira;18:40:00;PB;101;89;JOAO PESSOA;Acumulo de areia ou detritos sobre o pavimento;Tombamento;Com Vítimas Feridas;Plena Noite;Crescente;Nublado;Dupla;"Em Obras;Retorno Regulamentado";Sim;1;0;1;0;0;0;1;1;-7,1710694;-34,89765372;SPRF-PB;DEL01-PB;UOP02-DEL01-PB