id;data_inversa;dia_semana;horario;uf;br;km;municipio;causa_acidente;tipo_acidente;classificacao_acidente;fase_dia;sentido_via;condicao_metereologica;tipo_pista;tracado_via;uso_solo;pessoas;mortos;feridos_leves;feridos_graves;ilesos;ignorados;feridos;veiculos;latitude;longitude;regional;delegacia;uop
585697;07/03/2024;quinta-feira;17:00:00;PE;407;129;PETROLINA;Acumulo de areia ou detritos sobre o pavimento;Queda de ocupante de veículo;Com Vítimas Feridas;Anoitecer;Crescente;Céu Claro;Dupla;Rotatória;Não;1;0;1;0;0;0;1;1;-9,39885116;-40,50523996;SPRF-PE;DEL06-PE;UOP01-DEL06-PE
585700;07/03/2024;quinta-feira;19:10:00;PA;230;115;MARABA;Ausência de reação do condutor;Colisão traseira;Com Vítimas Feridas;Plena Noite;Crescente;Céu Claro;Dupla;"Reta;Declive";Sim;2;0;0;1;1;0;1;2;-5,36241425;-49,07496007;SPRF-PA;DEL03-PA;UOP01-DEL03-PA
585701;07/03/2024;quinta-feira;18:40:00;TO;10;459;PALMAS;Ausência de reação do condutor;Queda de ocupante de veículo;Com Vítimas Feridas;Plena Noite;Crescente;Céu Claro;Dupla;"Aclive;Reta";Não;2;0;1;1;0;0;2;1;-10,271446;-48,305382;SPRF-TO;DEL01-TO;UOP03-DEL01-TO
585702;07/03/2024;quinta-feira;16:10:00;RJ;101;247;SILVA JARDIM;Chuva;Saída de leito carroçável;Com Vítimas Feridas;Pleno dia;Decrescente;Chuva;Dupla;Curva;Sim;2;0;1;0;1;0;1;1;-22,65885276;-42,49422728;SPRF-RJ;DEL02-RJ;UOP03-DEL02-RJ
585703;24/02/2024;sábado;12:48:00;AC;364;122;RIO BRANCO;Acessar a via sem observar a presença dos outros veículos;Colisão transversal;Com Vítimas Feridas;Pleno dia;Crescente;Nublado;Dupla;Rotatória;Sim;2;0;1;0;1;0;1;2;-10,01188291;-67,773345;SPRF-AC;DEL01-AC;UOP01-DEL01-AC
585704;07/03/2024;quinta-feira;18:18:00;SC;116;180;SAO CRISTOVAO DO SUL;Acessar a via sem observar a presença dos outros veículos;Colisão transversal;Com Vítimas Feridas;Anoitecer;Crescente;Garoa/Chuvisco;Simples;Reta;Sim;2;0;1;0;1;0;1;2;-27,27041426;-50,44097161;SPRF-SC;DEL05-SC;UOP03-DEL05-SC
585705;07/03/2024;quinta-feira;18:20:00;PR;277;359;GUARAPUAVA;Acessar a via sem observar a presença dos outros veículos;Colisão transversal;Sem Vítimas;Anoitecer;Decrescente;Chuva;Simples;Reta;Não;2;0;0;0;2;0;0;2;-25,39994261;-51,53936821;SPRF-PR;DEL08-PR;UOP01-DEL08-PR
585706;07/03/2024;quinta-feira;19:13:00;ES;101;264;SERRA;Transitar na contramão;Colisão frontal;Com Vítimas Feridas;Plena Noite;Crescente;Nublado;Dupla;Curva;Sim;5;0;2;2;1;0;4;3;-20,17292791;-40,26736384;SPRF-ES;DEL02-ES;UOP01-DEL02-ES
585707;07/03/2024;quinta-feira;18:45:00;BA;101;753;ITABELA;Entrada inopinada do pedestre;Atropelamento de Pedestre;Com Vítimas Feridas;Plena Noite;Crescente;Nublado;Simples;Reta;Não;2;0;0;1;1;0;1;2;-16,7842129;-39,47493222;SPRF-BA;DEL09-BA;UOP01-DEL09-BA
585708;07/03/2024;quinta-feira;18:00:00;SC;280;116;SAO BENTO DO SUL;Acessar a via sem observar a presença dos outros veículos;Colisão transversal;Com Vítimas Feridas;Anoitecer;Decrescente;Céu Claro;Simples;Interseção de Vias;Não;2;0;2;0;0;0;2;2;-26,2808956;-49,4169527;SPRF-SC;DEL06-SC;UOP03-DEL06-SC
585709;07/03/2024;quinta-feira;16:40:00;ES;393;24;MUQUI;Reação tardia ou ineficiente do condutor;Saída de leito carroçável;Com Vítimas Feridas;Pleno dia;Crescente;Céu Claro;Simples;Curva;Não;3;0;3;0;0;0;3;1;-20,94743652;-41,33924325;SPRF-ES;DEL03-ES;UOP02-DEL03-ES
585710;07/03/2024;quinta-feira;19:15:00;PE;101;70;RECIFE;Área urbana sem a presença de local apropriado para a travessia de pedestres;Atropelamento de Pedestre;Com Vítimas Feridas;Plena Noite;Decrescente;Céu Claro;Dupla;Reta;Sim;2;0;0;2;0;0;2;2;-8,0702454;-34,9397099;SPRF-PE;DEL01-PE;UOP01-DEL01-PE
585711;07/03/2024;quinta-feira;17:20:00;SP;116;48,2;CANAS;Avarias e/ou desgaste excessivo no pneu;Colisão traseira;Com Vítimas Feridas;Pleno dia;Decrescente;Chuva;Dupla;Reta;Não;2;0;1;0;1;0;1;2;-22,72498915;-45,06884189;SPRF-SP;DEL08-SP;UOP02-DEL08-SP
585713;07/03/2024;quinta-feira;19:40:00;PR;116;115;CURITIBA;Reação tardia ou ineficiente do condutor;Engavetamento;Sem Vítimas;Plena Noite;Decrescente;Nublado;Dupla;Reta;Sim;3;0;0;0;3;0;0;3;-25,54987568;-49,30423737;SPRF-PR;DEL01-PR;UOP07-DEL01-PR
585714;07/03/2024;quinta-feira;19:45:00;PR;116;115;CURITIBA;Reação tardia ou ineficiente do condutor;Tombamento;Com Vítimas Feridas;Pleno dia;Decrescente;Céu Claro;Múltipla;Reta;Sim;1;0;1;0;0;0;1;1;-25,545694;-49,3035078;SPRF-PR;DEL01-PR;UOP07-DEL01-PR
585715;07/03/2024;quinta-feira;17:50:00;RO;364;424,3;JARU;Reação tardia ou ineficiente do condutor;Tombamento;Com Vítimas Feridas;Pleno dia;Crescente;Nublado;Simples;Reta;Sim;2;0;1;0;0;1;1;2;-10,44457274;-62,46568412;SPRF-RO;DEL03-RO;UOP02-DEL03-RO
585716;07/03/2024;quinta-feira;18:00:00;PR;116;201,7;RIO NEGRO;Transitar na contramão;Colisão frontal;Com Vítimas Feridas;Amanhecer;Decrescente;Nublado;Simples;"Curva;Declive";Não;3;0;0;3;0;0;3;2;-26,05967435;-49,72967863;SPRF-SC;DEL06-SC;UOP01-DEL06-SC
585718;26/01/2024;sexta-feira;01:00:00;SC;101;189;BIGUACU;Ingestão de álcool pelo condutor;Colisão com objeto;Com Vítimas Feridas;Plena Noite;Decrescente;Garoa/Chuvisco;Dupla;Curva;Não;3;0;1;0;2;0;1;2;-27,459393;-48,638914;SPRF-SC;DEL01-SC;UOP01-DEL01-SC
585720;07/03/2024;quinta-feira;18:15:00;RS;285;202;LAGOA VERMELHA;Transitar na contramão;Colisão frontal;Com Vítimas Feridas;Anoitecer;Decrescente;Chuva;Dupla;Curva;Não;4;0;3;1;0;0;4;2;-28,211273;-51,546356;SPRF-RS;DEL08-RS;UOP05-DEL08-RS
585721;07/03/2024;quinta-feira;20:20:00;PR;376;596,5;CURITIBA;Transitar no Acostamento;Colisão traseira;Com Vítimas Feridas;Plena Noite;Crescente;Céu Claro;Dupla;Reta;Sim;2;0;1;0;1;0;1;2;-25,50540591;-49,340837;SPRF-PR;DEL01-PR;UOP06-DEL01-PR
585726;07/03/2024;quinta-feira;19:45:00;SC;101;358;SANGAO;Transitar na contramão;Saída de leito carroçável;Com Vítimas Feridas;Plena Noite;Decrescente;Ignorado;Dupla;Reta;Sim;1;0;1;0;0;0;1;1;-28,648278;-49,103548;SPRF-SC;DEL02-SC;UOP01-DEL02-SC
585727;07/03/2024;quinta-feira;19:30:00;BA;116;550;MILAGRES;Animais na Pista;Atropelamento de Animal;Com Vítimas Feridas;Plena Noite;Crescente;Céu Claro;Simples;Reta;Não;1;0;1;0;0;0;1;1;-12,86744895;-39,85551617;SPRF-BA;DEL03-BA;UOP02-DEL03-BA
585728;07/03/2024;quinta-feira;20:50:00;RJ;40;119;DUQUE DE CAXIAS;Pista Escorregadia;Tombamento;Com Vítimas Feridas;Plena Noite;Crescente;Céu Claro;Dupla;"Aclive;Curva;Retorno Regulamentado";Sim;2;0;1;0;1;0;1;1;-22,76375592;-43,28683062;SPRF-RJ;DEL01-RJ;UOP02-DEL01-RJ
585734;07/03/2024;quinta-feira;07:20:00;BA;116;862;VITORIA DA CONQUISTA;Acostamento em desnível;Saída de leito carroçável;Com Vítimas Feridas;Amanhecer;Decrescente;Céu Claro;Simples;Reta;Não;32;0;8;0;1;23;8;1;-15,06993464;-41,00109327;SPRF-BA;DEL08-BA;UOP01-DEL08-BA
585735;07/03/2024;quinta-feira;18:56:00;MT;163;684;LUCAS DO RIO VERDE;Reação tardia ou ineficiente do condutor;Saída de leito carroçável;Com Vítimas Feridas;Plena Noite;Crescente;Céu Claro;Simples;Reta;Não;2;0;1;0;0;1;1;2;-13,20814904;-55,99714391;SPRF-MT;DEL06-MT;UOP01-DEL06-MT
585737;07/03/2024;quinta-feira;20:55:00;PR;373;472;CORONEL VIVIDA;Conversão proibida;Colisão frontal;Com Vítimas Feridas;Plena Noite;Crescente;Chuva;Simples;Reta;Não;3;0;2;0;0;1;2;2;-25,96229725;-52,50990897;SPRF-PR;DEL02-PR;UOP01-DEL02-PR
585739;07/03/2024;quinta-feira;21:55:00;RS;386;126,2;SARANDI;Ingestão de álcool pelo condutor;Saída de leito carroçável;Sem Vítimas;Plena Noite;Crescente;Céu Claro;Simples;"Aclive;Reta";Não;1;0;0;0;1;0;0;1;-27,912779;-52,968605;SPRF-RS;DEL08-RS;UOP01-DEL08-RS
585741;07/03/2024;quinta-feira;20:40:00;RS;392;55,5;RIO GRANDE;Avarias e/ou desgaste excessivo no pneu;Queda de ocupante de veículo;Com Vítimas Feridas;Plena Noite;Decrescente;Céu Claro;Dupla;Reta;Não;1;0;1;0;0;0;1;1;-31,82930395;-52,32858415;SPRF-RS;DEL07-RS;UOP02-DEL07-RS
585743;07/03/2024;quinta-feira;22:30:00;RJ;101;404;ITAGUAI;Acessar a via sem observar a presença dos outros veículos;Colisão frontal;Sem Vítimas;Plena Noite;Decrescente;Nublado;Dupla;Reta;Sim;3;0;0;0;3;0;0;2;-22,86342703;-43,79642098;SPRF-RJ;DEL03-RJ;UOP01-DEL03-RJ
585745;07/03/2024;quinta-feira;23:00:00;MT;70;4;BARRA DO GARCAS;Acessar a via sem observar a presença dos outros veículos;Colisão transversal;Com Vítimas Feridas;Plena Noite;Decrescente;Céu Claro;Dupla;Reta;Não;3;0;2;0;1;0;2;2;-15,87805811;-52,2943111;SPRF-MT;DEL07-MT;UOP01-DEL07-MT
585746;07/03/2024;quinta-feira;22:30:00;BA;330;795;JEQUIE;Ausência de reação do condutor;Colisão com objeto;Com Vítimas Feridas;Plena Noite;Crescente;Céu Claro;Simples;Reta;Não;1;0;1;0;0;0;1;1;-13,9283457;-39,99910172;SPRF-BA;DEL03-BA;UOP01-DEL03-BA
585748;07/03/2024;quinta-feira;22:05:00;PB;230;125;RIACHAO DO BACAMARTE;Reação tardia ou ineficiente do condutor;Saída de leito carroçável;Com Vítimas Feridas;Plena Noite;Crescente;Nublado;Dupla;Curva;Não;1;0;1;0;0;0;1;1;-7,2498;-35,6827;SPRF-PB;DEL02-PB;UOP01-DEL02-PB
585749;07/03/2024;quinta-feira;20:10:00;PR;277;360,3;GUARAPUAVA;Ultrapassagem Indevida;Colisão lateral sentido oposto;Com Vítimas Feridas;Plena Noite;Decrescente;Chuva;Simples;"Reta;Declive";Não;7;0;1;2;4;0;3;3;-25,41478153;-51,56217701;SPRF-PR;DEL08-PR;UOP01-DEL08-PR
585755;07/03/2024;quinta-feira;23:30:00;SP;116;104,3;TAUBATE;Reação tardia ou ineficiente do condutor;Tombamento;Com Vítimas Fatais;Plena Noite;Decrescente;Garoa/Chuvisco;Dupla;"Reta;Declive";Não;4;1;1;0;2;0;1;3;-23,00340176;-45,50626912;SPRF-SP;DEL02-SP;UOP02-DEL02-SP
585756;07/03/2024;quinta-feira;22:40:00;RJ;465;19;NOVA IGUACU;Ingestão de álcool pelo condutor;Colisão transversal;Com Vítimas Feridas;Plena Noite;Decrescente;Céu Claro;Simples;Reta;Sim;6;0;2;0;4;0;2;2;-22,839184;-43,610451;SPRF-RJ;DEL06-RJ;UOP02-DEL06-RJ
585757;07/03/2024;quinta-feira;23:30:00;RS;290;47,8;GLORINHA;Reação tardia ou ineficiente do condutor;Colisão traseira;Com Vítimas Feridas;Plena Noite;Crescente;Céu Claro;Dupla;Reta;Não;2;0;2;0;0;0;2;2;-29,8986;-50,739178;SPRF-RS;DEL03-RS;UOP01-DEL03-RS
585760;08/03/2024;sexta-feira;00:20:00;SP;116;223;GUARULHOS;Ausência de reação do condutor;Colisão com objeto;Com Vítimas Feridas;Plena Noite;Decrescente;Céu Claro;Múltipla;"Reta;Interseção de Vias";Sim;2;0;1;0;1;0;1;2;-23,47559815;-46,5246609;SPRF-SP;DEL01-SP;UOP01-DEL01-SP
585761;07/03/2024;quinta-feira;22:46:00;PR;277;1;PARANAGUA;Entrada inopinada do pedestre;Atropelamento de Pedestre;Com Vítimas Feridas;Plena Noite;Crescente;Chuva;Simples;Curva;Sim;2;0;1;0;0;1;1;2;-25,51169301;-48,53279114;SPRF-PR;DEL01-PR;UOP05-DEL01-PR
585763;08/03/2024;sexta-feira;01:15:00;CE;116;7;FORTALEZA;Iluminação deficiente;Colisão traseira;Com Vítimas Feridas;Plena Noite;Decrescente;Chuva;Múltipla;Reta;Sim;4;0;1;1;0;2;2;3;-3,81229905;-38,50088295;SPRF-CE;DEL01-CE;UOP02-DEL01-CE
585764;08/03/2024;sexta-feira;01:40:00;TO;242;337;PEIXE;Animais na Pista;Atropelamento de Animal;Com Vítimas Fatais;Plena Noite;Crescente;Nublado;Simples;Reta;Não;1;1;0;0;0;0;0;1;-11,90062324;-48,74427115;SPRF-TO;DEL01-TO;UOP02-DEL01-TO
585765;08/03/2024;sexta-feira;01:20:00;MG;50;13,8;UBERLANDIA;Animais na Pista;Atropelamento de Animal;Com Vítimas Feridas;Plena Noite;Decrescente;Céu Claro;Dupla;Reta;Não;1;0;1;0;0;0;1;1;-18,9113;-48,2622;SPRF-MG;DEL15-MG;UOP01-DEL15-MG
585766;07/03/2024;quinta-feira;17:00:00;PE;407;128,9;PETROLINA;Acumulo de areia ou detritos sobre o pavimento;Tombamento;Com Vítimas Feridas;Pleno dia;Crescente;Céu Claro;Dupla;Rotatória;Sim;1;0;1;0;0;0;1;1;-9,39879949;-40,50524646;SPRF-PE;DEL06-PE;UOP01-DEL06-PE
585767;07/03/2024;quinta-feira;22:20:00;PE;428;188;PETROLINA;Ingestão de álcool pelo condutor;Colisão traseira;Sem Vítimas;Plena Noite;Crescente;Céu Claro;Dupla;Rotatória;Sim;2;0;0;0;2;0;0;2;-9,37500595;-40,48874551;SPRF-PE;DEL06-PE;UOP01-DEL06-PE
585768;08/03/2024;sexta-feira;01:45:00;PR;277;587,5;CASCAVEL;Velocidade Incompatível;Saída de leito carroçável;Sem Vítimas;Plena Noite;Crescente;Nublado;Simples;Reta;Sim;1;0;0;0;1;0;0;1;-24,96941255;-53,42959722;SPRF-PR;DEL04-PR;UOP01-DEL04-PR
585769;07/03/2024;quinta-feira;17:16:00;RO;364;28;VILHENA;Reação tardia ou ineficiente do condutor;Engavetamento;Sem Vítimas;Pleno dia;Decrescente;Céu Claro;Simples;Reta;Não;4;0;0;0;4;0;0;3;-12,71985725;-60,26500924;SPRF-RO;DEL04-RO;UOP01-DEL04-RO
585770;07/03/2024;quinta-feira;23:12:00;MG;116;539,6;SANTA RITA DE MINAS;Ingestão de álcool pelo condutor;Colisão lateral sentido oposto;Sem Vítimas;Plena Noite;Crescente;Céu Claro;Simples;Curva;Não;4;0;0;0;1;3;0;3;-19,88240027;-42,13242591;SPRF-MG;DEL06-MG;UOP02-DEL06-MG
585774;08/03/2024;sexta-feira;05:00:00;SC;101;163;TIJUCAS;Ausência de reação do condutor;Queda de ocupante de veículo;Com Vítimas Feridas;Plena Noite;Decrescente;Garoa/Chuvisco;Dupla;Reta;Não;1;0;1;0;0;0;1;1;-27,23461699;-48,63039809;SPRF-SC;DEL04-SC;UOP03-DEL04-SC
585779;08/03/2024;sexta-feira;06:00:00;ES;101;179;ARACRUZ;Acessar a via sem observar a presença dos outros veículos;Colisão transversal;Com Vítimas Feridas;Amanhecer;Decrescente;Chuva;Simples;Reta;Não;4;0;1;0;3;0;1;2;-19,61640717;-40,21532077;SPRF-ES;DEL04-ES;UOP01-DEL04-ES
585781;08/03/2024;sexta-feira;06:10:00;GO;20;213,9;POSSE;Condutor Dormindo;Colisão frontal;Com Vítimas Feridas;Amanhecer;Decrescente;Céu Claro;Simples;Reta;Sim;3;0;2;1;0;0;3;2;-14,244766;-46,356207;SPRF-DF;DEL02-DF;UOP03-DEL02-DF
585783;08/03/2024;sexta-feira;06:30:00;PB;101;88;JOAO PESSOA;Trafegar com motocicleta (ou similar) entre as faixas;Colisão traseira;Com Vítimas Feridas;Pleno dia;Decrescente;Céu Claro;Dupla;Reta;Sim;3;0;2;0;1;0;2;2;-7,16470016;-34,89993643;SPRF-PB;DEL01-PB;UOP01-DEL01-PB
585784;08/03/2024;sexta-feira;06:10:00;MS;262;464;DOIS IRMAOS DO BURITI;Demais falhas mecânicas ou elétricas;Saída de leito carroçável;Com Vítimas Feridas;Pleno dia;Decrescente;Céu Claro;Simples;Reta;Não;1;0;1;0;0;0;1;1;-20,53455094;-55,57347597;SPRF-MS;DEL03-MS;UOP01-DEL03-MS
585785;08/03/2024;sexta-feira;03:30:00;RS;NA;NA;CANGUCU;Ultrapassagem Indevida;Colisão frontal;Sem Vítimas;Plena Noite;Não Informado;Nublado;Simples;Reta;Não;3;0;0;0;3;0;0;2;-30,94092463;-52,64883935;SPRF-RS;DEL07-RS;UOP01-DEL07-RS
585786;08/03/2024;sexta-feira;06:40:00;ES;101;146;LINHARES;Ausência de reação do condutor;Colisão traseira;Com Vítimas Feridas;Pleno dia;Decrescente;Céu Claro;Dupla;Reta;Sim;3;0;2;0;0;1;2;2;-19,36990998;-40,06560718;SPRF-ES;DEL04-ES;UOP01-DEL04-ES
585787;08/03/2024;sexta-feira;06:30:00;RN;101;143;ARES;Chuva;Colisão lateral mesmo sentido;Sem Vítimas;Pleno dia;Decrescente;Chuva;Múltipla;Reta;Não;2;0;0;0;2;0;0;2;-6,23449707;-35,21637886;SPRF-RN;DEL01-RN;UOP01-DEL01-RN
585788;08/03/2024;sexta-feira;06:30:00;PI;343;1,7;TERESINA;Ausência de reação do condutor;Colisão traseira;Com Vítimas Feridas;Pleno dia;Crescente;Céu Claro;Múltipla;Reta;Sim;3;0;1;0;2;0;1;2;-5,081322;-42,765377;SPRF-PI;DEL01-PI;UOP01-DEL01-PI
585789;08/03/2024;sexta-feira;07:20:00;RS;158;328;SANTA MARIA;Ausência de reação do condutor;Tombamento;Com Vítimas Feridas;Pleno dia;Decrescente;Céu Claro;Dupla;Reta;Sim;1;0;1;0;0;0;1;1;-29,71112906;-53,81968204;SPRF-RS;DEL09-RS;UOP01-DEL09-RS
585790;08/03/2024;sexta-feira;07:30:00;SC;280;25,1;ARAQUARI;Acessar a via sem observar a presença dos outros veículos;Colisão transversal;Com Vítimas Feridas;Pleno dia;Decrescente;Nublado;Simples;Reta;Não;2;0;0;1;1;0;1;2;-26,385138;-48,728538;SPRF-SC;DEL03-SC;UOP03-DEL03-SC
585792;08/03/2024;sexta-feira;06:50:00;RJ;101;149;MACAE;Ausência de reação do condutor;Saída de leito carroçável;Com Vítimas Feridas;Pleno dia;Crescente;Chuva;Dupla;Reta;Não;1;0;1;0;0;0;1;1;-22,23477782;-41,79211012;SPRF-RJ;DEL08-RJ;UOP04-DEL08-RJ
585793;08/03/2024;sexta-feira;07:00:00;RS;116;146;CAXIAS DO SUL;Reação tardia ou ineficiente do condutor;Colisão lateral mesmo sentido;Sem Vítimas;Pleno dia;Crescente;Céu Claro;Dupla;Interseção de Vias;Sim;3;0;0;0;2;1;0;3;-29,14228897;-51,13622202;SPRF-RS;DEL05-RS;UOP01-DEL05-RS
585794;08/03/2024;sexta-feira;07:35:00;SC;101;214,9;PALHOCA;Trafegar com motocicleta (ou similar) entre as faixas;Colisão lateral mesmo sentido;Com Vítimas Feridas;Pleno dia;Decrescente;Chuva;Múltipla;Reta;Sim;2;0;1;0;0;1;1;2;-27,64443;-48,67057;SPRF-SC;DEL01-SC;UOP02-DEL01-SC
585795;08/03/2024;sexta-feira;07:30:00;RS;116;269;CANOAS;Reação tardia ou ineficiente do condutor;Colisão com objeto;Com Vítimas Feridas;Pleno dia;Decrescente;Céu Claro;Dupla;Reta;Sim;2;0;1;0;1;0;1;2;-29,93832559;-51,17700566;SPRF-RS;DEL01-RS;UOP01-DEL01-RS
585797;08/03/2024;sexta-feira;07:57:00;DF;60;2,2;BRASILIA;Trafegar com motocicleta (ou similar) entre as faixas;Colisão lateral mesmo sentido;Com Vítimas Feridas;Pleno dia;Decrescente;Céu Claro;Dupla;Reta;Sim;3;0;1;0;2;0;1;2;-15,890521;-48,086864;SPRF-DF;DEL03-DF;UOP01-DEL03-DF
585798;08/03/2024;sexta-feira;07:40:00;PR;153;326;IRATI;Transitar no Acostamento;Atropelamento de Pedestre;Com Vítimas Feridas;Pleno dia;Crescente;Chuva;Simples;Reta;Sim;2;0;0;1;0;1;1;2;-25,42042397;-50,60786607;SPRF-PR;DEL08-PR;UOP02-DEL08-PR
585799;08/03/2024;sexta-feira;07:30:00;SC;101;165,4;TIJUCAS;Ingestão de álcool pelo condutor;Saída de leito carroçável;Sem Vítimas;Pleno dia;Crescente;Nublado;Múltipla;Reta;Sim;1;0;0;0;0;1;0;1;-27,252663;-48,63154894;SPRF-SC;DEL04-SC;UOP03-DEL04-SC
585800;08/03/2024;sexta-feira;06:30:00;SE;235;3;NOSSA SENHORA DO SOCORRO;Reação tardia ou ineficiente do condutor;Colisão traseira;Sem Vítimas;Pleno dia;Decrescente;Céu Claro;Dupla;Reta;Sim;3;0;0;0;3;0;0;3;-10,9059;-37,111;SPRF-SE;DEL01-SE;UOP01-DEL01-SE
585801;08/03/2024;sexta-feira;02:40:00;RJ;116;128;MAGE;Condutor Dormindo;Capotamento;Com Vítimas Feridas;Plena Noite;Crescente;Céu Claro;Dupla;Reta;Não;1;0;1;0;0;0;1;1;-22,6657139;-43,10092001;SPRF-RJ;DEL04-RJ;UOP02-DEL04-RJ
585802;08/03/2024;sexta-feira;07:00:00;SP;116;149,2;SAO JOSE DOS CAMPOS;Demais falhas mecânicas ou elétricas;Colisão com objeto;Com Vítimas Feridas;Pleno dia;Crescente;Nublado;Dupla;Reta;Sim;2;0;1;1;0;0;2;1;-23,20700047;-45,88626861;SPRF-SP;DEL02-SP;UOP01-DEL02-SP
585803;08/03/2024;sexta-feira;08:15:00;SC;153;94,1;CONCORDIA;Velocidade Incompatível;Queda de ocupante de veículo;Com Vítimas Feridas;Pleno dia;Crescente;Chuva;Simples;Reta;Não;1;0;1;0;0;0;1;1;-27,20456435;-51,94953918;SPRF-SC;DEL07-SC;UOP04-DEL07-SC
585805;08/03/2024;sexta-feira;08:20:00;SC;101;354,8;SANGAO;Reação tardia ou ineficiente do condutor;Queda de ocupante de veículo;Com Vítimas Feridas;Pleno dia;Crescente;Chuva;Múltipla;"Desvio Temporário;Em Obras;Reta";Não;1;0;1;0;0;0;1;1;-28,61806302;-49,07013199;SPRF-SC;DEL02-SC;UOP01-DEL02-SC
585806;08/03/2024;sexta-feira;08:30:00;SC;282;541,8;CHAPECO;Ingestão de álcool pelo condutor;Saída de leito carroçável;Sem Vítimas;Pleno dia;Decrescente;Chuva;Simples;Curva;Não;1;0;0;0;0;1;0;1;-26,997713;-52,699165;SPRF-SC;DEL07-SC;UOP01-DEL07-SC
585807;08/03/2024;sexta-feira;06:30:00;MG;40;519;CONTAGEM;Reação tardia ou ineficiente do condutor;Colisão traseira;Com Vítimas Feridas;Pleno dia;Crescente;Céu Claro;Dupla;Reta;Sim;2;0;1;0;1;0;1;2;-19,83957589;-44,07684485;SPRF-MG;DEL01-MG;UOP02-DEL01-MG
585808;08/03/2024;sexta-feira;08:00:00;PB;230;19,8;JOAO PESSOA;Acessar a via sem observar a presença dos outros veículos;Colisão lateral mesmo sentido;Com Vítimas Feridas;Pleno dia;Decrescente;Céu Claro;Dupla;"Curva;Declive;Interseção de Vias";Sim;3;0;3;0;0;0;3;2;-7,13623095;-34,85426253;SPRF-PB;DEL01-PB;UOP01-DEL01-PB
585811;11/01/2024;quinta-feira;17:00:00;SC;101;137;BALNEARIO CAMBORIU;Acessar a via sem observar a presença dos outros veículos;Colisão lateral mesmo sentido;Com Vítimas Feridas;Pleno dia;Decrescente;Nublado;Dupla;Reta;Sim;3;0;1;0;1;1;1;3;-27,0157238;-48,61192763;SPRF-SC;DEL04-SC;UOP03-DEL04-SC
585813;08/03/2024;sexta-feira;09:00:00;PR;116;108;CURITIBA;Trafegar com motocicleta (ou similar) entre as faixas;Tombamento;Com Vítimas Feridas;Pleno dia;Decrescente;Nublado;Dupla;Reta;Não;2;0;1;0;1;0;1;1;-25,57147018;-49,19760597;SPRF-PR;DEL01-PR;UOP07-DEL01-PR
585814;08/03/2024;sexta-feira;09:00:00;SC;101;189;BIGUACU;Chuva;Colisão com objeto;Com Vítimas Feridas;Pleno dia;Decrescente;Chuva;Dupla;Curva;Sim;2;0;1;0;1;0;1;1;-27,459393;-48,638914;SPRF-SC;DEL01-SC;UOP01-DEL01-SC
585816;08/03/2024;sexta-feira;09:00:00;PE;232;8,9;RECIFE;Reação tardia ou ineficiente do condutor;Colisão traseira;Com Vítimas Feridas;Pleno dia;Crescente;Céu Claro;Dupla;"Aclive;Viaduto";Sim;2;0;1;0;1;0;1;2;-8,077638;-34,978274;SPRF-PE;DEL01-PE;UOP01-DEL01-PE
585817;08/03/2024;sexta-feira;07:40:00;PR;376;445;IPIRANGA;Acumulo de óleo sobre o pavimento;Saída de leito carroçável;Com Vítimas Feridas;Pleno dia;Crescente;Garoa/Chuvisco;Dupla;"Curva;Declive";Não;9;0;2;0;7;0;2;2;-24,84979538;-50,47231579;SPRF-PR;DEL03-PR;UOP02-DEL03-PR
585818;08/03/2024;sexta-feira;08:00:00;MG;50;67;UBERLANDIA;Reação tardia ou ineficiente do condutor;Colisão transversal;Com Vítimas Feridas;Pleno dia;Decrescente;Nublado;Dupla;Reta;Sim;2;0;2;0;0;0;2;2;-18,85140204;-48,25345932;SPRF-MG;DEL15-MG;UOP02-DEL15-MG
585821;08/03/2024;sexta-feira;08:56:00;PE;232;34,6;MORENO;Pedestre cruzava a pista fora da faixa;Atropelamento de Pedestre;Com Vítimas Feridas;Pleno dia;Decrescente;Céu Claro;Dupla;Retorno Regulamentado;Sim;2;0;1;0;1;0;1;2;-8,10819;-35,18922;SPRF-PE;DEL01-PE;UOP01-DEL01-PE
585822;10/02/2024;sábado;22:30:00;BA;116;153;CANUDOS;Transitar na contramão;Colisão frontal;Com Vítimas Feridas;Plena Noite;Crescente;Céu Claro;Simples;Reta;Não;3;0;0;2;0;1;2;2;-9,94476299;-39,1640091;SPRF-BA;DEL07-BA;UOP02-DEL07-BA
585823;09/02/2024;sexta-feira;09:20:00;RS;293;35;CAPAO DO LEAO;Condutor deixou de manter distância do veículo da frente;Engavetamento;Com Vítimas Feridas;Pleno dia;Decrescente;Sol;Simples;Em Obras;Não;3;0;1;0;1;1;1;3;-31,73851383;-52,67295601;SPRF-RS;DEL07-RS;UOP01-DEL07-RS
585824;29/01/2024;segunda-feira;08:00:00;BA;324;623;SALVADOR;Manobra de mudança de faixa;Colisão lateral mesmo sentido;Com Vítimas Feridas;Pleno dia;Crescente;Céu Claro;Dupla;Reta;Não;3;0;0;1;2;0;1;2;-12,92827611;-38,46828461;SPRF-BA;DEL01-BA;UOP01-DEL01-BA
585827;08/03/2024;sexta-feira;09:00:00;RN;101;96;NATAL;Reação tardia ou ineficiente do condutor;Colisão traseira;Sem Vítimas;Pleno dia;Decrescente;Nublado;Dupla;Reta;Sim;3;0;0;0;3;0;0;2;-5,849838;-35,209097;SPRF-RN;DEL01-RN;UOP01-DEL01-RN