id;data_inversa;dia_semana;horario;uf;br;km;municipio;causa_acidente;tipo_acidente;classificacao_acidente;fase_dia;sentido_via;condicao_metereologica;tipo_pista;tracado_via;uso_solo;pessoas;mortos;feridos_leves;feridos_graves;ilesos;ignorados;feridos;veiculos;latitude;longitude;regional;delegacia;uop
585828;18/02/2024;domingo;03:10:00;RJ;493;3;ITABORAI;Animais na Pista;Atropelamento de Animal;Com Vítimas Fatais;Plena Noite;Decrescente;Céu Claro;Dupla;Reta;Sim;1;1;0;0;0;0;0;1;-22,7525329;-42,94160092;SPRF-RJ;DEL02-RJ;UOP02-DEL02-RJ
585829;01/03/2024;sexta-feira;09:30:00;PE;232;191,5;SANHARO;Reação tardia ou ineficiente do condutor;Colisão frontal;Com Vítimas Feridas;Pleno dia;Crescente;Céu Claro;Simples;Reta;Não;5;0;1;2;0;2;3;3;-8,35709895;-36,52773;SPRF-PE;DEL03-PE;UOP02-DEL03-PE
585830;08/03/2024;sexta-feira;09:10:00;BA;110;188;RIBEIRA DO AMPARO;Manobra de mudança de faixa;Colisão transversal;Sem Vítimas;Pleno dia;Decrescente;Céu Claro;Simples;Reta;Não;2;0;0;0;1;1;0;2;-11,020619;-38,51474442;SPRF-BA;DEL07-BA;UOP02-DEL07-BA
585833;08/03/2024;sexta-feira;09:14:00;PE;232;4,3;RECIFE;Demais falhas mecânicas ou elétricas;Saída de leito carroçável;Sem Vítimas;Pleno dia;Decrescente;Céu Claro;Simples;"Declive;Curva";Sim;1;0;0;0;1;0;0;1;-8,064473;-34,936928;SPRF-PE;DEL01-PE;UOP01-DEL01-PE
585834;08/03/2024;sexta-feira;09:34:00;GO;70;5;AGUAS LINDAS DE GOIAS;Reação tardia ou ineficiente do condutor;Colisão traseira;Com Vítimas Feridas;Pleno dia;Decrescente;Céu Claro;Dupla;Reta;Não;2;0;1;0;1;0;1;2;-15,75683677;-48,25464732;SPRF-DF;DEL03-DF;UOP02-DEL03-DF
585835;08/03/2024;sexta-feira;09:27:00;PR;476;102;BOCAIUVA DO SUL;Ausência de reação do condutor;Colisão transversal;Com Vítimas Feridas;Pleno dia;Crescente;Nublado;Simples;"Curva;Declive";Não;2;0;0;1;1;0;1;2;-25,262951;-49,139923;SPRF-PR;DEL01-PR;UOP01-DEL01-PR
585837;08/03/2024;sexta-feira;09:13:00;GO;153;74;PORANGATU;Ausência de reação do condutor;Saída de leito carroçável;Com Vítimas Feridas;Pleno dia;Decrescente;Céu Claro;Simples;"Declive;Reta";Não;4;0;1;0;3;0;1;1;-13,48376;-49,136364;SPRF-GO;DEL07-GO;UOP01-DEL07-GO
585838;08/03/2024;sexta-feira;10:38:00;PB;230;19,5;JOAO PESSOA;Entrada inopinada do pedestre;Atropelamento de Pedestre;Com Vítimas Feridas;Pleno dia;Crescente;Céu Claro;Dupla;Reta;Sim;2;0;0;1;1;0;1;2;-7,1281;-34,8466;SPRF-PB;DEL01-PB;UOP01-DEL01-PB
585840;08/03/2024;sexta-feira;07:30:00;PE;101;104;CABO DE SANTO AGOSTINHO;Acessar a via sem observar a presença dos outros veículos;Colisão transversal;Com Vítimas Feridas;Pleno dia;Decrescente;Nublado;Dupla;"Aclive;Reta";Sim;3;0;2;0;1;0;2;2;-8,29739778;-35,06293971;SPRF-PE;DEL01-PE;UOP03-DEL01-PE
585841;08/03/2024;sexta-feira;10:24:00;RO;364;7;VILHENA;Desrespeitar a preferência no cruzamento;Colisão transversal;Com Vítimas Feridas;Pleno dia;Decrescente;Céu Claro;Dupla;Rotatória;Sim;6;0;1;0;5;0;1;2;-12,775857;-60,093437;SPRF-RO;DEL04-RO;UOP01-DEL04-RO
585843;18/02/2024;domingo;05:10:00;MT;163;754;SORRISO;Transitar na contramão;Colisão frontal;Com Vítimas Fatais;Amanhecer;Crescente;Garoa/Chuvisco;Simples;Reta;Sim;2;1;0;0;1;0;0;2;-12,534868;-55,705781;SPRF-MT;DEL06-MT;UOP01-DEL06-MT
585844;08/03/2024;sexta-feira;07:45:00;RO;364;422,8;JARU;Manobra de mudança de faixa;Colisão lateral mesmo sentido;Com Vítimas Feridas;Pleno dia;Decrescente;Sol;Simples;Desvio Temporário;Sim;2;0;1;0;1;0;1;2;-10,4597532;-62,4558043;SPRF-RO;DEL03-RO;UOP02-DEL03-RO
585846;08/03/2024;sexta-feira;11:30:00;PR;277;4,8;PARANAGUA;Objeto estático sobre o leito carroçável;Colisão traseira;Com Vítimas Feridas;Pleno dia;Decrescente;Nublado;Dupla;Reta;Sim;5;0;2;0;3;0;2;3;-25,556979;-48,566529;SPRF-PR;DEL01-PR;UOP05-DEL01-PR
585847;08/03/2024;sexta-feira;12:05:00;PB;230;27,5;JOAO PESSOA;Avarias e/ou desgaste excessivo no pneu;Tombamento;Com Vítimas Feridas;Pleno dia;Crescente;Céu Claro;Simples;"Declive;Curva";Sim;2;0;0;1;1;0;1;1;-7,16514571;-34,89839655;SPRF-PB;DEL01-PB;UOP01-DEL01-PB
585850;08/03/2024;sexta-feira;11:00:00;SP;153;11,6;ICEM;Reação tardia ou ineficiente do condutor;Colisão traseira;Sem Vítimas;Pleno dia;Crescente;Céu Claro;Simples;"Reta;Em Obras";Não;2;0;0;0;2;0;0;2;-20,3960062;-49,24059667;SPRF-SP;DEL09-SP;UOP01-DEL09-SP
585851;08/03/2024;sexta-feira;08:45:00;PR;277;112;CAMPO LARGO;Reação tardia ou ineficiente do condutor;Queda de ocupante de veículo;Com Vítimas Feridas;Pleno dia;Decrescente;Nublado;Dupla;Reta;Sim;1;0;0;1;0;0;1;1;-25,43257515;-49,36978297;SPRF-PR;DEL03-PR;UOP03-DEL03-PR
585852;08/03/2024;sexta-feira;11:50:00;RS;285;269;MATO CASTELHANO;Ausência de reação do condutor;Colisão traseira;Sem Vítimas;Pleno dia;Decrescente;Chuva;Simples;"Aclive;Reta";Não;2;0;0;0;1;1;0;2;-28,292225;-52,161327;SPRF-RS;DEL08-RS;UOP03-DEL08-RS
585853;08/03/2024;sexta-feira;08:50:00;RJ;116;312;RESENDE;Reação tardia ou ineficiente do condutor;Colisão com objeto;Com Vítimas Fatais;Pleno dia;Decrescente;Céu Claro;Simples;Reta;Sim;2;2;0;0;0;0;0;1;-22,46068623;-44,45262504;SPRF-RJ;DEL07-RJ;UOP02-DEL07-RJ
585856;08/03/2024;sexta-feira;12:05:00;PB;230;7,1;CABEDELO;Reação tardia ou ineficiente do condutor;Colisão traseira;Com Vítimas Feridas;Pleno dia;Decrescente;Céu Claro;Dupla;Reta;Sim;4;0;1;0;3;0;1;2;-7,026;-34,8385;SPRF-PB;DEL01-PB;UOP01-DEL01-PB
585857;08/03/2024;sexta-feira;10:00:00;BA;415;61,7;ITAPE;Reação tardia ou ineficiente do condutor;Saída de leito carroçável;Com Vítimas Feridas;Pleno dia;Crescente;Céu Claro;Simples;Curva;Não;1;0;1;0;0;0;1;1;-14,856673;-39,409589;SPRF-BA;DEL05-BA;UOP01-DEL05-BA
585858;08/03/2024;sexta-feira;12:20:00;RS;386;3,4;IRAI;Velocidade Incompatível;Saída de leito carroçável;Com Vítimas Feridas;Pleno dia;Decrescente;Nublado;Simples;"Ponte;Reta";Não;2;0;0;1;0;1;1;2;-27,182261;-53,249657;SPRF-RS;DEL08-RS;UOP02-DEL08-RS
585859;08/03/2024;sexta-feira;09:30:00;GO;153;521;HIDROLANDIA;Manobra de mudança de faixa;Colisão transversal;Com Vítimas Feridas;Pleno dia;Crescente;Céu Claro;Dupla;Reta;Sim;2;0;1;0;1;0;1;2;-16,8937;-49,2557;SPRF-GO;DEL01-GO;UOP03-DEL01-GO
585869;08/03/2024;sexta-feira;13:25:00;RS;290;116;ELDORADO DO SUL;Acessar a via sem observar a presença dos outros veículos;Colisão transversal;Com Vítimas Feridas;Pleno dia;Crescente;Chuva;Simples;Reta;Não;3;0;2;0;0;1;2;3;-30,046543;-51,367748;SPRF-RS;DEL02-RS;UOP01-DEL02-RS
585872;08/03/2024;sexta-feira;11:11:00;SC;282;49;AGUAS MORNAS;Acumulo de água sobre o pavimento;Saída de leito carroçável;Com Vítimas Feridas;Pleno dia;Crescente;Chuva;Simples;"Curva;Aclive";Não;3;0;3;0;0;0;3;1;-27,70455699;-48,95623684;SPRF-SC;DEL01-SC;UOP03-DEL01-SC
585873;08/03/2024;sexta-feira;14:10:00;SP;116;71,4;APARECIDA;Desrespeitar a preferência no cruzamento;Colisão transversal;Com Vítimas Feridas;Pleno dia;Crescente;Céu Claro;Simples;Interseção de Vias;Sim;2;0;1;0;1;0;1;2;-22,85651665;-45,23114328;SPRF-SP;DEL08-SP;UOP01-DEL08-SP
585874;23/01/2024;terça-feira;12:40:00;BA;242;580;IBOTIRAMA;Reação tardia ou ineficiente do condutor;Capotamento;Com Vítimas Feridas;Pleno dia;Crescente;Chuva;Simples;Reta;Não;5;0;4;1;0;0;5;1;-12,03422686;-43,0649211;SPRF-BA;DEL10-BA;UOP02-DEL10-BA
585875;08/03/2024;sexta-feira;13:15:00;RS;290;11;OSORIO;Chuva;Saída de leito carroçável;Com Vítimas Feridas;Pleno dia;Decrescente;Chuva;Dupla;Curva;Não;1;0;1;0;0;0;1;1;-29,888996;-50,383354;SPRF-RS;DEL03-RS;UOP01-DEL03-RS
585877;08/03/2024;sexta-feira;13:20:00;PB;230;8;CABEDELO;Condutor deixou de manter distância do veículo da frente;Colisão transversal;Com Vítimas Feridas;Pleno dia;Decrescente;Sol;Dupla;Reta;Sim;2;0;1;0;1;0;1;2;-7,0355;-34,8429;SPRF-PB;DEL01-PB;UOP01-DEL01-PB
585878;08/03/2024;sexta-feira;14:30:00;SP;116;222,6;GUARULHOS;Chuva;Tombamento;Com Vítimas Feridas;Pleno dia;Crescente;Chuva;Múltipla;Reta;Sim;1;0;1;0;0;0;1;1;-23,47093408;-46,51631097;SPRF-SP;DEL01-SP;UOP01-DEL01-SP
585880;08/03/2024;sexta-feira;14:40:00;RS;101;76;OSORIO;Chuva;Saída de leito carroçável;Com Vítimas Feridas;Pleno dia;Crescente;Chuva;Dupla;Reta;Não;3;0;2;0;1;0;2;2;-29,80280592;-50,23688813;SPRF-RS;DEL03-RS;UOP01-DEL03-RS
585881;08/03/2024;sexta-feira;14:50:00;RS;290;22,1;SANTO ANTONIO DA PATRULHA;Ausência de reação do condutor;Colisão lateral mesmo sentido;Com Vítimas Feridas;Pleno dia;Decrescente;Chuva;Dupla;Curva;Não;3;0;1;1;1;0;2;2;-29,889047;-50,475339;SPRF-RS;DEL03-RS;UOP01-DEL03-RS
585883;08/03/2024;sexta-feira;07:30:00;AL;101;169;TEOTONIO VILELA;Acumulo de água sobre o pavimento;Saída de leito carroçável;Com Vítimas Feridas;Pleno dia;Crescente;Chuva;Dupla;Reta;Não;1;0;1;0;0;0;1;1;-9,9062329;-36,31798404;SPRF-AL;DEL02-AL;UOP02-DEL02-AL
585885;08/03/2024;sexta-feira;13:50:00;PR;369;138;IBIPORA;Acessar a via sem observar a presença dos outros veículos;Colisão lateral mesmo sentido;Com Vítimas Feridas;Pleno dia;Decrescente;Sol;Dupla;Rotatória;Sim;3;0;2;0;1;0;2;2;-23,27378257;-51,0562402;SPRF-PR;DEL07-PR;UOP01-DEL07-PR
585887;08/03/2024;sexta-feira;01:00:00;CE;20;347,7;CARIDADE;Acumulo de água sobre o pavimento;Colisão com objeto;Com Vítimas Feridas;Plena Noite;Decrescente;Chuva;Simples;Reta;Não;3;0;3;0;0;0;3;1;-4,11194614;-39,06253979;SPRF-CE;DEL02-CE;UOP01-DEL02-CE
585888;08/03/2024;sexta-feira;13:25:00;MG;116;548,7;SANTA BARBARA DO LESTE;Velocidade Incompatível;Colisão com objeto;Com Vítimas Feridas;Pleno dia;Decrescente;Chuva;Simples;"Reta;Declive";Não;3;0;2;0;1;0;2;1;-19,94847;-42,13088393;SPRF-MG;DEL06-MG;UOP02-DEL06-MG
585889;08/03/2024;sexta-feira;09:55:00;RJ;116;197;QUEIMADOS;Manobra de mudança de faixa;Queda de ocupante de veículo;Com Vítimas Feridas;Pleno dia;Crescente;Céu Claro;Dupla;Reta;Não;2;0;1;0;1;0;1;2;-22,72980637;-43,56512004;SPRF-RJ;DEL06-RJ;UOP02-DEL06-RJ
585890;08/03/2024;sexta-feira;12:50:00;SC;280;32;ARAQUARI;Condutor deixou de manter distância do veículo da frente;Colisão traseira;Com Vítimas Feridas;Pleno dia;Decrescente;Chuva;Simples;Reta;Não;2;0;1;0;1;0;1;2;-26,420618;-48,779335;SPRF-SC;DEL03-SC;UOP03-DEL03-SC
585896;08/03/2024;sexta-feira;15:00:00;RS;116;152,6;CAXIAS DO SUL;Acesso irregular;Colisão lateral mesmo sentido;Com Vítimas Feridas;Pleno dia;Crescente;Chuva;Múltipla;Curva;Sim;2;0;1;0;1;0;1;2;-29,1829343;-51,16801501;SPRF-RS;DEL05-RS;UOP01-DEL05-RS
585897;08/03/2024;sexta-feira;15:20:00;MG;381;924,6;ITAPEVA;Reação tardia ou ineficiente do condutor;Colisão com objeto;Com Vítimas Feridas;Pleno dia;Crescente;Chuva;Dupla;Curva;Não;1;0;1;0;0;0;1;1;-22,77050246;-46,23490598;SPRF-MG;DEL16-MG;UOP03-DEL16-MG
585900;08/03/2024;sexta-feira;14:18:00;MT;70;1,6;BARRA DO GARCAS;Condutor desrespeitou a iluminação vermelha do semáforo;Colisão transversal;Com Vítimas Feridas;Pleno dia;Decrescente;Sol;Simples;Reta;Sim;3;0;0;3;0;0;3;2;-15,88749699;-52,26810568;SPRF-MT;DEL07-MT;UOP01-DEL07-MT
585901;08/03/2024;sexta-feira;14:30:00;PE;101;175;JOAQUIM NABUCO;Ausência de reação do condutor;Saída de leito carroçável;Com Vítimas Feridas;Pleno dia;Decrescente;Nublado;Dupla;"Curva;Declive";Não;2;0;2;0;0;0;2;1;-8,60296585;-35,535297;SPRF-PE;DEL01-PE;UOP03-DEL01-PE
585903;08/03/2024;sexta-feira;13:00:00;RN;304;161;FERNANDO PEDROZA;Condutor deixou de manter distância do veículo da frente;Colisão traseira;Com Vítimas Feridas;Pleno dia;Decrescente;Céu Claro;Simples;Reta;Não;4;0;2;0;2;0;2;2;-5,68198485;-36,50597621;SPRF-RN;DEL01-RN;UOP03-DEL01-RN
585904;08/03/2024;sexta-feira;13:40:00;RO;364;235,7;CACOAL;Desrespeitar a preferência no cruzamento;Colisão transversal;Com Vítimas Feridas;Pleno dia;Crescente;Garoa/Chuvisco;Simples;Interseção de Vias;Não;2;0;1;0;1;0;1;2;-11,4506169;-61,4302469;SPRF-RO;DEL02-RO;UOP02-DEL02-RO
585905;08/03/2024;sexta-feira;16:00:00;SC;101;122;ITAJAI;Demais falhas mecânicas ou elétricas;Tombamento;Com Vítimas Feridas;Pleno dia;Decrescente;Chuva;Múltipla;Reta;Sim;1;0;1;0;0;0;1;1;-26,92955916;-48,70499836;SPRF-SC;DEL04-SC;UOP04-DEL04-SC
585906;08/03/2024;sexta-feira;16:30:00;MG;381;488;BETIM;Ausência de reação do condutor;Engavetamento;Com Vítimas Feridas;Pleno dia;Crescente;Céu Claro;Múltipla;"Declive;Reta";Sim;5;0;1;1;3;0;2;4;-19,9569812;-44,1191094;SPRF-MG;DEL01-MG;UOP03-DEL01-MG
585907;08/03/2024;sexta-feira;16:20:00;TO;153;688;GURUPI;Condutor Dormindo;Queda de ocupante de veículo;Com Vítimas Feridas;Pleno dia;Decrescente;Céu Claro;Simples;Reta;Não;1;0;0;1;0;0;1;1;-11,84661586;-49,14494829;SPRF-TO;DEL01-TO;UOP02-DEL01-TO
585909;08/03/2024;sexta-feira;16:10:00;RS;470;219;BENTO GONCALVES;Condutor deixou de manter distância do veículo da frente;Colisão traseira;Com Vítimas Feridas;Pleno dia;Decrescente;Nublado;Simples;Curva;Não;2;0;1;0;1;0;1;1;-29,17909489;-51,51855675;SPRF-RS;DEL06-RS;UOP01-DEL06-RS
585912;08/03/2024;sexta-feira;12:00:00;BA;30;728,2;BOA NOVA;Velocidade Incompatível;Capotamento;Com Vítimas Feridas;Pleno dia;Decrescente;Céu Claro;Simples;Reta;Não;3;0;3;0;0;0;3;1;-14,3951425;-40,1743888;SPRF-BA;DEL05-BA;UOP01-DEL05-BA
585913;08/03/2024;sexta-feira;17:00:00;PI;343;343;TERESINA;Reação tardia ou ineficiente do condutor;Colisão lateral mesmo sentido;Com Vítimas Feridas;Pleno dia;Crescente;Céu Claro;Dupla;"Interseção de Vias;Reta";Sim;3;0;2;0;1;0;2;2;-5,087362;-42,757851;SPRF-PI;DEL01-PI;UOP01-DEL01-PI
585914;08/03/2024;sexta-feira;16:30:00;PE;232;412;SERRA TALHADA;Acessar a via sem observar a presença dos outros veículos;Colisão traseira;Com Vítimas Feridas;Pleno dia;Crescente;Céu Claro;Simples;Reta;Sim;3;0;2;0;0;1;2;2;-7,98377927;-38,3208774;SPRF-PE;DEL04-PE;UOP01-DEL04-PE
585915;08/03/2024;sexta-feira;17:15:00;SP;153;61;SAO JOSE DO RIO PRETO;Manobra de mudança de faixa;Tombamento;Com Vítimas Feridas;Pleno dia;Crescente;Céu Claro;Dupla;"Reta;Declive";Sim;3;0;1;0;2;0;1;2;-20,80564439;-49,3559755;SPRF-SP;DEL09-SP;UOP01-DEL09-SP
585916;08/03/2024;sexta-feira;15:34:00;PE;407;125;PETROLINA;Acessar a via sem observar a presença dos outros veículos;Colisão lateral mesmo sentido;Com Vítimas Feridas;Pleno dia;Decrescente;Céu Claro;Dupla;Reta;Sim;3;0;2;0;1;0;2;2;-9,37739336;-40,53595733;SPRF-PE;DEL06-PE;UOP01-DEL06-PE
585918;08/03/2024;sexta-feira;16:55:00;RS;448;22;PORTO ALEGRE;Chuva;Colisão com objeto;Com Vítimas Feridas;Pleno dia;Decrescente;Chuva;Dupla;Curva;Sim;2;0;2;0;0;0;2;1;-29,972212;-51,199139;SPRF-RS;DEL01-RS;UOP01-DEL01-RS
585919;08/03/2024;sexta-feira;17:40:00;PB;101;89;JOAO PESSOA;Reação tardia ou ineficiente do condutor;Colisão traseira;Sem Vítimas;Anoitecer;Decrescente;Céu Claro;Dupla;Reta;Não;2;0;0;0;2;0;0;2;-7,1710694;-34,89765372;SPRF-PB;DEL01-PB;UOP02-DEL01-PB
585923;08/03/2024;sexta-feira;17:00:00;DF;40;1;BRASILIA;Reação tardia ou ineficiente do condutor;Colisão traseira;Com Vítimas Feridas;Pleno dia;Crescente;Céu Claro;Dupla;Reta;Sim;4;0;2;0;2;0;2;2;-15,985532;-47,987747;SPRF-DF;DEL01-DF;UOP01-DEL01-DF
585924;08/03/2024;sexta-feira;17:30:00;PB;230;23,3;JOAO PESSOA;Condutor deixou de manter distância do veículo da frente;Colisão traseira;Com Vítimas Feridas;Anoitecer;Crescente;Céu Claro;Dupla;Reta;Sim;3;0;2;0;1;0;2;2;-7,1562;-34,8574;SPRF-PB;DEL01-PB;UOP01-DEL01-PB
585926;08/03/2024;sexta-feira;17:20:00;SP;116;307;SAO LOURENCO DA SERRA;Ausência de reação do condutor;Colisão com objeto;Com Vítimas Feridas;Pleno dia;Decrescente;Chuva;Dupla;"Declive;Reta";Sim;2;0;2;0;0;0;2;1;-23,85630016;-46,94096988;SPRF-SP;DEL04-SP;UOP01-DEL04-SP
585927;08/03/2024;sexta-feira;16:52:00;RO;364;11;VILHENA;Acessar a via sem observar a presença dos outros veículos;Colisão lateral mesmo sentido;Com Vítimas Feridas;Pleno dia;Crescente;Céu Claro;Simples;Rotatória;Sim;2;0;0;1;1;0;1;2;-12,74605898;-60,11270299;SPRF-RO;DEL04-RO;UOP01-DEL04-RO
585928;08/03/2024;sexta-feira;17:40:00;MG;381;838;SAO SEBASTIAO DA BELA VISTA;Chuva;Capotamento;Com Vítimas Feridas;Anoitecer;Crescente;Chuva;Dupla;Reta;Não;5;0;1;0;4;0;1;1;-22,19252695;-45,84775906;SPRF-MG;DEL16-MG;UOP01-DEL16-MG
585929;08/03/2024;sexta-feira;17:20:00;PB;101;52;SANTA RITA;Reação tardia ou ineficiente do condutor;Tombamento;Com Vítimas Feridas;Pleno dia;Decrescente;Céu Claro;Dupla;"Reta;Declive;Ponte";Não;1;0;1;0;0;0;1;1;-6,93821564;-35,09935736;SPRF-PB;DEL01-PB;UOP04-DEL01-PB
585930;08/03/2024;sexta-feira;15:20:00;GO;153;405,4;PIRENOPOLIS;Manobra de mudança de faixa;Tombamento;Com Vítimas Feridas;Pleno dia;Decrescente;Céu Claro;Simples;"Declive;Reta";Não;1;0;1;0;0;0;1;1;-16,079566;-49,048472;SPRF-GO;DEL02-GO;UOP02-DEL02-GO
585933;08/03/2024;sexta-feira;11:10:00;GO;158;10;ARAGARCAS;Ausência de reação do condutor;Colisão frontal;Com Vítimas Feridas;Pleno dia;Decrescente;Céu Claro;Simples;Reta;Não;5;0;1;0;4;0;1;2;-15,95453203;-52,21127574;SPRF-GO;DEL04-GO;UOP02-DEL04-GO
585934;08/03/2024;sexta-feira;18:25:00;ES;101;144;LINHARES;Pedestre cruzava a pista fora da faixa;Atropelamento de Pedestre;Com Vítimas Feridas;Anoitecer;Decrescente;Céu Claro;Múltipla;Reta;Sim;2;0;1;1;0;0;2;2;-19,35188295;-40,0636685;SPRF-ES;DEL04-ES;UOP01-DEL04-ES
585936;08/03/2024;sexta-feira;17:20:00;RS;116;517;PELOTAS;Acessar a via sem observar a presença dos outros veículos;Colisão transversal;Com Vítimas Feridas;Pleno dia;Decrescente;Céu Claro;Simples;Reta;Sim;2;0;1;0;1;0;1;2;-31,67908686;-52,34256731;SPRF-RS;DEL07-RS;UOP01-DEL07-RS
585937;08/03/2024;sexta-feira;17:50:00;RS;116;517;PELOTAS;Acessar a via sem observar a presença dos outros veículos;Colisão transversal;Com Vítimas Feridas;Pleno dia;Decrescente;Céu Claro;Simples;Viaduto;Sim;2;0;1;0;1;0;1;2;-31,67908686;-52,34256731;SPRF-RS;DEL07-RS;UOP01-DEL07-RS
585938;08/03/2024;sexta-feira;16:50:00;RJ;393;265;BARRA DO PIRAI;Reação tardia ou ineficiente do condutor;Queda de ocupante de veículo;Com Vítimas Feridas;Pleno dia;Decrescente;Nublado;Simples;Reta;Não;2;0;0;2;0;0;2;1;-22,47699772;-43,88450513;SPRF-RJ;DEL05-RJ;UOP04-DEL05-RJ
585939;08/03/2024;sexta-feira;18:20:00;SP;116;55,6;LORENA;Avarias e/ou desgaste excessivo no pneu;Queda de ocupante de veículo;Com Vítimas Feridas;Anoitecer;Decrescente;Céu Claro;Dupla;Reta;Sim;2;0;1;1;0;0;2;1;-22,76356421;-45,12272385;SPRF-SP;DEL08-SP;UOP02-DEL08-SP
585940;08/03/2024;sexta-feira;16:30:00;MT;364;0,8;ALTO ARAGUAIA;Manobra de mudança de faixa;Colisão lateral mesmo sentido;Sem Vítimas;Pleno dia;Crescente;Céu Claro;Dupla;Reta;Sim;2;0;0;0;2;0;0;2;-17,31871;-53,211903;SPRF-MT;DEL02-MT;UOP02-DEL02-MT
585942;08/03/2024;sexta-feira;18:36:00;ES;101;147,1;LINHARES;Acessar a via sem observar a presença dos outros veículos;Colisão transversal;Com Vítimas Feridas;Plena Noite;Crescente;Céu Claro;Simples;Interseção de Vias;Não;2;0;1;0;1;0;1;2;-19,37887202;-40,06657892;SPRF-ES;DEL04-ES;UOP01-DEL04-ES
585943;08/03/2024;sexta-feira;18:30:00;PR;277;80;CURITIBA;Condutor deixou de manter distância do veículo da frente;Colisão traseira;Com Vítimas Feridas;Plena Noite;Decrescente;Céu Claro;Dupla;Reta;Não;2;0;0;1;1;0;1;2;-25,568939;-49,181978;SPRF-PR;DEL01-PR;UOP07-DEL01-PR
585944;08/03/2024;sexta-feira;17:00:00;RJ;40;120;DUQUE DE CAXIAS;Condutor deixou de manter distância do veículo da frente;Colisão traseira;Com Vítimas Feridas;Pleno dia;Decrescente;Céu Claro;Múltipla;Reta;Não;2;0;1;0;1;0;1;2;-22,77280597;-43,28626763;SPRF-RJ;DEL01-RJ;UOP02-DEL01-RJ
585945;08/03/2024;sexta-feira;14:45:00;RS;386;147;SARANDI;Acumulo de água sobre o pavimento;Saída de leito carroçável;Com Vítimas Feridas;Pleno dia;Decrescente;Chuva;Simples;"Curva;Aclive";Não;2;0;2;0;0;0;2;1;-28,056545;-52,870819;SPRF-RS;DEL08-RS;UOP01-DEL08-RS
585947;08/03/2024;sexta-feira;16:05:00;RR;432;175;CANTA;Velocidade Incompatível;Saída de leito carroçável;Com Vítimas Feridas;Pleno dia;Decrescente;Céu Claro;Simples;Reta;Não;1;0;1;0;0;0;1;1;2,49345201;-60,63583589;SPRF-RR;DEL01-RR;UOP01-DEL01-RR
585950;08/03/2024;sexta-feira;19:00:00;SP;153;51,6;SAO JOSE DO RIO PRETO;Ingestão de álcool pelo condutor;Colisão transversal;Com Vítimas Feridas;Plena Noite;Crescente;Céu Claro;Simples;Reta;Não;2;0;2;0;0;0;2;2;-20,71801801;-49,33874223;SPRF-SP;DEL09-SP;UOP01-DEL09-SP
585952;15/01/2024;segunda-feira;14:00:00;RJ;101;321;NITEROI;Ausência de reação do condutor;Colisão traseira;Com Vítimas Feridas;Pleno dia;Crescente;Céu Claro;Dupla;Reta;Não;4;0;2;0;2;0;2;3;-22,86981096;-43,11046465;SPRF-RJ;DEL02-RJ;UOP01-DEL02-RJ
585953;08/03/2024;sexta-feira;16:00:00;SC;101;403,2;MARACAJA;Condutor deixou de manter distância do veículo da frente;Colisão com objeto;Com Vítimas Feridas;Pleno dia;Crescente;Chuva;Dupla;"Viaduto;Reta";Não;3;0;1;0;2;0;1;2;-28,87065022;-49,45169172;SPRF-SC;DEL02-SC;UOP02-DEL02-SC
585954;08/03/2024;sexta-feira;19:30:00;SP;116;216;GUARULHOS;Ausência de reação do condutor;Colisão traseira;Com Vítimas Feridas;Plena Noite;Crescente;Chuva;Múltipla;Reta;Sim;5;0;1;0;4;0;1;2;-23,45056589;-46,46258105;SPRF-SP;DEL01-SP;UOP01-DEL01-SP
585955;08/03/2024;sexta-feira;17:40:00;BA;367;23;PORTO SEGURO;Ultrapassagem Indevida;Tombamento;Com Vítimas Feridas;Anoitecer;Crescente;Céu Claro;Simples;Reta;Sim;2;0;1;0;1;0;1;2;-16,43517732;-39,07201198;SPRF-BA;DEL09-BA;UOP03-DEL09-BA
585957;08/03/2024;sexta-feira;17:00:00;PR;376;4,7;APUCARANA;Retorno proibido;Colisão transversal;Com Vítimas Feridas;Plena Noite;Decrescente;Nublado;Simples;Reta;Sim;2;0;1;0;1;0;1;2;-23,5513;-51,461266;SPRF-PR;DEL07-PR;UOP03-DEL07-PR
585958;08/03/2024;sexta-feira;16:00:00;SC;101;403,4;ARARANGUA;Condutor deixou de manter distância do veículo da frente;Colisão traseira;Com Vítimas Feridas;Pleno dia;Crescente;Chuva;Dupla;Reta;Não;3;0;0;1;2;0;1;3;-28,88920653;-49,46629107;SPRF-SC;DEL02-SC;UOP02-DEL02-SC
585959;08/03/2024;sexta-feira;18:30:00;PR;277;106;CAMPO LARGO;Condutor deixou de manter distância do veículo da frente;Colisão traseira;Com Vítimas Feridas;Anoitecer;Decrescente;Garoa/Chuvisco;Dupla;"Declive;Reta";Sim;2;0;1;0;1;0;1;1;-25,47984808;-49,3494472;SPRF-PR;DEL01-PR;UOP06-DEL01-PR
585960;08/03/2024;sexta-feira;15:25:00;MA;402;25;AXIXA;Acessar a via sem observar a presença dos outros veículos;Colisão transversal;Com Vítimas Feridas;Pleno dia;Crescente;Céu Claro;Simples;"Aclive;Reta";Não;3;0;0;1;1;1;1;3;-2,90818;-44,127811;SPRF-MA;DEL01-MA;UOP01-DEL01-MA