id;data_inversa;dia_semana;horario;uf;br;km;municipio;causa_acidente;tipo_acidente;classificacao_acidente;fase_dia;sentido_via;condicao_metereologica;tipo_pista;tracado_via;uso_solo;pessoas;mortos;feridos_leves;feridos_graves;ilesos;ignorados;feridos;veiculos;latitude;longitude;regional;delegacia;uop
585962;08/03/2024;sexta-feira;20:00:00;RJ;116;181;NOVA IGUACU;Manobra de mudança de faixa;Colisão lateral mesmo sentido;Com Vítimas Feridas;Plena Noite;Crescente;Céu Claro;Múltipla;Reta;Sim;2;0;1;0;1;0;1;2;-22,761312;-43,423492;SPRF-RJ;DEL06-RJ;UOP01-DEL06-RJ
585966;08/03/2024;sexta-feira;17:40:00;RJ;465;13;SEROPEDICA;Entrada inopinada do pedestre;Atropelamento de Pedestre;Com Vítimas Feridas;Anoitecer;Decrescente;Nublado;Simples;Reta;Sim;4;0;3;0;1;0;3;3;-22,798468;-43,645508;SPRF-RJ;DEL06-RJ;UOP02-DEL06-RJ
585967;08/03/2024;sexta-feira;17:28:00;RO;319;64;PORTO VELHO;Manobra de mudança de faixa;Colisão lateral mesmo sentido;Com Vítimas Feridas;Pleno dia;Crescente;Céu Claro;Dupla;Reta;Sim;3;0;2;0;1;0;2;2;-8,766685;-63,884052;SPRF-RO;DEL01-RO;UOP01-DEL01-RO
585968;08/03/2024;sexta-feira;20:10:00;SE;101;86;NOSSA SENHORA DO SOCORRO;Estacionar ou parar em local proibido;Colisão traseira;Com Vítimas Feridas;Plena Noite;Crescente;Céu Claro;Dupla;"Reta;Aclive";Não;2;0;0;1;1;0;1;2;-10,85236473;-37,13618222;SPRF-SE;DEL01-SE;UOP01-DEL01-SE
585969;08/03/2024;sexta-feira;20:20:00;MG;381;493,3;BETIM;Ausência de reação do condutor;Tombamento;Com Vítimas Feridas;Plena Noite;Crescente;Céu Claro;Múltipla;Reta;Sim;1;0;0;1;0;0;1;1;-19,964552;-44,172325;SPRF-MG;DEL01-MG;UOP03-DEL01-MG
585970;08/03/2024;sexta-feira;20:40:00;SP;381;35;ATIBAIA;Chuva;Tombamento;Sem Vítimas;Plena Noite;Decrescente;Chuva;Dupla;"Aclive;Reta";Não;1;0;0;0;1;0;0;1;-23,079939;-46,569862;SPRF-SP;DEL03-SP;UOP02-DEL03-SP
585973;08/03/2024;sexta-feira;19:45:00;BA;116;12,5;VITORIA DA CONQUISTA;Desrespeitar a preferência no cruzamento;Colisão transversal;Com Vítimas Feridas;Plena Noite;Decrescente;Nublado;Simples;Reta;Sim;2;0;1;0;1;0;1;2;-14,8846;-40,8707;SPRF-BA;DEL08-BA;UOP01-DEL08-BA
585978;08/03/2024;sexta-feira;21:20:00;MG;381;478,5;CONTAGEM;Entrada inopinada do pedestre;Atropelamento de Pedestre;Com Vítimas Fatais;Plena Noite;Decrescente;Céu Claro;Múltipla;"Reta;Declive";Sim;3;1;1;0;1;0;1;2;-19,9621456;-44,03911471;SPRF-MG;DEL01-MG;UOP03-DEL01-MG
585979;08/03/2024;sexta-feira;21:20:00;RS;116;250;SAO LEOPOLDO;Condutor deixou de manter distância do veículo da frente;Colisão traseira;Com Vítimas Feridas;Plena Noite;Crescente;Céu Claro;Dupla;Reta;Sim;4;0;1;0;3;0;1;2;-29,79148798;-51,16399615;SPRF-RS;DEL01-RS;UOP02-DEL01-RS
585980;08/03/2024;sexta-feira;20:30:00;RS;116;238;NOVO HAMBURGO;Pedestre cruzava a pista fora da faixa;Atropelamento de Pedestre;Com Vítimas Feridas;Plena Noite;Decrescente;Nublado;Dupla;Reta;Sim;3;0;1;0;2;0;1;2;-29,68739789;-51,14197352;SPRF-RS;DEL01-RS;UOP02-DEL01-RS
585981;08/03/2024;sexta-feira;20:45:00;BA;116;858;VITORIA DA CONQUISTA;Deixar de acionar o farol da motocicleta (ou similar);Colisão transversal;Sem Vítimas;Plena Noite;Crescente;Céu Claro;Simples;"Interseção de Vias;Rotatória";Não;2;0;0;0;1;1;0;2;-15,046301;-40,973644;SPRF-BA;DEL08-BA;UOP01-DEL08-BA
585982;08/03/2024;sexta-feira;17:30:00;SC;116;53,2;PAPANDUVA;Pista Escorregadia;Tombamento;Com Vítimas Feridas;Pleno dia;Crescente;Nublado;Simples;"Reta;Declive";Não;2;0;2;0;0;0;2;1;-26,39398399;-50,15735149;SPRF-SC;DEL06-SC;UOP01-DEL06-SC
585983;08/03/2024;sexta-feira;21:00:00;SC;116;206,2;PONTE ALTA;Ultrapassagem Indevida;Saída de leito carroçável;Sem Vítimas;Plena Noite;Decrescente;Chuva;Simples;"Curva;Declive";Sim;1;0;0;0;1;0;0;1;-27,47335386;-50,3816746;SPRF-SC;DEL05-SC;UOP03-DEL05-SC
585984;08/03/2024;sexta-feira;21:40:00;RS;116;146,8;CAXIAS DO SUL;Pedestre andava na pista;Atropelamento de Pedestre;Com Vítimas Feridas;Plena Noite;Crescente;Garoa/Chuvisco;Dupla;Reta;Sim;3;0;0;1;2;0;1;2;-29,14228897;-51,13622202;SPRF-RS;DEL05-RS;UOP01-DEL05-RS
585985;08/03/2024;sexta-feira;21:00:00;CE;222;74;SAO GONCALO DO AMARANTE;Ingestão de substâncias psicoativas pelo condutor;Saída de leito carroçável;Sem Vítimas;Plena Noite;Crescente;Céu Claro;Simples;Reta;Não;1;0;0;0;1;0;0;1;-3,6706332;-39,20640601;SPRF-CE;DEL01-CE;UOP03-DEL01-CE
585986;08/03/2024;sexta-feira;21:40:00;SC;101;335,4;TUBARAO;Ingestão de álcool pelo condutor;Saída de leito carroçável;Sem Vítimas;Plena Noite;Crescente;Garoa/Chuvisco;Simples;Interseção de Vias;Sim;1;0;0;0;1;0;0;1;-28,46927473;-49,01557908;SPRF-SC;DEL02-SC;UOP01-DEL02-SC
585987;08/03/2024;sexta-feira;22:45:00;RS;290;4,8;OSORIO;Ausência de reação do condutor;Saída de leito carroçável;Com Vítimas Feridas;Plena Noite;Decrescente;Nublado;Dupla;Reta;Sim;1;0;0;1;0;0;1;1;-29,898134;-50,31419;SPRF-RS;DEL03-RS;UOP01-DEL03-RS
585989;08/03/2024;sexta-feira;22:35:00;RN;101;97;NATAL;Manobra de mudança de faixa;Colisão lateral mesmo sentido;Com Vítimas Feridas;Plena Noite;Crescente;Céu Claro;Múltipla;Reta;Sim;3;0;1;0;2;0;1;2;-5,85758898;-35,21271205;SPRF-RN;DEL01-RN;UOP01-DEL01-RN
585991;08/03/2024;sexta-feira;16:30:00;MT;158;510,3;CANARANA;Velocidade Incompatível;Saída de leito carroçável;Com Vítimas Feridas;Anoitecer;Decrescente;Céu Claro;Simples;Reta;Não;1;0;0;1;0;0;1;1;-13,60919196;-51,94248804;SPRF-MT;DEL07-MT;UOP02-DEL07-MT
585992;08/03/2024;sexta-feira;22:10:00;RJ;101;294;ITABORAI;Reação tardia ou ineficiente do condutor;Colisão traseira;Com Vítimas Feridas;Plena Noite;Decrescente;Céu Claro;Dupla;Reta;Não;3;0;1;0;2;0;1;2;-22,7584434;-42,89502344;SPRF-RJ;DEL02-RJ;UOP02-DEL02-RJ
585993;08/03/2024;sexta-feira;22:00:00;CE;116;80;CHOROZINHO;Animais na Pista;Atropelamento de Animal;Com Vítimas Feridas;Plena Noite;Crescente;Garoa/Chuvisco;Simples;Reta;Não;1;0;0;1;0;0;1;1;-4,39558323;-38,42673827;SPRF-CE;DEL03-CE;UOP02-DEL03-CE
585994;08/03/2024;sexta-feira;13:00:00;MS;163;359,5;NOVA ALVORADA DO SUL;Ausência de reação do condutor;Colisão traseira;Com Vítimas Feridas;Pleno dia;Crescente;Nublado;Simples;Reta;Não;2;0;1;0;1;0;1;2;-21,51594796;-54,40122012;SPRF-MS;DEL02-MS;UOP01-DEL02-MS
585995;08/03/2024;sexta-feira;22:00:00;BA;116;17,5;VITORIA DA CONQUISTA;Ausência de reação do condutor;Colisão traseira;Com Vítimas Feridas;Plena Noite;Decrescente;Nublado;Simples;Reta;Sim;2;0;0;1;1;0;1;2;-14,90049705;-40,85420609;SPRF-BA;DEL08-BA;UOP01-DEL08-BA
585996;08/03/2024;sexta-feira;21:00:00;PB;434;8,1;UIRAUNA;Animais na Pista;Atropelamento de Animal;Com Vítimas Fatais;Plena Noite;Decrescente;Céu Claro;Simples;Aclive;Não;1;1;0;0;0;0;0;1;-6,45648691;-38,44497693;SPRF-PB;DEL03-PB;UOP03-DEL03-PB
585997;08/03/2024;sexta-feira;21:56:00;TO;230;45;NAZARE;Animais na Pista;Atropelamento de Animal;Sem Vítimas;Plena Noite;Decrescente;Céu Claro;Simples;Reta;Não;1;0;0;0;1;0;0;1;-6,35419789;-47,72181085;SPRF-TO;DEL02-TO;UOP03-DEL02-TO
585998;08/03/2024;sexta-feira;23:15:00;TO;153;673;GURUPI;Ingestão de álcool pelo condutor;Queda de ocupante de veículo;Com Vítimas Feridas;Plena Noite;Decrescente;Nublado;Dupla;"Em Obras;Interseção de Vias;Retorno Regulamentado";Sim;1;0;1;0;0;0;1;1;-11,73820383;-49,08104077;SPRF-TO;DEL01-TO;UOP02-DEL01-TO
585999;08/03/2024;sexta-feira;22:20:00;SC;101;123;ITAJAI;Velocidade Incompatível;Colisão com objeto;Sem Vítimas;Anoitecer;Decrescente;Céu Claro;Simples;"Reta;Rotatória";Sim;1;0;0;0;1;0;0;1;-26,93668609;-48,69876905;SPRF-SC;DEL04-SC;UOP04-DEL04-SC
586000;08/03/2024;sexta-feira;21:00:00;MA;135;73;SANTA RITA;Transitar na contramão;Colisão frontal;Com Vítimas Feridas;Plena Noite;Decrescente;Nublado;Simples;Reta;Não;3;0;1;0;1;1;1;2;-3,16549824;-44,33811857;SPRF-MA;DEL01-MA;UOP02-DEL01-MA
586001;08/03/2024;sexta-feira;22:30:00;RJ;40;114;DUQUE DE CAXIAS;Ultrapassagem Indevida;Colisão lateral mesmo sentido;Sem Vítimas;Plena Noite;Decrescente;Céu Claro;Dupla;Reta;Não;2;0;0;0;2;0;0;2;-22,71853604;-43,28993324;SPRF-RJ;DEL01-RJ;UOP02-DEL01-RJ
586003;09/03/2024;sábado;00:10:00;PR;376;626;SAO JOSE DOS PINHAIS;Ausência de reação do condutor;Colisão traseira;Com Vítimas Feridas;Plena Noite;Decrescente;Garoa/Chuvisco;Dupla;Reta;Não;3;0;1;0;2;0;1;2;-25,66095117;-49,15500053;SPRF-PR;DEL01-PR;UOP04-DEL01-PR
586004;08/03/2024;sexta-feira;23:05:00;SC;101;397,7;MARACAJA;Velocidade Incompatível;Colisão traseira;Com Vítimas Feridas;Plena Noite;Crescente;Céu Claro;Múltipla;Reta;Não;4;0;1;0;3;0;1;2;-28,845912;-49,432957;SPRF-SC;DEL02-SC;UOP02-DEL02-SC
586005;08/03/2024;sexta-feira;21:59:00;MS;163;276;DOURADOS;Ingestão de álcool pelo condutor;Tombamento;Com Vítimas Feridas;Plena Noite;Crescente;Céu Claro;Dupla;Rotatória;Não;1;0;1;0;0;0;1;1;-22,16094591;-54,64879607;SPRF-MS;DEL04-MS;UOP01-DEL04-MS
586006;08/03/2024;sexta-feira;21:30:00;SP;101;51;UBATUBA;Acessar a via sem observar a presença dos outros veículos;Colisão transversal;Com Vítimas Feridas;Plena Noite;Decrescente;Céu Claro;Simples;Reta;Sim;3;0;2;1;0;0;3;2;-23,45627795;-45,07111896;SPRF-SP;DEL06-SP;UOP01-DEL06-SP
586008;08/03/2024;sexta-feira;23:10:00;RJ;116;283;BARRA MANSA;Reação tardia ou ineficiente do condutor;Capotamento;Com Vítimas Feridas;Plena Noite;Decrescente;Chuva;Dupla;"Curva;Declive";Não;1;0;1;0;0;0;1;1;-22,51669896;-44,20814495;SPRF-RJ;DEL07-RJ;UOP02-DEL07-RJ
586009;08/03/2024;sexta-feira;21:40:00;PI;407;569;PAULISTANA;Acessar a via sem observar a presença dos outros veículos;Colisão transversal;Com Vítimas Feridas;Plena Noite;Decrescente;Céu Claro;Simples;Reta;Sim;3;0;2;0;0;1;2;2;-8,10274394;-41,16126883;SPRF-PI;DEL04-PI;UOP01-DEL04-PI
586011;08/03/2024;sexta-feira;20:20:00;RO;364;708;PORTO VELHO;Iluminação deficiente;Colisão com objeto;Com Vítimas Feridas;Plena Noite;Crescente;Nublado;Dupla;Reta;Sim;1;0;0;1;0;0;1;1;-8,79554083;-63,84072487;SPRF-RO;DEL01-RO;UOP01-DEL01-RO
586012;08/03/2024;sexta-feira;19:50:00;PR;153;376;RIO AZUL;Transitar na contramão;Colisão frontal;Sem Vítimas;Plena Noite;Crescente;Nublado;Simples;Curva;Não;2;0;0;0;2;0;0;2;-25,77257801;-50,84657489;SPRF-PR;DEL08-PR;UOP02-DEL08-PR
586013;08/03/2024;sexta-feira;23:00:00;RJ;493;93;SEROPEDICA;Demais falhas mecânicas ou elétricas;Incêndio;Sem Vítimas;Plena Noite;Decrescente;Céu Claro;Dupla;Reta;Não;2;0;0;0;1;1;0;2;-22,68498414;-43,67134094;SPRF-RJ;DEL01-RJ;UOP03-DEL01-RJ
586014;08/03/2024;sexta-feira;16:57:00;MS;359;52;COSTA RICA;Ausência de reação do condutor;Colisão com objeto;Com Vítimas Feridas;Anoitecer;Crescente;Chuva;Simples;Curva;Não;4;0;1;3;0;0;4;1;-18,39054791;-53,34615499;SPRF-MS;DEL06-MS;UOP01-DEL06-MS
586016;08/03/2024;sexta-feira;23:00:00;PE;101;44,1;ABREU E LIMA;Entrada inopinada do pedestre;Atropelamento de Pedestre;Com Vítimas Feridas;Plena Noite;Decrescente;Vento;Múltipla;Reta;Sim;2;0;1;0;1;0;1;2;-7,85637001;-34,90842109;SPRF-PE;DEL01-PE;UOP02-DEL01-PE
586017;09/03/2024;sábado;00:00:00;SC;280;79;CORUPA;Ausência de reação do condutor;Colisão transversal;Sem Vítimas;Pleno dia;Crescente;Chuva;Simples;Reta;Sim;2;0;0;0;2;0;0;2;-26,44657315;-49,20157809;SPRF-SC;DEL06-SC;UOP03-DEL06-SC
586018;09/03/2024;sábado;01:35:00;ES;101;134;LINHARES;Ausência de reação do condutor;Tombamento;Sem Vítimas;Plena Noite;Decrescente;Céu Claro;Simples;Reta;Não;2;0;0;0;0;2;0;1;-19,26602502;-40,08886123;SPRF-ES;DEL04-ES;UOP01-DEL04-ES
586019;09/03/2024;sábado;02:20:00;RS;116;257;ESTEIO;Acessar a via sem observar a presença dos outros veículos;Colisão lateral mesmo sentido;Sem Vítimas;Plena Noite;Decrescente;Céu Claro;Dupla;Reta;Sim;2;0;0;0;1;1;0;2;-29,85262195;-51,17968329;SPRF-RS;DEL01-RS;UOP02-DEL01-RS
586021;09/03/2024;sábado;00:15:00;SC;282;575;PINHALZINHO;Ingestão de álcool pelo condutor;Colisão frontal;Com Vítimas Feridas;Plena Noite;Crescente;Nevoeiro/Neblina;Simples;Reta;Não;3;0;1;2;0;0;3;2;-26,863194;-52,974529;SPRF-SC;DEL07-SC;UOP02-DEL07-SC
586023;09/03/2024;sábado;01:50:00;GO;60;191;GUAPO;Acumulo de água sobre o pavimento;Colisão com objeto;Sem Vítimas;Plena Noite;Decrescente;Chuva;Dupla;Reta;Não;1;0;0;0;1;0;0;1;-16,84285406;-49,54968279;SPRF-GO;DEL01-GO;UOP02-DEL01-GO
586025;09/03/2024;sábado;02:33:00;PE;101;77;JABOATAO DOS GUARARAPES;Acessar a via sem observar a presença dos outros veículos;Atropelamento de Pedestre;Com Vítimas Feridas;Plena Noite;Crescente;Céu Claro;Dupla;Reta;Sim;2;0;0;1;1;0;1;2;-8,126982;-34,94386;SPRF-PE;DEL01-PE;UOP01-DEL01-PE
586026;09/03/2024;sábado;03:00:00;PR;277;95,4;CURITIBA;Velocidade Incompatível;Saída de leito carroçável;Com Vítimas Feridas;Plena Noite;Decrescente;Chuva;Dupla;Curva;Sim;1;0;0;1;0;0;1;1;-25,54637135;-49,25847873;SPRF-PR;DEL01-PR;UOP06-DEL01-PR
586027;09/03/2024;sábado;02:20:00;PR;153;330,9;IRATI;Ausência de reação do condutor;Saída de leito carroçável;Sem Vítimas;Plena Noite;Crescente;Nublado;Dupla;"Curva;Aclive";Não;1;0;0;0;1;0;0;1;-25,464355;-50,62809;SPRF-PR;DEL08-PR;UOP02-DEL08-PR
586028;09/03/2024;sábado;01:45:00;MG;262;877,9;CAMPO FLORIDO;Reação tardia ou ineficiente do condutor;Colisão com objeto;Com Vítimas Feridas;Plena Noite;Decrescente;Céu Claro;Dupla;"Interseção de Vias;Reta";Não;1;0;1;0;0;0;1;1;-19,78486111;-48,52892005;SPRF-MG;DEL13-MG;UOP01-DEL13-MG
586031;09/03/2024;sábado;02:20:00;MA;135;14;SAO LUIS;Reação tardia ou ineficiente do condutor;Saída de leito carroçável;Com Vítimas Fatais;Plena Noite;Decrescente;Céu Claro;Dupla;Reta;Sim;2;1;1;0;0;0;1;1;-2,68792341;-44,30009651;SPRF-MA;DEL01-MA;UOP01-DEL01-MA
586032;09/03/2024;sábado;04:00:00;SC;101;205;SAO JOSE;Chuva;Saída de leito carroçável;Sem Vítimas;Plena Noite;Decrescente;Chuva;Múltipla;"Declive;Curva";Sim;1;0;0;0;0;1;0;1;-27,58313237;-48,61532885;SPRF-SC;DEL01-SC;UOP01-DEL01-SC
586034;09/03/2024;sábado;03:00:00;BA;324;622;SALVADOR;Condutor deixou de manter distância do veículo da frente;Colisão traseira;Com Vítimas Feridas;Plena Noite;Decrescente;Céu Claro;Dupla;Reta;Sim;3;0;1;0;1;1;1;2;-12,91888605;-38,46502095;SPRF-BA;DEL01-BA;UOP01-DEL01-BA
586035;09/03/2024;sábado;05:40:00;SP;153;61;SAO JOSE DO RIO PRETO;Avarias e/ou desgaste excessivo no pneu;Tombamento;Com Vítimas Feridas;Amanhecer;Crescente;Céu Claro;Dupla;"Declive;Reta";Sim;3;0;3;0;0;0;3;2;-20,80502876;-49,35574909;SPRF-SP;DEL09-SP;UOP01-DEL09-SP
586036;09/03/2024;sábado;05:30:00;SC;163;106;SAO JOSE DO CEDRO;Condutor Dormindo;Saída de leito carroçável;Sem Vítimas;Plena Noite;Decrescente;Céu Claro;Simples;Reta;Sim;1;0;0;0;1;0;0;1;-26,46209088;-53,5077059;SPRF-SC;DEL07-SC;UOP03-DEL07-SC
586037;09/03/2024;sábado;05:30:00;RJ;40;31,9;AREAL;Velocidade Incompatível;Colisão com objeto;Com Vítimas Feridas;Amanhecer;Decrescente;Céu Claro;Dupla;Curva;Não;3;0;3;0;0;0;3;1;-22,19245612;-43,16023202;SPRF-RJ;DEL05-RJ;UOP02-DEL05-RJ
586038;09/03/2024;sábado;05:50:00;CE;20;405;CAUCAIA;Reação tardia ou ineficiente do condutor;Queda de ocupante de veículo;Com Vítimas Feridas;Pleno dia;Crescente;Céu Claro;Simples;Reta;Sim;1;0;1;0;0;0;1;1;-3,7740804;-38,6780848;SPRF-CE;DEL01-CE;UOP01-DEL01-CE
586043;09/03/2024;sábado;00:45:00;SC;280;71;JARAGUA DO SUL;Ausência de reação do condutor;Capotamento;Sem Vítimas;Plena Noite;Crescente;Chuva;Simples;Reta;Não;1;0;0;0;0;1;0;1;-26,46151693;-49,13480597;SPRF-SC;DEL03-SC;UOP03-DEL03-SC
586044;09/03/2024;sábado;03:00:00;PR;277;158;PORTO AMAZONAS;Reação tardia ou ineficiente do condutor;Saída de leito carroçável;Com Vítimas Feridas;Plena Noite;Decrescente;Nublado;Simples;Reta;Não;1;0;1;0;0;0;1;1;-25,4742;-49,8903;SPRF-PR;DEL03-PR;UOP03-DEL03-PR
586045;09/03/2024;sábado;06:00:00;SC;101;99,8;BALNEARIO PICARRAS;Pedestre andava na pista;Atropelamento de Pedestre;Com Vítimas Fatais;Amanhecer;Decrescente;Chuva;Dupla;Reta;Não;2;1;0;0;1;0;0;2;-26,7548616;-48,6897615;SPRF-SC;DEL03-SC;UOP02-DEL03-SC
586046;09/03/2024;sábado;06:20:00;SC;101;89;BARRA VELHA;Ausência de reação do condutor;Saída de leito carroçável;Sem Vítimas;Amanhecer;Decrescente;Nublado;Múltipla;Reta;Sim;1;0;0;0;0;1;0;1;-26,65175997;-48,68721921;SPRF-SC;DEL03-SC;UOP02-DEL03-SC
586047;09/03/2024;sábado;03:50:00;SC;470;301;CAMPOS NOVOS;Reação tardia ou ineficiente do condutor;Colisão com objeto;Com Vítimas Feridas;Plena Noite;Crescente;Céu Claro;Simples;Reta;Não;2;0;1;0;1;0;1;1;-27,373833;-51,056301;SPRF-SC;DEL07-SC;UOP06-DEL07-SC
586048;09/03/2024;sábado;07:20:00;RS;468;105,4;TRES PASSOS;Acessar a via sem observar a presença dos outros veículos;Colisão transversal;Com Vítimas Feridas;Pleno dia;Decrescente;Nevoeiro/Neblina;Simples;"Interseção de Vias;Rotatória";Não;2;0;1;0;1;0;1;2;-27,43999;-53,95105;SPRF-RS;DEL08-RS;UOP02-DEL08-RS
586052;09/03/2024;sábado;06:50:00;TO;10;459;PALMAS;Velocidade Incompatível;Colisão traseira;Com Vítimas Feridas;Pleno dia;Decrescente;Sol;Dupla;Aclive;Não;4;0;1;1;2;0;2;2;-10,18953902;-48,17153202;SPRF-TO;DEL01-TO;UOP03-DEL01-TO
586053;09/03/2024;sábado;07:30:00;MG;381;859;POUSO ALEGRE;Falta de elemento de contenção que evite a saída do leito carroçável;Saída de leito carroçável;Sem Vítimas;Pleno dia;Crescente;Nublado;Dupla;Reta;Não;1;0;0;0;1;0;0;1;-22,31062387;-45,90262985;SPRF-MG;DEL16-MG;UOP01-DEL16-MG
586055;09/03/2024;sábado;07:50:00;MG;381;482;BETIM;Demais falhas mecânicas ou elétricas;Tombamento;Com Vítimas Feridas;Pleno dia;Crescente;Céu Claro;Múltipla;"Declive;Curva";Sim;2;0;2;0;0;0;2;1;-19,955532;-44,097209;SPRF-MG;DEL01-MG;UOP03-DEL01-MG
586057;09/03/2024;sábado;07:10:00;CE;116;27;ITAITINGA;Ausência de reação do condutor;Colisão traseira;Com Vítimas Feridas;Pleno dia;Crescente;Céu Claro;Dupla;Reta;Não;2;0;1;0;1;0;1;2;-3,98418708;-38,5151357;SPRF-CE;DEL01-CE;UOP02-DEL01-CE
586058;09/03/2024;sábado;07:27:00;RN;101;94;NATAL;Desrespeitar a preferência no cruzamento;Colisão transversal;Com Vítimas Feridas;Pleno dia;Crescente;Céu Claro;Dupla;Interseção de Vias;Sim;2;0;1;0;1;0;1;2;-5,83176615;-35,21191342;SPRF-RN;DEL01-RN;UOP01-DEL01-RN
586059;09/03/2024;sábado;07:30:00;GO;40;31;LUZIANIA;Ingestão de álcool pelo condutor;Saída de leito carroçável;Sem Vítimas;Pleno dia;Crescente;Céu Claro;Dupla;Reta;Não;1;0;0;0;1;0;0;1;-16,284329;-47,857156;SPRF-DF;DEL01-DF;UOP01-DEL01-DF
586061;09/03/2024;sábado;03:40:00;SC;280;78,6;CORUPA;Transitar na contramão;Colisão frontal;Com Vítimas Fatais;Plena Noite;Decrescente;Garoa/Chuvisco;Simples;Reta;Não;2;1;0;1;0;0;1;2;-26,45019273;-49,1935729;SPRF-SC;DEL06-SC;UOP03-DEL06-SC
586062;09/03/2024;sábado;05:30:00;AL;316;33;CANAPI;Ingestão de álcool pelo condutor;Colisão traseira;Com Vítimas Fatais;Amanhecer;Decrescente;Céu Claro;Simples;Reta;Não;4;1;0;1;2;0;1;2;-9,11141212;-37,62653703;SPRF-AL;DEL03-AL;UOP02-DEL03-AL
586064;09/03/2024;sábado;05:50:00;SC;280;78,6;CORUPA;Ausência de reação do condutor;Colisão traseira;Com Vítimas Feridas;Amanhecer;Decrescente;Garoa/Chuvisco;Simples;Reta;Não;2;0;0;1;1;0;1;2;-26,45019273;-49,1935729;SPRF-SC;DEL06-SC;UOP03-DEL06-SC
586065;09/03/2024;sábado;08:20:00;MG;116;764,9;LEOPOLDINA;Acessar a via sem observar a presença dos outros veículos;Colisão transversal;Com Vítimas Feridas;Pleno dia;Crescente;Nublado;Simples;Interseção de Vias;Sim;2;0;1;0;1;0;1;2;-21,52171912;-42,64030314;SPRF-MG;DEL07-MG;UOP01-DEL07-MG
586067;09/03/2024;sábado;02:00:00;RJ;493;21;MAGE;Problema com o freio;Queda de ocupante de veículo;Com Vítimas Feridas;Plena Noite;Crescente;Garoa/Chuvisco;Simples;Reta;Não;1;0;1;0;0;0;1;1;-22,65716;-43,062677;SPRF-RJ;DEL04-RJ;UOP02-DEL04-RJ
586068;09/03/2024;sábado;07:40:00;SC;282;5,8;SAO JOSE;Ausência de reação do condutor;Colisão com objeto;Com Vítimas Feridas;Pleno dia;Crescente;Garoa/Chuvisco;Dupla;"Declive;Curva";Sim;1;0;1;0;0;0;1;1;-27,58490372;-48,61765439;SPRF-SC;DEL01-SC;UOP01-DEL01-SC
586069;09/03/2024;sábado;07:40:00;RJ;40;22;TRES RIOS;Velocidade Incompatível;Colisão traseira;Com Vítimas Feridas;Pleno dia;Decrescente;Céu Claro;Dupla;Reta;Sim;3;0;1;0;2;0;1;2;-22,12244792;-43,1568498;SPRF-RJ;DEL05-RJ;UOP02-DEL05-RJ
586071;09/03/2024;sábado;02:30:00;MG;381;881;ESTIVA;Ingestão de álcool pelo condutor;Saída de leito carroçável;Sem Vítimas;Plena Noite;Crescente;Nublado;Simples;Reta;Não;1;0;0;0;1;0;0;1;-22,51533401;-46,02134878;SPRF-MG;DEL16-MG;UOP03-DEL16-MG
586072;09/03/2024;sábado;08:05:00;RS;386;22,6;FREDERICO WESTPHALEN;Ingestão de álcool pelo condutor;Saída de leito carroçável;Com Vítimas Feridas;Pleno dia;Decrescente;Nevoeiro/Neblina;Simples;Curva;Não;1;0;1;0;0;0;1;1;-27,27857443;-53,35499525;SPRF-RS;DEL08-RS;UOP02-DEL08-RS
586074;09/03/2024;sábado;08:00:00;DF;20;2;BRASILIA;Frear bruscamente;Saída de leito carroçável;Sem Vítimas;Pleno dia;Crescente;Céu Claro;Dupla;Reta;Sim;2;0;0;0;2;0;0;1;-15,682896;-47,840729;SPRF-DF;DEL02-DF;UOP01-DEL02-DF
586076;09/03/2024;sábado;09:10:00;SC;101;315,8;LAGUNA;Acesso irregular;Tombamento;Com Vítimas Feridas;Pleno dia;Decrescente;Céu Claro;Simples;"Reta;Declive";Não;1;0;1;0;0;0;1;1;-28,42904239;-48,84257464;SPRF-SC;DEL02-SC;UOP01-DEL02-SC
586077;09/03/2024;sábado;09:30:00;ES;101;360,9;ANCHIETA;Acessar a via sem observar a presença dos outros veículos;Colisão transversal;Com Vítimas Feridas;Pleno dia;Crescente;Céu Claro;Simples;Curva;Não;2;0;1;0;1;0;1;2;-20,7043621;-40,71735486;SPRF-ES;DEL03-ES;UOP01-DEL03-ES
586079;09/03/2024;sábado;09:28:00;MG;40;625,4;CONSELHEIRO LAFAIETE;Pedestre andava na pista;Atropelamento de Pedestre;Com Vítimas Fatais;Pleno dia;Crescente;Sol;Simples;"Declive;Reta";Não;2;1;0;0;1;0;0;2;-20,62752;-43,80871;SPRF-MG;DEL05-MG;UOP02-DEL05-MG
586080;09/03/2024;sábado;09:50:00;SC;101;276,5;IMBITUBA;Reação tardia ou ineficiente do condutor;Colisão transversal;Com Vítimas Feridas;Pleno dia;Decrescente;Nublado;Múltipla;Interseção de Vias;Sim;2;0;0;1;1;0;1;2;-28,16020174;-48,69298339;SPRF-SC;DEL02-SC;UOP03-DEL02-SC
586082;09/03/2024;sábado;06:30:00;MT;174;152;GLORIA DOESTE;Ausência de reação do condutor;Queda de ocupante de veículo;Com Vítimas Feridas;Amanhecer;Crescente;Céu Claro;Simples;Reta;Não;1;0;1;0;0;0;1;1;-15,81306921;-58,32394002;SPRF-MT;DEL03-MT;UOP01-DEL03-MT