id;data_inversa;dia_semana;horario;uf;br;km;municipio;causa_acidente;tipo_acidente;classificacao_acidente;fase_dia;sentido_via;condicao_metereologica;tipo_pista;tracado_via;uso_solo;pessoas;mortos;feridos_leves;feridos_graves;ilesos;ignorados;feridos;veiculos;latitude;longitude;regional;delegacia;uop
586087;09/03/2024;sábado;10:10:00;ES;101;98;JAGUARE;Ultrapassagem Indevida;Colisão transversal;Com Vítimas Feridas;Pleno dia;Crescente;Céu Claro;Simples;Reta;Não;2;0;0;1;1;0;1;2;-18,96368507;-39,98757584;SPRF-ES;DEL04-ES;UOP02-DEL04-ES
586088;09/03/2024;sábado;10:33:00;MA;10;249;IMPERATRIZ;Acessar a via sem observar a presença dos outros veículos;Colisão lateral mesmo sentido;Com Vítimas Feridas;Pleno dia;Crescente;Céu Claro;Múltipla;Reta;Sim;3;0;0;2;1;0;2;2;-5,558508;-47,45417;SPRF-MA;DEL04-MA;UOP01-DEL04-MA
586090;09/03/2024;sábado;04:00:00;CE;230;21,9;IPAUMIRIM;Ingestão de álcool pelo condutor;Saída de leito carroçável;Com Vítimas Feridas;Amanhecer;Decrescente;Céu Claro;Simples;Curva;Não;1;0;0;1;0;0;1;1;-6,74852;-38,81214;SPRF-CE;DEL05-CE;UOP01-DEL05-CE
586091;09/03/2024;sábado;05:30:00;MG;365;821;SANTA VITORIA;Velocidade Incompatível;Colisão com objeto;Com Vítimas Feridas;Pleno dia;Crescente;Céu Claro;Simples;"Interseção de Vias;Declive";Não;1;0;0;1;0;0;1;1;-18,87583416;-50,10508502;SPRF-MG;DEL15-MG;UOP03-DEL15-MG
586093;09/03/2024;sábado;11:00:00;GO;60;227,6;CEZARINA;Condutor Dormindo;Saída de leito carroçável;Com Vítimas Feridas;Pleno dia;Crescente;Céu Claro;Dupla;Declive;Não;1;0;0;1;0;0;1;1;-17,0331;-49,7777;SPRF-GO;DEL01-GO;UOP02-DEL01-GO
586094;09/03/2024;sábado;11:30:00;GO;70;8,7;AGUAS LINDAS DE GOIAS;Reação tardia ou ineficiente do condutor;Colisão traseira;Com Vítimas Feridas;Pleno dia;Crescente;Céu Claro;Dupla;Reta;Sim;2;0;1;0;1;0;1;2;-15,73733681;-48,27407468;SPRF-DF;DEL03-DF;UOP02-DEL03-DF
586095;09/03/2024;sábado;10:56:00;RN;304;298;MACAIBA;Manobra de mudança de faixa;Colisão lateral mesmo sentido;Com Vítimas Feridas;Pleno dia;Crescente;Céu Claro;Dupla;Reta;Não;8;0;2;0;6;0;2;3;-5,869462;-35,329167;SPRF-RN;DEL01-RN;UOP02-DEL01-RN
586096;09/03/2024;sábado;11:00:00;ES;101;271,5;SERRA;Acessar a via sem observar a presença dos outros veículos;Queda de ocupante de veículo;Com Vítimas Feridas;Pleno dia;Decrescente;Céu Claro;Múltipla;Reta;Sim;3;0;1;1;0;1;2;2;-20,23267;-40,27658;SPRF-ES;DEL02-ES;UOP01-DEL02-ES
586098;09/03/2024;sábado;11:46:00;SC;101;205,9;SAO JOSE;Ausência de reação do condutor;Colisão traseira;Com Vítimas Feridas;Pleno dia;Crescente;Nublado;Dupla;Reta;Sim;4;0;1;0;1;2;1;4;-27,59143444;-48,61805856;SPRF-SC;DEL01-SC;UOP01-DEL01-SC
586099;09/03/2024;sábado;12:25:00;SP;116;279;EMBU DAS ARTES;Ausência de reação do condutor;Colisão traseira;Com Vítimas Feridas;Pleno dia;Crescente;Céu Claro;Dupla;Reta;Sim;2;0;1;0;1;0;1;2;-23,66233697;-46,85292907;SPRF-SP;DEL04-SP;UOP01-DEL04-SP
586100;09/03/2024;sábado;06:40:00;RS;116;418;CAMAQUA;Ausência de reação do condutor;Saída de leito carroçável;Sem Vítimas;Pleno dia;Crescente;Céu Claro;Simples;Reta;Não;1;0;0;0;1;0;0;1;-30,95241694;-51,96069403;SPRF-RS;DEL02-RS;UOP02-DEL02-RS
586103;09/03/2024;sábado;11:15:00;SC;101;102,6;BALNEARIO PICARRAS;Ausência de reação do condutor;Colisão traseira;Com Vítimas Feridas;Pleno dia;Crescente;Céu Claro;Dupla;Reta;Sim;2;0;0;1;1;0;1;2;-26,77383397;-48,68594062;SPRF-SC;DEL03-SC;UOP02-DEL03-SC
586104;09/03/2024;sábado;12:55:00;SE;235;0,6;ARACAJU;Ingestão de álcool pelo condutor;Atropelamento de Pedestre;Com Vítimas Feridas;Pleno dia;Crescente;Céu Claro;Múltipla;Reta;Sim;2;0;0;1;1;0;1;2;-10,9073;-37,0947;SPRF-SE;DEL01-SE;UOP01-DEL01-SE
586107;09/03/2024;sábado;12:40:00;PR;277;720,8;FOZ DO IGUACU;Reação tardia ou ineficiente do condutor;Colisão traseira;Com Vítimas Feridas;Pleno dia;Crescente;Garoa/Chuvisco;Dupla;"Retorno Regulamentado;Reta";Sim;4;0;1;0;3;0;1;2;-25,48750984;-54,50317706;SPRF-PR;DEL05-PR;UOP03-DEL05-PR
586108;09/03/2024;sábado;10:20:00;RS;116;333;BARRA DO RIBEIRO;Ausência de reação do condutor;Queda de ocupante de veículo;Com Vítimas Feridas;Pleno dia;Crescente;Céu Claro;Dupla;Curva;Não;1;0;1;0;0;0;1;1;-30,40262929;-51,44811873;SPRF-RS;DEL02-RS;UOP02-DEL02-RS
586110;09/03/2024;sábado;12:30:00;GO;40;22,3;LUZIANIA;Acessar a via sem observar a presença dos outros veículos;Colisão transversal;Com Vítimas Feridas;Pleno dia;Decrescente;Céu Claro;Dupla;"Retorno Regulamentado;Reta";Sim;3;0;1;0;2;0;1;2;-16,227484;-47,914109;SPRF-DF;DEL01-DF;UOP01-DEL01-DF
586111;09/03/2024;sábado;13:20:00;PB;230;19,1;JOAO PESSOA;Demais falhas mecânicas ou elétricas;Tombamento;Com Vítimas Feridas;Pleno dia;Crescente;Céu Claro;Dupla;Curva;Sim;1;0;0;1;0;0;1;1;-7,1281;-34,8466;SPRF-PB;DEL01-PB;UOP01-DEL01-PB
586112;09/03/2024;sábado;11:20:00;SC;101;12,2;GARUVA;Condutor deixou de manter distância do veículo da frente;Colisão traseira;Com Vítimas Feridas;Pleno dia;Crescente;Nublado;Dupla;"Reta;Aclive";Não;3;0;0;1;2;0;1;3;-26,08104399;-48,86175612;SPRF-SC;DEL03-SC;UOP01-DEL03-SC
586113;09/03/2024;sábado;13:25:00;SE;235;16;NOSSA SENHORA DO SOCORRO;Velocidade Incompatível;Colisão frontal;Com Vítimas Feridas;Pleno dia;Crescente;Céu Claro;Simples;Curva;Não;4;0;3;0;1;0;3;2;-10,852552;-37,192886;SPRF-SE;DEL01-SE;UOP02-DEL01-SE
586114;09/03/2024;sábado;13:13:00;RJ;393;282,7;VOLTA REDONDA;Conversão proibida;Tombamento;Com Vítimas Feridas;Pleno dia;Crescente;Céu Claro;Simples;"Aclive;Reta";Sim;2;0;1;0;1;0;1;2;-22,48082784;-44,04047201;SPRF-RJ;DEL05-RJ;UOP04-DEL05-RJ
586116;09/03/2024;sábado;03:00:00;MA;135;109;ITAPECURU MIRIM;Ausência de reação do condutor;Saída de leito carroçável;Com Vítimas Fatais;Plena Noite;Crescente;Ignorado;Simples;"Declive;Reta";Não;1;1;0;0;0;0;0;1;-3,42671872;-44,51781548;SPRF-MA;DEL01-MA;UOP02-DEL01-MA
586117;09/03/2024;sábado;09:00:00;SC;101;137;BALNEARIO CAMBORIU;Reação tardia ou ineficiente do condutor;Colisão traseira;Com Vítimas Feridas;Pleno dia;Decrescente;Nublado;Dupla;Reta;Sim;4;0;1;0;3;0;1;2;-27,0157238;-48,61192763;SPRF-SC;DEL04-SC;UOP03-DEL04-SC
586118;09/03/2024;sábado;13:20:00;SC;280;129;RIO NEGRINHO;Acessar a via sem observar a presença dos outros veículos;Colisão frontal;Sem Vítimas;Pleno dia;Decrescente;Céu Claro;Simples;"Interseção de Vias;Curva";Sim;2;0;0;0;2;0;0;2;-26,24586437;-49,52284615;SPRF-SC;DEL06-SC;UOP03-DEL06-SC
586119;09/03/2024;sábado;14:15:00;GO;50;311;CUMARI;Reação tardia ou ineficiente do condutor;Colisão com objeto;Com Vítimas Feridas;Pleno dia;Crescente;Céu Claro;Simples;Rotatória;Não;2;0;2;0;0;0;2;1;-18,4065;-48,08;SPRF-GO;DEL06-GO;UOP01-DEL06-GO
586121;09/03/2024;sábado;14:20:00;SC;282;5,8;SAO JOSE;Manobra de mudança de faixa;Colisão lateral mesmo sentido;Com Vítimas Feridas;Pleno dia;Decrescente;Nublado;Múltipla;Curva;Não;3;0;1;1;1;0;2;2;-27,588425;-48,612919;SPRF-SC;DEL01-SC;UOP01-DEL01-SC
586122;09/03/2024;sábado;13:15:00;PR;116;86;PIRAQUARA;Reação tardia ou ineficiente do condutor;Colisão com objeto;Com Vítimas Feridas;Pleno dia;Decrescente;Sol;Simples;Curva;Não;2;0;1;0;1;0;1;1;-25,46218461;-49,08966064;SPRF-PR;DEL01-PR;UOP07-DEL01-PR
586123;09/03/2024;sábado;07:30:00;MG;116;614,5;ORIZANIA;Acessar a via sem observar a presença dos outros veículos;Colisão transversal;Com Vítimas Feridas;Pleno dia;Crescente;Céu Claro;Simples;Reta;Não;5;0;4;1;0;0;5;2;-20,46007597;-42,17461559;SPRF-MG;DEL07-MG;UOP02-DEL07-MG
586127;09/03/2024;sábado;15:00:00;CE;20;86,8;TAUA;Ingestão de álcool pelo condutor;Tombamento;Com Vítimas Feridas;Pleno dia;Crescente;Céu Claro;Simples;Reta;Sim;1;0;0;1;0;0;1;1;-5,98845837;-40,26745964;SPRF-CE;DEL02-CE;UOP02-DEL02-CE
586129;09/03/2024;sábado;15:30:00;PR;277;136;BALSA NOVA;Ausência de sinalização;Saída de leito carroçável;Com Vítimas Feridas;Pleno dia;Decrescente;Nublado;Dupla;Reta;Não;2;0;2;0;0;0;2;1;-25,47287829;-49,69805002;SPRF-PR;DEL03-PR;UOP03-DEL03-PR
586131;09/03/2024;sábado;15:40:00;BA;242;865;BARREIRAS;Reação tardia ou ineficiente do condutor;Colisão traseira;Sem Vítimas;Pleno dia;Crescente;Céu Claro;Simples;Reta;Não;5;0;0;0;5;0;0;2;-12;-45;SPRF-BA;DEL10-BA;UOP01-DEL10-BA
586132;09/03/2024;sábado;13:40:00;SC;480;131;CHAPECO;Reação tardia ou ineficiente do condutor;Colisão traseira;Sem Vítimas;Pleno dia;Decrescente;Nublado;Simples;"Aclive;Reta";Sim;3;0;0;0;2;1;0;3;-27,06350835;-52,63153374;SPRF-SC;DEL07-SC;UOP01-DEL07-SC
586134;09/03/2024;sábado;09:45:00;SC;101;225;PALHOCA;Ingestão de álcool pelo condutor;Capotamento;Sem Vítimas;Pleno dia;Crescente;Nublado;Dupla;Reta;Não;1;0;0;0;0;1;0;1;-27,73292191;-48,6409567;SPRF-SC;DEL01-SC;UOP02-DEL01-SC
586135;08/03/2024;sexta-feira;20:05:00;SC;470;12,6;NAVEGANTES;Reação tardia ou ineficiente do condutor;Saída de leito carroçável;Com Vítimas Feridas;Plena Noite;Decrescente;Chuva;Dupla;Interseção de Vias;Não;3;0;2;0;1;0;2;1;-26,835169;-48,757267;SPRF-SC;DEL04-SC;UOP04-DEL04-SC
586136;09/03/2024;sábado;15:45:00;PB;230;12;CABEDELO;Avarias e/ou desgaste excessivo no pneu;Tombamento;Com Vítimas Feridas;Pleno dia;Crescente;Sol;Dupla;"Em Obras;Reta";Sim;2;0;1;1;0;0;2;1;-7,068;-34,85;SPRF-PB;DEL01-PB;UOP01-DEL01-PB
586137;09/03/2024;sábado;13:15:00;RO;364;422,8;JARU;Conversão proibida;Colisão lateral mesmo sentido;Com Vítimas Feridas;Pleno dia;Decrescente;Sol;Simples;"Em Obras;Reta";Sim;2;0;1;0;1;0;1;2;-10,4597532;-62,4558043;SPRF-RO;DEL03-RO;UOP02-DEL03-RO
586138;09/03/2024;sábado;12:25:00;RJ;465;19;SEROPEDICA;Reação tardia ou ineficiente do condutor;Colisão transversal;Com Vítimas Feridas;Pleno dia;Crescente;Céu Claro;Simples;Reta;Sim;3;0;1;1;1;0;2;2;-22,839184;-43,610451;SPRF-RJ;DEL06-RJ;UOP02-DEL06-RJ
586139;09/03/2024;sábado;16:25:00;RN;101;85,2;NATAL;Faixas de trânsito com largura insuficiente;Colisão lateral mesmo sentido;Com Vítimas Feridas;Pleno dia;Crescente;Céu Claro;Dupla;"Em Obras;Ponte;Desvio Temporário";Sim;3;0;2;0;0;1;2;2;-5,777664;-35,24937;SPRF-RN;DEL02-RN;UOP01-DEL02-RN
586140;09/03/2024;sábado;14:30:00;BA;101;188;SAO GONCALO DOS CAMPOS;Condutor deixou de manter distância do veículo da frente;Saída de leito carroçável;Sem Vítimas;Pleno dia;Decrescente;Céu Claro;Simples;Reta;Não;1;0;0;0;0;1;0;1;-12,3755067;-38,8781819;SPRF-BA;DEL01-BA;UOP03-DEL01-BA
586143;09/03/2024;sábado;15:10:00;PR;153;1;JACAREZINHO;Desrespeitar a preferência no cruzamento;Colisão transversal;Com Vítimas Feridas;Pleno dia;Decrescente;Nublado;Simples;"Interseção de Vias;Reta";Não;2;0;1;0;1;0;1;2;-23,002905;-49,908333;SPRF-PR;DEL07-PR;UOP04-DEL07-PR
586144;09/03/2024;sábado;16:10:00;PR;376;158;MANDAGUACU;Ingestão de álcool pelo condutor;Tombamento;Com Vítimas Feridas;Pleno dia;Crescente;Céu Claro;Dupla;Curva;Sim;1;0;1;0;0;0;1;1;-23,36169997;-52,08593395;SPRF-PR;DEL09-PR;UOP01-DEL09-PR
586145;09/03/2024;sábado;16:36:00;SP;116;219;GUARULHOS;Objeto estático sobre o leito carroçável;Eventos atípicos;Com Vítimas Feridas;Pleno dia;Decrescente;Céu Claro;Múltipla;Reta;Sim;1;0;1;0;0;0;1;1;-23,46143954;-46,48885316;SPRF-SP;DEL01-SP;UOP01-DEL01-SP
586147;09/03/2024;sábado;16:00:00;RS;116;154;CAXIAS DO SUL;Reação tardia ou ineficiente do condutor;Saída de leito carroçável;Sem Vítimas;Pleno dia;Crescente;Chuva;Simples;Reta;Sim;1;0;0;0;1;0;0;1;-29,19074818;-51,18073734;SPRF-RS;DEL05-RS;UOP01-DEL05-RS
586148;09/03/2024;sábado;16:50:00;SP;116;327;JUQUITIBA;Demais falhas mecânicas ou elétricas;Incêndio;Sem Vítimas;Pleno dia;Decrescente;Céu Claro;Dupla;Curva;Não;1;0;0;0;1;0;0;1;-23,93596456;-47,07098892;SPRF-SP;DEL04-SP;UOP03-DEL04-SP
586149;09/03/2024;sábado;15:00:00;DF;20;18;BRASILIA;Ausência de reação do condutor;Queda de ocupante de veículo;Com Vítimas Feridas;Pleno dia;Crescente;Céu Claro;Dupla;"Declive;Reta";Sim;1;0;0;1;0;0;1;1;-15,616901;-47,708927;SPRF-DF;DEL02-DF;UOP01-DEL02-DF
586150;09/03/2024;sábado;16:40:00;SC;470;267;CURITIBANOS;Avarias e/ou desgaste excessivo no pneu;Saída de leito carroçável;Com Vítimas Feridas;Pleno dia;Decrescente;Nublado;Dupla;Curva;Não;1;0;1;0;0;0;1;1;-27,312983;-50,73885;SPRF-SC;DEL05-SC;UOP03-DEL05-SC
586152;09/03/2024;sábado;10:20:00;RS;285;614,4;SANTO ANTONIO DAS MISSOES;Ultrapassagem Indevida;Colisão lateral sentido oposto;Sem Vítimas;Pleno dia;Decrescente;Chuva;Simples;Reta;Não;2;0;0;0;2;0;0;2;-28,496275;-55,426327;SPRF-RS;DEL12-RS;UOP01-DEL12-RS
586153;09/03/2024;sábado;17:15:00;MG;40;737,9;SANTOS DUMONT;Ausência de reação do condutor;Queda de ocupante de veículo;Com Vítimas Feridas;Pleno dia;Decrescente;Céu Claro;Simples;Curva;Não;2;0;2;0;0;0;2;1;-21,38880304;-43,56910622;SPRF-MG;DEL05-MG;UOP01-DEL05-MG
586154;09/03/2024;sábado;15:15:00;RS;470;261,5;SALVADOR DO SUL;Velocidade Incompatível;Saída de leito carroçável;Com Vítimas Feridas;Pleno dia;Crescente;Céu Claro;Simples;"Declive;Curva";Não;1;0;0;1;0;0;1;1;-29,46783998;-51,48973889;SPRF-RS;DEL06-RS;UOP01-DEL06-RS
586155;09/03/2024;sábado;17:58:00;RN;110;37;MOSSORO;Animais na Pista;Queda de ocupante de veículo;Com Vítimas Feridas;Anoitecer;Crescente;Céu Claro;Simples;Reta;Não;2;0;2;0;0;0;2;1;-5,16901854;-37,24433401;SPRF-RN;DEL04-RN;UOP01-DEL04-RN
586157;09/03/2024;sábado;18:15:00;PE;101;69,4;RECIFE;Manobra de mudança de faixa;Queda de ocupante de veículo;Com Vítimas Feridas;Plena Noite;Crescente;Céu Claro;Dupla;"Interseção de Vias;Reta";Sim;3;0;2;0;0;1;2;2;-8,05951606;-34,94581024;SPRF-PE;DEL01-PE;UOP01-DEL01-PE
586158;09/03/2024;sábado;14:50:00;SC;101;57,5;ARAQUARI;Reação tardia ou ineficiente do condutor;Colisão com objeto;Com Vítimas Feridas;Pleno dia;Crescente;Nublado;Simples;"Rotatória;Aclive;Curva;Viaduto";Não;1;0;1;0;0;0;1;1;-26,43646093;-48,81113029;SPRF-SC;DEL03-SC;UOP01-DEL03-SC
586159;09/03/2024;sábado;17:55:00;PR;158;533,9;PATO BRANCO;Condutor deixou de manter distância do veículo da frente;Colisão traseira;Sem Vítimas;Pleno dia;Crescente;Chuva;Simples;"Declive;Curva";Sim;3;0;0;0;3;0;0;3;-26,22573662;-52,68875599;SPRF-PR;DEL02-PR;UOP01-DEL02-PR
586162;09/03/2024;sábado;18:48:00;RN;226;7;NATAL;Condutor deixou de manter distância do veículo da frente;Colisão traseira;Com Vítimas Feridas;Plena Noite;Crescente;Céu Claro;Simples;Curva;Não;2;0;1;0;1;0;1;2;-5,82773209;-35,28005834;SPRF-RN;DEL01-RN;UOP02-DEL01-RN
586163;09/03/2024;sábado;18:55:00;GO;60;388;RIO VERDE;Ingestão de álcool pelo condutor;Saída de leito carroçável;Com Vítimas Feridas;Plena Noite;Decrescente;Chuva;Dupla;Reta;Sim;1;0;1;0;0;0;1;1;-17,8151;-50,9343;SPRF-GO;DEL04-GO;UOP02-DEL04-GO
586165;09/03/2024;sábado;18:14:00;PE;101;141;RIBEIRAO;Objeto estático sobre o leito carroçável;Capotamento;Com Vítimas Feridas;Plena Noite;Decrescente;Nublado;Simples;Curva;Não;1;0;1;0;0;0;1;1;-8,44036591;-35,33550739;SPRF-PE;DEL01-PE;UOP03-DEL01-PE
586166;09/03/2024;sábado;14:00:00;MG;116;373,9;FREI INOCENCIO;Demais falhas na via;Colisão com objeto;Sem Vítimas;Pleno dia;Crescente;Céu Claro;Múltipla;Reta;Sim;2;0;0;0;2;0;0;1;-18,56390406;-41,90695775;SPRF-MG;DEL11-MG;UOP01-DEL11-MG
586168;09/03/2024;sábado;18:50:00;PB;230;112;INGA;Avarias e/ou desgaste excessivo no pneu;Queda de ocupante de veículo;Com Vítimas Feridas;Plena Noite;Crescente;Céu Claro;Dupla;Reta;Não;2;0;2;0;0;0;2;1;-7,2117;-35,5822;SPRF-PB;DEL01-PB;UOP03-DEL01-PB
586169;09/03/2024;sábado;19:35:00;BA;116;815,9;VITORIA DA CONQUISTA;Pedestre - Ingestão de álcool/ substâncias psicoativas;Atropelamento de Pedestre;Com Vítimas Feridas;Plena Noite;Decrescente;Nublado;Simples;Reta;Sim;3;0;3;0;0;0;3;2;-14,815488;-40,802826;SPRF-BA;DEL08-BA;UOP01-DEL08-BA
586170;09/03/2024;sábado;19:20:00;RS;468;87,7;BOM PROGRESSO;Transitar na contramão;Colisão lateral sentido oposto;Com Vítimas Feridas;Plena Noite;Crescente;Nublado;Simples;"Interseção de Vias;Curva";Não;3;0;1;0;2;0;1;2;-27,56720612;-53,86052773;SPRF-RS;DEL08-RS;UOP02-DEL08-RS
586171;09/03/2024;sábado;19:54:00;SC;101;330;TUBARAO;Reação tardia ou ineficiente do condutor;Saída de leito carroçável;Com Vítimas Feridas;Plena Noite;Decrescente;Ignorado;Múltipla;Reta;Sim;1;0;1;0;0;0;1;1;-28,45115639;-48,97286879;SPRF-SC;DEL02-SC;UOP01-DEL02-SC
586172;09/03/2024;sábado;19:30:00;RN;405;0,2;MOSSORO;Acessar a via sem observar a presença dos outros veículos;Colisão transversal;Com Vítimas Feridas;Plena Noite;Crescente;Céu Claro;Simples;Reta;Não;3;0;2;0;1;0;2;2;-5,1914673;-37,351887;SPRF-RN;DEL04-RN;UOP02-DEL04-RN
586173;09/03/2024;sábado;19:23:00;PE;232;9;JABOATAO DOS GUARARAPES;Entrada inopinada do pedestre;Atropelamento de Pedestre;Com Vítimas Feridas;Plena Noite;Decrescente;Céu Claro;Dupla;Reta;Sim;2;0;1;1;0;0;2;2;-8,07764447;-34,97863609;SPRF-PE;DEL01-PE;UOP01-DEL01-PE
586174;09/03/2024;sábado;19:10:00;RS;116;114,9;SAO MARCOS;Acessar a via sem observar a presença dos outros veículos;Colisão transversal;Com Vítimas Feridas;Plena Noite;Crescente;Céu Claro;Dupla;"Rotatória;Interseção de Vias;Reta";Não;2;0;1;0;1;0;1;2;-28,96397179;-51,0753428;SPRF-RS;DEL05-RS;UOP01-DEL05-RS
586175;09/03/2024;sábado;19:45:00;SC;101;113;ITAJAI;Avarias e/ou desgaste excessivo no pneu;Tombamento;Sem Vítimas;Plena Noite;Crescente;Nublado;Dupla;Reta;Sim;2;0;0;0;0;2;0;1;-26,85311393;-48,72689927;SPRF-SC;DEL04-SC;UOP04-DEL04-SC
586176;09/03/2024;sábado;19:30:00;MG;365;730;ITUIUTABA;Ingestão de álcool pelo condutor;Colisão lateral sentido oposto;Com Vítimas Feridas;Plena Noite;Crescente;Chuva;Simples;Reta;Não;2;0;2;0;0;0;2;2;-18,89949681;-49,27926803;SPRF-MG;DEL15-MG;UOP03-DEL15-MG
586177;09/03/2024;sábado;20:02:00;PB;230;85,2;GURINHEM;Reação tardia ou ineficiente do condutor;Engavetamento;Com Vítimas Feridas;Plena Noite;Crescente;Céu Claro;Dupla;Reta;Não;4;0;3;0;1;0;3;4;-7,1652;-35,3534;SPRF-PB;DEL01-PB;UOP03-DEL01-PB
586178;09/03/2024;sábado;18:30:00;PA;230;7;ALTAMIRA;Ingestão de álcool pelo condutor;Saída de leito carroçável;Sem Vítimas;Anoitecer;Decrescente;Chuva;Simples;Reta;Sim;1;0;0;0;1;0;0;1;-3,203721;-52,206787;SPRF-PA;DEL04-PA;UOP01-DEL04-PA
586179;09/03/2024;sábado;19:31:00;PI;343;342;TERESINA;Transitar na contramão;Colisão lateral sentido oposto;Sem Vítimas;Plena Noite;Decrescente;Céu Claro;Dupla;Reta;Sim;5;0;0;0;5;0;0;2;-5,08126212;-42,75000215;SPRF-PI;DEL01-PI;UOP01-DEL01-PI
586181;09/03/2024;sábado;19:30:00;RJ;465;18;NOVA IGUACU;Acessar a via sem observar a presença dos outros veículos;Atropelamento de Pedestre;Com Vítimas Feridas;Anoitecer;Decrescente;Chuva;Simples;Reta;Não;2;0;1;0;0;1;1;2;-22,831354;-43,615128;SPRF-RJ;DEL06-RJ;UOP02-DEL06-RJ
586182;09/03/2024;sábado;18:25:00;MT;163;744,6;SORRISO;Reação tardia ou ineficiente do condutor;Saída de leito carroçável;Sem Vítimas;Plena Noite;Crescente;Céu Claro;Simples;Reta;Não;1;0;0;0;0;1;0;1;-12,612;-55,759;SPRF-MT;DEL06-MT;UOP01-DEL06-MT
586184;09/03/2024;sábado;19:25:00;RS;116;38,8;VACARIA;Desrespeitar a preferência no cruzamento;Colisão transversal;Com Vítimas Feridas;Plena Noite;Crescente;Nublado;Simples;Interseção de Vias;Sim;3;0;2;0;1;0;2;2;-28,51095474;-50,93140483;SPRF-RS;DEL05-RS;UOP03-DEL05-RS
586185;09/03/2024;sábado;16:30:00;RJ;116;184;NOVA IGUACU;Ausência de reação do condutor;Colisão traseira;Com Vítimas Feridas;Pleno dia;Decrescente;Céu Claro;Dupla;Reta;Sim;2;0;1;0;1;0;1;2;-22,74647215;-43,44594311;SPRF-RJ;DEL06-RJ;UOP01-DEL06-RJ
586186;09/03/2024;sábado;19:35:00;PE;101;52;PAULISTA;Declive acentuado;Colisão com objeto;Com Vítimas Feridas;Plena Noite;Decrescente;Céu Claro;Dupla;Reta;Sim;5;0;2;1;1;1;3;3;-7,92358799;-34,89607201;SPRF-PE;DEL01-PE;UOP02-DEL01-PE
586188;09/03/2024;sábado;13:00:00;SC;158;135,7;PALMITOS;Desrespeitar a preferência no cruzamento;Colisão transversal;Com Vítimas Feridas;Pleno dia;Decrescente;Chuva;Simples;"Interseção de Vias;Curva";Não;2;0;1;0;1;0;1;2;-27,0799143;-53,22440386;SPRF-SC;DEL07-SC;UOP02-DEL07-SC
586189;09/03/2024;sábado;20:15:00;MS;163;479;CAMPO GRANDE;Acessar a via sem observar a presença dos outros veículos;Colisão transversal;Com Vítimas Feridas;Plena Noite;Crescente;Céu Claro;Simples;Reta;Não;2;0;1;0;1;0;1;2;-20,487322;-54,55929095;SPRF-MS;DEL01-MS;UOP01-DEL01-MS
586190;09/03/2024;sábado;20:30:00;PR;153;42,9;SANTO ANTONIO DA PLATINA;Ingestão de álcool pelo condutor;Colisão com objeto;Com Vítimas Feridas;Plena Noite;Decrescente;Céu Claro;Dupla;"Rotatória;Interseção de Vias";Sim;1;0;1;0;0;0;1;1;-23,29512144;-50,06578041;SPRF-PR;DEL07-PR;UOP04-DEL07-PR
586191;09/03/2024;sábado;19:50:00;RS;116;246;SAO LEOPOLDO;Pedestre andava na pista;Atropelamento de Pedestre;Com Vítimas Feridas;Plena Noite;Decrescente;Nublado;Dupla;"Ponte;Reta";Sim;4;0;0;1;3;0;1;2;-29,758751;-51,15186806;SPRF-RS;DEL01-RS;UOP02-DEL01-RS
586193;09/03/2024;sábado;21:00:00;PE;101;46,9;IGARASSU;Ingestão de álcool pelo condutor;Tombamento;Com Vítimas Feridas;Plena Noite;Decrescente;Céu Claro;Múltipla;Reta;Sim;1;0;1;0;0;0;1;1;-7,87406004;-34,90588126;SPRF-PE;DEL01-PE;UOP02-DEL01-PE
586194;09/03/2024;sábado;20:00:00;BA;101;50;ENTRE RIOS;Ingestão de álcool pelo condutor;Saída de leito carroçável;Com Vítimas Feridas;Plena Noite;Decrescente;Céu Claro;Dupla;Declive;Não;1;0;0;1;0;0;1;1;-11,91370099;-38,04628103;SPRF-BA;DEL01-BA;UOP04-DEL01-BA
586196;09/03/2024;sábado;22:00:00;MG;40;514;RIBEIRAO DAS NEVES;Demais falhas mecânicas ou elétricas;Tombamento;Com Vítimas Feridas;Plena Noite;Crescente;Céu Claro;Dupla;Reta;Sim;2;0;2;0;0;0;2;1;-19,80151928;-44,10000333;SPRF-MG;DEL01-MG;UOP02-DEL01-MG
586197;09/03/2024;sábado;21:55:00;RJ;40;48;PETROPOLIS;Reação tardia ou ineficiente do condutor;Colisão com objeto;Com Vítimas Feridas;Plena Noite;Decrescente;Chuva;Dupla;Curva;Não;1;0;1;0;0;0;1;1;-22,30030298;-43,13042284;SPRF-RJ;DEL05-RJ;UOP02-DEL05-RJ
586198;09/03/2024;sábado;21:50:00;SP;116;231;SAO PAULO;Pedestre andava na pista;Atropelamento de Pedestre;Com Vítimas Fatais;Plena Noite;Crescente;Nublado;Múltipla;Reta;Sim;2;1;0;0;1;0;0;2;-23,56200552;-46,72033131;SPRF-SP;DEL01-SP;UOP01-DEL01-SP
586199;09/03/2024;sábado;21:08:00;PE;316;24;ARARIPINA;Reação tardia ou ineficiente do condutor;Atropelamento de Pedestre;Com Vítimas Feridas;Plena Noite;Decrescente;Céu Claro;Simples;Curva;Sim;2;0;1;0;0;1;1;2;-7,588004;-40,49662;SPRF-PE;DEL05-PE;UOP02-DEL05-PE